ISO-10303-21;
HEADER;
FILE_DESCRIPTION (( 'STEP AP214' ),
    '1' );
FILE_NAME ('»ú¼Ü.STEP',
    '2026-09-27T07:33:18',
    ( '' ),
    ( '' ),
    'SwSTEP 2.0',
    'SolidWorks 2026',
    '' );
FILE_SCHEMA (( 'AUTOMOTIVE_DESIGN' ));
ENDSEC;

DATA;
#1 = ADVANCED_FACE ( 'NONE', ( #1654 ), #2453, .T. ) ;
#2 = ORIENTED_EDGE ( 'NONE', *, *, #121, .F. ) ;
#3 = ORIENTED_EDGE ( 'NONE', *, *, #553, .F. ) ;
#4 = CARTESIAN_POINT ( 'NONE',  ( -10.76102830842942026, 2.750244646217965716, -10.45217512716699382 ) ) ;
#5 = CARTESIAN_POINT ( 'NONE',  ( 41.75000000000007816, 24.95324863549492633, 3.471804156800871510 ) ) ;
#6 = CARTESIAN_POINT ( 'NONE',  ( -10.60660171779821148, 2.500000000000000000, -10.60660171779820615 ) ) ;
#7 = DIRECTION ( 'NONE',  ( -0.000000000000000000, -1.000000000000000000, -0.000000000000000000 ) ) ;
#8 = DIRECTION ( 'NONE',  ( 1.000000000000000000, 0.000000000000000000, -5.659885683814142223E-15 ) ) ;
#9 = CARTESIAN_POINT ( 'NONE',  ( -2.168404344971008868E-15, -7.292596028743525438E-60, -1.000000000000000000 ) ) ;
#10 = VERTEX_POINT ( 'NONE', #2570 ) ;
#11 = DIRECTION ( 'NONE',  ( 0.000000000000000000, 1.000000000000000000, -0.000000000000000000 ) ) ;
#12 = DIRECTION ( 'NONE',  ( 1.323076993872123698E-15, 0.000000000000000000, -1.000000000000000000 ) ) ;
#13 = ORIENTED_EDGE ( 'NONE', *, *, #4368, .T. ) ;
#14 = EDGE_LOOP ( 'NONE', ( #4961, #4696, #3870, #5474 ) ) ;
#15 = ORIENTED_EDGE ( 'NONE', *, *, #2864, .F. ) ;
#16 = DIRECTION ( 'NONE',  ( -8.326672684688672475E-15, 0.000000000000000000, 1.000000000000000000 ) ) ;
#17 = DIRECTION ( 'NONE',  ( 1.000000000000000000, 0.000000000000000000, -5.659885683814142223E-15 ) ) ;
#18 = CARTESIAN_POINT ( 'NONE',  ( 2.499999999999834355, 0.000000000000000000, -9.951427083169871692E-15 ) ) ;
#19 = VERTEX_POINT ( 'NONE', #10528 ) ;
#20 = ORIENTED_EDGE ( 'NONE', *, *, #6390, .F. ) ;
#21 = DIRECTION ( 'NONE',  ( 0.000000000000000000, 1.000000000000000000, -0.000000000000000000 ) ) ;
#22 = DIRECTION ( 'NONE',  ( 0.000000000000000000, 0.000000000000000000, 1.000000000000000000 ) ) ;
#23 = ORIENTED_EDGE ( 'NONE', *, *, #7522, .T. ) ;
#24 = DIRECTION ( 'NONE',  ( 0.000000000000000000, 0.000000000000000000, -1.000000000000000000 ) ) ;
#25 = EDGE_CURVE ( 'NONE', #434, #11049, #6813, .T. ) ;
#26 = CIRCLE ( 'NONE', #4055, 25.35466440282023370 ) ;
#27 = DIRECTION ( 'NONE',  ( 0.000000000000000000, 1.000000000000000000, 0.000000000000000000 ) ) ;
#28 = PLANE ( 'NONE',  #4839 ) ;
#29 = LINE ( 'NONE', #1695, #6174 ) ;
#30 = DIRECTION ( 'NONE',  ( 1.000000000000000000, 0.000000000000000000, 1.323076993872124684E-15 ) ) ;
#31 = ORIENTED_EDGE ( 'NONE', *, *, #4601, .T. ) ;
#32 = VERTEX_POINT ( 'NONE', #8798 ) ;
#33 = CARTESIAN_POINT ( 'NONE',  ( -27.31663875629290317, 17.49999999999999645, -41.75000000000004263 ) ) ;
#34 = DIRECTION ( 'NONE',  ( 1.000000000000000000, 0.000000000000000000, -1.264284836150040893E-14 ) ) ;
#35 = DIRECTION ( 'NONE',  ( 0.000000000000000000, 0.000000000000000000, 1.000000000000000000 ) ) ;
#36 = EDGE_LOOP ( 'NONE', ( #10719, #2911, #2281, #9945 ) ) ;
#37 = EDGE_CURVE ( 'NONE', #8552, #7644, #2905, .T. ) ;
#38 = VECTOR ( 'NONE', #4623, 1000.000000000000000 ) ;
#39 = CARTESIAN_POINT ( 'NONE',  ( 2.857883832488651077, -34.48187929913332539, 40.35000000000000142 ) ) ;
#40 = ORIENTED_EDGE ( 'NONE', *, *, #10720, .T. ) ;
#41 = EDGE_CURVE ( 'NONE', #10207, #3021, #6172, .T. ) ;
#42 = AXIS2_PLACEMENT_3D ( 'NONE', #2780, #9753, #8835 ) ;
#43 = DIRECTION ( 'NONE',  ( 0.000000000000000000, 1.000000000000000000, 0.000000000000000000 ) ) ;
#44 = DIRECTION ( 'NONE',  ( -1.000000000000000000, 0.000000000000000000, 2.168404344971008079E-15 ) ) ;
#45 = DIRECTION ( 'NONE',  ( 0.000000000000000000, -1.000000000000000000, 0.000000000000000000 ) ) ;
#46 = FACE_BOUND ( 'NONE', #3914, .T. ) ;
#47 = DIRECTION ( 'NONE',  ( 0.000000000000000000, 1.000000000000000000, -0.000000000000000000 ) ) ;
#48 = DIRECTION ( 'NONE',  ( 0.000000000000000000, 1.000000000000000000, 0.000000000000000000 ) ) ;
#49 = CARTESIAN_POINT ( 'NONE',  ( 0.000000000000000000, -34.48187929913332539, -42.74999999999999289 ) ) ;
#50 = CARTESIAN_POINT ( 'NONE',  ( -39.27819584319912138, 24.95324863549492633, -1.000000000000095035 ) ) ;
#51 = AXIS2_PLACEMENT_3D ( 'NONE', #355, #3965, #8990 ) ;
#52 = ORIENTED_EDGE ( 'NONE', *, *, #3837, .F. ) ;
#53 = ORIENTED_EDGE ( 'NONE', *, *, #7377, .T. ) ;
#54 = DIRECTION ( 'NONE',  ( 1.000000000000000000, 0.000000000000000000, -5.659885683814142223E-15 ) ) ;
#55 = CARTESIAN_POINT ( 'NONE',  ( -12.75000000000000000, 2.767949192431122807, -12.75000000000000000 ) ) ;
#56 = CARTESIAN_POINT ( 'NONE',  ( 2.361632442978429225, 27.36039051652360854, -41.75000000000008527 ) ) ;
#57 = DIRECTION ( 'NONE',  ( -0.000000000000000000, -1.000000000000000000, -0.000000000000000000 ) ) ;
#58 = CARTESIAN_POINT ( 'NONE',  ( -43.74999999999992895, 27.36039051652360854, 2.361632442978571778 ) ) ;
#59 = DIRECTION ( 'NONE',  ( 0.000000000000000000, 1.000000000000000000, 0.000000000000000000 ) ) ;
#60 = ORIENTED_EDGE ( 'NONE', *, *, #3691, .T. ) ;
#61 = CARTESIAN_POINT ( 'NONE',  ( 43.75000000000007816, 2.500000000000000000, 4.898979485566334446 ) ) ;
#62 = CARTESIAN_POINT ( 'NONE',  ( -4.898979485566369085, 0.000000000000000000, -43.74999999999993605 ) ) ;
#63 = EDGE_LOOP ( 'NONE', ( #6481, #9161, #8116, #5013 ) ) ;
#64 = AXIS2_PLACEMENT_3D ( 'NONE', #8020, #3617, #6241 ) ;
#65 = VECTOR ( 'NONE', #4329, 1000.000000000000000 ) ;
#66 = ORIENTED_EDGE ( 'NONE', *, *, #9113, .T. ) ;
#67 = ORIENTED_EDGE ( 'NONE', *, *, #8285, .F. ) ;
#68 = EDGE_CURVE ( 'NONE', #7046, #1499, #9825, .T. ) ;
#69 = CARTESIAN_POINT ( 'NONE',  ( 4.504001642398092977E-13, 17.49999999999999645, 42.74999999999999289 ) ) ;
#70 = AXIS2_PLACEMENT_3D ( 'NONE', #2214, #4843, #6501 ) ;
#71 = DIRECTION ( 'NONE',  ( 0.000000000000000000, 1.000000000000000000, -0.000000000000000000 ) ) ;
#72 = ORIENTED_EDGE ( 'NONE', *, *, #10526, .T. ) ;
#73 = ORIENTED_EDGE ( 'NONE', *, *, #1040, .T. ) ;
#74 = LINE ( 'NONE', #4654, #916 ) ;
#75 = DIRECTION ( 'NONE',  ( 0.000000000000000000, 0.000000000000000000, -1.000000000000000000 ) ) ;
#76 = EDGE_CURVE ( 'NONE', #2757, #8516, #5529, .T. ) ;
#77 = EDGE_LOOP ( 'NONE', ( #8321, #6751, #4568, #405 ) ) ;
#78 = LINE ( 'NONE', #8666, #1504 ) ;
#79 = ADVANCED_FACE ( 'NONE', ( #5315 ), #9771, .T. ) ;
#80 = CIRCLE ( 'NONE', #10686, 0.7500000000000006661 ) ;
#81 = DIRECTION ( 'NONE',  ( 0.000000000000000000, 0.000000000000000000, 1.000000000000000000 ) ) ;
#82 = DIRECTION ( 'NONE',  ( 3.469446951953611033E-15, 0.000000000000000000, 1.000000000000000000 ) ) ;
#83 = DIRECTION ( 'NONE',  ( 1.387778780781445478E-15, 0.000000000000000000, -1.000000000000000000 ) ) ;
#84 = CARTESIAN_POINT ( 'NONE',  ( -10.60660171779821148, 2.500000000000000000, -10.60660171779820615 ) ) ;
#85 = VERTEX_POINT ( 'NONE', #7250 ) ;
#86 = ORIENTED_EDGE ( 'NONE', *, *, #8335, .T. ) ;
#87 = CARTESIAN_POINT ( 'NONE',  ( -12.74999999999999645, 4.500000000000000888, 8.749999999999998224 ) ) ;
#88 = CARTESIAN_POINT ( 'NONE',  ( -1.000000000000033307, 2.500000000000000000, -37.74999999999999289 ) ) ;
#89 = VECTOR ( 'NONE', #7434, 1000.000000000000000 ) ;
#90 = DIRECTION ( 'NONE',  ( -0.000000000000000000, -1.000000000000000000, 0.000000000000000000 ) ) ;
#91 = EDGE_LOOP ( 'NONE', ( #5313, #10840, #3719, #1747, #7049, #8826, #1864 ) ) ;
#92 = VERTEX_POINT ( 'NONE', #2685 ) ;
#93 = CIRCLE ( 'NONE', #10525, 25.35466440282023370 ) ;
#94 = EDGE_CURVE ( 'NONE', #1211, #2539, #5356, .T. ) ;
#95 = EDGE_CURVE ( 'NONE', #3839, #1635, #8852, .T. ) ;
#96 = CIRCLE ( 'NONE', #1563, 0.7500000000000006661 ) ;
#97 = DIRECTION ( 'NONE',  ( 8.306039671558391198E-15, 0.000000000000000000, -1.000000000000000000 ) ) ;
#98 = DIRECTION ( 'NONE',  ( 0.000000000000000000, 1.000000000000000000, -0.000000000000000000 ) ) ;
#99 = ADVANCED_FACE ( 'NONE', ( #4453 ), #9014, .F. ) ;
#100 = EDGE_CURVE ( 'NONE', #2313, #1964, #439, .T. ) ;
#101 = DIRECTION ( 'NONE',  ( 1.000000000000000000, -0.000000000000000000, 0.000000000000000000 ) ) ;
#102 = PLANE ( 'NONE',  #5210 ) ;
#103 = LINE ( 'NONE', #3605, #1899 ) ;
#104 = CARTESIAN_POINT ( 'NONE',  ( 41.75000000000004974, 17.49999999999999645, 27.31663875629275040 ) ) ;
#105 = FACE_OUTER_BOUND ( 'NONE', #3011, .T. ) ;
#106 = FACE_OUTER_BOUND ( 'NONE', #7604, .T. ) ;
#107 = VECTOR ( 'NONE', #9835, 1000.000000000000000 ) ;
#108 = ORIENTED_EDGE ( 'NONE', *, *, #1385, .T. ) ;
#109 = VERTEX_POINT ( 'NONE', #4613 ) ;
#110 = DIRECTION ( 'NONE',  ( 0.000000000000000000, 1.000000000000000000, 0.000000000000000000 ) ) ;
#111 = CIRCLE ( 'NONE', #2683, 25.00000000000000355 ) ;
#112 = DIRECTION ( 'NONE',  ( 0.000000000000000000, 0.000000000000000000, 1.000000000000000000 ) ) ;
#113 = DIRECTION ( 'NONE',  ( -1.000000000000000000, 0.000000000000000000, 1.719234873512728234E-15 ) ) ;
#114 = CARTESIAN_POINT ( 'NONE',  ( 41.09999999999999432, 0.000000000000000000, -2.107883832488649745 ) ) ;
#115 = DIRECTION ( 'NONE',  ( 0.000000000000000000, 1.000000000000000000, 0.000000000000000000 ) ) ;
#116 = AXIS2_PLACEMENT_3D ( 'NONE', #1819, #2500, #4441 ) ;
#117 = ORIENTED_EDGE ( 'NONE', *, *, #5353, .F. ) ;
#118 = LINE ( 'NONE', #8027, #1676 ) ;
#119 = CARTESIAN_POINT ( 'NONE',  ( -46.04999999999999716, 2.500000000000000000, -2.819749255036780494E-15 ) ) ;
#120 = ORIENTED_EDGE ( 'NONE', *, *, #6978, .F. ) ;
#121 = EDGE_CURVE ( 'NONE', #7567, #7289, #2850, .T. ) ;
#122 = CIRCLE ( 'NONE', #9440, 25.00000000000000711 ) ;
#123 = VERTEX_POINT ( 'NONE', #6393 ) ;
#124 = ORIENTED_EDGE ( 'NONE', *, *, #7489, .T. ) ;
#125 = CARTESIAN_POINT ( 'NONE',  ( 2.499999999999996003, 2.500000000000002220, -24.41336361528509613 ) ) ;
#126 = VECTOR ( 'NONE', #490, 1000.000000000000000 ) ;
#127 = VECTOR ( 'NONE', #1281, 1000.000000000000000 ) ;
#128 = CYLINDRICAL_SURFACE ( 'NONE', #9101, 1.000000000000000888 ) ;
#129 = ORIENTED_EDGE ( 'NONE', *, *, #10496, .F. ) ;
#130 = CIRCLE ( 'NONE', #1784, 1.000000000000000888 ) ;
#131 = ORIENTED_EDGE ( 'NONE', *, *, #627, .F. ) ;
#132 = CARTESIAN_POINT ( 'NONE',  ( -14.79749800988294872, 17.49999999999999645, -19.76668419071543070 ) ) ;
#133 = EDGE_CURVE ( 'NONE', #8996, #10207, #413, .T. ) ;
#134 = CARTESIAN_POINT ( 'NONE',  ( 4.504001642398092977E-13, 19.49999999999999645, 17.39533559717976274 ) ) ;
#135 = ORIENTED_EDGE ( 'NONE', *, *, #3877, .F. ) ;
#136 = B_SPLINE_CURVE_WITH_KNOTS ( 'NONE', 3,
 ( #5320, #8915, #2800, #10697, #966, #8859 ),
 .UNSPECIFIED., .F., .F.,
 ( 4, 2, 4 ),
 ( 0.000000000000000000, 0.0006288281924784588483, 0.001257656384956917697 ),
 .UNSPECIFIED. ) ;
#137 = DIRECTION ( 'NONE',  ( 0.000000000000000000, 0.000000000000000000, 1.000000000000000000 ) ) ;
#138 = EDGE_CURVE ( 'NONE', #9841, #1309, #6230, .T. ) ;
#139 = AXIS2_PLACEMENT_3D ( 'NONE', #5808, #2261, #10050 ) ;
#140 = AXIS2_PLACEMENT_3D ( 'NONE', #8623, #5084, #11329 ) ;
#141 = ADVANCED_FACE ( 'NONE', ( #4562 ), #9715, .F. ) ;
#142 = DIRECTION ( 'NONE',  ( -0.000000000000000000, -1.000000000000000000, 0.000000000000000000 ) ) ;
#143 = FACE_BOUND ( 'NONE', #4477, .T. ) ;
#144 = DIRECTION ( 'NONE',  ( 0.000000000000000000, 0.000000000000000000, 1.000000000000000000 ) ) ;
#145 = CARTESIAN_POINT ( 'NONE',  ( 2.857883832488651077, 0.000000000000000000, 41.09999999999999432 ) ) ;
#146 = ORIENTED_EDGE ( 'NONE', *, *, #7280, .T. ) ;
#147 = VECTOR ( 'NONE', #1740, 1000.000000000000000 ) ;
#148 = ORIENTED_EDGE ( 'NONE', *, *, #4627, .F. ) ;
#149 = CARTESIAN_POINT ( 'NONE',  ( -42.74999999999999289, -34.48187929913332539, 7.853047599532400842E-15 ) ) ;
#150 = DIRECTION ( 'NONE',  ( -0.000000000000000000, -1.000000000000000000, -0.000000000000000000 ) ) ;
#151 = CIRCLE ( 'NONE', #8745, 1.000000000000000888 ) ;
#152 = ORIENTED_EDGE ( 'NONE', *, *, #5681, .T. ) ;
#153 = CIRCLE ( 'NONE', #5270, 27.33493649053890096 ) ;
#154 = VECTOR ( 'NONE', #4144, 1000.000000000000000 ) ;
#155 = AXIS2_PLACEMENT_3D ( 'NONE', #10149, #2309, #4707 ) ;
#156 = AXIS2_PLACEMENT_3D ( 'NONE', #1298, #602, #3246 ) ;
#157 = CARTESIAN_POINT ( 'NONE',  ( 43.74999999999955236, 17.49999999999999645, 42.75000000000000000 ) ) ;
#158 = CIRCLE ( 'NONE', #4004, 0.9999999999999991118 ) ;
#159 = DIRECTION ( 'NONE',  ( 0.7071067811865470176, 0.000000000000000000, 0.7071067811865480168 ) ) ;
#160 = CARTESIAN_POINT ( 'NONE',  ( 42.74999999999999289, 19.49999999999999645, -2.617682533177465764E-15 ) ) ;
#161 = FACE_BOUND ( 'NONE', #9314, .T. ) ;
#162 = CARTESIAN_POINT ( 'NONE',  ( -41.75000000000014211, 17.49999999999999645, 42.74999999999999289 ) ) ;
#163 = CARTESIAN_POINT ( 'NONE',  ( 15.33883813756172643, 19.49999999999999645, -19.92588048819955659 ) ) ;
#164 = FACE_OUTER_BOUND ( 'NONE', #5194, .T. ) ;
#165 = EDGE_CURVE ( 'NONE', #11045, #6399, #5368, .T. ) ;
#166 = AXIS2_PLACEMENT_3D ( 'NONE', #11324, #3417, #4332 ) ;
#167 = DIRECTION ( 'NONE',  ( 0.000000000000000000, 0.000000000000000000, -1.000000000000000000 ) ) ;
#168 = ADVANCED_FACE ( 'NONE', ( #3707 ), #2794, .T. ) ;
#169 = EDGE_CURVE ( 'NONE', #581, #10633, #10687, .T. ) ;
#170 = ORIENTED_EDGE ( 'NONE', *, *, #3085, .F. ) ;
#171 = ORIENTED_EDGE ( 'NONE', *, *, #11302, .T. ) ;
#172 = VECTOR ( 'NONE', #3594, 1000.000000000000114 ) ;
#173 = CARTESIAN_POINT ( 'NONE',  ( 0.000000000000000000, 17.49999999999999645, 0.000000000000000000 ) ) ;
#174 = CARTESIAN_POINT ( 'NONE',  ( -42.74999999999999289, 2.500000000000000000, 7.853047599532400842E-15 ) ) ;
#175 = CARTESIAN_POINT ( 'NONE',  ( -1.518785097687213895E-13, 17.49999999999999645, -42.74999999999999289 ) ) ;
#176 = DIRECTION ( 'NONE',  ( 1.000000000000000000, -0.000000000000000000, 0.000000000000000000 ) ) ;
#177 = VERTEX_POINT ( 'NONE', #1410 ) ;
#178 = CARTESIAN_POINT ( 'NONE',  ( 27.31663875629260474, 17.49999999999999645, -41.75000000000014211 ) ) ;
#179 = CARTESIAN_POINT ( 'NONE',  ( -43.75000000000014211, -7.292596028743525438E-60, 42.74999999999999289 ) ) ;
#180 = ORIENTED_EDGE ( 'NONE', *, *, #2608, .F. ) ;
#181 = VECTOR ( 'NONE', #2079, 1000.000000000000000 ) ;
#182 = ADVANCED_FACE ( 'NONE', ( #3131 ), #4045, .T. ) ;
#183 = ORIENTED_EDGE ( 'NONE', *, *, #9047, .F. ) ;
#184 = ORIENTED_EDGE ( 'NONE', *, *, #2256, .F. ) ;
#185 = CARTESIAN_POINT ( 'NONE',  ( -23.11701273061356332, 19.49999999999999645, 26.70405508125176297 ) ) ;
#186 = CARTESIAN_POINT ( 'NONE',  ( -18.75650936579284789, 0.000000000000000000, 2.499999999999864109 ) ) ;
#187 = VERTEX_POINT ( 'NONE', #2156 ) ;
#188 = VERTEX_POINT ( 'NONE', #8336 ) ;
#189 = DIRECTION ( 'NONE',  ( 1.000000000000000000, 0.000000000000000000, 1.323076993872124684E-15 ) ) ;
#190 = FACE_OUTER_BOUND ( 'NONE', #6239, .T. ) ;
#191 = VERTEX_POINT ( 'NONE', #6615 ) ;
#192 = CARTESIAN_POINT ( 'NONE',  ( 42.74999999999999289, 2.500000000000000000, 1.500000000000001332 ) ) ;
#193 = EDGE_CURVE ( 'NONE', #9634, #10919, #11055, .T. ) ;
#194 = EDGE_CURVE ( 'NONE', #9471, #8476, #3825, .T. ) ;
#195 = CARTESIAN_POINT ( 'NONE',  ( -12.74999999999999645, 2.767949192431122807, 12.75000000000000000 ) ) ;
#196 = DIRECTION ( 'NONE',  ( 0.000000000000000000, 1.000000000000000000, 0.000000000000000000 ) ) ;
#197 = ADVANCED_FACE ( 'NONE', ( #3189 ), #4782, .F. ) ;
#198 = CARTESIAN_POINT ( 'NONE',  ( 43.75000000000007816, 27.36039051652360854, 2.361632442978581103 ) ) ;
#199 = DIRECTION ( 'NONE',  ( 0.000000000000000000, 0.000000000000000000, 1.000000000000000000 ) ) ;
#200 = VERTEX_POINT ( 'NONE', #8167 ) ;
#201 = ORIENTED_EDGE ( 'NONE', *, *, #3864, .F. ) ;
#202 = CARTESIAN_POINT ( 'NONE',  ( 14.79749800988308195, 19.49999999999999645, 19.76668419071532057 ) ) ;
#203 = DIRECTION ( 'NONE',  ( 0.000000000000000000, 1.000000000000000000, 0.000000000000000000 ) ) ;
#204 = EDGE_LOOP ( 'NONE', ( #10121, #6714 ) ) ;
#205 = EDGE_CURVE ( 'NONE', #2113, #7190, #4828, .T. ) ;
#206 = EDGE_CURVE ( 'NONE', #5887, #1999, #9245, .T. ) ;
#207 = VECTOR ( 'NONE', #4694, 1000.000000000000000 ) ;
#208 = DIRECTION ( 'NONE',  ( -1.000000000000000000, 0.000000000000000000, 2.168404344971009657E-15 ) ) ;
#209 = CYLINDRICAL_SURFACE ( 'NONE', #1542, 25.00000000000000711 ) ;
#210 = DIRECTION ( 'NONE',  ( 0.000000000000000000, 1.000000000000000000, 0.000000000000000000 ) ) ;
#211 = FACE_BOUND ( 'NONE', #10064, .T. ) ;
#212 = AXIS2_PLACEMENT_3D ( 'NONE', #50, #1840, #2696 ) ;
#213 = LINE ( 'NONE', #3711, #11048 ) ;
#214 = VERTEX_POINT ( 'NONE', #3015 ) ;
#215 = DIRECTION ( 'NONE',  ( -0.000000000000000000, -1.000000000000000000, 0.000000000000000000 ) ) ;
#216 = CARTESIAN_POINT ( 'NONE',  ( 15.92123735465102818, 0.000000000000000000, 10.33527201114171135 ) ) ;
#217 = CARTESIAN_POINT ( 'NONE',  ( 12.75000000000000178, 4.500000000000000888, 12.75000000000000000 ) ) ;
#218 = EDGE_CURVE ( 'NONE', #2606, #6705, #1879, .T. ) ;
#219 = EDGE_CURVE ( 'NONE', #6423, #6038, #10986, .T. ) ;
#220 = AXIS2_PLACEMENT_3D ( 'NONE', #8436, #5917, #589 ) ;
#221 = ORIENTED_EDGE ( 'NONE', *, *, #11120, .T. ) ;
#222 = VERTEX_POINT ( 'NONE', #4732 ) ;
#223 = CARTESIAN_POINT ( 'NONE',  ( -42.74999999999999289, -34.48187929913332539, -1.499999999999996225 ) ) ;
#224 = DIRECTION ( 'NONE',  ( 0.000000000000000000, 1.000000000000000000, 0.000000000000000000 ) ) ;
#225 = FACE_OUTER_BOUND ( 'NONE', #5178, .T. ) ;
#226 = CYLINDRICAL_SURFACE ( 'NONE', #236, 27.33493649053890096 ) ;
#227 = EDGE_CURVE ( 'NONE', #2950, #2722, #10923, .T. ) ;
#228 = DIRECTION ( 'NONE',  ( 0.000000000000000000, 0.000000000000000000, 1.000000000000000000 ) ) ;
#229 = CIRCLE ( 'NONE', #7917, 1.000000000000000888 ) ;
#230 = ORIENTED_EDGE ( 'NONE', *, *, #3823, .F. ) ;
#231 = LINE ( 'NONE', #3675, #6968 ) ;
#232 = CYLINDRICAL_SURFACE ( 'NONE', #7278, 25.00000000000000711 ) ;
#233 = EDGE_LOOP ( 'NONE', ( #8223, #2821 ) ) ;
#234 = UNCERTAINTY_MEASURE_WITH_UNIT (LENGTH_MEASURE( 1.000000000000000082E-05 ), #7245, 'distance_accuracy_value', 'NONE');
#235 = AXIS2_PLACEMENT_3D ( 'NONE', #4102, #4210, #719 ) ;
#236 = AXIS2_PLACEMENT_3D ( 'NONE', #3726, #3783, #1204 ) ;
#237 = VERTEX_POINT ( 'NONE', #3878 ) ;
#238 = EDGE_LOOP ( 'NONE', ( #10324, #7464 ) ) ;
#239 = EDGE_CURVE ( 'NONE', #3863, #9726, #5699, .T. ) ;
#240 = EDGE_CURVE ( 'NONE', #10410, #7335, #8279, .T. ) ;
#241 = LINE ( 'NONE', #8938, #3718 ) ;
#242 = EDGE_CURVE ( 'NONE', #6460, #3615, #7362, .T. ) ;
#243 = EDGE_CURVE ( 'NONE', #6407, #9596, #5646, .T. ) ;
#244 = DIRECTION ( 'NONE',  ( 0.000000000000000000, 0.000000000000000000, 1.000000000000000000 ) ) ;
#245 = ORIENTED_EDGE ( 'NONE', *, *, #3357, .F. ) ;
#246 = ORIENTED_EDGE ( 'NONE', *, *, #6030, .F. ) ;
#247 = LINE ( 'NONE', #1808, #9869 ) ;
#248 = DIRECTION ( 'NONE',  ( 0.000000000000000000, 1.000000000000000000, 0.000000000000000000 ) ) ;
#249 = ORIENTED_EDGE ( 'NONE', *, *, #5850, .T. ) ;
#250 = VECTOR ( 'NONE', #1527, 1000.000000000000000 ) ;
#251 = DIRECTION ( 'NONE',  ( 0.000000000000000000, 1.000000000000000000, 0.000000000000000000 ) ) ;
#252 = LINE ( 'NONE', #9871, #7951 ) ;
#253 = DIRECTION ( 'NONE',  ( 0.000000000000000000, 1.000000000000000000, 0.000000000000000000 ) ) ;
#254 = CARTESIAN_POINT ( 'NONE',  ( -47.64897948556637175, 2.500000000000000000, -0.9999999999998971933 ) ) ;
#255 = ORIENTED_EDGE ( 'NONE', *, *, #7113, .T. ) ;
#256 = EDGE_LOOP ( 'NONE', ( #11041, #10154, #60, #2813, #3130, #10071, #4966, #1699 ) ) ;
#257 = PLANE ( 'NONE',  #3468 ) ;
#258 = CARTESIAN_POINT ( 'NONE',  ( 8.170310216782981527, 2.500000000000000000, 13.04289321881345387 ) ) ;
#259 = DIRECTION ( 'NONE',  ( -0.7071067811865481278, -0.000000000000000000, 0.7071067811865470176 ) ) ;
#260 = VERTEX_POINT ( 'NONE', #3933 ) ;
#261 = EDGE_LOOP ( 'NONE', ( #7547, #1159, #6477, #11322 ) ) ;
#262 = AXIS2_PLACEMENT_3D ( 'NONE', #3748, #10513, #6434 ) ;
#263 = DIRECTION ( 'NONE',  ( 0.7071067811865482389, 0.000000000000000000, -0.7071067811865469066 ) ) ;
#264 = DIRECTION ( 'NONE',  ( -1.000000000000000000, 0.000000000000000000, 1.264284836150040893E-14 ) ) ;
#265 = CARTESIAN_POINT ( 'NONE',  ( -5.000000000000144773, 1.361284592032115076E-61, -43.74999999999993605 ) ) ;
#266 = FACE_BOUND ( 'NONE', #4628, .T. ) ;
#267 = DIRECTION ( 'NONE',  ( 0.000000000000000000, 1.000000000000000000, 0.000000000000000000 ) ) ;
#268 = ORIENTED_EDGE ( 'NONE', *, *, #2848, .F. ) ;
#269 = ORIENTED_EDGE ( 'NONE', *, *, #10009, .F. ) ;
#270 = CARTESIAN_POINT ( 'NONE',  ( 6.506509365792700450, 0.000000000000000000, -14.75000000000000000 ) ) ;
#271 = CARTESIAN_POINT ( 'NONE',  ( 0.000000000000000000, 0.000000000000000000, -42.74999999999999289 ) ) ;
#272 = CARTESIAN_POINT ( 'NONE',  ( -2.499999999999997335, 0.000000000000000000, -23.75650936579271288 ) ) ;
#273 = CYLINDRICAL_SURFACE ( 'NONE', #11014, 2.000000000000000000 ) ;
#274 = AXIS2_PLACEMENT_3D ( 'NONE', #5480, #10639, #6233 ) ;
#275 = ORIENTED_EDGE ( 'NONE', *, *, #6746, .T. ) ;
#276 = ORIENTED_EDGE ( 'NONE', *, *, #8030, .F. ) ;
#277 = DIRECTION ( 'NONE',  ( 1.000000000000000000, 0.000000000000000000, -3.553859168040306887E-15 ) ) ;
#278 = EDGE_CURVE ( 'NONE', #5705, #3820, #1296, .T. ) ;
#279 = CARTESIAN_POINT ( 'NONE',  ( 14.75000000000000000, 2.500000000000000000, -9.285898384862242949 ) ) ;
#280 = DIRECTION ( 'NONE',  ( 0.000000000000000000, 1.000000000000000000, 0.000000000000000000 ) ) ;
#281 = CARTESIAN_POINT ( 'NONE',  ( 20.21185110373244598, 19.49999999999999645, 15.46708108440193463 ) ) ;
#282 = VECTOR ( 'NONE', #2634, 1000.000000000000000 ) ;
#283 = CARTESIAN_POINT ( 'NONE',  ( -13.74999999999999822, 0.000000000000000000, -7.877416997969514334 ) ) ;
#284 = ORIENTED_EDGE ( 'NONE', *, *, #1766, .T. ) ;
#285 = DIRECTION ( 'NONE',  ( 0.000000000000000000, 1.000000000000000000, 0.000000000000000000 ) ) ;
#286 = DIRECTION ( 'NONE',  ( 0.000000000000000000, -0.000000000000000000, 1.000000000000000000 ) ) ;
#287 = VERTEX_POINT ( 'NONE', #3073 ) ;
#288 = ORIENTED_EDGE ( 'NONE', *, *, #3258, .F. ) ;
#289 = EDGE_CURVE ( 'NONE', #8206, #4337, #5930, .T. ) ;
#290 = ORIENTED_EDGE ( 'NONE', *, *, #4153, .F. ) ;
#291 = ORIENTED_EDGE ( 'NONE', *, *, #8405, .T. ) ;
#292 = AXIS2_PLACEMENT_3D ( 'NONE', #5577, #1172, #8954 ) ;
#293 = DIRECTION ( 'NONE',  ( 0.000000000000000000, 1.000000000000000000, -0.000000000000000000 ) ) ;
#294 = EDGE_CURVE ( 'NONE', #6620, #9639, #9025, .T. ) ;
#295 = DIRECTION ( 'NONE',  ( 0.000000000000000000, 1.000000000000000000, 0.000000000000000000 ) ) ;
#296 = ORIENTED_EDGE ( 'NONE', *, *, #3103, .T. ) ;
#297 = EDGE_CURVE ( 'NONE', #7901, #5048, #1913, .T. ) ;
#298 = ORIENTED_EDGE ( 'NONE', *, *, #2485, .F. ) ;
#299 = DIRECTION ( 'NONE',  ( 2.168404344971008868E-15, 0.000000000000000000, 1.000000000000000000 ) ) ;
#300 = DIRECTION ( 'NONE',  ( -1.000000000000000000, 1.972152263052529514E-31, 1.264284836150040893E-14 ) ) ;
#301 = VECTOR ( 'NONE', #2492, 1000.000000000000000 ) ;
#302 = ORIENTED_EDGE ( 'NONE', *, *, #1307, .T. ) ;
#303 = EDGE_CURVE ( 'NONE', #11178, #3839, #8670, .T. ) ;
#304 = EDGE_CURVE ( 'NONE', #3415, #10225, #11095, .T. ) ;
#305 = VECTOR ( 'NONE', #9040, 1000.000000000000000 ) ;
#306 = CARTESIAN_POINT ( 'NONE',  ( -42.74999999999999289, 19.49999999999999645, 27.33493649053890451 ) ) ;
#307 = DIRECTION ( 'NONE',  ( -1.000000000000000000, 8.326672684688673067E-16, 2.168404344971008474E-15 ) ) ;
#308 = CARTESIAN_POINT ( 'NONE',  ( -12.75000000000000000, 0.000000000000000000, -12.75000000000000000 ) ) ;
#309 = CARTESIAN_POINT ( 'NONE',  ( 4.898979485566336223, 0.000000000000000000, -43.75000000000009237 ) ) ;
#310 = ORIENTED_EDGE ( 'NONE', *, *, #94, .F. ) ;
#311 = ORIENTED_EDGE ( 'NONE', *, *, #1395, .T. ) ;
#312 = DIRECTION ( 'NONE',  ( 0.000000000000000000, 0.000000000000000000, 1.000000000000000000 ) ) ;
#313 = DIRECTION ( 'NONE',  ( 0.000000000000000000, 1.000000000000000000, -0.000000000000000000 ) ) ;
#314 = ORIENTED_EDGE ( 'NONE', *, *, #2733, .T. ) ;
#315 = ORIENTED_EDGE ( 'NONE', *, *, #7113, .F. ) ;
#316 = AXIS2_PLACEMENT_3D ( 'NONE', #1923, #8048, #9707 ) ;
#317 = VECTOR ( 'NONE', #10609, 999.9999999999998863 ) ;
#318 = EDGE_CURVE ( 'NONE', #8133, #10642, #9951, .T. ) ;
#319 = DIRECTION ( 'NONE',  ( 1.264284836150040893E-14, 0.000000000000000000, 1.000000000000000000 ) ) ;
#320 = DIRECTION ( 'NONE',  ( 0.000000000000000000, 0.000000000000000000, 1.000000000000000000 ) ) ;
#321 = VECTOR ( 'NONE', #6994, 1000.000000000000000 ) ;
#322 = CARTESIAN_POINT ( 'NONE',  ( -15.41506350946109016, 17.49999999999999645, 0.9999999999998532285 ) ) ;
#323 = CARTESIAN_POINT ( 'NONE',  ( 42.74999999999999289, 19.49999999999999645, -27.33493649053890451 ) ) ;
#324 = DIRECTION ( 'NONE',  ( 0.7070005298201677002, 0.000000000000000000, 0.7072130165897698717 ) ) ;
#325 = AXIS2_PLACEMENT_3D ( 'NONE', #1024, #4514, #1660 ) ;
#326 = EDGE_LOOP ( 'NONE', ( #2387, #370, #5415, #5140, #3151, #812, #10436 ) ) ;
#327 = VECTOR ( 'NONE', #1096, 1000.000000000000000 ) ;
#328 = ORIENTED_EDGE ( 'NONE', *, *, #945, .F. ) ;
#329 = CARTESIAN_POINT ( 'NONE',  ( -45.11163244297857489, 27.36039051652360854, -0.9999999999999021894 ) ) ;
#330 = CARTESIAN_POINT ( 'NONE',  ( -5.227403331626358135E-15, -34.48187929913332539, -2.499999999999912514 ) ) ;
#331 = DIRECTION ( 'NONE',  ( 1.548860246407864076E-16, 0.000000000000000000, 1.000000000000000000 ) ) ;
#332 = CARTESIAN_POINT ( 'NONE',  ( 15.45683200768929311, 2.500000000000000000, -11.45653160759577993 ) ) ;
#333 = VECTOR ( 'NONE', #4418, 1000.000000000000000 ) ;
#334 = VECTOR ( 'NONE', #3618, 1000.000000000000000 ) ;
#335 = ORIENTED_EDGE ( 'NONE', *, *, #10327, .T. ) ;
#336 = EDGE_LOOP ( 'NONE', ( #6497, #7694, #6025, #8307 ) ) ;
#337 = LINE ( 'NONE', #3841, #10339 ) ;
#338 = ADVANCED_FACE ( 'NONE', ( #11204 ), #768, .T. ) ;
#339 = LINE ( 'NONE', #1141, #1813 ) ;
#340 = LINE ( 'NONE', #7157, #5945 ) ;
#341 = FACE_OUTER_BOUND ( 'NONE', #5579, .T. ) ;
#342 = AXIS2_PLACEMENT_3D ( 'NONE', #2966, #2106, #1359 ) ;
#343 = EDGE_CURVE ( 'NONE', #10096, #5912, #8612, .T. ) ;
#344 = DIRECTION ( 'NONE',  ( 1.864827736675066680E-14, 0.000000000000000000, 1.000000000000000000 ) ) ;
#345 = PLANE ( 'NONE',  #2902 ) ;
#346 = DIRECTION ( 'NONE',  ( 0.000000000000000000, 0.000000000000000000, 1.000000000000000000 ) ) ;
#347 = FACE_OUTER_BOUND ( 'NONE', #6926, .T. ) ;
#348 = ORIENTED_EDGE ( 'NONE', *, *, #7059, .F. ) ;
#349 = ORIENTED_EDGE ( 'NONE', *, *, #8107, .T. ) ;
#350 = EDGE_CURVE ( 'NONE', #9104, #1249, #5380, .T. ) ;
#351 = EDGE_CURVE ( 'NONE', #2552, #8254, #10878, .T. ) ;
#352 = CIRCLE ( 'NONE', #7296, 5.000000000000000888 ) ;
#353 = VERTEX_POINT ( 'NONE', #1639 ) ;
#354 = ORIENTED_EDGE ( 'NONE', *, *, #7700, .T. ) ;
#355 = CARTESIAN_POINT ( 'NONE',  ( -40.38836755702141801, 27.36039051652360854, 0.9999999999999074074 ) ) ;
#356 = CARTESIAN_POINT ( 'NONE',  ( 0.000000000000000000, 17.49999999999999645, 0.000000000000000000 ) ) ;
#357 = ORIENTED_EDGE ( 'NONE', *, *, #9502, .T. ) ;
#358 = AXIS2_PLACEMENT_3D ( 'NONE', #579, #5794, #9167 ) ;
#359 = ORIENTED_EDGE ( 'NONE', *, *, #3357, .T. ) ;
#360 = CARTESIAN_POINT ( 'NONE',  ( -70.08493649053890806, 17.49999999999999645, -0.9999999999998480105 ) ) ;
#361 = CARTESIAN_POINT ( 'NONE',  ( -33.96277846205242668, 0.000000000000000000, 18.40642927594836920 ) ) ;
#362 = EDGE_LOOP ( 'NONE', ( #844, #5583, #3778, #3010 ) ) ;
#363 = EDGE_LOOP ( 'NONE', ( #4236, #10129, #3697, #917 ) ) ;
#364 = LINE ( 'NONE', #3865, #9739 ) ;
#365 = CARTESIAN_POINT ( 'NONE',  ( -19.76668419071547689, 19.49999999999999645, 14.79749800988288300 ) ) ;
#366 = DIRECTION ( 'NONE',  ( 0.000000000000000000, 0.000000000000000000, 1.000000000000000000 ) ) ;
#367 = CARTESIAN_POINT ( 'NONE',  ( 12.75000000000000000, 9.500000000000000000, -14.75000000000000000 ) ) ;
#368 = ORIENTED_EDGE ( 'NONE', *, *, #9332, .T. ) ;
#369 = ADVANCED_FACE ( 'NONE', ( #2391 ), #5130, .F. ) ;
#370 = ORIENTED_EDGE ( 'NONE', *, *, #227, .F. ) ;
#371 = DIRECTION ( 'NONE',  ( -0.000000000000000000, -1.000000000000000000, -0.000000000000000000 ) ) ;
#372 = CARTESIAN_POINT ( 'NONE',  ( -43.75000000000014211, 17.49999999999999645, 42.74999999999999289 ) ) ;
#373 = ORIENTED_EDGE ( 'NONE', *, *, #1482, .T. ) ;
#374 = ORIENTED_EDGE ( 'NONE', *, *, #4234, .F. ) ;
#375 = CARTESIAN_POINT ( 'NONE',  ( -70.08493649053890806, 17.49999999999999645, -0.9999999999998480105 ) ) ;
#376 = DIRECTION ( 'NONE',  ( 0.000000000000000000, 1.000000000000000000, 0.000000000000000000 ) ) ;
#377 = CYLINDRICAL_SURFACE ( 'NONE', #8635, 2.000000000000000000 ) ;
#378 = LINE ( 'NONE', #6679, #6534 ) ;
#379 = ADVANCED_FACE ( 'NONE', ( #6951 ), #6841, .F. ) ;
#380 = CARTESIAN_POINT ( 'NONE',  ( 0.000000000000000000, 17.49999999999999645, 0.000000000000000000 ) ) ;
#381 = DIRECTION ( 'NONE',  ( -0.000000000000000000, -1.000000000000000000, -0.000000000000000000 ) ) ;
#382 = ORIENTED_EDGE ( 'NONE', *, *, #985, .F. ) ;
#383 = ORIENTED_EDGE ( 'NONE', *, *, #6332, .F. ) ;
#384 = PLANE ( 'NONE',  #7283 ) ;
#385 = DIRECTION ( 'NONE',  ( 0.7071067811865477948, 0.000000000000000000, 0.7071067811865473507 ) ) ;
#386 = DIRECTION ( 'NONE',  ( 0.000000000000000000, 0.000000000000000000, -1.000000000000000000 ) ) ;
#387 = ADVANCED_FACE ( 'NONE', ( #6787 ), #11258, .T. ) ;
#388 = CARTESIAN_POINT ( 'NONE',  ( 1.000000000000081490, 17.49999999999999645, -17.41506350946109904 ) ) ;
#389 = VECTOR ( 'NONE', #6362, 1000.000000000000000 ) ;
#390 = ORIENTED_EDGE ( 'NONE', *, *, #11019, .F. ) ;
#391 = ORIENTED_EDGE ( 'NONE', *, *, #8323, .F. ) ;
#392 = CARTESIAN_POINT ( 'NONE',  ( -41.75000000000014211, 0.000000000000000000, 42.74999999999999289 ) ) ;
#393 = FACE_OUTER_BOUND ( 'NONE', #9250, .T. ) ;
#394 = CARTESIAN_POINT ( 'NONE',  ( -42.74999999999999289, 19.49999999999999645, -25.35466440282023015 ) ) ;
#395 = DIRECTION ( 'NONE',  ( -0.000000000000000000, -1.000000000000000000, -0.000000000000000000 ) ) ;
#396 = DIRECTION ( 'NONE',  ( 1.000000000000000000, 0.000000000000000000, -9.159339953157539881E-15 ) ) ;
#397 = CARTESIAN_POINT ( 'NONE',  ( -2.168404344971008868E-15, 17.49999999999999645, -1.000000000000000000 ) ) ;
#398 = B_SPLINE_CURVE_WITH_KNOTS ( 'NONE', 3,
 ( #2688, #7670, #907, #1656, #1711, #2514 ),
 .UNSPECIFIED., .F., .F.,
 ( 4, 2, 4 ),
 ( 1.788112030672749005E-18, 0.0006291007506982609909, 0.001258201501396520247 ),
 .UNSPECIFIED. ) ;
#399 = DIRECTION ( 'NONE',  ( 0.000000000000000000, 1.000000000000000000, 0.000000000000000000 ) ) ;
#400 = CARTESIAN_POINT ( 'NONE',  ( 3.471804156801326258, 24.95324863549492633, 43.74999999999990763 ) ) ;
#401 = ORIENTED_EDGE ( 'NONE', *, *, #7233, .F. ) ;
#402 = VERTEX_POINT ( 'NONE', #10279 ) ;
#403 = VECTOR ( 'NONE', #7493, 999.9999999999998863 ) ;
#404 = ORIENTED_EDGE ( 'NONE', *, *, #5143, .F. ) ;
#405 = ORIENTED_EDGE ( 'NONE', *, *, #1814, .T. ) ;
#406 = CIRCLE ( 'NONE', #5525, 25.00000000000000711 ) ;
#407 = CARTESIAN_POINT ( 'NONE',  ( -2.500000000000035971, 0.000000000000000000, 2.499999999999979572 ) ) ;
#408 = DIRECTION ( 'NONE',  ( 1.000000000000000000, 0.000000000000000000, -3.553859168040306887E-15 ) ) ;
#409 = ORIENTED_EDGE ( 'NONE', *, *, #1538, .F. ) ;
#410 = LINE ( 'NONE', #3915, #181 ) ;
#411 = DIRECTION ( 'NONE',  ( -2.168404344971009657E-15, -1.972152263052529514E-31, -1.000000000000000000 ) ) ;
#412 = EDGE_LOOP ( 'NONE', ( #10415, #2627 ) ) ;
#413 = CIRCLE ( 'NONE', #6840, 27.33493649053890096 ) ;
#414 = PLANE ( 'NONE',  #10511 ) ;
#415 = AXIS2_PLACEMENT_3D ( 'NONE', #9705, #2837, #10512 ) ;
#416 = EDGE_CURVE ( 'NONE', #7745, #2435, #10400, .T. ) ;
#417 = DIRECTION ( 'NONE',  ( 0.000000000000000000, 1.000000000000000000, 0.000000000000000000 ) ) ;
#418 = AXIS2_PLACEMENT_3D ( 'NONE', #8803, #7841, #2574 ) ;
#419 = PLANE ( 'NONE',  #10191 ) ;
#420 = EDGE_LOOP ( 'NONE', ( #2595, #8341, #755, #3 ) ) ;
#421 = ORIENTED_EDGE ( 'NONE', *, *, #9401, .T. ) ;
#422 = DIRECTION ( 'NONE',  ( 0.000000000000000000, 0.000000000000000000, 1.000000000000000000 ) ) ;
#423 = CARTESIAN_POINT ( 'NONE',  ( 0.000000000000000000, 0.000000000000000000, -14.75000000000000000 ) ) ;
#424 = ORIENTED_EDGE ( 'NONE', *, *, #1288, .T. ) ;
#425 = ORIENTED_EDGE ( 'NONE', *, *, #5776, .T. ) ;
#426 = VECTOR ( 'NONE', #9549, 1000.000000000000000 ) ;
#427 = EDGE_CURVE ( 'NONE', #200, #11217, #4259, .T. ) ;
#428 = VECTOR ( 'NONE', #8396, 1000.000000000000000 ) ;
#429 = CARTESIAN_POINT ( 'NONE',  ( -33.96277846205242668, 47.49999999999998579, 18.40642927594837275 ) ) ;
#430 = DIRECTION ( 'NONE',  ( 0.000000000000000000, 1.000000000000000000, -0.000000000000000000 ) ) ;
#431 = DIRECTION ( 'NONE',  ( 0.000000000000000000, 1.000000000000000000, 0.000000000000000000 ) ) ;
#432 = CYLINDRICAL_SURFACE ( 'NONE', #1721, 4.999999999999997335 ) ;
#433 = ORIENTED_EDGE ( 'NONE', *, *, #10537, .T. ) ;
#434 = VERTEX_POINT ( 'NONE', #9532 ) ;
#435 = CARTESIAN_POINT ( 'NONE',  ( 24.41336361528509968, 0.000000000000000000, -2.499999999999962252 ) ) ;
#436 = CARTESIAN_POINT ( 'NONE',  ( 42.74999999999999289, 17.49999999999999645, -2.617682533177465764E-15 ) ) ;
#437 = VECTOR ( 'NONE', #1581, 1000.000000000000000 ) ;
#438 = DIRECTION ( 'NONE',  ( -0.000000000000000000, -1.000000000000000000, -0.000000000000000000 ) ) ;
#439 = CIRCLE ( 'NONE', #5560, 1.500000000000001332 ) ;
#440 = ADVANCED_FACE ( 'NONE', ( #5183 ), #7816, .F. ) ;
#441 = DIRECTION ( 'NONE',  ( -2.168404344971008868E-15, 0.000000000000000000, -1.000000000000000000 ) ) ;
#442 = EDGE_CURVE ( 'NONE', #2435, #10138, #6637, .T. ) ;
#443 = ADVANCED_FACE ( 'NONE', ( #5874 ), #9360, .T. ) ;
#444 = VECTOR ( 'NONE', #2784, 1000.000000000000000 ) ;
#445 = EDGE_CURVE ( 'NONE', #3231, #6388, #11215, .T. ) ;
#446 = EDGE_LOOP ( 'NONE', ( #1310, #2188, #7240, #596 ) ) ;
#447 = ORIENTED_EDGE ( 'NONE', *, *, #9152, .T. ) ;
#448 = CARTESIAN_POINT ( 'NONE',  ( 27.33493649053935926, 17.49999999999999645, 43.74999999999985079 ) ) ;
#449 = LINE ( 'NONE', #3950, #1071 ) ;
#450 = LINE ( 'NONE', #1546, #10336 ) ;
#451 = CYLINDRICAL_SURFACE ( 'NONE', #4626, 1.000000000000000888 ) ;
#452 = CARTESIAN_POINT ( 'NONE',  ( 14.75000000000000000, 2.500000000000000000, 9.285898384862242949 ) ) ;
#453 = FACE_BOUND ( 'NONE', #9523, .T. ) ;
#454 = DIRECTION ( 'NONE',  ( 0.000000000000000000, -0.000000000000000000, 1.000000000000000000 ) ) ;
#455 = DIRECTION ( 'NONE',  ( 0.000000000000000000, 0.000000000000000000, 1.000000000000000000 ) ) ;
#456 = EDGE_LOOP ( 'NONE', ( #3558, #8966, #5297 ) ) ;
#457 = CIRCLE ( 'NONE', #9782, 27.33493649053890096 ) ;
#458 = ORIENTED_EDGE ( 'NONE', *, *, #5901, .T. ) ;
#459 = AXIS2_PLACEMENT_3D ( 'NONE', #7138, #1177, #8898 ) ;
#460 = ORIENTED_EDGE ( 'NONE', *, *, #1797, .T. ) ;
#461 = ORIENTED_EDGE ( 'NONE', *, *, #1536, .F. ) ;
#462 = VECTOR ( 'NONE', #6757, 1000.000000000000000 ) ;
#463 = DIRECTION ( 'NONE',  ( -1.000000000000000000, 0.000000000000000000, 2.168404344971009657E-15 ) ) ;
#464 = CARTESIAN_POINT ( 'NONE',  ( 0.000000000000000000, 0.000000000000000000, -45.29999999999999005 ) ) ;
#465 = EDGE_CURVE ( 'NONE', #9322, #9357, #3353, .T. ) ;
#466 = ORIENTED_EDGE ( 'NONE', *, *, #445, .F. ) ;
#467 = LINE ( 'NONE', #3968, #3112 ) ;
#468 = DIRECTION ( 'NONE',  ( -1.000000000000000000, 0.000000000000000000, 2.168404344971008079E-15 ) ) ;
#469 = VERTEX_POINT ( 'NONE', #7129 ) ;
#470 = ORIENTED_EDGE ( 'NONE', *, *, #8851, .T. ) ;
#471 = AXIS2_PLACEMENT_3D ( 'NONE', #8969, #1131, #4621 ) ;
#472 = ORIENTED_EDGE ( 'NONE', *, *, #5142, .F. ) ;
#473 = ORIENTED_EDGE ( 'NONE', *, *, #9052, .F. ) ;
#474 = FACE_OUTER_BOUND ( 'NONE', #10509, .T. ) ;
#475 = ADVANCED_FACE ( 'NONE', ( #4437 ), #9812, .T. ) ;
#476 = PLANE ( 'NONE',  #5086 ) ;
#477 = CARTESIAN_POINT ( 'NONE',  ( 15.33883813756172643, 19.49999999999999645, -18.92588048819955659 ) ) ;
#478 = ORIENTED_EDGE ( 'NONE', *, *, #5240, .T. ) ;
#479 = ORIENTED_EDGE ( 'NONE', *, *, #2745, .T. ) ;
#480 = LINE ( 'NONE', #10980, #1828 ) ;
#481 = EDGE_CURVE ( 'NONE', #5198, #3443, #1921, .T. ) ;
#482 = FACE_OUTER_BOUND ( 'NONE', #3597, .T. ) ;
#483 = ORIENTED_EDGE ( 'NONE', *, *, #9993, .T. ) ;
#484 = ORIENTED_EDGE ( 'NONE', *, *, #37, .T. ) ;
#485 = CIRCLE ( 'NONE', #10552, 27.33493649053890096 ) ;
#486 = EDGE_CURVE ( 'NONE', #7695, #1165, #782, .T. ) ;
#487 = AXIS2_PLACEMENT_3D ( 'NONE', #1006, #4494, #6436 ) ;
#488 = DIRECTION ( 'NONE',  ( 1.000000000000000000, 0.000000000000000000, -9.159339953157539881E-15 ) ) ;
#489 = LINE ( 'NONE', #7481, #11053 ) ;
#490 = DIRECTION ( 'NONE',  ( 0.000000000000000000, 1.000000000000000000, 0.000000000000000000 ) ) ;
#491 = CARTESIAN_POINT ( 'NONE',  ( -42.74999999999999289, 19.49999999999999645, 2.617682533177465764E-15 ) ) ;
#492 = ORIENTED_EDGE ( 'NONE', *, *, #10747, .F. ) ;
#493 = AXIS2_PLACEMENT_3D ( 'NONE', #2456, #6857, #5262 ) ;
#494 = VERTEX_POINT ( 'NONE', #1002 ) ;
#495 = CARTESIAN_POINT ( 'NONE',  ( 2.499999999999834355, 2.500000000000000000, -9.951427083169871692E-15 ) ) ;
#496 = CARTESIAN_POINT ( 'NONE',  ( -29.41336361528507126, 0.000000000000000000, -2.500000000000067502 ) ) ;
#497 = CIRCLE ( 'NONE', #8365, 1.000000000000000888 ) ;
#498 = CARTESIAN_POINT ( 'NONE',  ( -47.74999999999999289, 2.500000000000000000, 1.000000000000103473 ) ) ;
#499 = ORIENTED_EDGE ( 'NONE', *, *, #5898, .F. ) ;
#500 = LINE ( 'NONE', #4001, #8080 ) ;
#501 = AXIS2_PLACEMENT_3D ( 'NONE', #546, #4047, #11038 ) ;
#502 = CIRCLE ( 'NONE', #5269, 0.9999999999999991118 ) ;
#503 = ORIENTED_EDGE ( 'NONE', *, *, #5132, .T. ) ;
#504 = ORIENTED_EDGE ( 'NONE', *, *, #10962, .F. ) ;
#505 = CARTESIAN_POINT ( 'NONE',  ( -10.30035255550278528, 2.736797311526163234, 10.91285088009365012 ) ) ;
#506 = DIRECTION ( 'NONE',  ( 1.000000000000000000, 0.000000000000000000, -2.168404344971009657E-15 ) ) ;
#507 = CARTESIAN_POINT ( 'NONE',  ( 12.75000000000000000, 9.500000000000000000, -10.75000000000000000 ) ) ;
#508 = CARTESIAN_POINT ( 'NONE',  ( -14.87163903180805846, 1.500000000000000000, 14.87100157150465130 ) ) ;
#509 = ADVANCED_FACE ( 'NONE', ( #1061 ), #3641, .T. ) ;
#510 = DIRECTION ( 'NONE',  ( 0.000000000000000000, 1.000000000000000000, 0.000000000000000000 ) ) ;
#511 = PLANE ( 'NONE',  #904 ) ;
#512 = AXIS2_PLACEMENT_3D ( 'NONE', #11083, #10388, #6888 ) ;
#513 = EDGE_CURVE ( 'NONE', #494, #2847, #2730, .T. ) ;
#514 = CARTESIAN_POINT ( 'NONE',  ( -2.857883832488646192, 0.000000000000000000, -41.85000000000000142 ) ) ;
#515 = ORIENTED_EDGE ( 'NONE', *, *, #3851, .F. ) ;
#516 = CIRCLE ( 'NONE', #2159, 25.00000000000000355 ) ;
#517 = ORIENTED_EDGE ( 'NONE', *, *, #1502, .T. ) ;
#518 = EDGE_LOOP ( 'NONE', ( #4131, #5381, #9235, #6144, #5765, #10681, #8117, #11245 ) ) ;
#519 = AXIS2_PLACEMENT_3D ( 'NONE', #7511, #10963, #408 ) ;
#520 = DIRECTION ( 'NONE',  ( 0.000000000000000000, 1.000000000000000000, 0.000000000000000000 ) ) ;
#521 = PLANE ( 'NONE',  #4724 ) ;
#522 = ORIENTED_EDGE ( 'NONE', *, *, #3165, .F. ) ;
#523 = CARTESIAN_POINT ( 'NONE',  ( -41.75000000000014211, 17.49999999999999645, 42.74999999999999289 ) ) ;
#524 = CARTESIAN_POINT ( 'NONE',  ( -1.000000000000397016, 17.49999999999999645, -70.06663875629273264 ) ) ;
#525 = EDGE_CURVE ( 'NONE', #109, #11300, #2670, .T. ) ;
#526 = VERTEX_POINT ( 'NONE', #3693 ) ;
#527 = AXIS2_PLACEMENT_3D ( 'NONE', #4559, #9764, #1235 ) ;
#528 = CIRCLE ( 'NONE', #1086, 27.33493649053890096 ) ;
#529 = ORIENTED_EDGE ( 'NONE', *, *, #11100, .F. ) ;
#530 = ORIENTED_EDGE ( 'NONE', *, *, #9398, .F. ) ;
#531 = DIRECTION ( 'NONE',  ( 0.000000000000000000, 0.000000000000000000, 1.000000000000000000 ) ) ;
#532 = AXIS2_PLACEMENT_3D ( 'NONE', #7290, #10788, #2884 ) ;
#533 = DIRECTION ( 'NONE',  ( -0.000000000000000000, -1.000000000000000000, 0.000000000000000000 ) ) ;
#534 = DIRECTION ( 'NONE',  ( -0.000000000000000000, -1.000000000000000000, -0.000000000000000000 ) ) ;
#535 = ORIENTED_EDGE ( 'NONE', *, *, #11225, .F. ) ;
#536 = ORIENTED_EDGE ( 'NONE', *, *, #6732, .T. ) ;
#537 = PLANE ( 'NONE',  #5656 ) ;
#538 = CARTESIAN_POINT ( 'NONE',  ( 0.9999999999997385425, 24.95324863549492633, -46.22180415680087862 ) ) ;
#539 = ORIENTED_EDGE ( 'NONE', *, *, #9878, .T. ) ;
#540 = ORIENTED_EDGE ( 'NONE', *, *, #2362, .T. ) ;
#541 = EDGE_CURVE ( 'NONE', #5740, #8967, #4490, .T. ) ;
#542 = AXIS2_PLACEMENT_3D ( 'NONE', #6540, #8429, #7513 ) ;
#543 = EDGE_CURVE ( 'NONE', #9178, #8133, #7933, .T. ) ;
#544 = CARTESIAN_POINT ( 'NONE',  ( 2.857883832488651077, 0.000000000000000000, 41.09999999999999432 ) ) ;
#545 = DIRECTION ( 'NONE',  ( -2.168404344971008868E-15, 0.000000000000000000, -1.000000000000000000 ) ) ;
#546 = CARTESIAN_POINT ( 'NONE',  ( -18.92588048819949620, 19.49999999999999645, -15.33883813756178149 ) ) ;
#547 = DIRECTION ( 'NONE',  ( 0.000000000000000000, 0.000000000000000000, 1.000000000000000000 ) ) ;
#548 = ORIENTED_EDGE ( 'NONE', *, *, #4762, .T. ) ;
#549 = ORIENTED_EDGE ( 'NONE', *, *, #5350, .T. ) ;
#550 = CARTESIAN_POINT ( 'NONE',  ( 42.74999999999983658, 2.500000000000000000, -41.74999999999970157 ) ) ;
#551 = DIRECTION ( 'NONE',  ( 0.000000000000000000, 1.000000000000000000, 0.000000000000000000 ) ) ;
#552 = DIRECTION ( 'NONE',  ( -1.000000000000000000, 0.000000000000000000, 2.168404344971009657E-15 ) ) ;
#553 = EDGE_CURVE ( 'NONE', #1978, #4629, #3747, .T. ) ;
#554 = EDGE_LOOP ( 'NONE', ( #10001, #2474, #2197, #2964, #4683, #9302, #6086, #2716, #858, #2565, #1378, #6138, #5557, #7281, #288, #6552, #8646 ) ) ;
#555 = EDGE_CURVE ( 'NONE', #8540, #8675, #7990, .T. ) ;
#556 = DIRECTION ( 'NONE',  ( 0.000000000000000000, 1.000000000000000000, 0.000000000000000000 ) ) ;
#557 = ORIENTED_EDGE ( 'NONE', *, *, #3775, .T. ) ;
#558 = ORIENTED_EDGE ( 'NONE', *, *, #95, .T. ) ;
#559 = DIRECTION ( 'NONE',  ( 0.000000000000000000, 0.000000000000000000, 1.000000000000000000 ) ) ;
#560 = CARTESIAN_POINT ( 'NONE',  ( 2.857883832488651077, 0.000000000000000000, 40.35000000000000142 ) ) ;
#561 = DIRECTION ( 'NONE',  ( 1.323076993872123698E-15, 0.000000000000000000, -1.000000000000000000 ) ) ;
#562 = CARTESIAN_POINT ( 'NONE',  ( -8.761108882847493007, 2.500000000000000444, 12.45209455274894239 ) ) ;
#563 = DIRECTION ( 'NONE',  ( 1.000000000000000000, -1.972152263052529514E-31, 1.323076993872123698E-15 ) ) ;
#564 = DIRECTION ( 'NONE',  ( -0.000000000000000000, -1.000000000000000000, -0.000000000000000000 ) ) ;
#565 = ADVANCED_FACE ( 'NONE', ( #1974 ), #4996, .F. ) ;
#566 = VERTEX_POINT ( 'NONE', #8839 ) ;
#567 = DIRECTION ( 'NONE',  ( -0.000000000000000000, -1.000000000000000000, 0.000000000000000000 ) ) ;
#568 = EDGE_CURVE ( 'NONE', #11061, #1521, #7553, .T. ) ;
#569 = ORIENTED_EDGE ( 'NONE', *, *, #3518, .F. ) ;
#570 = AXIS2_PLACEMENT_3D ( 'NONE', #8769, #10490, #10549 ) ;
#571 = ORIENTED_EDGE ( 'NONE', *, *, #7829, .F. ) ;
#572 = ORIENTED_EDGE ( 'NONE', *, *, #5822, .T. ) ;
#573 = ADVANCED_FACE ( 'NONE', ( #7067 ), #8787, .F. ) ;
#574 = CARTESIAN_POINT ( 'NONE',  ( 42.74999999999999289, 17.49999999999999645, -2.617682533177465764E-15 ) ) ;
#575 = CARTESIAN_POINT ( 'NONE',  ( -15.33883813756184367, 19.49999999999999645, -18.92588048819943936 ) ) ;
#576 = CARTESIAN_POINT ( 'NONE',  ( -15.21413057346447317, 2.500000000000000000, -10.62816522995516166 ) ) ;
#577 = AXIS2_PLACEMENT_3D ( 'NONE', #3555, #1887, #1943 ) ;
#578 = ORIENTED_EDGE ( 'NONE', *, *, #7005, .F. ) ;
#579 = CARTESIAN_POINT ( 'NONE',  ( -1.518785097687213895E-13, 17.49999999999999645, -42.74999999999999289 ) ) ;
#580 = FACE_OUTER_BOUND ( 'NONE', #5336, .T. ) ;
#581 = VERTEX_POINT ( 'NONE', #6379 ) ;
#582 = EDGE_CURVE ( 'NONE', #10138, #1356, #10569, .T. ) ;
#583 = EDGE_LOOP ( 'NONE', ( #8955, #629, #3581, #6546, #7940, #3184 ) ) ;
#584 = AXIS2_PLACEMENT_3D ( 'NONE', #6689, #10179, #10510 ) ;
#585 = ORIENTED_EDGE ( 'NONE', *, *, #4706, .T. ) ;
#586 = ORIENTED_EDGE ( 'NONE', *, *, #10997, .T. ) ;
#587 = EDGE_CURVE ( 'NONE', #9596, #3980, #9750, .T. ) ;
#588 = EDGE_CURVE ( 'NONE', #7282, #6308, #7008, .T. ) ;
#589 = DIRECTION ( 'NONE',  ( -1.000000000000000000, 0.000000000000000000, 1.040773042068946910E-14 ) ) ;
#590 = DIRECTION ( 'NONE',  ( 1.264284836150040893E-14, 0.000000000000000000, 1.000000000000000000 ) ) ;
#591 = CARTESIAN_POINT ( 'NONE',  ( 43.75000000000014211, 2.500000000000000000, -42.74999999999999289 ) ) ;
#592 = VERTEX_POINT ( 'NONE', #4658 ) ;
#593 = ORIENTED_EDGE ( 'NONE', *, *, #10645, .F. ) ;
#594 = FACE_OUTER_BOUND ( 'NONE', #91, .T. ) ;
#595 = CARTESIAN_POINT ( 'NONE',  ( -15.41506350946109372, 17.49999999999999645, -5.665551252241367005E-14 ) ) ;
#596 = ORIENTED_EDGE ( 'NONE', *, *, #650, .F. ) ;
#597 = ORIENTED_EDGE ( 'NONE', *, *, #11225, .T. ) ;
#598 = AXIS2_PLACEMENT_3D ( 'NONE', #2556, #2439, #6045 ) ;
#599 = CIRCLE ( 'NONE', #418, 25.35466440282023370 ) ;
#600 = DIRECTION ( 'NONE',  ( 0.000000000000000000, 0.000000000000000000, 1.000000000000000000 ) ) ;
#601 = CARTESIAN_POINT ( 'NONE',  ( -42.74999999999999289, 0.000000000000000000, -1.499999999999996225 ) ) ;
#602 = DIRECTION ( 'NONE',  ( 0.000000000000000000, 1.000000000000000000, -0.000000000000000000 ) ) ;
#603 = CARTESIAN_POINT ( 'NONE',  ( -42.74999999999999289, -34.48187929913332539, 7.853047599532400842E-15 ) ) ;
#604 = ORIENTED_EDGE ( 'NONE', *, *, #9490, .F. ) ;
#605 = ORIENTED_EDGE ( 'NONE', *, *, #7479, .F. ) ;
#606 = PLANE ( 'NONE',  #166 ) ;
#607 = PLANE ( 'NONE',  #1948 ) ;
#608 = DIRECTION ( 'NONE',  ( 0.000000000000000000, 1.000000000000000000, -0.000000000000000000 ) ) ;
#609 = VERTEX_POINT ( 'NONE', #10257 ) ;
#610 = AXIS2_PLACEMENT_3D ( 'NONE', #10884, #7431, #10940 ) ;
#611 = AXIS2_PLACEMENT_3D ( 'NONE', #2278, #9248, #11156 ) ;
#612 = VERTEX_POINT ( 'NONE', #3808 ) ;
#613 = ORIENTED_EDGE ( 'NONE', *, *, #8420, .T. ) ;
#614 = CARTESIAN_POINT ( 'NONE',  ( -12.14204431421228847, 2.500000000000000444, 9.071159121384146928 ) ) ;
#615 = CIRCLE ( 'NONE', #7021, 4.999999999999997335 ) ;
#616 = DIRECTION ( 'NONE',  ( 0.000000000000000000, 1.000000000000000000, 0.000000000000000000 ) ) ;
#617 = VECTOR ( 'NONE', #10866, 1000.000000000000000 ) ;
#618 = CARTESIAN_POINT ( 'NONE',  ( -15.46708108440192930, 0.7898818883216689457, 20.21185110373244953 ) ) ;
#619 = DIRECTION ( 'NONE',  ( -0.000000000000000000, -1.000000000000000000, 0.000000000000000000 ) ) ;
#620 = EDGE_CURVE ( 'NONE', #1783, #8792, #11180, .T. ) ;
#621 = DIRECTION ( 'NONE',  ( 0.000000000000000000, 0.000000000000000000, 1.000000000000000000 ) ) ;
#622 = DIRECTION ( 'NONE',  ( 0.000000000000000000, 0.000000000000000000, -1.000000000000000000 ) ) ;
#623 = CARTESIAN_POINT ( 'NONE',  ( 0.9999999999997385425, 24.95324863549492633, -46.22180415680087862 ) ) ;
#624 = VERTEX_POINT ( 'NONE', #3328 ) ;
#625 = VECTOR ( 'NONE', #531, 1000.000000000000000 ) ;
#626 = EDGE_CURVE ( 'NONE', #9655, #6211, #2987, .T. ) ;
#627 = EDGE_CURVE ( 'NONE', #6087, #10468, #4451, .T. ) ;
#628 = ORIENTED_EDGE ( 'NONE', *, *, #2521, .F. ) ;
#629 = ORIENTED_EDGE ( 'NONE', *, *, #9441, .T. ) ;
#630 = FACE_OUTER_BOUND ( 'NONE', #6073, .T. ) ;
#631 = DIRECTION ( 'NONE',  ( 0.000000000000000000, 1.000000000000000000, 0.000000000000000000 ) ) ;
#632 = CIRCLE ( 'NONE', #8862, 1.000000000000000888 ) ;
#633 = PLANE ( 'NONE',  #9301 ) ;
#634 = VERTEX_POINT ( 'NONE', #7294 ) ;
#635 = AXIS2_PLACEMENT_3D ( 'NONE', #3756, #7357, #7304 ) ;
#636 = DIRECTION ( 'NONE',  ( 0.000000000000000000, 0.000000000000000000, 1.000000000000000000 ) ) ;
#637 = LINE ( 'NONE', #10152, #676 ) ;
#638 = ORIENTED_EDGE ( 'NONE', *, *, #5492, .T. ) ;
#639 = ADVANCED_FACE ( 'NONE', ( #630 ), #1554, .T. ) ;
#640 = VERTEX_POINT ( 'NONE', #6486 ) ;
#641 = AXIS2_PLACEMENT_3D ( 'NONE', #10368, #4466, #9620 ) ;
#642 = ORIENTED_EDGE ( 'NONE', *, *, #2462, .T. ) ;
#643 = VERTEX_POINT ( 'NONE', #9337 ) ;
#644 = EDGE_CURVE ( 'NONE', #1072, #2919, #1500, .T. ) ;
#645 = DIRECTION ( 'NONE',  ( 0.000000000000000000, 0.000000000000000000, 1.000000000000000000 ) ) ;
#646 = EDGE_CURVE ( 'NONE', #7037, #3813, #5913, .T. ) ;
#647 = LINE ( 'NONE', #8545, #7095 ) ;
#648 = DIRECTION ( 'NONE',  ( 0.000000000000000000, 0.000000000000000000, 1.000000000000000000 ) ) ;
#649 = EDGE_LOOP ( 'NONE', ( #4899, #6532, #729, #129, #4096, #9335, #8140 ) ) ;
#650 = EDGE_CURVE ( 'NONE', #2313, #4764, #7621, .T. ) ;
#651 = EDGE_LOOP ( 'NONE', ( #170, #3403 ) ) ;
#652 = CARTESIAN_POINT ( 'NONE',  ( 4.504001642398092977E-13, 17.49999999999999645, 17.39533559717976274 ) ) ;
#653 = CARTESIAN_POINT ( 'NONE',  ( 22.98331580928468654, 19.49999999999999645, 27.95250199011668002 ) ) ;
#654 = AXIS2_PLACEMENT_3D ( 'NONE', #7199, #6179, #5374 ) ;
#655 = ORIENTED_EDGE ( 'NONE', *, *, #8366, .F. ) ;
#656 = EDGE_LOOP ( 'NONE', ( #10214, #1422, #8874, #3106, #6650 ) ) ;
#657 = EDGE_CURVE ( 'NONE', #5561, #1742, #6269, .T. ) ;
#658 = AXIS2_PLACEMENT_3D ( 'NONE', #3872, #313, #10802 ) ;
#659 = DIRECTION ( 'NONE',  ( 0.000000000000000000, 0.000000000000000000, 1.000000000000000000 ) ) ;
#660 = DIRECTION ( 'NONE',  ( -1.000000000000000000, -1.972152263052529514E-31, 1.264284836150040893E-14 ) ) ;
#661 = CARTESIAN_POINT ( 'NONE',  ( -26.18460386900040859, 47.49999999999998579, 26.18460386900039794 ) ) ;
#662 = CARTESIAN_POINT ( 'NONE',  ( 42.74999999999999289, -34.48187929913332539, -2.617682533177465764E-15 ) ) ;
#663 = ORIENTED_EDGE ( 'NONE', *, *, #5040, .F. ) ;
#664 = ORIENTED_EDGE ( 'NONE', *, *, #7726, .T. ) ;
#665 = DIRECTION ( 'NONE',  ( -0.7071067811865477948, 0.000000000000000000, 0.7071067811865473507 ) ) ;
#666 = CARTESIAN_POINT ( 'NONE',  ( 13.45668180764254807, 2.500000000000002220, -13.45668180764252853 ) ) ;
#667 = CARTESIAN_POINT ( 'NONE',  ( 0.000000000000000000, 2.500000000000000000, 0.000000000000000000 ) ) ;
#668 = ORIENTED_EDGE ( 'NONE', *, *, #4636, .F. ) ;
#669 = DIRECTION ( 'NONE',  ( 0.000000000000000000, 1.000000000000000000, -0.000000000000000000 ) ) ;
#670 = VECTOR ( 'NONE', #3583, 1000.000000000000114 ) ;
#671 = ADVANCED_FACE ( 'NONE', ( #2944 ), #4719, .T. ) ;
#672 = CIRCLE ( 'NONE', #9444, 0.7499999999999937828 ) ;
#673 = ORIENTED_EDGE ( 'NONE', *, *, #2915, .F. ) ;
#674 = CARTESIAN_POINT ( 'NONE',  ( 10.60660171779820971, 2.500000000000000000, -10.60660171779820971 ) ) ;
#675 = CIRCLE ( 'NONE', #4182, 0.9999999999999991118 ) ;
#676 = VECTOR ( 'NONE', #9393, 1000.000000000000000 ) ;
#677 = CARTESIAN_POINT ( 'NONE',  ( -2.500000000000011546, 2.500000000000000000, 38.41987298107780902 ) ) ;
#678 = DIRECTION ( 'NONE',  ( 0.000000000000000000, 0.000000000000000000, 1.000000000000000000 ) ) ;
#679 = DIRECTION ( 'NONE',  ( 0.000000000000000000, 0.000000000000000000, 1.000000000000000000 ) ) ;
#680 = CIRCLE ( 'NONE', #10011, 27.33493649053890096 ) ;
#681 = CARTESIAN_POINT ( 'NONE',  ( -12.74999999999999645, 4.500000000000000888, 12.75000000000000000 ) ) ;
#682 = DIRECTION ( 'NONE',  ( 0.000000000000000000, 1.000000000000000000, -0.000000000000000000 ) ) ;
#683 = DIRECTION ( 'NONE',  ( -0.7071067811865474617, 0.000000000000000000, 0.7071067811865474617 ) ) ;
#684 = AXIS2_PLACEMENT_3D ( 'NONE', #3488, #3957, #10348 ) ;
#685 = VECTOR ( 'NONE', #2600, 1000.000000000000000 ) ;
#686 = EDGE_CURVE ( 'NONE', #11101, #4162, #5903, .T. ) ;
#687 = ORIENTED_EDGE ( 'NONE', *, *, #8597, .T. ) ;
#688 = ORIENTED_EDGE ( 'NONE', *, *, #10745, .F. ) ;
#689 = EDGE_CURVE ( 'NONE', #6273, #4006, #2625, .T. ) ;
#690 = DIRECTION ( 'NONE',  ( -1.000000000000000000, 0.000000000000000000, 2.168404344971009657E-15 ) ) ;
#691 = LINE ( 'NONE', #5790, #7733 ) ;
#692 = VECTOR ( 'NONE', #417, 1000.000000000000000 ) ;
#693 = AXIS2_PLACEMENT_3D ( 'NONE', #8466, #3265, #4801 ) ;
#694 = DIRECTION ( 'NONE',  ( -1.548860246407864076E-16, 0.000000000000000000, -1.000000000000000000 ) ) ;
#695 = AXIS2_PLACEMENT_3D ( 'NONE', #8916, #5429, #10818 ) ;
#696 = EDGE_LOOP ( 'NONE', ( #4124, #7914, #7834 ) ) ;
#697 = EDGE_CURVE ( 'NONE', #5887, #10979, #8153, .T. ) ;
#698 = CIRCLE ( 'NONE', #10583, 25.35466440282023370 ) ;
#699 = DIRECTION ( 'NONE',  ( 0.000000000000000000, 1.000000000000000000, 0.000000000000000000 ) ) ;
#700 = CARTESIAN_POINT ( 'NONE',  ( -12.74999999999999645, 2.500000000000000000, 12.75000000000000000 ) ) ;
#701 = EDGE_CURVE ( 'NONE', #956, #1456, #364, .T. ) ;
#702 = VERTEX_POINT ( 'NONE', #2085 ) ;
#703 = EDGE_CURVE ( 'NONE', #5406, #4870, #9982, .T. ) ;
#704 = AXIS2_PLACEMENT_3D ( 'NONE', #3279, #9390, #6766 ) ;
#705 = CIRCLE ( 'NONE', #9452, 4.999999999999997335 ) ;
#706 = EDGE_LOOP ( 'NONE', ( #504, #837 ) ) ;
#707 = ORIENTED_EDGE ( 'NONE', *, *, #239, .F. ) ;
#708 = CARTESIAN_POINT ( 'NONE',  ( -41.74999999999995026, 2.500000000000000000, 4.898979485566348657 ) ) ;
#709 = CARTESIAN_POINT ( 'NONE',  ( -14.74999999999999822, 2.684116356481445198, 10.31912211600114837 ) ) ;
#710 = CARTESIAN_POINT ( 'NONE',  ( 22.98331580928468654, 17.49999999999999645, 27.95250199011668002 ) ) ;
#711 = ORIENTED_EDGE ( 'NONE', *, *, #7379, .F. ) ;
#712 = AXIS2_PLACEMENT_3D ( 'NONE', #5310, #6108, #1647 ) ;
#713 = ORIENTED_EDGE ( 'NONE', *, *, #7050, .T. ) ;
#714 = FACE_OUTER_BOUND ( 'NONE', #9504, .T. ) ;
#715 = DIRECTION ( 'NONE',  ( 0.000000000000000000, 1.000000000000000000, 0.000000000000000000 ) ) ;
#716 = ORIENTED_EDGE ( 'NONE', *, *, #5146, .F. ) ;
#717 = ORIENTED_EDGE ( 'NONE', *, *, #3352, .F. ) ;
#718 = AXIS2_PLACEMENT_3D ( 'NONE', #1402, #6555, #10104 ) ;
#719 = DIRECTION ( 'NONE',  ( 0.000000000000000000, 0.000000000000000000, 1.000000000000000000 ) ) ;
#720 = DIRECTION ( 'NONE',  ( 1.264613413987092056E-14, -1.804112415015878984E-15, 1.000000000000000000 ) ) ;
#721 = EDGE_CURVE ( 'NONE', #9655, #3350, #3001, .T. ) ;
#722 = CARTESIAN_POINT ( 'NONE',  ( -29.01303099374660022, 0.000000000000000000, 23.35617674425419921 ) ) ;
#723 = LINE ( 'NONE', #4213, #9626 ) ;
#724 = VERTEX_POINT ( 'NONE', #8424 ) ;
#725 = ORIENTED_EDGE ( 'NONE', *, *, #8555, .F. ) ;
#726 = DIRECTION ( 'NONE',  ( -4.814558332715257843E-15, 0.000000000000000000, 1.000000000000000000 ) ) ;
#727 = DIRECTION ( 'NONE',  ( 0.000000000000000000, 1.000000000000000000, 0.000000000000000000 ) ) ;
#728 = DIRECTION ( 'NONE',  ( 0.000000000000000000, 1.000000000000000000, 0.000000000000000000 ) ) ;
#729 = ORIENTED_EDGE ( 'NONE', *, *, #9970, .T. ) ;
#730 = CARTESIAN_POINT ( 'NONE',  ( -41.09999999999999432, 0.000000000000000000, 2.857883832488643083 ) ) ;
#731 = AXIS2_PLACEMENT_3D ( 'NONE', #2370, #5858, #9570 ) ;
#732 = EDGE_CURVE ( 'NONE', #6542, #4917, #3717, .T. ) ;
#733 = ORIENTED_EDGE ( 'NONE', *, *, #10232, .F. ) ;
#734 = DIRECTION ( 'NONE',  ( -0.000000000000000000, -1.000000000000000000, -0.000000000000000000 ) ) ;
#735 = EDGE_CURVE ( 'NONE', #6525, #1333, #11069, .T. ) ;
#736 = CARTESIAN_POINT ( 'NONE',  ( 46.04999999999999716, -34.48187929913332539, -2.819749255036780099E-15 ) ) ;
#737 = LINE ( 'NONE', #850, #2472 ) ;
#738 = LINE ( 'NONE', #2752, #987 ) ;
#739 = CARTESIAN_POINT ( 'NONE',  ( -12.75000000000000000, 9.500000000000000000, -12.75000000000000000 ) ) ;
#740 = CARTESIAN_POINT ( 'NONE',  ( 1.000000000000602407, 2.500000000000000000, 47.64897948556622964 ) ) ;
#741 = EDGE_CURVE ( 'NONE', #3910, #1851, #10482, .T. ) ;
#742 = EDGE_LOOP ( 'NONE', ( #3333, #6883, #1028, #10929 ) ) ;
#743 = ORIENTED_EDGE ( 'NONE', *, *, #9372, .F. ) ;
#744 = CARTESIAN_POINT ( 'NONE',  ( -9.378678851301154751, 2.562687917084006894, -11.83452458429525755 ) ) ;
#745 = CARTESIAN_POINT ( 'NONE',  ( -13.12825468289635111, 2.500000000000002220, -13.12825468289637243 ) ) ;
#746 = DIRECTION ( 'NONE',  ( 0.000000000000000000, 0.000000000000000000, 1.000000000000000000 ) ) ;
#747 = DIRECTION ( 'NONE',  ( 0.7071067811865470176, 0.000000000000000000, 0.7071067811865480168 ) ) ;
#748 = CARTESIAN_POINT ( 'NONE',  ( -3.065911254794913196E-13, 17.49999999999999645, -70.08493649053890806 ) ) ;
#749 = ORIENTED_EDGE ( 'NONE', *, *, #8683, .F. ) ;
#750 = CARTESIAN_POINT ( 'NONE',  ( -15.33883813756160563, 17.49999999999999645, 18.92588048819967739 ) ) ;
#751 = DIRECTION ( 'NONE',  ( 0.000000000000000000, 1.000000000000000000, 0.000000000000000000 ) ) ;
#752 = ORIENTED_EDGE ( 'NONE', *, *, #4841, .F. ) ;
#753 = VECTOR ( 'NONE', #8472, 1000.000000000000000 ) ;
#754 = ORIENTED_EDGE ( 'NONE', *, *, #6598, .F. ) ;
#755 = ORIENTED_EDGE ( 'NONE', *, *, #8437, .T. ) ;
#756 = VECTOR ( 'NONE', #8971, 1000.000000000000000 ) ;
#757 = DIRECTION ( 'NONE',  ( 0.000000000000000000, 1.000000000000000000, 0.000000000000000000 ) ) ;
#758 = DIRECTION ( 'NONE',  ( -0.7071067811865483499, 0.000000000000000000, 0.7071067811865467956 ) ) ;
#759 = FACE_OUTER_BOUND ( 'NONE', #8780, .T. ) ;
#760 = ORIENTED_EDGE ( 'NONE', *, *, #6908, .T. ) ;
#761 = ORIENTED_EDGE ( 'NONE', *, *, #2668, .F. ) ;
#762 = DIRECTION ( 'NONE',  ( 0.000000000000000000, -0.000000000000000000, 1.000000000000000000 ) ) ;
#763 = CARTESIAN_POINT ( 'NONE',  ( 2.499999999999952038, 85.69355547949508889, 29.41336361528513166 ) ) ;
#764 = ORIENTED_EDGE ( 'NONE', *, *, #3118, .F. ) ;
#765 = CARTESIAN_POINT ( 'NONE',  ( -22.98331580928449469, 17.49999999999999645, -27.95250199011685410 ) ) ;
#766 = AXIS2_PLACEMENT_3D ( 'NONE', #3771, #9026, #1253 ) ;
#767 = EDGE_CURVE ( 'NONE', #8320, #702, #7006, .T. ) ;
#768 = CYLINDRICAL_SURFACE ( 'NONE', #7948, 27.33493649053890096 ) ;
#769 = LINE ( 'NONE', #8731, #5379 ) ;
#770 = CARTESIAN_POINT ( 'NONE',  ( 47.74999999999999289, 2.500000000000000000, 0.9999999999998966382 ) ) ;
#771 = AXIS2_PLACEMENT_3D ( 'NONE', #1961, #9695, #10440 ) ;
#772 = DIRECTION ( 'NONE',  ( 0.000000000000000000, 1.000000000000000000, 0.000000000000000000 ) ) ;
#773 = ORIENTED_EDGE ( 'NONE', *, *, #2286, .F. ) ;
#774 = B_SPLINE_CURVE_WITH_KNOTS ( 'NONE', 3,
 ( #1789, #5278, #6244, #9732, #1670, #6982, #8644, #1901, #924, #7793, #11289, #3449, #1261, #7328 ),
 .UNSPECIFIED., .F., .F.,
 ( 4, 2, 2, 2, 2, 2, 4 ),
 ( 1.593998466686925901E-05, 0.001329593480692254671, 0.001986420228704943898, 0.002643246976717633125, 0.003300073724730322351, 0.003956900472743011578, 0.005270553968768383092 ),
 .UNSPECIFIED. ) ;
#775 = ORIENTED_EDGE ( 'NONE', *, *, #9426, .T. ) ;
#776 = LINE ( 'NONE', #7015, #3275 ) ;
#777 = CARTESIAN_POINT ( 'NONE',  ( 13.12825468289635644, 85.69355547949508889, 13.12825468289637953 ) ) ;
#778 = DIRECTION ( 'NONE',  ( 0.000000000000000000, 0.000000000000000000, 1.000000000000000000 ) ) ;
#779 = VERTEX_POINT ( 'NONE', #6870 ) ;
#780 = DIRECTION ( 'NONE',  ( 0.000000000000000000, 0.000000000000000000, 1.000000000000000000 ) ) ;
#781 = ADVANCED_FACE ( 'NONE', ( #8701 ), #7040, .T. ) ;
#782 = CIRCLE ( 'NONE', #7000, 4.999999999999997335 ) ;
#783 = CIRCLE ( 'NONE', #3706, 0.9999999999999991118 ) ;
#784 = ORIENTED_EDGE ( 'NONE', *, *, #9242, .F. ) ;
#785 = FACE_BOUND ( 'NONE', #3043, .T. ) ;
#786 = DIRECTION ( 'NONE',  ( -2.664535259100377275E-15, 0.000000000000000000, 1.000000000000000000 ) ) ;
#787 = DIRECTION ( 'NONE',  ( -0.7071067811865481278, 0.000000000000000000, 0.7071067811865470176 ) ) ;
#788 = LINE ( 'NONE', #1834, #2262 ) ;
#789 = ADVANCED_FACE ( 'NONE', ( #2529 ), #860, .F. ) ;
#790 = CARTESIAN_POINT ( 'NONE',  ( -20.21185110373244243, 19.49999999999999645, -15.46708108440192930 ) ) ;
#791 = TOROIDAL_SURFACE ( 'NONE', #11227, 4.000000000000000000, 2.000000000000000000 ) ;
#792 = DIRECTION ( 'NONE',  ( 0.000000000000000000, 1.000000000000000000, 0.000000000000000000 ) ) ;
#793 = AXIS2_PLACEMENT_3D ( 'NONE', #3549, #6121, #910 ) ;
#794 = ADVANCED_FACE ( 'NONE', ( #5962 ), #975, .F. ) ;
#795 = LINE ( 'NONE', #4980, #753 ) ;
#796 = EDGE_CURVE ( 'NONE', #8675, #10666, #8587, .T. ) ;
#797 = EDGE_CURVE ( 'NONE', #5308, #2676, #5728, .T. ) ;
#798 = AXIS2_PLACEMENT_3D ( 'NONE', #5875, #5932, #5131 ) ;
#799 = CIRCLE ( 'NONE', #7202, 0.9999999999999991118 ) ;
#800 = EDGE_LOOP ( 'NONE', ( #989, #1810, #8195, #6933 ) ) ;
#801 = VERTEX_POINT ( 'NONE', #6928 ) ;
#802 = CARTESIAN_POINT ( 'NONE',  ( 85.49999999999998579, 17.49999999999999645, -1.000000000000005329 ) ) ;
#803 = CARTESIAN_POINT ( 'NONE',  ( -12.74999999999999645, 4.500000000000000888, 12.75000000000000000 ) ) ;
#804 = DIRECTION ( 'NONE',  ( 2.168404344971009657E-15, -1.972152263052529514E-31, 1.000000000000000000 ) ) ;
#805 = CARTESIAN_POINT ( 'NONE',  ( -42.74999999999999289, 19.49999999999999645, 2.617682533177465764E-15 ) ) ;
#806 = CARTESIAN_POINT ( 'NONE',  ( 0.000000000000000000, 2.500000000000000000, 14.75000000000000000 ) ) ;
#807 = DIRECTION ( 'NONE',  ( 0.000000000000000000, 0.000000000000000000, 1.000000000000000000 ) ) ;
#808 = ORIENTED_EDGE ( 'NONE', *, *, #278, .F. ) ;
#809 = LINE ( 'NONE', #4244, #4747 ) ;
#810 = CARTESIAN_POINT ( 'NONE',  ( 41.09999999999999432, 2.500000000000000000, -3.607883832488646636 ) ) ;
#811 = CIRCLE ( 'NONE', #3569, 27.33493649053890096 ) ;
#812 = ORIENTED_EDGE ( 'NONE', *, *, #3173, .F. ) ;
#813 = VECTOR ( 'NONE', #6675, 999.9999999999998863 ) ;
#814 = ADVANCED_FACE ( 'NONE', ( #5158 ), #8640, .T. ) ;
#815 = ORIENTED_EDGE ( 'NONE', *, *, #4689, .T. ) ;
#816 = ORIENTED_EDGE ( 'NONE', *, *, #2379, .F. ) ;
#817 = AXIS2_PLACEMENT_3D ( 'NONE', #10472, #7840, #4228 ) ;
#818 = EDGE_CURVE ( 'NONE', #353, #4939, #6132, .T. ) ;
#819 = CARTESIAN_POINT ( 'NONE',  ( -15.33883813756160563, 19.49999999999999645, 18.92588048819967739 ) ) ;
#820 = AXIS2_PLACEMENT_3D ( 'NONE', #6165, #10346, #778 ) ;
#821 = CARTESIAN_POINT ( 'NONE',  ( -15.33883813756184367, 19.49999999999999645, -18.92588048819943936 ) ) ;
#822 = CARTESIAN_POINT ( 'NONE',  ( -1.518785097687213895E-13, 17.49999999999999645, -42.74999999999999289 ) ) ;
#823 = VERTEX_POINT ( 'NONE', #10311 ) ;
#824 = ORIENTED_EDGE ( 'NONE', *, *, #7871, .T. ) ;
#825 = CARTESIAN_POINT ( 'NONE',  ( -6.463203435596433621, 0.000000000000000000, 14.75000000000000355 ) ) ;
#826 = DIRECTION ( 'NONE',  ( 0.000000000000000000, 0.000000000000000000, 1.000000000000000000 ) ) ;
#827 = EDGE_LOOP ( 'NONE', ( #3237, #11291, #2955, #15 ) ) ;
#828 = PLANE ( 'NONE',  #5514 ) ;
#829 = CIRCLE ( 'NONE', #2481, 3.000000000000000888 ) ;
#830 = ADVANCED_FACE ( 'NONE', ( #4414 ), #791, .F. ) ;
#831 = DIRECTION ( 'NONE',  ( 0.000000000000000000, 1.000000000000000000, 0.000000000000000000 ) ) ;
#832 = DIRECTION ( 'NONE',  ( 0.7071067811865479058, 0.000000000000000000, 0.7071067811865472397 ) ) ;
#833 = EDGE_CURVE ( 'NONE', #2592, #3466, #3561, .T. ) ;
#834 = VECTOR ( 'NONE', #4520, 1000.000000000000000 ) ;
#835 = DIRECTION ( 'NONE',  ( 0.000000000000000000, 0.000000000000000000, 1.000000000000000000 ) ) ;
#836 = DIRECTION ( 'NONE',  ( 0.000000000000000000, 0.000000000000000000, 1.000000000000000000 ) ) ;
#837 = ORIENTED_EDGE ( 'NONE', *, *, #7742, .F. ) ;
#838 = ORIENTED_EDGE ( 'NONE', *, *, #8774, .F. ) ;
#839 = DIRECTION ( 'NONE',  ( -0.000000000000000000, 1.000000000000000000, -0.000000000000000000 ) ) ;
#840 = CARTESIAN_POINT ( 'NONE',  ( 0.9999999999997298827, 1.361284592032115076E-61, -47.75000000000000000 ) ) ;
#841 = CARTESIAN_POINT ( 'NONE',  ( 12.75000000000000178, 0.000000000000000000, 13.74999999999999822 ) ) ;
#842 = ORIENTED_EDGE ( 'NONE', *, *, #3086, .F. ) ;
#843 = DIRECTION ( 'NONE',  ( 0.000000000000000000, 1.000000000000000000, -0.000000000000000000 ) ) ;
#844 = ORIENTED_EDGE ( 'NONE', *, *, #7141, .F. ) ;
#845 = EDGE_CURVE ( 'NONE', #10199, #9315, #4297, .T. ) ;
#846 = AXIS2_PLACEMENT_3D ( 'NONE', #6066, #1490, #621 ) ;
#847 = ORIENTED_EDGE ( 'NONE', *, *, #5344, .F. ) ;
#848 = FACE_BOUND ( 'NONE', #2805, .T. ) ;
#849 = CARTESIAN_POINT ( 'NONE',  ( -17.41506350946109549, 17.49999999999999645, -1.000000000000142553 ) ) ;
#850 = CARTESIAN_POINT ( 'NONE',  ( -12.74999999999999645, 2.500000000000000000, 13.74999999999999822 ) ) ;
#851 = FACE_OUTER_BOUND ( 'NONE', #742, .T. ) ;
#852 = CARTESIAN_POINT ( 'NONE',  ( 0.000000000000000000, -34.48187929913332539, -42.74999999999999289 ) ) ;
#853 = AXIS2_PLACEMENT_3D ( 'NONE', #3817, #7413, #3930 ) ;
#854 = CARTESIAN_POINT ( 'NONE',  ( 43.74999999999995026, 2.500000000000000000, -4.898979485566366421 ) ) ;
#855 = CARTESIAN_POINT ( 'NONE',  ( 13.45668180764254807, 85.69355547949508889, -13.45668180764252853 ) ) ;
#856 = AXIS2_PLACEMENT_3D ( 'NONE', #8443, #9410, #5870 ) ;
#857 = ORIENTED_EDGE ( 'NONE', *, *, #8625, .T. ) ;
#858 = ORIENTED_EDGE ( 'NONE', *, *, #5211, .T. ) ;
#859 = CARTESIAN_POINT ( 'NONE',  ( 27.41116186243804265, 19.49999999999999645, -23.82411951180039011 ) ) ;
#860 = CYLINDRICAL_SURFACE ( 'NONE', #9935, 25.00000000000000000 ) ;
#861 = CARTESIAN_POINT ( 'NONE',  ( 0.000000000000000000, 1.500000000000000000, 0.000000000000000000 ) ) ;
#862 = DIRECTION ( 'NONE',  ( -0.000000000000000000, -1.000000000000000000, -0.000000000000000000 ) ) ;
#863 = LINE ( 'NONE', #2532, #8460 ) ;
#864 = EDGE_CURVE ( 'NONE', #5868, #2900, #4357, .T. ) ;
#865 = CARTESIAN_POINT ( 'NONE',  ( 27.33493649053874819, 17.49999999999999645, -43.75000000000014211 ) ) ;
#866 = ORIENTED_EDGE ( 'NONE', *, *, #7877, .F. ) ;
#867 = VECTOR ( 'NONE', #5466, 1000.000000000000114 ) ;
#868 = FACE_OUTER_BOUND ( 'NONE', #10101, .T. ) ;
#869 = LINE ( 'NONE', #1795, #3430 ) ;
#870 = CIRCLE ( 'NONE', #2339, 4.000000000000000000 ) ;
#871 = VERTEX_POINT ( 'NONE', #1725 ) ;
#872 = EDGE_LOOP ( 'NONE', ( #4847, #5503 ) ) ;
#873 = VERTEX_POINT ( 'NONE', #7850 ) ;
#874 = AXIS2_PLACEMENT_3D ( 'NONE', #8602, #11307, #9521 ) ;
#875 = AXIS2_PLACEMENT_3D ( 'NONE', #1590, #4336, #7662 ) ;
#876 = ADVANCED_FACE ( 'NONE', ( #920 ), #11232, .F. ) ;
#877 = FACE_OUTER_BOUND ( 'NONE', #10967, .T. ) ;
#878 = EDGE_CURVE ( 'NONE', #4215, #2567, #1786, .T. ) ;
#879 = FACE_OUTER_BOUND ( 'NONE', #5878, .T. ) ;
#880 = CARTESIAN_POINT ( 'NONE',  ( -27.33493649053905372, 17.49999999999999645, -43.75000000000004263 ) ) ;
#881 = ORIENTED_EDGE ( 'NONE', *, *, #6881, .F. ) ;
#882 = VERTEX_POINT ( 'NONE', #9682 ) ;
#883 = LINE ( 'NONE', #1632, #10420 ) ;
#884 = LINE ( 'NONE', #2604, #670 ) ;
#885 = EDGE_LOOP ( 'NONE', ( #2146, #11099, #3380, #3161, #2536 ) ) ;
#886 = DIRECTION ( 'NONE',  ( 0.000000000000000000, -1.000000000000000000, 0.000000000000000000 ) ) ;
#887 = VECTOR ( 'NONE', #6874, 999.9999999999998863 ) ;
#888 = CIRCLE ( 'NONE', #8379, 4.999999999999997335 ) ;
#889 = VECTOR ( 'NONE', #2870, 1000.000000000000000 ) ;
#890 = DIRECTION ( 'NONE',  ( 0.000000000000000000, 1.000000000000000000, -0.000000000000000000 ) ) ;
#891 = CARTESIAN_POINT ( 'NONE',  ( 15.46708108440193818, 0.7898818883216689457, -20.21185110373244243 ) ) ;
#892 = VECTOR ( 'NONE', #6275, 999.9999999999998863 ) ;
#893 = DIRECTION ( 'NONE',  ( -0.7071067811865480168, 0.000000000000000000, 0.7071067811865470176 ) ) ;
#894 = DIRECTION ( 'NONE',  ( 0.000000000000000000, 1.000000000000000000, 0.000000000000000000 ) ) ;
#895 = ORIENTED_EDGE ( 'NONE', *, *, #963, .F. ) ;
#896 = ORIENTED_EDGE ( 'NONE', *, *, #5739, .F. ) ;
#897 = LINE ( 'NONE', #2503, #5645 ) ;
#898 = CARTESIAN_POINT ( 'NONE',  ( -14.75000000000000000, 2.500000000000000000, -9.285898384862242949 ) ) ;
#899 = LINE ( 'NONE', #10580, #5031 ) ;
#900 = ORIENTED_EDGE ( 'NONE', *, *, #1322, .F. ) ;
#901 = ORIENTED_EDGE ( 'NONE', *, *, #5256, .F. ) ;
#902 = CIRCLE ( 'NONE', #5296, 1.000000000000000888 ) ;
#903 = EDGE_CURVE ( 'NONE', #8198, #3193, #1537, .T. ) ;
#904 = AXIS2_PLACEMENT_3D ( 'NONE', #4231, #7721, #11224 ) ;
#905 = EDGE_LOOP ( 'NONE', ( #754, #9067, #3689 ) ) ;
#906 = FACE_OUTER_BOUND ( 'NONE', #11188, .T. ) ;
#907 = CARTESIAN_POINT ( 'NONE',  ( -10.11975178147346099, 2.617681020863021679, -14.75000000000000178 ) ) ;
#908 = ADVANCED_FACE ( 'NONE', ( #7103 ), #4521, .T. ) ;
#909 = DIRECTION ( 'NONE',  ( 0.000000000000000000, 1.000000000000000000, 0.000000000000000000 ) ) ;
#910 = DIRECTION ( 'NONE',  ( 3.608844374130319986E-15, 0.000000000000000000, 1.000000000000000000 ) ) ;
#911 = CIRCLE ( 'NONE', #2747, 3.000000000000000888 ) ;
#912 = LINE ( 'NONE', #7897, #6326 ) ;
#913 = DIRECTION ( 'NONE',  ( 0.000000000000000000, 0.000000000000000000, 1.000000000000000000 ) ) ;
#914 = DIRECTION ( 'NONE',  ( 0.000000000000000000, 0.000000000000000000, -1.000000000000000000 ) ) ;
#915 = EDGE_CURVE ( 'NONE', #10662, #702, #3551, .T. ) ;
#916 = VECTOR ( 'NONE', #8147, 1000.000000000000000 ) ;
#917 = ORIENTED_EDGE ( 'NONE', *, *, #11100, .T. ) ;
#918 = EDGE_LOOP ( 'NONE', ( #530, #733, #10611, #499, #2206, #9180, #246 ) ) ;
#919 = DIRECTION ( 'NONE',  ( -1.323076993872123698E-15, 0.000000000000000000, 1.000000000000000000 ) ) ;
#920 = FACE_OUTER_BOUND ( 'NONE', #2248, .T. ) ;
#921 = ADVANCED_FACE ( 'NONE', ( #1897 ), #2293, .F. ) ;
#922 = LINE ( 'NONE', #6133, #8554 ) ;
#923 = CYLINDRICAL_SURFACE ( 'NONE', #7036, 25.35466440282023370 ) ;
#924 = CARTESIAN_POINT ( 'NONE',  ( 10.29865620677394134, 2.736604364876171758, 10.91454722882249051 ) ) ;
#925 = ADVANCED_FACE ( 'NONE', ( #10244 ), #5716, .T. ) ;
#926 = CARTESIAN_POINT ( 'NONE',  ( 41.09999999999999432, -34.48187929913332539, 2.857883832488643971 ) ) ;
#927 = EDGE_LOOP ( 'NONE', ( #2426, #2939, #11199, #7618 ) ) ;
#928 = DIRECTION ( 'NONE',  ( 0.000000000000000000, 1.000000000000000000, 0.000000000000000000 ) ) ;
#929 = LINE ( 'NONE', #7913, #3975 ) ;
#930 = VERTEX_POINT ( 'NONE', #448 ) ;
#931 = UNCERTAINTY_MEASURE_WITH_UNIT (LENGTH_MEASURE( 1.000000000000000082E-05 ), #6634, 'distance_accuracy_value', 'NONE');
#932 = ORIENTED_EDGE ( 'NONE', *, *, #2773, .F. ) ;
#933 = ORIENTED_EDGE ( 'NONE', *, *, #797, .T. ) ;
#934 = DIRECTION ( 'NONE',  ( 0.000000000000000000, 0.000000000000000000, 1.000000000000000000 ) ) ;
#935 = LINE ( 'NONE', #4428, #11135 ) ;
#936 = ORIENTED_EDGE ( 'NONE', *, *, #416, .F. ) ;
#937 = EDGE_CURVE ( 'NONE', #7002, #11268, #4748, .T. ) ;
#938 = ORIENTED_EDGE ( 'NONE', *, *, #8530, .F. ) ;
#939 = DIRECTION ( 'NONE',  ( 0.000000000000000000, 0.000000000000000000, 1.000000000000000000 ) ) ;
#940 = DIRECTION ( 'NONE',  ( 0.000000000000000000, 1.000000000000000000, 0.000000000000000000 ) ) ;
#941 = VERTEX_POINT ( 'NONE', #10185 ) ;
#942 = CARTESIAN_POINT ( 'NONE',  ( 4.898979485566341552, 2.500000000000000000, 41.74999999999990052 ) ) ;
#943 = ADVANCED_FACE ( 'NONE', ( #10130 ), #4861, .T. ) ;
#944 = ADVANCED_FACE ( 'NONE', ( #1430 ), #8464, .F. ) ;
#945 = EDGE_CURVE ( 'NONE', #1189, #3482, #4265, .T. ) ;
#946 = CIRCLE ( 'NONE', #6422, 25.00000000000000000 ) ;
#947 = DIRECTION ( 'NONE',  ( -0.000000000000000000, -1.000000000000000000, -0.000000000000000000 ) ) ;
#948 = CARTESIAN_POINT ( 'NONE',  ( -10.62825468289636177, 0.000000000000000000, 10.62825468289635644 ) ) ;
#949 = DIRECTION ( 'NONE',  ( -0.000000000000000000, -1.000000000000000000, 0.000000000000000000 ) ) ;
#950 = PLANE ( 'NONE',  #8705 ) ;
#951 = ORIENTED_EDGE ( 'NONE', *, *, #8910, .F. ) ;
#952 = ORIENTED_EDGE ( 'NONE', *, *, #10850, .F. ) ;
#953 = DIRECTION ( 'NONE',  ( 0.7071067811865469066, 0.000000000000000000, 0.7071067811865482389 ) ) ;
#954 = LINE ( 'NONE', #7824, #7986 ) ;
#955 = DIRECTION ( 'NONE',  ( -1.000000000000000000, 0.000000000000000000, 2.090961332650616934E-15 ) ) ;
#956 = VERTEX_POINT ( 'NONE', #5775 ) ;
#957 = CIRCLE ( 'NONE', #3332, 2.000000000000000000 ) ;
#958 = ORIENTED_EDGE ( 'NONE', *, *, #297, .F. ) ;
#959 = AXIS2_PLACEMENT_3D ( 'NONE', #4597, #1111, #6321 ) ;
#960 = DIRECTION ( 'NONE',  ( -3.469446951953611033E-15, 0.000000000000000000, 1.000000000000000000 ) ) ;
#961 = CARTESIAN_POINT ( 'NONE',  ( 12.75000000000000178, 4.500000000000000888, 10.75000000000000000 ) ) ;
#962 = DIRECTION ( 'NONE',  ( 0.7071067811865473507, -0.000000000000000000, 0.7071067811865477948 ) ) ;
#963 = EDGE_CURVE ( 'NONE', #8498, #3928, #6580, .T. ) ;
#964 = CARTESIAN_POINT ( 'NONE',  ( 2.168404344971008868E-15, 17.49999999999999645, 1.000000000000000000 ) ) ;
#965 = DIRECTION ( 'NONE',  ( 1.000000000000000000, 0.000000000000000000, 4.718447854656914508E-15 ) ) ;
#966 = CARTESIAN_POINT ( 'NONE',  ( 10.31884904520589252, 2.683998845521173848, -14.75000000000000000 ) ) ;
#967 = DIRECTION ( 'NONE',  ( 0.000000000000000000, 0.000000000000000000, 1.000000000000000000 ) ) ;
#968 = DIRECTION ( 'NONE',  ( 0.000000000000000000, 1.000000000000000000, -0.000000000000000000 ) ) ;
#969 = CIRCLE ( 'NONE', #11216, 25.35466440282023370 ) ;
#970 = ORIENTED_EDGE ( 'NONE', *, *, #2343, .F. ) ;
#971 = VERTEX_POINT ( 'NONE', #6515 ) ;
#972 = CARTESIAN_POINT ( 'NONE',  ( -1.000000000000255351, 27.36039051652360854, -45.11163244297856778 ) ) ;
#973 = EDGE_CURVE ( 'NONE', #2757, #10178, #5661, .T. ) ;
#974 = AXIS2_PLACEMENT_3D ( 'NONE', #8478, #9060, #1169 ) ;
#975 = CYLINDRICAL_SURFACE ( 'NONE', #10670, 1.000000000000000888 ) ;
#976 = LINE ( 'NONE', #8817, #3818 ) ;
#977 = VECTOR ( 'NONE', #2980, 1000.000000000000000 ) ;
#978 = DIRECTION ( 'NONE',  ( -0.000000000000000000, -1.000000000000000000, 0.000000000000000000 ) ) ;
#979 = CARTESIAN_POINT ( 'NONE',  ( -38.41987298107778770, 2.500000000000000000, 2.499999999999981348 ) ) ;
#980 = ORIENTED_EDGE ( 'NONE', *, *, #5114, .F. ) ;
#981 = DIRECTION ( 'NONE',  ( 0.000000000000000000, 0.000000000000000000, 1.000000000000000000 ) ) ;
#982 = DIRECTION ( 'NONE',  ( 0.000000000000000000, -0.000000000000000000, 1.000000000000000000 ) ) ;
#983 = ORIENTED_EDGE ( 'NONE', *, *, #1661, .T. ) ;
#984 = AXIS2_PLACEMENT_3D ( 'NONE', #9622, #3501, #10483 ) ;
#985 = EDGE_CURVE ( 'NONE', #9131, #9184, #4062, .T. ) ;
#986 = EDGE_CURVE ( 'NONE', #1211, #9090, #10072, .T. ) ;
#987 = VECTOR ( 'NONE', #6065, 1000.000000000000000 ) ;
#988 = VERTEX_POINT ( 'NONE', #8295 ) ;
#989 = ORIENTED_EDGE ( 'NONE', *, *, #9344, .F. ) ;
#990 = DIRECTION ( 'NONE',  ( -1.000000000000000000, 0.000000000000000000, 9.151367022657275579E-15 ) ) ;
#991 = VECTOR ( 'NONE', #10924, 1000.000000000000000 ) ;
#992 = LINE ( 'NONE', #8829, #2346 ) ;
#993 = AXIS2_PLACEMENT_3D ( 'NONE', #4267, #7701, #8447 ) ;
#994 = ORIENTED_EDGE ( 'NONE', *, *, #1144, .F. ) ;
#995 = ORIENTED_EDGE ( 'NONE', *, *, #2895, .F. ) ;
#996 = PLANE ( 'NONE',  #6937 ) ;
#997 = CARTESIAN_POINT ( 'NONE',  ( -42.74999999999954525, 17.49999999999999645, 43.75000000000000711 ) ) ;
#998 = ORIENTED_EDGE ( 'NONE', *, *, #1766, .F. ) ;
#999 = CARTESIAN_POINT ( 'NONE',  ( -15.33883813756184367, 19.49999999999999645, -18.92588048819943936 ) ) ;
#1000 = VECTOR ( 'NONE', #8047, 1000.000000000000000 ) ;
#1001 = EDGE_CURVE ( 'NONE', #4970, #3050, #3205, .T. ) ;
#1002 = CARTESIAN_POINT ( 'NONE',  ( 41.75000000000004974, 17.49999999999999645, 25.33493649053890451 ) ) ;
#1003 = EDGE_CURVE ( 'NONE', #9559, #3928, #10302, .T. ) ;
#1004 = DIRECTION ( 'NONE',  ( 1.000000000000000000, -1.972152263052529514E-31, 1.323076993872123698E-15 ) ) ;
#1005 = FACE_OUTER_BOUND ( 'NONE', #5651, .T. ) ;
#1006 = CARTESIAN_POINT ( 'NONE',  ( 12.75000000000000178, 4.500000000000000888, 12.75000000000000000 ) ) ;
#1007 = ORIENTED_EDGE ( 'NONE', *, *, #3352, .T. ) ;
#1008 = EDGE_CURVE ( 'NONE', #402, #9640, #6279, .T. ) ;
#1009 = ORIENTED_EDGE ( 'NONE', *, *, #2746, .F. ) ;
#1010 = DIRECTION ( 'NONE',  ( 2.168404344971009657E-15, -1.972152263052529514E-31, 1.000000000000000000 ) ) ;
#1011 = DIRECTION ( 'NONE',  ( -0.000000000000000000, -1.000000000000000000, -0.000000000000000000 ) ) ;
#1012 = AXIS2_PLACEMENT_3D ( 'NONE', #9034, #7327, #2117 ) ;
#1013 = CARTESIAN_POINT ( 'NONE',  ( 2.857883832488646192, 0.000000000000000000, -41.09999999999999432 ) ) ;
#1014 = ORIENTED_EDGE ( 'NONE', *, *, #8419, .F. ) ;
#1015 = EDGE_CURVE ( 'NONE', #177, #2140, #4821, .T. ) ;
#1016 = AXIS2_PLACEMENT_3D ( 'NONE', #10463, #3364, #3596 ) ;
#1017 = VECTOR ( 'NONE', #1882, 999.9999999999998863 ) ;
#1018 = DIRECTION ( 'NONE',  ( 0.000000000000000000, 0.000000000000000000, 1.000000000000000000 ) ) ;
#1019 = LINE ( 'NONE', #10589, #2271 ) ;
#1020 = FACE_OUTER_BOUND ( 'NONE', #4609, .T. ) ;
#1021 = LINE ( 'NONE', #1079, #5039 ) ;
#1022 = DIRECTION ( 'NONE',  ( 0.000000000000000000, 0.000000000000000000, 1.000000000000000000 ) ) ;
#1023 = DIRECTION ( 'NONE',  ( -1.323076993872123698E-15, 0.000000000000000000, 1.000000000000000000 ) ) ;
#1024 = CARTESIAN_POINT ( 'NONE',  ( 0.000000000000000000, 2.500000000000000000, -42.74999999999999289 ) ) ;
#1025 = EDGE_CURVE ( 'NONE', #3573, #7532, #2571, .T. ) ;
#1026 = CARTESIAN_POINT ( 'NONE',  ( 14.75000000000000000, 2.500000000000000000, 0.000000000000000000 ) ) ;
#1027 = AXIS2_PLACEMENT_3D ( 'NONE', #852, #4346, #5205 ) ;
#1028 = ORIENTED_EDGE ( 'NONE', *, *, #9894, .T. ) ;
#1029 = ORIENTED_EDGE ( 'NONE', *, *, #5414, .T. ) ;
#1030 = CARTESIAN_POINT ( 'NONE',  ( -12.74999999999999645, 2.500000000000000000, 12.75000000000000000 ) ) ;
#1031 = VECTOR ( 'NONE', #2268, 1000.000000000000000 ) ;
#1032 = DIRECTION ( 'NONE',  ( 0.000000000000000000, 1.000000000000000000, -0.000000000000000000 ) ) ;
#1033 = CARTESIAN_POINT ( 'NONE',  ( -26.89171065018694406, -2.499999999985152987E-05, 9.214041120523267736 ) ) ;
#1034 = LINE ( 'NONE', #8022, #8319 ) ;
#1035 = CYLINDRICAL_SURFACE ( 'NONE', #7003, 0.7499999999999984457 ) ;
#1036 = EDGE_LOOP ( 'NONE', ( #10774, #1428, #7740, #11213, #10803, #2938, #1827, #2788, #7924 ) ) ;
#1037 = DIRECTION ( 'NONE',  ( -0.000000000000000000, -1.000000000000000000, -0.000000000000000000 ) ) ;
#1038 = FACE_OUTER_BOUND ( 'NONE', #7305, .T. ) ;
#1039 = ORIENTED_EDGE ( 'NONE', *, *, #6409, .F. ) ;
#1040 = EDGE_CURVE ( 'NONE', #3793, #177, #1541, .T. ) ;
#1041 = VECTOR ( 'NONE', #1746, 1000.000000000000000 ) ;
#1042 = VECTOR ( 'NONE', #4949, 1000.000000000000000 ) ;
#1043 = ADVANCED_FACE ( 'NONE', ( #6008 ), #2628, .F. ) ;
#1044 = EDGE_LOOP ( 'NONE', ( #8086, #4984, #255, #11031, #10242, #842, #9470, #9987, #7813, #5066, #8637 ) ) ;
#1045 = ORIENTED_EDGE ( 'NONE', *, *, #5805, .T. ) ;
#1046 = CARTESIAN_POINT ( 'NONE',  ( -42.74999999999999289, 19.49999999999999645, -27.33493649053889740 ) ) ;
#1047 = VECTOR ( 'NONE', #3603, 1000.000000000000000 ) ;
#1048 = CIRCLE ( 'NONE', #7447, 25.35466440282023370 ) ;
#1049 = ADVANCED_FACE ( 'NONE', ( #8574 ), #6061, .T. ) ;
#1050 = DIRECTION ( 'NONE',  ( -0.000000000000000000, -1.000000000000000000, 0.000000000000000000 ) ) ;
#1051 = ADVANCED_FACE ( 'NONE', ( #10295 ), #1655, .T. ) ;
#1052 = ORIENTED_EDGE ( 'NONE', *, *, #903, .F. ) ;
#1053 = B_SPLINE_CURVE_WITH_KNOTS ( 'NONE', 3,
 ( #2704, #1845, #6929, #8588, #5329, #10429 ),
 .UNSPECIFIED., .F., .F.,
 ( 4, 2, 4 ),
 ( 1.788112030672749005E-18, 0.0006291007506982609909, 0.001258201501396520247 ),
 .UNSPECIFIED. ) ;
#1054 = ORIENTED_EDGE ( 'NONE', *, *, #2277, .F. ) ;
#1055 = CARTESIAN_POINT ( 'NONE',  ( 0.000000000000000000, 2.500000000000000000, -46.04999999999999716 ) ) ;
#1056 = DIRECTION ( 'NONE',  ( -0.7071067811865480168, 0.000000000000000000, 0.7071067811865470176 ) ) ;
#1057 = EDGE_LOOP ( 'NONE', ( #1469, #1393 ) ) ;
#1058 = PLANE ( 'NONE',  #6984 ) ;
#1059 = AXIS2_PLACEMENT_3D ( 'NONE', #4735, #10114, #1413 ) ;
#1060 = VECTOR ( 'NONE', #3102, 1000.000000000000000 ) ;
#1061 = FACE_OUTER_BOUND ( 'NONE', #1505, .T. ) ;
#1062 = DIRECTION ( 'NONE',  ( 0.7071067811865473507, 0.000000000000000000, 0.7071067811865477948 ) ) ;
#1063 = CARTESIAN_POINT ( 'NONE',  ( 0.9999999999997302158, 2.500000000000000000, -47.64897948556640728 ) ) ;
#1064 = CARTESIAN_POINT ( 'NONE',  ( 42.74999999999999289, 17.49999999999999645, -2.617682533177465764E-15 ) ) ;
#1065 = EDGE_LOOP ( 'NONE', ( #2185, #6665, #5252, #2986 ) ) ;
#1066 = AXIS2_PLACEMENT_3D ( 'NONE', #10099, #8216, #7407 ) ;
#1067 = ORIENTED_EDGE ( 'NONE', *, *, #2836, .T. ) ;
#1068 = DIRECTION ( 'NONE',  ( -1.000000000000000000, 0.000000000000000000, 5.575896887068303672E-15 ) ) ;
#1069 = EDGE_CURVE ( 'NONE', #9183, #6329, #1710, .T. ) ;
#1070 = DIRECTION ( 'NONE',  ( 0.7071067811865482389, 0.000000000000000000, -0.7071067811865469066 ) ) ;
#1071 = VECTOR ( 'NONE', #7433, 1000.000000000000000 ) ;
#1072 = VERTEX_POINT ( 'NONE', #2454 ) ;
#1073 = CIRCLE ( 'NONE', #4536, 0.7500000000000006661 ) ;
#1074 = AXIS2_PLACEMENT_3D ( 'NONE', #4025, #9053, #5676 ) ;
#1075 = ADVANCED_FACE ( 'NONE', ( #906 ), #8517, .T. ) ;
#1076 = DIRECTION ( 'NONE',  ( 0.000000000000000000, -0.000000000000000000, 1.000000000000000000 ) ) ;
#1077 = DIRECTION ( 'NONE',  ( -0.000000000000000000, -1.000000000000000000, -0.000000000000000000 ) ) ;
#1078 = CARTESIAN_POINT ( 'NONE',  ( -42.74999999999954525, 17.49999999999999645, 41.75000000000000000 ) ) ;
#1079 = CARTESIAN_POINT ( 'NONE',  ( -1.000000000000000000, 0.000000000000000000, 5.659885683814142223E-15 ) ) ;
#1080 = CARTESIAN_POINT ( 'NONE',  ( -14.75000000000000000, 2.500000000000000000, -10.51393202250020664 ) ) ;
#1081 = ORIENTED_EDGE ( 'NONE', *, *, #2155, .T. ) ;
#1082 = DIRECTION ( 'NONE',  ( 3.980570833268212630E-15, 0.000000000000000000, 1.000000000000000000 ) ) ;
#1083 = FACE_OUTER_BOUND ( 'NONE', #9797, .T. ) ;
#1084 = CIRCLE ( 'NONE', #6561, 1.000000000000000888 ) ;
#1085 = LINE ( 'NONE', #1026, #4787 ) ;
#1086 = AXIS2_PLACEMENT_3D ( 'NONE', #9330, #10250, #5782 ) ;
#1087 = EDGE_CURVE ( 'NONE', #4588, #9071, #11223, .T. ) ;
#1088 = EDGE_CURVE ( 'NONE', #1238, #4945, #7741, .T. ) ;
#1089 = ADVANCED_FACE ( 'NONE', ( #11169, #3546, #9607, #4400, #8628, #7026, #848, #3313, #6173, #9430, #9494, #5145, #1594, #10529, #7892, #5089, #6914, #2686, #7777, #785, #11272, #3428, #10416, #7836, #3491, #6965 ), #10470, .F. ) ;
#1090 = ORIENTED_EDGE ( 'NONE', *, *, #1272, .T. ) ;
#1091 = ORIENTED_EDGE ( 'NONE', *, *, #3600, .F. ) ;
#1092 = LINE ( 'NONE', #7155, #834 ) ;
#1093 = LINE ( 'NONE', #9033, #4171 ) ;
#1094 = CARTESIAN_POINT ( 'NONE',  ( -41.74999999999992895, 27.36039051652360854, 2.361632442978588209 ) ) ;
#1095 = DIRECTION ( 'NONE',  ( -0.000000000000000000, 1.000000000000000000, -0.000000000000000000 ) ) ;
#1096 = DIRECTION ( 'NONE',  ( -2.168404344971008868E-15, 0.000000000000000000, -1.000000000000000000 ) ) ;
#1097 = VERTEX_POINT ( 'NONE', #4563 ) ;
#1098 = DIRECTION ( 'NONE',  ( -1.000000000000000000, 0.000000000000000000, 5.575896887068303672E-15 ) ) ;
#1099 = DIRECTION ( 'NONE',  ( 0.000000000000000000, 0.000000000000000000, 1.000000000000000000 ) ) ;
#1100 = ORIENTED_EDGE ( 'NONE', *, *, #2031, .T. ) ;
#1101 = VECTOR ( 'NONE', #3741, 999.9999999999998863 ) ;
#1102 = ORIENTED_EDGE ( 'NONE', *, *, #4760, .T. ) ;
#1103 = VERTEX_POINT ( 'NONE', #961 ) ;
#1104 = DIRECTION ( 'NONE',  ( 0.000000000000000000, 1.000000000000000000, 0.000000000000000000 ) ) ;
#1105 = DIRECTION ( 'NONE',  ( -0.000000000000000000, 1.000000000000000000, -0.000000000000000000 ) ) ;
#1106 = ORIENTED_EDGE ( 'NONE', *, *, #6884, .F. ) ;
#1107 = ORIENTED_EDGE ( 'NONE', *, *, #1498, .F. ) ;
#1108 = CARTESIAN_POINT ( 'NONE',  ( 0.9999999999997298827, 1.361284592032115076E-61, -47.75000000000000000 ) ) ;
#1109 = DIRECTION ( 'NONE',  ( 1.734723475976806503E-15, 0.000000000000000000, 1.000000000000000000 ) ) ;
#1110 = EDGE_LOOP ( 'NONE', ( #391, #5345 ) ) ;
#1111 = DIRECTION ( 'NONE',  ( 0.000000000000000000, 1.000000000000000000, -0.000000000000000000 ) ) ;
#1112 = DIRECTION ( 'NONE',  ( 0.000000000000000000, 0.000000000000000000, 1.000000000000000000 ) ) ;
#1113 = DIRECTION ( 'NONE',  ( -0.000000000000000000, -1.000000000000000000, 0.000000000000000000 ) ) ;
#1114 = CARTESIAN_POINT ( 'NONE',  ( 26.70405508125149652, 17.49999999999999645, 23.11701273061384043 ) ) ;
#1115 = CARTESIAN_POINT ( 'NONE',  ( -2.499999999999997335, 85.69355547949508889, -23.75650936579271288 ) ) ;
#1116 = ORIENTED_EDGE ( 'NONE', *, *, #985, .T. ) ;
#1117 = ORIENTED_EDGE ( 'NONE', *, *, #9703, .T. ) ;
#1118 = DIRECTION ( 'NONE',  ( 1.264613413987092372E-14, 8.326672684688674053E-16, 1.000000000000000000 ) ) ;
#1119 = FACE_OUTER_BOUND ( 'NONE', #4653, .T. ) ;
#1120 = ORIENTED_EDGE ( 'NONE', *, *, #3746, .F. ) ;
#1121 = VECTOR ( 'NONE', #5612, 1000.000000000000000 ) ;
#1122 = ADVANCED_FACE ( 'NONE', ( #9716 ), #7309, .T. ) ;
#1123 = DIRECTION ( 'NONE',  ( 0.000000000000000000, 0.000000000000000000, 1.000000000000000000 ) ) ;
#1124 = CARTESIAN_POINT ( 'NONE',  ( 13.45668180764254807, 0.000000000000000000, -13.45668180764252853 ) ) ;
#1125 = DIRECTION ( 'NONE',  ( 1.000000000000000000, 0.000000000000000000, -2.168404344971009657E-15 ) ) ;
#1126 = DIRECTION ( 'NONE',  ( 0.000000000000000000, 0.000000000000000000, 1.000000000000000000 ) ) ;
#1127 = CARTESIAN_POINT ( 'NONE',  ( 0.9999999999996034283, 17.49999999999999645, -70.06663875629276106 ) ) ;
#1128 = ORIENTED_EDGE ( 'NONE', *, *, #553, .T. ) ;
#1129 = EDGE_LOOP ( 'NONE', ( #10260, #66, #3104, #1616 ) ) ;
#1130 = FACE_OUTER_BOUND ( 'NONE', #6330, .T. ) ;
#1131 = DIRECTION ( 'NONE',  ( -1.000000000000000000, -1.972152263052529514E-31, -1.323076993872123698E-15 ) ) ;
#1132 = DIRECTION ( 'NONE',  ( 1.734723475976805517E-15, 0.000000000000000000, 1.000000000000000000 ) ) ;
#1133 = EDGE_CURVE ( 'NONE', #8428, #200, #2635, .T. ) ;
#1134 = CARTESIAN_POINT ( 'NONE',  ( -0.9999999999993963717, 2.500000000000000000, 47.75000000000000711 ) ) ;
#1135 = AXIS2_PLACEMENT_3D ( 'NONE', #6993, #7803, #10499 ) ;
#1136 = EDGE_CURVE ( 'NONE', #10433, #8665, #7947, .T. ) ;
#1137 = ORIENTED_EDGE ( 'NONE', *, *, #3735, .T. ) ;
#1138 = ADVANCED_FACE ( 'NONE', ( #10637 ), #209, .T. ) ;
#1139 = ORIENTED_EDGE ( 'NONE', *, *, #2201, .T. ) ;
#1140 = DIRECTION ( 'NONE',  ( 0.000000000000000000, 0.000000000000000000, -1.000000000000000000 ) ) ;
#1141 = CARTESIAN_POINT ( 'NONE',  ( 10.60660171779821859, 2.500000000000000000, 10.60660171779821503 ) ) ;
#1142 = FACE_OUTER_BOUND ( 'NONE', #918, .T. ) ;
#1143 = DIRECTION ( 'NONE',  ( 0.000000000000000000, -1.000000000000000000, 0.000000000000000000 ) ) ;
#1144 = EDGE_CURVE ( 'NONE', #6991, #6725, #5559, .T. ) ;
#1145 = CYLINDRICAL_SURFACE ( 'NONE', #7465, 1.000000000000000888 ) ;
#1146 = VECTOR ( 'NONE', #4128, 1000.000000000000000 ) ;
#1147 = VERTEX_POINT ( 'NONE', #7194 ) ;
#1148 = EDGE_CURVE ( 'NONE', #7484, #9841, #10809, .T. ) ;
#1149 = CARTESIAN_POINT ( 'NONE',  ( -43.75000000000007816, 0.000000000000000000, -4.898979485566328229 ) ) ;
#1150 = CARTESIAN_POINT ( 'NONE',  ( -1.000000000000261569, 24.95324863549492633, -46.22180415680086440 ) ) ;
#1151 = EDGE_CURVE ( 'NONE', #624, #10522, #3556, .T. ) ;
#1152 = ORIENTED_EDGE ( 'NONE', *, *, #5891, .T. ) ;
#1153 = AXIS2_PLACEMENT_3D ( 'NONE', #574, #4075, #7564 ) ;
#1154 = VECTOR ( 'NONE', #6917, 1000.000000000000000 ) ;
#1155 = ORIENTED_EDGE ( 'NONE', *, *, #7939, .F. ) ;
#1156 = EDGE_LOOP ( 'NONE', ( #936, #9537, #664, #9116 ) ) ;
#1157 = PLANE ( 'NONE',  #4076 ) ;
#1158 = CARTESIAN_POINT ( 'NONE',  ( 41.09999999999999432, -34.48187929913332539, -2.107883832488649745 ) ) ;
#1159 = ORIENTED_EDGE ( 'NONE', *, *, #10476, .T. ) ;
#1160 = ORIENTED_EDGE ( 'NONE', *, *, #2764, .T. ) ;
#1161 = DIRECTION ( 'NONE',  ( 0.000000000000000000, -1.000000000000000000, 0.000000000000000000 ) ) ;
#1162 = CARTESIAN_POINT ( 'NONE',  ( 2.499999999999992006, 0.000000000000000000, 5.421010862427504421E-16 ) ) ;
#1163 = VECTOR ( 'NONE', #9563, 1000.000000000000000 ) ;
#1164 = EDGE_CURVE ( 'NONE', #8320, #4049, #4614, .T. ) ;
#1165 = VERTEX_POINT ( 'NONE', #5316 ) ;
#1166 = AXIS2_PLACEMENT_3D ( 'NONE', #8790, #2674, #1697 ) ;
#1167 = AXIS2_PLACEMENT_3D ( 'NONE', #8004, #1992, #2959 ) ;
#1168 = VECTOR ( 'NONE', #5477, 1000.000000000000000 ) ;
#1169 = DIRECTION ( 'NONE',  ( 0.000000000000000000, 0.000000000000000000, 1.000000000000000000 ) ) ;
#1170 = LINE ( 'NONE', #6268, #9216 ) ;
#1171 = DIRECTION ( 'NONE',  ( -1.000000000000000000, -1.972152263052529514E-31, -1.323076993872123698E-15 ) ) ;
#1172 = DIRECTION ( 'NONE',  ( -0.000000000000000000, -1.000000000000000000, 0.000000000000000000 ) ) ;
#1173 = ORIENTED_EDGE ( 'NONE', *, *, #1853, .F. ) ;
#1174 = ORIENTED_EDGE ( 'NONE', *, *, #11142, .F. ) ;
#1175 = CYLINDRICAL_SURFACE ( 'NONE', #10413, 1.500000000000003997 ) ;
#1176 = PLANE ( 'NONE',  #6698 ) ;
#1177 = DIRECTION ( 'NONE',  ( 0.000000000000000000, 0.000000000000000000, 1.000000000000000000 ) ) ;
#1178 = ORIENTED_EDGE ( 'NONE', *, *, #3916, .T. ) ;
#1179 = VERTEX_POINT ( 'NONE', #9826 ) ;
#1180 = AXIS2_PLACEMENT_3D ( 'NONE', #4553, #4600, #4659 ) ;
#1181 = EDGE_CURVE ( 'NONE', #3193, #9286, #6653, .T. ) ;
#1182 = ADVANCED_FACE ( 'NONE', ( #10750 ), #6341, .T. ) ;
#1183 = CARTESIAN_POINT ( 'NONE',  ( -41.09999999999999432, 2.500000000000000000, 2.857883832488643083 ) ) ;
#1184 = CARTESIAN_POINT ( 'NONE',  ( 0.000000000000000000, 2.500000000000000000, -42.74999999999999289 ) ) ;
#1185 = VECTOR ( 'NONE', #3148, 1000.000000000000000 ) ;
#1186 = CARTESIAN_POINT ( 'NONE',  ( 2.857883832488646192, 0.000000000000000000, -40.34999999999999432 ) ) ;
#1187 = DIRECTION ( 'NONE',  ( 1.000000000000000000, 0.000000000000000000, -2.168404344971009657E-15 ) ) ;
#1188 = DIRECTION ( 'NONE',  ( 0.000000000000000000, 1.000000000000000000, 0.000000000000000000 ) ) ;
#1189 = VERTEX_POINT ( 'NONE', #8962 ) ;
#1190 = EDGE_CURVE ( 'NONE', #3145, #2994, #6394, .T. ) ;
#1191 = CIRCLE ( 'NONE', #820, 0.7499999999999984457 ) ;
#1192 = ORIENTED_EDGE ( 'NONE', *, *, #3897, .F. ) ;
#1193 = FACE_OUTER_BOUND ( 'NONE', #9916, .T. ) ;
#1194 = CARTESIAN_POINT ( 'NONE',  ( 12.14147271878298362, 2.500000000000000888, -9.071730716813439344 ) ) ;
#1195 = CARTESIAN_POINT ( 'NONE',  ( 23.11701273061374451, 17.49999999999999645, -26.70405508125158178 ) ) ;
#1196 = EDGE_CURVE ( 'NONE', #9183, #8843, #9885, .T. ) ;
#1197 = CARTESIAN_POINT ( 'NONE',  ( 2.499999999999951594, 2.500000000000000000, 29.41336361528506060 ) ) ;
#1198 = AXIS2_PLACEMENT_3D ( 'NONE', #8008, #9830, #1126 ) ;
#1199 = ORIENTED_EDGE ( 'NONE', *, *, #4872, .T. ) ;
#1200 = ORIENTED_EDGE ( 'NONE', *, *, #3960, .T. ) ;
#1201 = DIRECTION ( 'NONE',  ( 0.000000000000000000, 1.000000000000000000, 0.000000000000000000 ) ) ;
#1202 = DIRECTION ( 'NONE',  ( -0.7071067811865463515, 0.000000000000000000, -0.7071067811865486830 ) ) ;
#1203 = CARTESIAN_POINT ( 'NONE',  ( -46.22180415680087151, 24.95324863549492633, -0.9999999999998998579 ) ) ;
#1204 = DIRECTION ( 'NONE',  ( 0.000000000000000000, 0.000000000000000000, -1.000000000000000000 ) ) ;
#1205 = DIRECTION ( 'NONE',  ( 0.7071067811865473507, 0.000000000000000000, 0.7071067811865477948 ) ) ;
#1206 = AXIS2_PLACEMENT_3D ( 'NONE', #4289, #2518, #5894 ) ;
#1207 = CARTESIAN_POINT ( 'NONE',  ( -1.518785097687213895E-13, 19.49999999999999645, -42.74999999999999289 ) ) ;
#1208 = DIRECTION ( 'NONE',  ( 0.000000000000000000, 0.000000000000000000, 1.000000000000000000 ) ) ;
#1209 = FACE_OUTER_BOUND ( 'NONE', #8960, .T. ) ;
#1210 = EDGE_LOOP ( 'NONE', ( #9370, #9307, #3646 ) ) ;
#1211 = VERTEX_POINT ( 'NONE', #9015 ) ;
#1212 = AXIS2_PLACEMENT_3D ( 'NONE', #9712, #3595, #8053 ) ;
#1213 = EDGE_LOOP ( 'NONE', ( #7172, #11010, #11263, #10016, #5188, #5730, #7776, #8346, #2327, #6891, #10091, #5851, #447, #7415, #7394, #6228, #3349, #8421, #1337, #9199, #4874, #7073, #1585, #5233, #1324, #8830, #8649, #8736, #1822, #1709, #1173, #4399, #9173, #9240, #7631, #1233, #1054, #3566, #5099, #10275, #4985, #5774, #4032, #9538, #4005, #2269, #9306, #4168, #1508, #3633, #11106, #2025, #1575, #9429, #3223, #1552, #2388, #5519, #2257, #7013, #9174, #1437, #6988, #2369, #9709, #404, #9911, #6740, #9956, #8661, #470, #7575, #3886, #4619, #9126, #5283, #5493, #2147, #5625 ) ) ;
#1214 = ORIENTED_EDGE ( 'NONE', *, *, #1543, .F. ) ;
#1215 = EDGE_CURVE ( 'NONE', #10264, #11209, #615, .T. ) ;
#1216 = DIRECTION ( 'NONE',  ( 0.000000000000000000, 1.000000000000000000, 0.000000000000000000 ) ) ;
#1217 = DIRECTION ( 'NONE',  ( 0.000000000000000000, 1.000000000000000000, 0.000000000000000000 ) ) ;
#1218 = ORIENTED_EDGE ( 'NONE', *, *, #5446, .F. ) ;
#1219 = ORIENTED_EDGE ( 'NONE', *, *, #9665, .F. ) ;
#1220 = DIRECTION ( 'NONE',  ( 0.000000000000000000, 0.000000000000000000, -1.000000000000000000 ) ) ;
#1221 = DIRECTION ( 'NONE',  ( -1.000000000000000000, 0.000000000000000000, -8.306039671558391198E-15 ) ) ;
#1222 = CIRCLE ( 'NONE', #2139, 3.000000000000000888 ) ;
#1223 = ORIENTED_EDGE ( 'NONE', *, *, #10442, .F. ) ;
#1224 = VECTOR ( 'NONE', #9817, 1000.000000000000000 ) ;
#1225 = EDGE_CURVE ( 'NONE', #8498, #3466, #1019, .T. ) ;
#1226 = CIRCLE ( 'NONE', #5987, 0.7499999999999986677 ) ;
#1227 = CIRCLE ( 'NONE', #2699, 25.00000000000000711 ) ;
#1228 = EDGE_CURVE ( 'NONE', #4618, #7206, #9023, .T. ) ;
#1229 = DIRECTION ( 'NONE',  ( 0.000000000000000000, 1.000000000000000000, 0.000000000000000000 ) ) ;
#1230 = FACE_OUTER_BOUND ( 'NONE', #4295, .T. ) ;
#1231 = DIRECTION ( 'NONE',  ( 0.000000000000000000, 0.000000000000000000, 1.000000000000000000 ) ) ;
#1232 = DIRECTION ( 'NONE',  ( -1.000000000000000000, 0.000000000000000000, 1.040773042068946910E-14 ) ) ;
#1233 = ORIENTED_EDGE ( 'NONE', *, *, #1148, .T. ) ;
#1234 = EDGE_LOOP ( 'NONE', ( #8462, #3634, #8165 ) ) ;
#1235 = DIRECTION ( 'NONE',  ( 0.000000000000000000, 0.000000000000000000, -1.000000000000000000 ) ) ;
#1236 = LINE ( 'NONE', #423, #1031 ) ;
#1237 = ORIENTED_EDGE ( 'NONE', *, *, #2385, .T. ) ;
#1238 = VERTEX_POINT ( 'NONE', #7143 ) ;
#1239 = AXIS2_PLACEMENT_3D ( 'NONE', #7182, #2839, #6327 ) ;
#1240 = CIRCLE ( 'NONE', #7636, 25.00000000000000355 ) ;
#1241 = DIRECTION ( 'NONE',  ( -1.000000000000000000, 0.000000000000000000, 2.168404344971009657E-15 ) ) ;
#1242 = CARTESIAN_POINT ( 'NONE',  ( -12.74999999999999645, 4.500000000000000888, 12.75000000000000000 ) ) ;
#1243 = VECTOR ( 'NONE', #3579, 1000.000000000000000 ) ;
#1244 = AXIS2_PLACEMENT_3D ( 'NONE', #10707, #6300, #6242 ) ;
#1245 = CARTESIAN_POINT ( 'NONE',  ( -1.518785097687213895E-13, 17.49999999999999645, -42.74999999999999289 ) ) ;
#1246 = LINE ( 'NONE', #9776, #1017 ) ;
#1247 = CARTESIAN_POINT ( 'NONE',  ( 0.000000000000000000, 17.49999999999999645, 0.000000000000000000 ) ) ;
#1248 = ORIENTED_EDGE ( 'NONE', *, *, #4348, .F. ) ;
#1249 = VERTEX_POINT ( 'NONE', #2795 ) ;
#1250 = PLANE ( 'NONE',  #4547 ) ;
#1251 = CARTESIAN_POINT ( 'NONE',  ( 11.22004890618232587, 2.690888066143958479, -9.993154529414097098 ) ) ;
#1252 = CARTESIAN_POINT ( 'NONE',  ( -2.500000000000030198, 0.000000000000000000, -2.500000000000015099 ) ) ;
#1253 = DIRECTION ( 'NONE',  ( 0.000000000000000000, 0.000000000000000000, -1.000000000000000000 ) ) ;
#1254 = CIRCLE ( 'NONE', #2728, 25.35466440282023370 ) ;
#1255 = VECTOR ( 'NONE', #9886, 1000.000000000000000 ) ;
#1256 = ORIENTED_EDGE ( 'NONE', *, *, #6560, .F. ) ;
#1257 = ORIENTED_EDGE ( 'NONE', *, *, #5909, .T. ) ;
#1258 = CARTESIAN_POINT ( 'NONE',  ( -30.78079794671296554, 2.500000000000000000, 15.22444876060891161 ) ) ;
#1259 = DIRECTION ( 'NONE',  ( 0.000000000000000000, 1.000000000000000000, 0.000000000000000000 ) ) ;
#1260 = DIRECTION ( 'NONE',  ( 1.000000000000000000, 0.000000000000000000, -3.553859168040306887E-15 ) ) ;
#1261 = CARTESIAN_POINT ( 'NONE',  ( 9.071159121384150481, 2.500000000000000444, 12.14204431421228136 ) ) ;
#1262 = AXIS2_PLACEMENT_3D ( 'NONE', #7598, #6569, #3251 ) ;
#1263 = CARTESIAN_POINT ( 'NONE',  ( -2.361632442978137902, 27.36039051652360854, 41.75000000000009948 ) ) ;
#1264 = DIRECTION ( 'NONE',  ( 0.000000000000000000, 1.000000000000000000, 0.000000000000000000 ) ) ;
#1265 = AXIS2_PLACEMENT_3D ( 'NONE', #2341, #7488, #5082 ) ;
#1266 = ADVANCED_FACE ( 'NONE', ( #6282 ), #2274, .F. ) ;
#1267 = CARTESIAN_POINT ( 'NONE',  ( -42.75000000000014921, 0.000000000000000000, -41.74999999999998579 ) ) ;
#1268 = FACE_OUTER_BOUND ( 'NONE', #4818, .T. ) ;
#1269 = ORIENTED_EDGE ( 'NONE', *, *, #3460, .T. ) ;
#1270 = VERTEX_POINT ( 'NONE', #11037 ) ;
#1271 = CIRCLE ( 'NONE', #4933, 25.00000000000000711 ) ;
#1272 = EDGE_CURVE ( 'NONE', #3261, #3534, #489, .T. ) ;
#1273 = VERTEX_POINT ( 'NONE', #601 ) ;
#1274 = ORIENTED_EDGE ( 'NONE', *, *, #7930, .T. ) ;
#1275 = ADVANCED_FACE ( 'NONE', ( #4906 ), #9940, .T. ) ;
#1276 = CARTESIAN_POINT ( 'NONE',  ( -42.74999999999954525, 17.49999999999999645, 43.75000000000000711 ) ) ;
#1277 = CARTESIAN_POINT ( 'NONE',  ( 43.74999999999955236, -7.292596028743525438E-60, 42.75000000000000000 ) ) ;
#1278 = ORIENTED_EDGE ( 'NONE', *, *, #9346, .T. ) ;
#1279 = CIRCLE ( 'NONE', #731, 1.000000000000000888 ) ;
#1280 = CARTESIAN_POINT ( 'NONE',  ( 9.184850993605157066E-17, 0.000000000000000000, -46.79999999999999716 ) ) ;
#1281 = DIRECTION ( 'NONE',  ( 8.306039671558391198E-15, 0.000000000000000000, -1.000000000000000000 ) ) ;
#1282 = ORIENTED_EDGE ( 'NONE', *, *, #2507, .T. ) ;
#1283 = EDGE_CURVE ( 'NONE', #3584, #11243, #3132, .T. ) ;
#1284 = DIRECTION ( 'NONE',  ( 0.000000000000000000, 0.000000000000000000, 1.000000000000000000 ) ) ;
#1285 = DIRECTION ( 'NONE',  ( 1.000000000000000000, 0.000000000000000000, 4.718447854656914508E-15 ) ) ;
#1286 = CARTESIAN_POINT ( 'NONE',  ( 10.60660171779820971, 2.500000000000000000, -10.60660171779820971 ) ) ;
#1287 = VERTEX_POINT ( 'NONE', #3934 ) ;
#1288 = EDGE_CURVE ( 'NONE', #1764, #3788, #1348, .T. ) ;
#1289 = VERTEX_POINT ( 'NONE', #4783 ) ;
#1290 = DIRECTION ( 'NONE',  ( -0.000000000000000000, -1.000000000000000000, 0.000000000000000000 ) ) ;
#1291 = DIRECTION ( 'NONE',  ( -0.7071067811865474617, 0.000000000000000000, 0.7071067811865474617 ) ) ;
#1292 = EDGE_LOOP ( 'NONE', ( #9582, #5658, #9603, #3068 ) ) ;
#1293 = EDGE_LOOP ( 'NONE', ( #1319, #8407 ) ) ;
#1294 = EDGE_CURVE ( 'NONE', #2956, #1672, #5700, .T. ) ;
#1295 = EDGE_CURVE ( 'NONE', #4588, #8665, #3879, .T. ) ;
#1296 = LINE ( 'NONE', #429, #10322 ) ;
#1297 = CARTESIAN_POINT ( 'NONE',  ( 14.75000000000000178, 2.500000000000000000, -6.463203435596417634 ) ) ;
#1298 = CARTESIAN_POINT ( 'NONE',  ( -12.74999999999999645, 2.500000000000000000, 12.75000000000000000 ) ) ;
#1299 = PLANE ( 'NONE',  #3755 ) ;
#1300 = DIRECTION ( 'NONE',  ( 0.000000000000000000, 0.000000000000000000, -1.000000000000000000 ) ) ;
#1301 = ORIENTED_EDGE ( 'NONE', *, *, #7066, .T. ) ;
#1302 = ORIENTED_EDGE ( 'NONE', *, *, #7981, .F. ) ;
#1303 = DIRECTION ( 'NONE',  ( 0.000000000000000000, 0.000000000000000000, -1.000000000000000000 ) ) ;
#1304 = CARTESIAN_POINT ( 'NONE',  ( -1.518785097687213895E-13, 17.49999999999999645, -42.74999999999999289 ) ) ;
#1305 = DIRECTION ( 'NONE',  ( 0.000000000000000000, 1.000000000000000000, 0.000000000000000000 ) ) ;
#1306 = CARTESIAN_POINT ( 'NONE',  ( 28.28494219777432050, 2.499999999999998668, -0.9999999999999017453 ) ) ;
#1307 = EDGE_CURVE ( 'NONE', #4425, #2244, #6114, .T. ) ;
#1308 = AXIS2_PLACEMENT_3D ( 'NONE', #3321, #8634, #11116 ) ;
#1309 = VERTEX_POINT ( 'NONE', #9075 ) ;
#1310 = ORIENTED_EDGE ( 'NONE', *, *, #100, .T. ) ;
#1311 = DIRECTION ( 'NONE',  ( -0.000000000000000000, -1.000000000000000000, -0.000000000000000000 ) ) ;
#1312 = LINE ( 'NONE', #5838, #4908 ) ;
#1313 = DIRECTION ( 'NONE',  ( 0.000000000000000000, 0.000000000000000000, 1.000000000000000000 ) ) ;
#1314 = CARTESIAN_POINT ( 'NONE',  ( -8.877416997969516999, 2.500000000000000000, -14.75000000000000000 ) ) ;
#1315 = FACE_OUTER_BOUND ( 'NONE', #4848, .T. ) ;
#1316 = CARTESIAN_POINT ( 'NONE',  ( 4.898979485566380632, 2.500000000000000000, 43.74999999999990052 ) ) ;
#1317 = LINE ( 'NONE', #9155, #5508 ) ;
#1318 = DIRECTION ( 'NONE',  ( 0.000000000000000000, 1.000000000000000000, 0.000000000000000000 ) ) ;
#1319 = ORIENTED_EDGE ( 'NONE', *, *, #5488, .F. ) ;
#1320 = VERTEX_POINT ( 'NONE', #10113 ) ;
#1321 = VECTOR ( 'NONE', #10012, 1000.000000000000000 ) ;
#1322 = EDGE_CURVE ( 'NONE', #7918, #5198, #2083, .T. ) ;
#1323 = ORIENTED_EDGE ( 'NONE', *, *, #7725, .F. ) ;
#1324 = ORIENTED_EDGE ( 'NONE', *, *, #686, .T. ) ;
#1325 = ADVANCED_FACE ( 'NONE', ( #7535 ), #9246, .F. ) ;
#1326 = AXIS2_PLACEMENT_3D ( 'NONE', #6033, #11248, #4088 ) ;
#1327 = LINE ( 'NONE', #2132, #1335 ) ;
#1328 = FACE_BOUND ( 'NONE', #651, .T. ) ;
#1329 = ORIENTED_EDGE ( 'NONE', *, *, #1288, .F. ) ;
#1330 = DIRECTION ( 'NONE',  ( -1.000000000000000000, -1.972152263052529514E-31, 1.264284836150040893E-14 ) ) ;
#1331 = CARTESIAN_POINT ( 'NONE',  ( 12.75000000000000000, 2.767949192431122807, -12.75000000000000000 ) ) ;
#1332 = EDGE_CURVE ( 'NONE', #6594, #2395, #5014, .T. ) ;
#1333 = VERTEX_POINT ( 'NONE', #4046 ) ;
#1334 = VECTOR ( 'NONE', #6708, 1000.000000000000000 ) ;
#1335 = VECTOR ( 'NONE', #463, 1000.000000000000000 ) ;
#1336 = ORIENTED_EDGE ( 'NONE', *, *, #10215, .T. ) ;
#1337 = ORIENTED_EDGE ( 'NONE', *, *, #7226, .T. ) ;
#1338 = DIRECTION ( 'NONE',  ( -1.264284836150040893E-14, 0.000000000000000000, -1.000000000000000000 ) ) ;
#1339 = CARTESIAN_POINT ( 'NONE',  ( -0.9999999999991140420, 17.49999999999999645, 70.08493649053892227 ) ) ;
#1340 = VECTOR ( 'NONE', #6302, 1000.000000000000000 ) ;
#1341 = FACE_OUTER_BOUND ( 'NONE', #1494, .T. ) ;
#1342 = ORIENTED_EDGE ( 'NONE', *, *, #2242, .T. ) ;
#1343 = VERTEX_POINT ( 'NONE', #1297 ) ;
#1344 = DIRECTION ( 'NONE',  ( 0.000000000000000000, 0.000000000000000000, -1.000000000000000000 ) ) ;
#1345 = CARTESIAN_POINT ( 'NONE',  ( 43.74999999999995026, 1.361284592032115076E-61, -4.999999999999988454 ) ) ;
#1346 = ORIENTED_EDGE ( 'NONE', *, *, #1307, .F. ) ;
#1347 = ORIENTED_EDGE ( 'NONE', *, *, #133, .T. ) ;
#1348 = CIRCLE ( 'NONE', #9206, 2.000000000000000000 ) ;
#1349 = VECTOR ( 'NONE', #324, 1000.000000000000114 ) ;
#1350 = ADVANCED_FACE ( 'NONE', ( #6676 ), #10169, .F. ) ;
#1351 = CARTESIAN_POINT ( 'NONE',  ( 4.298087183781943648E-15, 0.000000000000000000, 2.500000000000071498 ) ) ;
#1352 = DIRECTION ( 'NONE',  ( 0.000000000000000000, 0.000000000000000000, 1.000000000000000000 ) ) ;
#1353 = EDGE_CURVE ( 'NONE', #9559, #6308, #9312, .T. ) ;
#1354 = DIRECTION ( 'NONE',  ( -1.000000000000000000, 0.000000000000000000, 1.047444401652940007E-14 ) ) ;
#1355 = FACE_OUTER_BOUND ( 'NONE', #5798, .T. ) ;
#1356 = VERTEX_POINT ( 'NONE', #4958 ) ;
#1357 = EDGE_CURVE ( 'NONE', #6460, #9215, #8448, .T. ) ;
#1358 = VERTEX_POINT ( 'NONE', #8229 ) ;
#1359 = DIRECTION ( 'NONE',  ( 0.000000000000000000, 0.000000000000000000, -1.000000000000000000 ) ) ;
#1360 = LINE ( 'NONE', #5597, #1754 ) ;
#1361 = AXIS2_PLACEMENT_3D ( 'NONE', #7702, #1694, #832 ) ;
#1362 = PLANE ( 'NONE',  #6021 ) ;
#1363 = EDGE_LOOP ( 'NONE', ( #7117, #10582, #6442, #1570 ) ) ;
#1364 = AXIS2_PLACEMENT_3D ( 'NONE', #1183, #10588, #1018 ) ;
#1365 = CARTESIAN_POINT ( 'NONE',  ( 0.000000000000000000, -34.48187929913332539, -46.04999999999999716 ) ) ;
#1366 = VECTOR ( 'NONE', #4359, 1000.000000000000000 ) ;
#1367 = ORIENTED_EDGE ( 'NONE', *, *, #5543, .F. ) ;
#1368 = ORIENTED_EDGE ( 'NONE', *, *, #9426, .F. ) ;
#1369 = CARTESIAN_POINT ( 'NONE',  ( -9.071730716813437567, 2.499999999999999556, 12.14147271878299428 ) ) ;
#1370 = ADVANCED_FACE ( 'NONE', ( #8280 ), #9135, .F. ) ;
#1371 = CARTESIAN_POINT ( 'NONE',  ( 10.51393202250020664, 2.767949192431122807, -14.75000000000000000 ) ) ;
#1372 = DIRECTION ( 'NONE',  ( 0.000000000000000000, 0.000000000000000000, 1.000000000000000000 ) ) ;
#1373 = CARTESIAN_POINT ( 'NONE',  ( -7.778174593052035846, 2.500000000000002220, -7.778174593052032293 ) ) ;
#1374 = CARTESIAN_POINT ( 'NONE',  ( 12.75000000000000178, 2.500000000000000000, 12.75000000000000000 ) ) ;
#1375 = DIRECTION ( 'NONE',  ( 0.000000000000000000, 0.000000000000000000, 1.000000000000000000 ) ) ;
#1376 = DIRECTION ( 'NONE',  ( -1.000000000000000000, -1.972152263052529514E-31, 5.659885683814143012E-15 ) ) ;
#1377 = CARTESIAN_POINT ( 'NONE',  ( -23.11701273061356332, 0.7898818883216689457, 26.70405508125176297 ) ) ;
#1378 = ORIENTED_EDGE ( 'NONE', *, *, #10382, .T. ) ;
#1379 = VERTEX_POINT ( 'NONE', #11154 ) ;
#1380 = ORIENTED_EDGE ( 'NONE', *, *, #6923, .T. ) ;
#1381 = AXIS2_PLACEMENT_3D ( 'NONE', #2961, #6448, #2101 ) ;
#1382 = DIRECTION ( 'NONE',  ( 0.000000000000000000, 0.000000000000000000, 1.000000000000000000 ) ) ;
#1383 = CARTESIAN_POINT ( 'NONE',  ( 1.000000000000297096, 2.500000000000000000, 37.74999999999998579 ) ) ;
#1384 = ORIENTED_EDGE ( 'NONE', *, *, #10010, .F. ) ;
#1385 = EDGE_CURVE ( 'NONE', #11330, #1379, #8850, .T. ) ;
#1386 = DIRECTION ( 'NONE',  ( 0.000000000000000000, 0.000000000000000000, 1.000000000000000000 ) ) ;
#1387 = EDGE_CURVE ( 'NONE', #9010, #434, #5017, .T. ) ;
#1388 = CARTESIAN_POINT ( 'NONE',  ( 5.731347020009611560E-15, 2.500000000000000000, 45.29999999999999005 ) ) ;
#1389 = ORIENTED_EDGE ( 'NONE', *, *, #10464, .T. ) ;
#1390 = EDGE_CURVE ( 'NONE', #5012, #5167, #9361, .T. ) ;
#1391 = CIRCLE ( 'NONE', #846, 0.9999999999999991118 ) ;
#1392 = ORIENTED_EDGE ( 'NONE', *, *, #6186, .F. ) ;
#1393 = ORIENTED_EDGE ( 'NONE', *, *, #657, .F. ) ;
#1394 = ADVANCED_FACE ( 'NONE', ( #3356 ), #7880, .T. ) ;
#1395 = EDGE_CURVE ( 'NONE', #10914, #4145, #3479, .T. ) ;
#1396 = CARTESIAN_POINT ( 'NONE',  ( -43.75000000000013500, 17.49999999999999645, 27.33493649053889740 ) ) ;
#1397 = VECTOR ( 'NONE', #11325, 1000.000000000000000 ) ;
#1398 = CARTESIAN_POINT ( 'NONE',  ( -25.33493649053905372, 17.49999999999999645, -43.75000000000002842 ) ) ;
#1399 = DIRECTION ( 'NONE',  ( 1.000000000000000000, -1.972152263052529514E-31, 1.323076993872123698E-15 ) ) ;
#1400 = ORIENTED_EDGE ( 'NONE', *, *, #8568, .F. ) ;
#1401 = EDGE_LOOP ( 'NONE', ( #383, #3947, #6683, #8876 ) ) ;
#1402 = CARTESIAN_POINT ( 'NONE',  ( 12.75000000000000178, 0.000000000000000000, 12.75000000000000000 ) ) ;
#1403 = FACE_OUTER_BOUND ( 'NONE', #9294, .T. ) ;
#1404 = ORIENTED_EDGE ( 'NONE', *, *, #1853, .T. ) ;
#1405 = VERTEX_POINT ( 'NONE', #7817 ) ;
#1406 = AXIS2_PLACEMENT_3D ( 'NONE', #1967, #248, #5458 ) ;
#1407 = B_SPLINE_CURVE_WITH_KNOTS ( 'NONE', 3,
 ( #10608, #5391, #1849, #5334, #8872, #4527 ),
 .UNSPECIFIED., .F., .F.,
 ( 4, 2, 4 ),
 ( 0.000000000000000000, 0.0006288281924784588483, 0.001257656384956917697 ),
 .UNSPECIFIED. ) ;
#1408 = AXIS2_PLACEMENT_3D ( 'NONE', #7239, #4661, #8099 ) ;
#1409 = EDGE_CURVE ( 'NONE', #5168, #2125, #769, .T. ) ;
#1410 = CARTESIAN_POINT ( 'NONE',  ( 8.761108882847496560, 2.500000000000000444, -12.45209455274892285 ) ) ;
#1411 = CARTESIAN_POINT ( 'NONE',  ( 2.857883832488646192, -34.48187929913332539, -41.09999999999999432 ) ) ;
#1412 = ADVANCED_FACE ( 'NONE', ( #9533 ), #7650, .T. ) ;
#1413 = DIRECTION ( 'NONE',  ( 0.000000000000000000, 0.000000000000000000, 1.000000000000000000 ) ) ;
#1414 = LINE ( 'NONE', #3192, #428 ) ;
#1415 = ORIENTED_EDGE ( 'NONE', *, *, #5873, .F. ) ;
#1416 = AXIS2_PLACEMENT_3D ( 'NONE', #661, #2558, #6048 ) ;
#1417 = ORIENTED_EDGE ( 'NONE', *, *, #6780, .T. ) ;
#1418 = DIRECTION ( 'NONE',  ( -0.000000000000000000, -1.000000000000000000, 0.000000000000000000 ) ) ;
#1419 = CARTESIAN_POINT ( 'NONE',  ( 9.838180464847560813, 2.658665245958898637, -11.37502297074886393 ) ) ;
#1420 = AXIS2_PLACEMENT_3D ( 'NONE', #4695, #9796, #7389 ) ;
#1421 = LINE ( 'NONE', #8401, #3277 ) ;
#1422 = ORIENTED_EDGE ( 'NONE', *, *, #7505, .T. ) ;
#1423 = CARTESIAN_POINT ( 'NONE',  ( -14.75000000000000000, 2.500000000000000000, 6.463203435596434510 ) ) ;
#1424 = EDGE_CURVE ( 'NONE', #2037, #237, #6047, .T. ) ;
#1425 = AXIS2_PLACEMENT_3D ( 'NONE', #5517, #8156, #4602 ) ;
#1426 = VECTOR ( 'NONE', #3421, 1000.000000000000000 ) ;
#1427 = AXIS2_PLACEMENT_3D ( 'NONE', #5152, #10534, #8633 ) ;
#1428 = ORIENTED_EDGE ( 'NONE', *, *, #9950, .F. ) ;
#1429 = ORIENTED_EDGE ( 'NONE', *, *, #9534, .T. ) ;
#1430 = FACE_OUTER_BOUND ( 'NONE', #2549, .T. ) ;
#1431 = CARTESIAN_POINT ( 'NONE',  ( 12.75000000000000000, 9.500000000000000000, -10.75000000000000000 ) ) ;
#1432 = CARTESIAN_POINT ( 'NONE',  ( 1.000000000000040190, 17.49999999999999645, 17.41506350946107773 ) ) ;
#1433 = FACE_OUTER_BOUND ( 'NONE', #7556, .T. ) ;
#1434 = ADVANCED_FACE ( 'NONE', ( #6952 ), #6842, .T. ) ;
#1435 = CARTESIAN_POINT ( 'NONE',  ( 14.75000000000000000, 2.683998845521173848, 10.31884904520589075 ) ) ;
#1436 = DIRECTION ( 'NONE',  ( 0.000000000000000000, 0.000000000000000000, 1.000000000000000000 ) ) ;
#1437 = ORIENTED_EDGE ( 'NONE', *, *, #9755, .F. ) ;
#1438 = CIRCLE ( 'NONE', #10203, 4.999999999999997335 ) ;
#1439 = CARTESIAN_POINT ( 'NONE',  ( 42.75000000000044054, 17.49999999999999645, 41.74999999999968736 ) ) ;
#1440 = EDGE_CURVE ( 'NONE', #6253, #5867, #6839, .T. ) ;
#1441 = ORIENTED_EDGE ( 'NONE', *, *, #10493, .F. ) ;
#1442 = CIRCLE ( 'NONE', #3272, 25.00000000000000355 ) ;
#1443 = EDGE_CURVE ( 'NONE', #32, #7919, #8308, .T. ) ;
#1444 = EDGE_CURVE ( 'NONE', #2128, #6211, #4827, .T. ) ;
#1445 = ORIENTED_EDGE ( 'NONE', *, *, #3944, .F. ) ;
#1446 = ORIENTED_EDGE ( 'NONE', *, *, #3155, .F. ) ;
#1447 = AXIS2_PLACEMENT_3D ( 'NONE', #8312, #5624, #10838 ) ;
#1448 = CARTESIAN_POINT ( 'NONE',  ( 4.504001642398092977E-13, 17.49999999999999645, 42.74999999999999289 ) ) ;
#1449 = CIRCLE ( 'NONE', #2904, 1.000000000000000888 ) ;
#1450 = CYLINDRICAL_SURFACE ( 'NONE', #10111, 25.00000000000000355 ) ;
#1451 = CIRCLE ( 'NONE', #9308, 2.000000000000000000 ) ;
#1452 = DIRECTION ( 'NONE',  ( -8.306039671558391198E-15, 0.000000000000000000, 1.000000000000000000 ) ) ;
#1453 = EDGE_LOOP ( 'NONE', ( #3627, #7166, #7657, #10548 ) ) ;
#1454 = FACE_OUTER_BOUND ( 'NONE', #4304, .T. ) ;
#1455 = DIRECTION ( 'NONE',  ( 1.000000000000000000, 0.000000000000000000, -2.168404344971009657E-15 ) ) ;
#1456 = VERTEX_POINT ( 'NONE', #3301 ) ;
#1457 = AXIS2_PLACEMENT_3D ( 'NONE', #11159, #6741, #1303 ) ;
#1458 = VERTEX_POINT ( 'NONE', #2392 ) ;
#1459 = VERTEX_POINT ( 'NONE', #1641 ) ;
#1460 = CYLINDRICAL_SURFACE ( 'NONE', #10094, 0.7499999999999937828 ) ;
#1461 = VECTOR ( 'NONE', #7984, 1000.000000000000000 ) ;
#1462 = DIRECTION ( 'NONE',  ( -1.000000000000000000, 0.000000000000000000, 1.040773042068946910E-14 ) ) ;
#1463 = DIRECTION ( 'NONE',  ( -0.000000000000000000, -1.000000000000000000, -0.000000000000000000 ) ) ;
#1464 = ORIENTED_EDGE ( 'NONE', *, *, #10810, .F. ) ;
#1465 = ORIENTED_EDGE ( 'NONE', *, *, #3201, .F. ) ;
#1466 = LINE ( 'NONE', #6492, #4743 ) ;
#1467 = DIRECTION ( 'NONE',  ( 0.000000000000000000, 0.000000000000000000, 1.000000000000000000 ) ) ;
#1468 = EDGE_LOOP ( 'NONE', ( #8158, #9293, #11149, #9643 ) ) ;
#1469 = ORIENTED_EDGE ( 'NONE', *, *, #10895, .F. ) ;
#1470 = CIRCLE ( 'NONE', #7867, 1.000000000000000888 ) ;
#1471 = CARTESIAN_POINT ( 'NONE',  ( -0.9999999999991140420, 17.49999999999999645, 70.08493649053892227 ) ) ;
#1472 = DIRECTION ( 'NONE',  ( 9.151367022657275579E-15, 0.000000000000000000, 1.000000000000000000 ) ) ;
#1473 = DIRECTION ( 'NONE',  ( -4.814558332715257054E-15, 1.972152263052529514E-31, 1.000000000000000000 ) ) ;
#1474 = CARTESIAN_POINT ( 'NONE',  ( 12.75000000000000000, 0.000000000000000000, -12.75000000000000000 ) ) ;
#1475 = VERTEX_POINT ( 'NONE', #2611 ) ;
#1476 = ORIENTED_EDGE ( 'NONE', *, *, #3433, .F. ) ;
#1477 = DIRECTION ( 'NONE',  ( -1.264284836150040893E-14, 0.000000000000000000, -1.000000000000000000 ) ) ;
#1478 = DIRECTION ( 'NONE',  ( 2.168404344971009657E-15, -1.972152263052529514E-31, 1.000000000000000000 ) ) ;
#1479 = FACE_OUTER_BOUND ( 'NONE', #2136, .T. ) ;
#1480 = ORIENTED_EDGE ( 'NONE', *, *, #8419, .T. ) ;
#1481 = EDGE_CURVE ( 'NONE', #9980, #1287, #2817, .T. ) ;
#1482 = EDGE_CURVE ( 'NONE', #2653, #7160, #5243, .T. ) ;
#1483 = ORIENTED_EDGE ( 'NONE', *, *, #5414, .F. ) ;
#1484 = VERTEX_POINT ( 'NONE', #4211 ) ;
#1485 = DIRECTION ( 'NONE',  ( 9.151367022657275579E-15, 1.972152263052529514E-31, 1.000000000000000000 ) ) ;
#1486 = LINE ( 'NONE', #10188, #3452 ) ;
#1487 = EDGE_CURVE ( 'NONE', #3788, #1764, #4278, .T. ) ;
#1488 = CARTESIAN_POINT ( 'NONE',  ( -43.75000000000014211, 17.49999999999999645, 42.74999999999999289 ) ) ;
#1489 = SURFACE_SIDE_STYLE ('',( #9328 ) ) ;
#1490 = DIRECTION ( 'NONE',  ( 0.000000000000000000, 1.000000000000000000, 0.000000000000000000 ) ) ;
#1491 = CYLINDRICAL_SURFACE ( 'NONE', #5846, 0.9999999999999991118 ) ;
#1492 = ORIENTED_EDGE ( 'NONE', *, *, #7518, .T. ) ;
#1493 = DIRECTION ( 'NONE',  ( 4.814558332715257054E-15, -1.972152263052529514E-31, -1.000000000000000000 ) ) ;
#1494 = EDGE_LOOP ( 'NONE', ( #7787, #8696, #2419, #4371 ) ) ;
#1495 = VECTOR ( 'NONE', #3623, 1000.000000000000114 ) ;
#1496 = EDGE_CURVE ( 'NONE', #5324, #9484, #11259, .T. ) ;
#1497 = ORIENTED_EDGE ( 'NONE', *, *, #7831, .F. ) ;
#1498 = EDGE_CURVE ( 'NONE', #6642, #624, #5745, .T. ) ;
#1499 = VERTEX_POINT ( 'NONE', #2034 ) ;
#1500 = LINE ( 'NONE', #3276, #6096 ) ;
#1501 = FACE_OUTER_BOUND ( 'NONE', #1065, .T. ) ;
#1502 = EDGE_CURVE ( 'NONE', #8598, #5740, #7180, .T. ) ;
#1503 = DIRECTION ( 'NONE',  ( 1.000000000000000000, 1.972152263052529514E-31, -5.659885683814143012E-15 ) ) ;
#1504 = VECTOR ( 'NONE', #10395, 1000.000000000000000 ) ;
#1505 = EDGE_LOOP ( 'NONE', ( #2425, #1106, #4662, #2078 ) ) ;
#1506 = CARTESIAN_POINT ( 'NONE',  ( -2.857883832488640863, 0.000000000000000000, 40.34999999999999432 ) ) ;
#1507 = LINE ( 'NONE', #7457, #2880 ) ;
#1508 = ORIENTED_EDGE ( 'NONE', *, *, #6472, .T. ) ;
#1509 = ORIENTED_EDGE ( 'NONE', *, *, #9401, .F. ) ;
#1510 = VECTOR ( 'NONE', #8491, 1000.000000000000000 ) ;
#1511 = ORIENTED_EDGE ( 'NONE', *, *, #2230, .F. ) ;
#1512 = VERTEX_POINT ( 'NONE', #7236 ) ;
#1513 = DIRECTION ( 'NONE',  ( -0.000000000000000000, -1.000000000000000000, 0.000000000000000000 ) ) ;
#1514 = EDGE_CURVE ( 'NONE', #6496, #1358, #7204, .T. ) ;
#1515 = DIRECTION ( 'NONE',  ( 0.000000000000000000, 0.000000000000000000, -1.000000000000000000 ) ) ;
#1516 = CARTESIAN_POINT ( 'NONE',  ( 12.75000000000000000, 2.500000000000000000, -12.75000000000000000 ) ) ;
#1517 = ORIENTED_EDGE ( 'NONE', *, *, #4223, .F. ) ;
#1518 = VERTEX_POINT ( 'NONE', #10734 ) ;
#1519 = LINE ( 'NONE', #5812, #3284 ) ;
#1520 = DIRECTION ( 'NONE',  ( 0.000000000000000000, -0.000000000000000000, 1.000000000000000000 ) ) ;
#1521 = VERTEX_POINT ( 'NONE', #1869 ) ;
#1522 = ORIENTED_EDGE ( 'NONE', *, *, #11065, .T. ) ;
#1523 = AXIS2_PLACEMENT_3D ( 'NONE', #575, #3387, #3278 ) ;
#1524 = AXIS2_PLACEMENT_3D ( 'NONE', #11153, #9415, #81 ) ;
#1525 = VECTOR ( 'NONE', #3620, 1000.000000000000000 ) ;
#1526 = CARTESIAN_POINT ( 'NONE',  ( 42.75000000000044054, 17.49999999999999645, 41.74999999999968736 ) ) ;
#1527 = DIRECTION ( 'NONE',  ( 0.000000000000000000, 1.000000000000000000, 0.000000000000000000 ) ) ;
#1528 = LINE ( 'NONE', #10281, #1792 ) ;
#1529 = CARTESIAN_POINT ( 'NONE',  ( 41.09999999999999432, 2.500000000000000000, -2.857883832488648412 ) ) ;
#1530 = ORIENTED_EDGE ( 'NONE', *, *, #9052, .T. ) ;
#1531 = ORIENTED_EDGE ( 'NONE', *, *, #8986, .F. ) ;
#1532 = DIRECTION ( 'NONE',  ( 0.000000000000000000, 0.000000000000000000, 1.000000000000000000 ) ) ;
#1533 = DIRECTION ( 'NONE',  ( -0.7071067811865474617, 0.000000000000000000, 0.7071067811865475727 ) ) ;
#1534 = CARTESIAN_POINT ( 'NONE',  ( -43.74999999999955236, 17.49999999999999645, -42.75000000000000000 ) ) ;
#1535 = EDGE_LOOP ( 'NONE', ( #7864, #1160, #3801, #8233 ) ) ;
#1536 = EDGE_CURVE ( 'NONE', #4746, #724, #6380, .T. ) ;
#1537 = CIRCLE ( 'NONE', #8474, 27.33493649053890096 ) ;
#1538 = EDGE_CURVE ( 'NONE', #5868, #8091, #10626, .T. ) ;
#1539 = ORIENTED_EDGE ( 'NONE', *, *, #4687, .F. ) ;
#1540 = ADVANCED_FACE ( 'NONE', ( #1975, #143 ), #2671, .T. ) ;
#1541 = LINE ( 'NONE', #674, #10123 ) ;
#1542 = AXIS2_PLACEMENT_3D ( 'NONE', #4506, #264, #5478 ) ;
#1543 = EDGE_CURVE ( 'NONE', #8494, #8234, #252, .T. ) ;
#1544 = FACE_OUTER_BOUND ( 'NONE', #4587, .T. ) ;
#1545 = VECTOR ( 'NONE', #9996, 1000.000000000000000 ) ;
#1546 = CARTESIAN_POINT ( 'NONE',  ( 41.75000000000004974, 17.49999999999999645, 27.33493649053890451 ) ) ;
#1547 = CARTESIAN_POINT ( 'NONE',  ( -2.828427124746190291, 1.500000000000001332, -2.828427124746192511 ) ) ;
#1548 = CARTESIAN_POINT ( 'NONE',  ( -15.21413057346447317, 2.500000000000000000, -9.628165229955159887 ) ) ;
#1549 = DIRECTION ( 'NONE',  ( 0.000000000000000000, 0.000000000000000000, -1.000000000000000000 ) ) ;
#1550 = DIRECTION ( 'NONE',  ( 0.000000000000000000, -1.000000000000000000, 0.000000000000000000 ) ) ;
#1551 = AXIS2_PLACEMENT_3D ( 'NONE', #9684, #6134, #4469 ) ;
#1552 = ORIENTED_EDGE ( 'NONE', *, *, #1814, .F. ) ;
#1553 = ORIENTED_EDGE ( 'NONE', *, *, #9527, .F. ) ;
#1554 = PLANE ( 'NONE',  #4805 ) ;
#1555 = CARTESIAN_POINT ( 'NONE',  ( 1.000000000000603295, 0.000000000000000000, 47.64897948556623675 ) ) ;
#1556 = CIRCLE ( 'NONE', #4293, 27.33493649053890096 ) ;
#1557 = CARTESIAN_POINT ( 'NONE',  ( -2.499999999999992895, 2.500000000000000000, 3.872150616019648973E-16 ) ) ;
#1558 = VERTEX_POINT ( 'NONE', #6156 ) ;
#1559 = DIRECTION ( 'NONE',  ( 0.000000000000000000, 1.000000000000000000, 0.000000000000000000 ) ) ;
#1560 = PLANE ( 'NONE',  #10932 ) ;
#1561 = ORIENTED_EDGE ( 'NONE', *, *, #4435, .F. ) ;
#1562 = EDGE_CURVE ( 'NONE', #6854, #10633, #11064, .T. ) ;
#1563 = AXIS2_PLACEMENT_3D ( 'NONE', #9032, #6408, #6461 ) ;
#1564 = ORIENTED_EDGE ( 'NONE', *, *, #11203, .T. ) ;
#1565 = EDGE_LOOP ( 'NONE', ( #4669, #11108, #3228, #6252, #7429, #9345, #980, #901 ) ) ;
#1566 = DIRECTION ( 'NONE',  ( -0.000000000000000000, -1.000000000000000000, -0.000000000000000000 ) ) ;
#1567 = CARTESIAN_POINT ( 'NONE',  ( -46.22180415680087151, 24.95324863549492633, -0.9999999999998998579 ) ) ;
#1568 = CARTESIAN_POINT ( 'NONE',  ( -8.170310216782969093, 2.500000000000000000, -13.04289321881345032 ) ) ;
#1569 = ORIENTED_EDGE ( 'NONE', *, *, #7805, .F. ) ;
#1570 = ORIENTED_EDGE ( 'NONE', *, *, #10942, .T. ) ;
#1571 = DIRECTION ( 'NONE',  ( -1.323076993872123698E-15, 0.000000000000000000, 1.000000000000000000 ) ) ;
#1572 = DIRECTION ( 'NONE',  ( -1.000000000000000000, 0.000000000000000000, 5.659885683814142223E-15 ) ) ;
#1573 = TOROIDAL_SURFACE ( 'NONE', #8334, 4.000000000000000000, 2.000000000000000000 ) ;
#1574 = ORIENTED_EDGE ( 'NONE', *, *, #9133, .T. ) ;
#1575 = ORIENTED_EDGE ( 'NONE', *, *, #2946, .T. ) ;
#1576 = EDGE_CURVE ( 'NONE', #7316, #7583, #9029, .T. ) ;
#1577 = EDGE_CURVE ( 'NONE', #10156, #8776, #10570, .T. ) ;
#1578 = VECTOR ( 'NONE', #10176, 1000.000000000000000 ) ;
#1579 = CARTESIAN_POINT ( 'NONE',  ( -43.75000000000007816, -34.48187929913332539, -4.898979485566328229 ) ) ;
#1580 = EDGE_CURVE ( 'NONE', #9421, #2744, #9589, .T. ) ;
#1581 = DIRECTION ( 'NONE',  ( -0.000000000000000000, -1.000000000000000000, -0.000000000000000000 ) ) ;
#1582 = LINE ( 'NONE', #6843, #1971 ) ;
#1583 = CARTESIAN_POINT ( 'NONE',  ( 12.75000000000000178, 9.500000000000000000, 14.75000000000000000 ) ) ;
#1584 = ORIENTED_EDGE ( 'NONE', *, *, #1481, .T. ) ;
#1585 = ORIENTED_EDGE ( 'NONE', *, *, #8411, .F. ) ;
#1586 = CARTESIAN_POINT ( 'NONE',  ( -14.87089537001563855, 47.49999999999998579, 14.87089537001564032 ) ) ;
#1587 = CARTESIAN_POINT ( 'NONE',  ( -12.74999999999999645, 9.500000000000000000, 12.75000000000000000 ) ) ;
#1588 = CYLINDRICAL_SURFACE ( 'NONE', #10970, 4.999999999999997335 ) ;
#1589 = VERTEX_POINT ( 'NONE', #5516 ) ;
#1590 = CARTESIAN_POINT ( 'NONE',  ( -42.74999999999999289, 19.49999999999999645, 2.617682533177465764E-15 ) ) ;
#1591 = VECTOR ( 'NONE', #4095, 1000.000000000000000 ) ;
#1592 = CIRCLE ( 'NONE', #7992, 25.00000000000000355 ) ;
#1593 = ORIENTED_EDGE ( 'NONE', *, *, #8774, .T. ) ;
#1594 = FACE_BOUND ( 'NONE', #11246, .T. ) ;
#1595 = AXIS2_PLACEMENT_3D ( 'NONE', #6694, #4973, #9670 ) ;
#1596 = AXIS2_PLACEMENT_3D ( 'NONE', #3568, #6877, #1674 ) ;
#1597 = CYLINDRICAL_SURFACE ( 'NONE', #9824, 0.7499999999999986677 ) ;
#1598 = CARTESIAN_POINT ( 'NONE',  ( 14.75000000000000000, 2.500000000000002220, 10.51393202250020487 ) ) ;
#1599 = DIRECTION ( 'NONE',  ( -5.659885683814143012E-15, 0.000000000000000000, -1.000000000000000000 ) ) ;
#1600 = AXIS2_PLACEMENT_3D ( 'NONE', #1685, #6889, #7751 ) ;
#1601 = CARTESIAN_POINT ( 'NONE',  ( -42.75000000000014921, 17.49999999999999645, -43.74999999999999289 ) ) ;
#1602 = FACE_OUTER_BOUND ( 'NONE', #7752, .T. ) ;
#1603 = LINE ( 'NONE', #10303, #5684 ) ;
#1604 = AXIS2_PLACEMENT_3D ( 'NONE', #1245, #6565, #10061 ) ;
#1605 = VECTOR ( 'NONE', #2566, 1000.000000000000000 ) ;
#1606 = ORIENTED_EDGE ( 'NONE', *, *, #2746, .T. ) ;
#1607 = ORIENTED_EDGE ( 'NONE', *, *, #3837, .T. ) ;
#1608 = CARTESIAN_POINT ( 'NONE',  ( -41.75000000000004974, 17.49999999999999645, -27.33493649053890451 ) ) ;
#1609 = DIRECTION ( 'NONE',  ( -0.000000000000000000, -1.000000000000000000, -0.000000000000000000 ) ) ;
#1610 = CARTESIAN_POINT ( 'NONE',  ( -2.857883832488640863, 2.500000000000000000, 41.09999999999999432 ) ) ;
#1611 = DIRECTION ( 'NONE',  ( 2.168404344971009657E-15, -1.972152263052529514E-31, 1.000000000000000000 ) ) ;
#1612 = CARTESIAN_POINT ( 'NONE',  ( 12.75000000000000178, 9.500000000000000000, 12.75000000000000000 ) ) ;
#1613 = CIRCLE ( 'NONE', #1066, 3.000000000000000888 ) ;
#1614 = DIRECTION ( 'NONE',  ( 0.000000000000000000, 0.000000000000000000, 1.000000000000000000 ) ) ;
#1615 = AXIS2_PLACEMENT_3D ( 'NONE', #9836, #4622, #8121 ) ;
#1616 = ORIENTED_EDGE ( 'NONE', *, *, #7090, .F. ) ;
#1617 = AXIS2_PLACEMENT_3D ( 'NONE', #7693, #9406, #4315 ) ;
#1618 = FACE_OUTER_BOUND ( 'NONE', #649, .T. ) ;
#1619 = LINE ( 'NONE', #8594, #9275 ) ;
#1620 = ORIENTED_EDGE ( 'NONE', *, *, #5454, .T. ) ;
#1621 = EDGE_CURVE ( 'NONE', #4114, #9933, #1816, .T. ) ;
#1622 = CIRCLE ( 'NONE', #2540, 0.7500000000000006661 ) ;
#1623 = VECTOR ( 'NONE', #2046, 1000.000000000000000 ) ;
#1624 = ORIENTED_EDGE ( 'NONE', *, *, #4709, .F. ) ;
#1625 = ORIENTED_EDGE ( 'NONE', *, *, #8501, .T. ) ;
#1626 = CARTESIAN_POINT ( 'NONE',  ( -10.62825468289636177, 85.69355547949508889, 10.62825468289635644 ) ) ;
#1627 = CYLINDRICAL_SURFACE ( 'NONE', #512, 0.7499999999999986677 ) ;
#1628 = EDGE_CURVE ( 'NONE', #941, #10221, #6849, .T. ) ;
#1629 = LINE ( 'NONE', #2925, #9664 ) ;
#1630 = ORIENTED_EDGE ( 'NONE', *, *, #646, .T. ) ;
#1631 = ORIENTED_EDGE ( 'NONE', *, *, #4234, .T. ) ;
#1632 = CARTESIAN_POINT ( 'NONE',  ( -2.168404344971008868E-15, 2.500000000000000000, -1.000000000000000000 ) ) ;
#1633 = DIRECTION ( 'NONE',  ( -5.663872149064273586E-15, 8.326672684688672081E-16, -1.000000000000000000 ) ) ;
#1634 = EDGE_LOOP ( 'NONE', ( #8609, #8367, #7587, #2787 ) ) ;
#1635 = VERTEX_POINT ( 'NONE', #9649 ) ;
#1636 = DIRECTION ( 'NONE',  ( 0.000000000000000000, 1.000000000000000000, -0.000000000000000000 ) ) ;
#1637 = ADVANCED_FACE ( 'NONE', ( #1922 ), #3588, .F. ) ;
#1638 = CIRCLE ( 'NONE', #8941, 2.000000000000000000 ) ;
#1639 = CARTESIAN_POINT ( 'NONE',  ( 4.999999999999846345, 2.500000000000000000, -41.75000000000009237 ) ) ;
#1640 = ADVANCED_FACE ( 'NONE', ( #9000 ), #28, .F. ) ;
#1641 = CARTESIAN_POINT ( 'NONE',  ( -14.75000000000000000, 0.000000000000000000, -8.877416997969513446 ) ) ;
#1642 = DIRECTION ( 'NONE',  ( 0.000000000000000000, 1.000000000000000000, 0.000000000000000000 ) ) ;
#1643 = LINE ( 'NONE', #84, #9574 ) ;
#1644 = VERTEX_POINT ( 'NONE', #8890 ) ;
#1645 = EDGE_CURVE ( 'NONE', #1964, #2588, #1170, .T. ) ;
#1646 = ORIENTED_EDGE ( 'NONE', *, *, #10584, .T. ) ;
#1647 = DIRECTION ( 'NONE',  ( -1.000000000000000000, 0.000000000000000000, 1.040773042068946910E-14 ) ) ;
#1648 = CARTESIAN_POINT ( 'NONE',  ( -2.361632442978727653, 27.36039051652360854, -43.74999999999992184 ) ) ;
#1649 = CARTESIAN_POINT ( 'NONE',  ( -18.75650936579284789, 2.500000000000000000, 2.499999999999864109 ) ) ;
#1650 = ADVANCED_FACE ( 'NONE', ( #5463 ), #8952, .T. ) ;
#1651 = ORIENTED_EDGE ( 'NONE', *, *, #9755, .T. ) ;
#1652 = DIRECTION ( 'NONE',  ( 0.000000000000000000, -1.000000000000000000, 0.000000000000000000 ) ) ;
#1653 = AXIS2_PLACEMENT_3D ( 'NONE', #523, #4819, #6482 ) ;
#1654 = FACE_OUTER_BOUND ( 'NONE', #1909, .T. ) ;
#1655 = PLANE ( 'NONE',  #6829 ) ;
#1656 = CARTESIAN_POINT ( 'NONE',  ( -9.710310837439521947, 2.525630649018185458, -14.74999999999999822 ) ) ;
#1657 = DIRECTION ( 'NONE',  ( 0.000000000000000000, 1.000000000000000000, -0.000000000000000000 ) ) ;
#1658 = DIRECTION ( 'NONE',  ( 0.000000000000000000, 1.000000000000000000, 0.000000000000000000 ) ) ;
#1659 = DIRECTION ( 'NONE',  ( 0.000000000000000000, 0.000000000000000000, 1.000000000000000000 ) ) ;
#1660 = DIRECTION ( 'NONE',  ( 0.000000000000000000, 0.000000000000000000, 1.000000000000000000 ) ) ;
#1661 = EDGE_CURVE ( 'NONE', #9954, #4532, #9122, .T. ) ;
#1662 = CYLINDRICAL_SURFACE ( 'NONE', #3683, 4.999999999999997335 ) ;
#1663 = ADVANCED_FACE ( 'NONE', ( #4771 ), #9448, .F. ) ;
#1664 = EDGE_LOOP ( 'NONE', ( #335, #7334, #5542, #1569, #3156 ) ) ;
#1665 = ORIENTED_EDGE ( 'NONE', *, *, #278, .T. ) ;
#1666 = CARTESIAN_POINT ( 'NONE',  ( 4.504001642398092977E-13, 19.49999999999999645, 42.74999999999999289 ) ) ;
#1667 = CARTESIAN_POINT ( 'NONE',  ( -18.92588048819949620, 19.49999999999999645, -15.33883813756178149 ) ) ;
#1668 = CARTESIAN_POINT ( 'NONE',  ( -12.75000000000000000, 2.500000000000002220, -15.75000000000000000 ) ) ;
#1669 = DIRECTION ( 'NONE',  ( 0.7071067811865474617, 0.000000000000000000, 0.7071067811865474617 ) ) ;
#1670 = CARTESIAN_POINT ( 'NONE',  ( 11.22004890618233475, 2.690888066143960700, 9.993154529414098874 ) ) ;
#1671 = DIRECTION ( 'NONE',  ( 0.000000000000000000, 1.000000000000000000, -0.000000000000000000 ) ) ;
#1672 = VERTEX_POINT ( 'NONE', #3976 ) ;
#1673 = DIRECTION ( 'NONE',  ( 0.000000000000000000, 0.000000000000000000, 1.000000000000000000 ) ) ;
#1674 = DIRECTION ( 'NONE',  ( 1.000000000000000000, 0.000000000000000000, -9.159339953157538303E-15 ) ) ;
#1675 = ORIENTED_EDGE ( 'NONE', *, *, #8709, .F. ) ;
#1676 = VECTOR ( 'NONE', #6986, 1000.000000000000000 ) ;
#1677 = EDGE_CURVE ( 'NONE', #4870, #3350, #9922, .T. ) ;
#1678 = EDGE_CURVE ( 'NONE', #7710, #187, #10141, .T. ) ;
#1679 = EDGE_LOOP ( 'NONE', ( #6367, #5659, #2758, #6039, #1860, #1223, #517 ) ) ;
#1680 = ORIENTED_EDGE ( 'NONE', *, *, #7726, .F. ) ;
#1681 = AXIS2_PLACEMENT_3D ( 'NONE', #6455, #4681, #9952 ) ;
#1682 = CARTESIAN_POINT ( 'NONE',  ( 12.75000000000000000, 4.500000000000000888, -14.75000000000000000 ) ) ;
#1683 = ADVANCED_FACE ( 'NONE', ( #5575 ), #414, .T. ) ;
#1684 = CARTESIAN_POINT ( 'NONE',  ( -0.9999999999999071854, 17.49999999999999645, -15.41506350946108661 ) ) ;
#1685 = CARTESIAN_POINT ( 'NONE',  ( 0.000000000000000000, -34.48187929913332539, -46.04999999999999716 ) ) ;
#1686 = ORIENTED_EDGE ( 'NONE', *, *, #9309, .T. ) ;
#1687 = ORIENTED_EDGE ( 'NONE', *, *, #1136, .T. ) ;
#1688 = DIRECTION ( 'NONE',  ( 1.000000000000000000, 0.000000000000000000, -2.168404344971009657E-15 ) ) ;
#1689 = CARTESIAN_POINT ( 'NONE',  ( -2.168404344971008868E-15, 17.49999999999999645, -1.000000000000000000 ) ) ;
#1690 = ORIENTED_EDGE ( 'NONE', *, *, #8072, .T. ) ;
#1691 = LINE ( 'NONE', #5180, #5351 ) ;
#1692 = VECTOR ( 'NONE', #8785, 1000.000000000000000 ) ;
#1693 = DIRECTION ( 'NONE',  ( 0.000000000000000000, 1.000000000000000000, 0.000000000000000000 ) ) ;
#1694 = DIRECTION ( 'NONE',  ( -0.7071067811865472397, 0.000000000000000000, 0.7071067811865479058 ) ) ;
#1695 = CARTESIAN_POINT ( 'NONE',  ( -8.838834764831817736, 2.500000000000002220, -8.838834764831831947 ) ) ;
#1696 = AXIS2_PLACEMENT_3D ( 'NONE', #8718, #4374, #16 ) ;
#1697 = DIRECTION ( 'NONE',  ( 0.000000000000000000, 0.000000000000000000, -1.000000000000000000 ) ) ;
#1698 = ORIENTED_EDGE ( 'NONE', *, *, #2234, .T. ) ;
#1699 = ORIENTED_EDGE ( 'NONE', *, *, #7915, .F. ) ;
#1700 = DIRECTION ( 'NONE',  ( 0.000000000000000000, 1.000000000000000000, 0.000000000000000000 ) ) ;
#1701 = CARTESIAN_POINT ( 'NONE',  ( 41.09999999999999432, 2.500000000000000000, 2.857883832488643971 ) ) ;
#1702 = CARTESIAN_POINT ( 'NONE',  ( -7.092720776963623130, 0.000000000000000000, 22.64906996306765308 ) ) ;
#1703 = EDGE_LOOP ( 'NONE', ( #245, #5448 ) ) ;
#1704 = CARTESIAN_POINT ( 'NONE',  ( -4.999999999999555911, 1.361284592032115076E-61, 41.75000000000012790 ) ) ;
#1705 = ORIENTED_EDGE ( 'NONE', *, *, #2319, .F. ) ;
#1706 = AXIS2_PLACEMENT_3D ( 'NONE', #4127, #8528, #9870 ) ;
#1707 = COLOUR_RGB ( '',1.000000000000000000, 1.000000000000000000, 1.000000000000000000 ) ;
#1708 = ADVANCED_FACE ( 'NONE', ( #474 ), #3060, .T. ) ;
#1709 = ORIENTED_EDGE ( 'NONE', *, *, #6335, .T. ) ;
#1710 = LINE ( 'NONE', #11334, #1714 ) ;
#1711 = CARTESIAN_POINT ( 'NONE',  ( -9.498499648987660748, 2.500000000000000444, -14.75000000000000000 ) ) ;
#1712 = DIRECTION ( 'NONE',  ( 0.000000000000000000, 0.000000000000000000, 1.000000000000000000 ) ) ;
#1713 = LINE ( 'NONE', #4178, #3407 ) ;
#1714 = VECTOR ( 'NONE', #6801, 1000.000000000000000 ) ;
#1715 = DIRECTION ( 'NONE',  ( 1.000000000000000000, 0.000000000000000000, -3.491481338843133355E-15 ) ) ;
#1716 = AXIS2_PLACEMENT_3D ( 'NONE', #9888, #9831, #10692 ) ;
#1717 = APPLICATION_CONTEXT ( 'automotive_design' ) ;
#1718 = DIRECTION ( 'NONE',  ( 0.000000000000000000, -1.000000000000000000, 0.000000000000000000 ) ) ;
#1719 = AXIS2_PLACEMENT_3D ( 'NONE', #5369, #4454, #8854 ) ;
#1720 = EDGE_CURVE ( 'NONE', #871, #8722, #5200, .T. ) ;
#1721 = AXIS2_PLACEMENT_3D ( 'NONE', #603, #4846, #10062 ) ;
#1722 = EDGE_LOOP ( 'NONE', ( #3140, #6554, #9976, #7520 ) ) ;
#1723 = ORIENTED_EDGE ( 'NONE', *, *, #1768, .F. ) ;
#1724 = CARTESIAN_POINT ( 'NONE',  ( -11.22154409764474536, 2.690603419461954360, -9.991659337951672271 ) ) ;
#1725 = CARTESIAN_POINT ( 'NONE',  ( 47.74999999999999289, 2.500000000000000000, 0.9999999999998966382 ) ) ;
#1726 = CARTESIAN_POINT ( 'NONE',  ( 2.361632442979028745, 27.36039051652360854, 41.74999999999990763 ) ) ;
#1727 = CARTESIAN_POINT ( 'NONE',  ( -13.43217012171422731, 1.500000000000000000, 13.48119349357087948 ) ) ;
#1728 = DIRECTION ( 'NONE',  ( 0.000000000000000000, 1.000000000000000000, 0.000000000000000000 ) ) ;
#1729 = CARTESIAN_POINT ( 'NONE',  ( 8.877416997969529433, 0.000000000000000000, 14.75000000000000000 ) ) ;
#1730 = ORIENTED_EDGE ( 'NONE', *, *, #701, .F. ) ;
#1731 = DIRECTION ( 'NONE',  ( 0.000000000000000000, 1.000000000000000000, 0.000000000000000000 ) ) ;
#1732 = DIRECTION ( 'NONE',  ( 1.000000000000000000, 0.000000000000000000, -2.168404344971009657E-15 ) ) ;
#1733 = VECTOR ( 'NONE', #8096, 1000.000000000000000 ) ;
#1734 = EDGE_LOOP ( 'NONE', ( #5984, #7667, #1675, #5871 ) ) ;
#1735 = ORIENTED_EDGE ( 'NONE', *, *, #7167, .T. ) ;
#1736 = ORIENTED_EDGE ( 'NONE', *, *, #5697, .T. ) ;
#1737 = AXIS2_PLACEMENT_3D ( 'NONE', #6967, #2632, #2515 ) ;
#1738 = CYLINDRICAL_SURFACE ( 'NONE', #9740, 27.33493649053890096 ) ;
#1739 = ADVANCED_FACE ( 'NONE', ( #1230 ), #3329, .T. ) ;
#1740 = DIRECTION ( 'NONE',  ( 1.000000000000000000, 0.000000000000000000, -5.659885683814142223E-15 ) ) ;
#1741 = DIRECTION ( 'NONE',  ( 8.306039671558391198E-15, 0.000000000000000000, -1.000000000000000000 ) ) ;
#1742 = VERTEX_POINT ( 'NONE', #2143 ) ;
#1743 = ORIENTED_EDGE ( 'NONE', *, *, #6687, .F. ) ;
#1744 = CARTESIAN_POINT ( 'NONE',  ( -46.04999999999999716, 2.500000000000000000, -0.7500000000000015543 ) ) ;
#1745 = EDGE_CURVE ( 'NONE', #2893, #4870, #3810, .T. ) ;
#1746 = DIRECTION ( 'NONE',  ( 0.000000000000000000, -1.000000000000000000, -0.000000000000000000 ) ) ;
#1747 = ORIENTED_EDGE ( 'NONE', *, *, #2932, .F. ) ;
#1748 = LINE ( 'NONE', #6043, #9733 ) ;
#1749 = AXIS2_PLACEMENT_3D ( 'NONE', #3560, #7039, #277 ) ;
#1750 = EDGE_CURVE ( 'NONE', #10117, #612, #10796, .T. ) ;
#1751 = EDGE_CURVE ( 'NONE', #9548, #402, #8214, .T. ) ;
#1752 = CARTESIAN_POINT ( 'NONE',  ( -2.168404344971008868E-15, 2.500000000000000000, -1.000000000000000000 ) ) ;
#1753 = DIRECTION ( 'NONE',  ( -0.7071067811865472397, 0.000000000000000000, 0.7071067811865479058 ) ) ;
#1754 = VECTOR ( 'NONE', #2283, 1000.000000000000000 ) ;
#1755 = DIRECTION ( 'NONE',  ( 2.168404344971008868E-15, 0.000000000000000000, 1.000000000000000000 ) ) ;
#1756 = FACE_OUTER_BOUND ( 'NONE', #2124, .T. ) ;
#1757 = VERTEX_POINT ( 'NONE', #2259 ) ;
#1758 = ORIENTED_EDGE ( 'NONE', *, *, #10790, .F. ) ;
#1759 = CARTESIAN_POINT ( 'NONE',  ( 42.74999999999999289, 19.49999999999999645, -25.35466440282023726 ) ) ;
#1760 = CYLINDRICAL_SURFACE ( 'NONE', #5786, 25.00000000000000711 ) ;
#1761 = PLANE ( 'NONE',  #2104 ) ;
#1762 = ORIENTED_EDGE ( 'NONE', *, *, #8465, .F. ) ;
#1763 = CARTESIAN_POINT ( 'NONE',  ( 16.04594491874827611, 17.49999999999999645, -19.63298726938610628 ) ) ;
#1764 = VERTEX_POINT ( 'NONE', #10852 ) ;
#1765 = AXIS2_PLACEMENT_3D ( 'NONE', #10741, #8331, #4778 ) ;
#1766 = EDGE_CURVE ( 'NONE', #10342, #9229, #6604, .T. ) ;
#1767 = CIRCLE ( 'NONE', #8159, 4.999999999999997335 ) ;
#1768 = EDGE_CURVE ( 'NONE', #9184, #7056, #3924, .T. ) ;
#1769 = VERTEX_POINT ( 'NONE', #7405 ) ;
#1770 = DIRECTION ( 'NONE',  ( -0.000000000000000000, -1.000000000000000000, -0.000000000000000000 ) ) ;
#1771 = CARTESIAN_POINT ( 'NONE',  ( -4.999999999999537259, 1.361284592032115076E-61, 43.75000000000012790 ) ) ;
#1772 = CARTESIAN_POINT ( 'NONE',  ( -2.857883832488646192, -34.48187929913332539, -41.85000000000000142 ) ) ;
#1773 = CARTESIAN_POINT ( 'NONE',  ( 7.778174593052015418, 2.500000000000002220, 7.778174593052014529 ) ) ;
#1774 = FACE_OUTER_BOUND ( 'NONE', #5691, .T. ) ;
#1775 = AXIS2_PLACEMENT_3D ( 'NONE', #2778, #1809, #3471 ) ;
#1776 = LINE ( 'NONE', #7149, #2524 ) ;
#1777 = CIRCLE ( 'NONE', #6157, 0.7499999999999984457 ) ;
#1778 = ADVANCED_FACE ( 'NONE', ( #11023 ), #10048, .T. ) ;
#1779 = LINE ( 'NONE', #10535, #8622 ) ;
#1780 = AXIS2_PLACEMENT_3D ( 'NONE', #3676, #4757, #5502 ) ;
#1781 = ORIENTED_EDGE ( 'NONE', *, *, #9012, .F. ) ;
#1782 = EDGE_CURVE ( 'NONE', #11076, #9215, #8325, .T. ) ;
#1783 = VERTEX_POINT ( 'NONE', #3122 ) ;
#1784 = AXIS2_PLACEMENT_3D ( 'NONE', #5922, #6943, #11250 ) ;
#1785 = CARTESIAN_POINT ( 'NONE',  ( -1.518785097687213895E-13, 19.49999999999999645, -68.10466440282023370 ) ) ;
#1786 = LINE ( 'NONE', #7905, #5918 ) ;
#1787 = CARTESIAN_POINT ( 'NONE',  ( 28.28494219777432050, 2.499999999999998668, -0.9999999999998812061 ) ) ;
#1788 = CARTESIAN_POINT ( 'NONE',  ( 68.08493649053889385, 17.49999999999999645, -1.000000000000147660 ) ) ;
#1789 = CARTESIAN_POINT ( 'NONE',  ( 12.45209455274893351, 2.500000000000000444, 8.761108882847496560 ) ) ;
#1790 = CARTESIAN_POINT ( 'NONE',  ( -14.87132034355964727, 1.500000000000002442, 14.87132034355963484 ) ) ;
#1791 = ORIENTED_EDGE ( 'NONE', *, *, #9232, .T. ) ;
#1792 = VECTOR ( 'NONE', #5018, 1000.000000000000000 ) ;
#1793 = EDGE_CURVE ( 'NONE', #3021, #2375, #10098, .T. ) ;
#1794 = DIRECTION ( 'NONE',  ( 0.000000000000000000, 0.000000000000000000, -1.000000000000000000 ) ) ;
#1795 = CARTESIAN_POINT ( 'NONE',  ( -41.75000000000014211, 17.49999999999999645, 42.74999999999999289 ) ) ;
#1796 = AXIS2_PLACEMENT_3D ( 'NONE', #3953, #4692, #7438 ) ;
#1797 = EDGE_CURVE ( 'NONE', #8933, #10264, #10430, .T. ) ;
#1798 = VERTEX_POINT ( 'NONE', #3619 ) ;
#1799 = ORIENTED_EDGE ( 'NONE', *, *, #7378, .T. ) ;
#1800 = VERTEX_POINT ( 'NONE', #1846 ) ;
#1801 = AXIS2_PLACEMENT_3D ( 'NONE', #1805, #5294, #8939 ) ;
#1802 = AXIS2_PLACEMENT_3D ( 'NONE', #179, #7162, #10656 ) ;
#1803 = AXIS2_PLACEMENT_3D ( 'NONE', #8289, #438, #7372 ) ;
#1804 = CARTESIAN_POINT ( 'NONE',  ( 15.41506350946109194, 17.49999999999999645, 1.000000000000146771 ) ) ;
#1805 = CARTESIAN_POINT ( 'NONE',  ( -10.60660171779821859, 0.000000000000000000, 10.60660171779821503 ) ) ;
#1806 = ORIENTED_EDGE ( 'NONE', *, *, #4161, .T. ) ;
#1807 = ORIENTED_EDGE ( 'NONE', *, *, #1932, .T. ) ;
#1808 = CARTESIAN_POINT ( 'NONE',  ( 41.74999999999995026, -34.48187929913332539, -4.898979485566345993 ) ) ;
#1809 = DIRECTION ( 'NONE',  ( -0.000000000000000000, -1.000000000000000000, 0.000000000000000000 ) ) ;
#1810 = ORIENTED_EDGE ( 'NONE', *, *, #5476, .T. ) ;
#1811 = CARTESIAN_POINT ( 'NONE',  ( 42.75000000000044054, 2.500000000000000000, 41.74999999999968736 ) ) ;
#1812 = AXIS2_PLACEMENT_3D ( 'NONE', #3160, #1217, #8372 ) ;
#1813 = VECTOR ( 'NONE', #8021, 1000.000000000000000 ) ;
#1814 = EDGE_CURVE ( 'NONE', #92, #6334, #10603, .T. ) ;
#1815 = DIRECTION ( 'NONE',  ( 0.000000000000000000, 1.000000000000000000, 0.000000000000000000 ) ) ;
#1816 = LINE ( 'NONE', #7935, #444 ) ;
#1817 = VECTOR ( 'NONE', #1477, 1000.000000000000000 ) ;
#1818 = DIRECTION ( 'NONE',  ( 0.000000000000000000, 0.000000000000000000, 1.000000000000000000 ) ) ;
#1819 = CARTESIAN_POINT ( 'NONE',  ( -42.74999999999999289, 2.500000000000000000, 7.853047599532400842E-15 ) ) ;
#1820 = ORIENTED_EDGE ( 'NONE', *, *, #7355, .T. ) ;
#1821 = VECTOR ( 'NONE', #4867, 1000.000000000000000 ) ;
#1822 = ORIENTED_EDGE ( 'NONE', *, *, #8557, .T. ) ;
#1823 = DIRECTION ( 'NONE',  ( 0.000000000000000000, 1.000000000000000000, -0.000000000000000000 ) ) ;
#1824 = CARTESIAN_POINT ( 'NONE',  ( 4.535052151002462099E-13, 19.49999999999999645, 68.10466440282023370 ) ) ;
#1825 = DIRECTION ( 'NONE',  ( 1.000000000000000000, 0.000000000000000000, -2.168404344971009657E-15 ) ) ;
#1826 = ORIENTED_EDGE ( 'NONE', *, *, #3920, .T. ) ;
#1827 = ORIENTED_EDGE ( 'NONE', *, *, #1988, .T. ) ;
#1828 = VECTOR ( 'NONE', #9355, 1000.000000000000000 ) ;
#1829 = EDGE_CURVE ( 'NONE', #10767, #10666, #6498, .T. ) ;
#1830 = DIRECTION ( 'NONE',  ( -0.000000000000000000, -1.000000000000000000, -0.000000000000000000 ) ) ;
#1831 = DIRECTION ( 'NONE',  ( 0.000000000000000000, 1.000000000000000000, -0.000000000000000000 ) ) ;
#1832 = DIRECTION ( 'NONE',  ( 0.000000000000000000, 0.000000000000000000, 1.000000000000000000 ) ) ;
#1833 = FACE_OUTER_BOUND ( 'NONE', #5815, .T. ) ;
#1834 = CARTESIAN_POINT ( 'NONE',  ( -41.75000000000007816, 2.500000000000000000, -4.999999999999995559 ) ) ;
#1835 = VECTOR ( 'NONE', #1559, 1000.000000000000000 ) ;
#1836 = CARTESIAN_POINT ( 'NONE',  ( -43.75000000000013500, 17.49999999999999645, 27.33493649053889740 ) ) ;
#1837 = CARTESIAN_POINT ( 'NONE',  ( -15.33883813756184367, 19.49999999999999645, -19.92588048819943936 ) ) ;
#1838 = ADVANCED_FACE ( 'NONE', ( #4416 ), #7042, .F. ) ;
#1839 = EDGE_CURVE ( 'NONE', #1926, #3598, #9566, .T. ) ;
#1840 = DIRECTION ( 'NONE',  ( 2.168404344971009657E-15, -1.972152263052529514E-31, 1.000000000000000000 ) ) ;
#1841 = ORIENTED_EDGE ( 'NONE', *, *, #1720, .T. ) ;
#1842 = ORIENTED_EDGE ( 'NONE', *, *, #10806, .T. ) ;
#1843 = CARTESIAN_POINT ( 'NONE',  ( 46.04999999999999716, 2.500000000000000000, -2.819749255036780099E-15 ) ) ;
#1844 = DIRECTION ( 'NONE',  ( 0.000000000000000000, 0.000000000000000000, -1.000000000000000000 ) ) ;
#1845 = CARTESIAN_POINT ( 'NONE',  ( 14.74999999999999822, 2.684116356481444754, -10.31912211600114659 ) ) ;
#1846 = CARTESIAN_POINT ( 'NONE',  ( 47.64897948556637175, 2.500000000000000000, 0.9999999999998974154 ) ) ;
#1847 = CARTESIAN_POINT ( 'NONE',  ( -0.9999999999994296784, 27.36039051652360854, 45.11163244297858910 ) ) ;
#1848 = ORIENTED_EDGE ( 'NONE', *, *, #9551, .T. ) ;
#1849 = CARTESIAN_POINT ( 'NONE',  ( -9.707262574007668121, 2.525161391907780217, 14.75000000000000178 ) ) ;
#1850 = DIRECTION ( 'NONE',  ( 8.306039671558391198E-15, 0.000000000000000000, -1.000000000000000000 ) ) ;
#1851 = VERTEX_POINT ( 'NONE', #2705 ) ;
#1852 = EDGE_CURVE ( 'NONE', #702, #4774, #2762, .T. ) ;
#1853 = EDGE_CURVE ( 'NONE', #9146, #10194, #10545, .T. ) ;
#1854 = ORIENTED_EDGE ( 'NONE', *, *, #2126, .F. ) ;
#1855 = VERTEX_POINT ( 'NONE', #3503 ) ;
#1856 = EDGE_CURVE ( 'NONE', #6629, #5324, #80, .T. ) ;
#1857 = LINE ( 'NONE', #8654, #6809 ) ;
#1858 = EDGE_CURVE ( 'NONE', #7002, #8309, #6872, .T. ) ;
#1859 = DIRECTION ( 'NONE',  ( -0.000000000000000000, -1.000000000000000000, -0.000000000000000000 ) ) ;
#1860 = ORIENTED_EDGE ( 'NONE', *, *, #6682, .T. ) ;
#1861 = ORIENTED_EDGE ( 'NONE', *, *, #2465, .F. ) ;
#1862 = DIRECTION ( 'NONE',  ( -0.000000000000000000, -1.000000000000000000, -0.000000000000000000 ) ) ;
#1863 = CARTESIAN_POINT ( 'NONE',  ( -42.74999999999999289, 19.49999999999999645, 2.617682533177465764E-15 ) ) ;
#1864 = ORIENTED_EDGE ( 'NONE', *, *, #7159, .F. ) ;
#1865 = DIRECTION ( 'NONE',  ( -0.000000000000000000, -1.000000000000000000, 0.000000000000000000 ) ) ;
#1866 = VECTOR ( 'NONE', #8822, 1000.000000000000000 ) ;
#1867 = EDGE_CURVE ( 'NONE', #4061, #8234, #6243, .T. ) ;
#1868 = DIRECTION ( 'NONE',  ( -1.323076993872123698E-15, 0.000000000000000000, 1.000000000000000000 ) ) ;
#1869 = CARTESIAN_POINT ( 'NONE',  ( -12.74999999999999645, 2.767949192431122807, 15.75000000000000000 ) ) ;
#1870 = DIRECTION ( 'NONE',  ( -1.000000000000000000, 0.000000000000000000, 1.264284836150040893E-14 ) ) ;
#1871 = ORIENTED_EDGE ( 'NONE', *, *, #732, .F. ) ;
#1872 = VERTEX_POINT ( 'NONE', #1788 ) ;
#1873 = CARTESIAN_POINT ( 'NONE',  ( 1.000000000000330402, 27.36039051652360854, 40.38836755702140380 ) ) ;
#1874 = FACE_OUTER_BOUND ( 'NONE', #7508, .T. ) ;
#1875 = DIRECTION ( 'NONE',  ( 3.469446951953617344E-15, 0.000000000000000000, 1.000000000000000000 ) ) ;
#1876 = ORIENTED_EDGE ( 'NONE', *, *, #11278, .T. ) ;
#1877 = VECTOR ( 'NONE', #3892, 1000.000000000000000 ) ;
#1878 = AXIS2_PLACEMENT_3D ( 'NONE', #7118, #11306, #5399 ) ;
#1879 = LINE ( 'NONE', #4842, #2640 ) ;
#1880 = CARTESIAN_POINT ( 'NONE',  ( -14.75000000000000000, 2.500000000000000000, -10.51393202250020664 ) ) ;
#1881 = CARTESIAN_POINT ( 'NONE',  ( 70.08493649053890806, 17.49999999999999645, 0.9999999999998480105 ) ) ;
#1882 = DIRECTION ( 'NONE',  ( -0.7071067811865479058, -0.000000000000000000, -0.7071067811865472397 ) ) ;
#1883 = PLANE ( 'NONE',  #8651 ) ;
#1884 = EDGE_CURVE ( 'NONE', #10207, #2375, #811, .T. ) ;
#1885 = DIRECTION ( 'NONE',  ( 2.168404344971008868E-15, 0.000000000000000000, 1.000000000000000000 ) ) ;
#1886 = DIRECTION ( 'NONE',  ( -0.000000000000000000, -1.000000000000000000, -0.000000000000000000 ) ) ;
#1887 = DIRECTION ( 'NONE',  ( 0.000000000000000000, 1.000000000000000000, 0.000000000000000000 ) ) ;
#1888 = EDGE_CURVE ( 'NONE', #2722, #9178, #9953, .T. ) ;
#1889 = AXIS2_PLACEMENT_3D ( 'NONE', #6281, #1935, #5421 ) ;
#1890 = AXIS2_PLACEMENT_3D ( 'NONE', #4077, #4022, #7735 ) ;
#1891 = EDGE_CURVE ( 'NONE', #5637, #10068, #2464, .T. ) ;
#1892 = ADVANCED_FACE ( 'NONE', ( #7105 ), #923, .F. ) ;
#1893 = ORIENTED_EDGE ( 'NONE', *, *, #9746, .T. ) ;
#1894 = ORIENTED_EDGE ( 'NONE', *, *, #5490, .T. ) ;
#1895 = CARTESIAN_POINT ( 'NONE',  ( -12.75000000000000000, 2.500000000000000000, -12.75000000000000000 ) ) ;
#1896 = VECTOR ( 'NONE', #5574, 1000.000000000000000 ) ;
#1897 = FACE_OUTER_BOUND ( 'NONE', #3850, .T. ) ;
#1898 = DIRECTION ( 'NONE',  ( 1.000000000000000000, 0.000000000000000000, -2.168404344971008079E-15 ) ) ;
#1899 = VECTOR ( 'NONE', #11275, 1000.000000000000000 ) ;
#1900 = CARTESIAN_POINT ( 'NONE',  ( -42.74999999999999289, 17.49999999999999645, 2.617682533177465764E-15 ) ) ;
#1901 = CARTESIAN_POINT ( 'NONE',  ( 10.45217512716700625, 2.750244646217969269, 10.76102830842942737 ) ) ;
#1902 = VERTEX_POINT ( 'NONE', #114 ) ;
#1903 = CARTESIAN_POINT ( 'NONE',  ( 41.75000000000014211, 17.49999999999999645, -42.74999999999999289 ) ) ;
#1904 = LINE ( 'NONE', #8873, #305 ) ;
#1905 = VERTEX_POINT ( 'NONE', #2531 ) ;
#1906 = AXIS2_PLACEMENT_3D ( 'NONE', #7606, #11110, #6752 ) ;
#1907 = AXIS2_PLACEMENT_3D ( 'NONE', #1997, #7197, #8171 ) ;
#1908 = ORIENTED_EDGE ( 'NONE', *, *, #7096, .T. ) ;
#1909 = EDGE_LOOP ( 'NONE', ( #8880, #9241, #3938 ) ) ;
#1910 = PLANE ( 'NONE',  #1135 ) ;
#1911 = AXIS2_PLACEMENT_3D ( 'NONE', #6788, #7762, #8504 ) ;
#1912 = LINE ( 'NONE', #4590, #4170 ) ;
#1913 = CIRCLE ( 'NONE', #7022, 0.7499999999999937828 ) ;
#1914 = ORIENTED_EDGE ( 'NONE', *, *, #10850, .T. ) ;
#1915 = ORIENTED_EDGE ( 'NONE', *, *, #10984, .T. ) ;
#1916 = CARTESIAN_POINT ( 'NONE',  ( 15.41506350946109016, 17.49999999999999645, -0.9999999999998532285 ) ) ;
#1917 = CARTESIAN_POINT ( 'NONE',  ( -8.838834764831817736, 2.500000000000002220, -8.838834764831831947 ) ) ;
#1918 = EDGE_LOOP ( 'NONE', ( #5333, #7688, #5174, #7546 ) ) ;
#1919 = LINE ( 'NONE', #7063, #2057 ) ;
#1920 = EDGE_CURVE ( 'NONE', #1484, #3680, #6930, .T. ) ;
#1921 = LINE ( 'NONE', #10624, #7927 ) ;
#1922 = FACE_OUTER_BOUND ( 'NONE', #518, .T. ) ;
#1923 = CARTESIAN_POINT ( 'NONE',  ( -2.168404344971008868E-15, 17.49999999999999645, -1.000000000000000000 ) ) ;
#1924 = DIRECTION ( 'NONE',  ( -5.659885683814143012E-15, 0.000000000000000000, -1.000000000000000000 ) ) ;
#1925 = ORIENTED_EDGE ( 'NONE', *, *, #4281, .T. ) ;
#1926 = VERTEX_POINT ( 'NONE', #4299 ) ;
#1927 = CARTESIAN_POINT ( 'NONE',  ( -46.04999999999999716, -34.48187929913332539, -2.819749255036780494E-15 ) ) ;
#1928 = CARTESIAN_POINT ( 'NONE',  ( -27.41116186243804265, 19.49999999999999645, 22.82411951180038656 ) ) ;
#1929 = CIRCLE ( 'NONE', #7775, 25.00000000000000355 ) ;
#1930 = CARTESIAN_POINT ( 'NONE',  ( -19.63298726938604588, 0.7898818883216689457, -16.04594491874832585 ) ) ;
#1931 = ORIENTED_EDGE ( 'NONE', *, *, #2605, .T. ) ;
#1932 = EDGE_CURVE ( 'NONE', #10883, #2207, #7792, .T. ) ;
#1933 = ADVANCED_FACE ( 'NONE', ( #2585 ), #8703, .T. ) ;
#1934 = AXIS2_PLACEMENT_3D ( 'NONE', #173, #1201, #4685 ) ;
#1935 = DIRECTION ( 'NONE',  ( 1.719234873512728234E-15, -0.000000000000000000, 1.000000000000000000 ) ) ;
#1936 = DIRECTION ( 'NONE',  ( 0.000000000000000000, 1.000000000000000000, -0.000000000000000000 ) ) ;
#1937 = CYLINDRICAL_SURFACE ( 'NONE', #8364, 0.9999999999999991118 ) ;
#1938 = FACE_BOUND ( 'NONE', #233, .T. ) ;
#1939 = CARTESIAN_POINT ( 'NONE',  ( -25.83105047840713908, 0.000000000000000000, 10.27470129230307805 ) ) ;
#1940 = ORIENTED_EDGE ( 'NONE', *, *, #1498, .T. ) ;
#1941 = CARTESIAN_POINT ( 'NONE',  ( 0.9999999999996146416, 17.49999999999999645, -68.08493649053889385 ) ) ;
#1942 = CARTESIAN_POINT ( 'NONE',  ( -10.51393202250020309, 2.500000000000000000, 14.75000000000000000 ) ) ;
#1943 = DIRECTION ( 'NONE',  ( 0.000000000000000000, -0.000000000000000000, 1.000000000000000000 ) ) ;
#1944 = CIRCLE ( 'NONE', #2672, 25.35466440282023370 ) ;
#1945 = VERTEX_POINT ( 'NONE', #5607 ) ;
#1946 = ORIENTED_EDGE ( 'NONE', *, *, #9260, .T. ) ;
#1947 = CYLINDRICAL_SURFACE ( 'NONE', #9049, 0.9999999999999991118 ) ;
#1948 = AXIS2_PLACEMENT_3D ( 'NONE', #7708, #2446, #4964 ) ;
#1949 = DIRECTION ( 'NONE',  ( -0.000000000000000000, 1.000000000000000000, -0.000000000000000000 ) ) ;
#1950 = DIRECTION ( 'NONE',  ( -1.000000000000000000, 0.000000000000000000, 1.040773042068946910E-14 ) ) ;
#1951 = LINE ( 'NONE', #5438, #7192 ) ;
#1952 = DIRECTION ( 'NONE',  ( 0.000000000000000000, 1.000000000000000000, 0.000000000000000000 ) ) ;
#1953 = ORIENTED_EDGE ( 'NONE', *, *, #582, .T. ) ;
#1954 = LINE ( 'NONE', #9629, #3324 ) ;
#1955 = DIRECTION ( 'NONE',  ( 2.168404344971008868E-15, 0.000000000000000000, 1.000000000000000000 ) ) ;
#1956 = VERTEX_POINT ( 'NONE', #7384 ) ;
#1957 = AXIS2_PLACEMENT_3D ( 'NONE', #8833, #7985, #826 ) ;
#1958 = CIRCLE ( 'NONE', #8357, 27.33493649053890096 ) ;
#1959 = EDGE_LOOP ( 'NONE', ( #10882, #6050, #3728, #1483 ) ) ;
#1960 = EDGE_LOOP ( 'NONE', ( #8453, #9595, #4822 ) ) ;
#1961 = CARTESIAN_POINT ( 'NONE',  ( -12.75000000000000000, 9.500000000000000000, -12.75000000000000000 ) ) ;
#1962 = CIRCLE ( 'NONE', #10007, 25.00000000000000711 ) ;
#1963 = DIRECTION ( 'NONE',  ( 0.000000000000000000, 0.000000000000000000, 1.000000000000000000 ) ) ;
#1964 = VERTEX_POINT ( 'NONE', #6518 ) ;
#1965 = ORIENTED_EDGE ( 'NONE', *, *, #1580, .T. ) ;
#1966 = CARTESIAN_POINT ( 'NONE',  ( 38.41987298107780902, 0.000000000000000000, 2.500000000000005329 ) ) ;
#1967 = CARTESIAN_POINT ( 'NONE',  ( -42.74999999999999289, 17.49999999999999645, 2.617682533177465764E-15 ) ) ;
#1968 = ADVANCED_FACE ( 'NONE', ( #9903 ), #8978, .F. ) ;
#1969 = VERTEX_POINT ( 'NONE', #5549 ) ;
#1970 = DIRECTION ( 'NONE',  ( -1.000000000000000000, 0.000000000000000000, 1.040773042068946910E-14 ) ) ;
#1971 = VECTOR ( 'NONE', #5074, 1000.000000000000000 ) ;
#1972 = CIRCLE ( 'NONE', #5623, 1.000000000000000888 ) ;
#1973 = ADVANCED_FACE ( 'NONE', ( #1142 ), #3899, .F. ) ;
#1974 = FACE_OUTER_BOUND ( 'NONE', #9863, .T. ) ;
#1975 = FACE_OUTER_BOUND ( 'NONE', #2164, .T. ) ;
#1976 = LINE ( 'NONE', #5411, #11118 ) ;
#1977 = CARTESIAN_POINT ( 'NONE',  ( 5.235365066354933894E-15, 2.500000000000000000, 42.74999999999999289 ) ) ;
#1978 = VERTEX_POINT ( 'NONE', #6464 ) ;
#1979 = CIRCLE ( 'NONE', #7832, 0.7499999999999984457 ) ;
#1980 = ORIENTED_EDGE ( 'NONE', *, *, #10153, .F. ) ;
#1981 = CARTESIAN_POINT ( 'NONE',  ( -1.393974221767205173E-14, -34.48187929913332539, -2.500000000000231815 ) ) ;
#1982 = CARTESIAN_POINT ( 'NONE',  ( -42.74999999999999289, 2.500000000000000000, 7.853047599532400842E-15 ) ) ;
#1983 = AXIS2_PLACEMENT_3D ( 'NONE', #8518, #616, #10941 ) ;
#1984 = ORIENTED_EDGE ( 'NONE', *, *, #3881, .T. ) ;
#1985 = CIRCLE ( 'NONE', #10206, 0.9999999999999991118 ) ;
#1986 = AXIS2_PLACEMENT_3D ( 'NONE', #5231, #6832, #5059 ) ;
#1987 = ADVANCED_FACE ( 'NONE', ( #225 ), #3725, .F. ) ;
#1988 = EDGE_CURVE ( 'NONE', #3863, #1456, #6313, .T. ) ;
#1989 = EDGE_CURVE ( 'NONE', #6827, #8526, #1556, .T. ) ;
#1990 = AXIS2_PLACEMENT_3D ( 'NONE', #926, #59, #6196 ) ;
#1991 = CARTESIAN_POINT ( 'NONE',  ( -1.518785097687213895E-13, 19.49999999999999645, -42.74999999999999289 ) ) ;
#1992 = DIRECTION ( 'NONE',  ( 0.000000000000000000, 1.000000000000000000, 0.000000000000000000 ) ) ;
#1993 = EDGE_CURVE ( 'NONE', #5602, #2933, #1929, .T. ) ;
#1994 = EDGE_CURVE ( 'NONE', #10225, #10116, #6125, .T. ) ;
#1995 = CARTESIAN_POINT ( 'NONE',  ( -27.33493649053846397, 17.49999999999999645, 41.75000000000032685 ) ) ;
#1996 = FACE_BOUND ( 'NONE', #5226, .T. ) ;
#1997 = CARTESIAN_POINT ( 'NONE',  ( 43.74999999999955236, 17.49999999999999645, 42.75000000000000000 ) ) ;
#1998 = VERTEX_POINT ( 'NONE', #394 ) ;
#1999 = VERTEX_POINT ( 'NONE', #4579 ) ;
#2000 = CARTESIAN_POINT ( 'NONE',  ( 42.74999999999999289, 17.49999999999999645, -2.617682533177465764E-15 ) ) ;
#2001 = CARTESIAN_POINT ( 'NONE',  ( 42.74999999999999289, 0.000000000000000000, -2.617682533177465764E-15 ) ) ;
#2002 = CARTESIAN_POINT ( 'NONE',  ( 28.28494219777432050, 2.499999999999998668, 1.000000000000118794 ) ) ;
#2003 = AXIS2_PLACEMENT_3D ( 'NONE', #1586, #3362, #2445 ) ;
#2004 = LINE ( 'NONE', #1134, #38 ) ;
#2005 = VECTOR ( 'NONE', #4928, 1000.000000000000000 ) ;
#2006 = ORIENTED_EDGE ( 'NONE', *, *, #9551, .F. ) ;
#2007 = ORIENTED_EDGE ( 'NONE', *, *, #5818, .T. ) ;
#2008 = VECTOR ( 'NONE', #1571, 1000.000000000000000 ) ;
#2009 = CARTESIAN_POINT ( 'NONE',  ( 43.75000000000007816, 1.361284592032115076E-61, 4.999999999999999112 ) ) ;
#2010 = EDGE_CURVE ( 'NONE', #2207, #9229, #10886, .T. ) ;
#2011 = CARTESIAN_POINT ( 'NONE',  ( 13.12825468289635644, 2.500000000000002220, 13.12825468289637953 ) ) ;
#2012 = CARTESIAN_POINT ( 'NONE',  ( -14.75000000000000000, 2.500000000000000000, 0.000000000000000000 ) ) ;
#2013 = CARTESIAN_POINT ( 'NONE',  ( -42.74999999999999289, 19.49999999999999645, 25.35466440282023726 ) ) ;
#2014 = DIRECTION ( 'NONE',  ( 0.000000000000000000, 1.000000000000000000, 0.000000000000000000 ) ) ;
#2015 = EDGE_LOOP ( 'NONE', ( #3250, #2350, #9425, #8313 ) ) ;
#2016 = CARTESIAN_POINT ( 'NONE',  ( -1.393974221767205173E-14, 2.500000000000000000, -2.500000000000231815 ) ) ;
#2017 = PLANE ( 'NONE',  #1780 ) ;
#2018 = ORIENTED_EDGE ( 'NONE', *, *, #4153, .T. ) ;
#2019 = ADVANCED_FACE ( 'NONE', ( #2923 ), #5387, .T. ) ;
#2020 = VECTOR ( 'NONE', #2249, 1000.000000000000000 ) ;
#2021 = ORIENTED_EDGE ( 'NONE', *, *, #6036, .F. ) ;
#2022 = ORIENTED_EDGE ( 'NONE', *, *, #7378, .F. ) ;
#2023 = CARTESIAN_POINT ( 'NONE',  ( 2.500000000000000000, -34.48187929913332539, -38.41987298107780191 ) ) ;
#2024 = FACE_OUTER_BOUND ( 'NONE', #5683, .T. ) ;
#2025 = ORIENTED_EDGE ( 'NONE', *, *, #5371, .T. ) ;
#2026 = ORIENTED_EDGE ( 'NONE', *, *, #5696, .T. ) ;
#2027 = DIRECTION ( 'NONE',  ( 3.608844374130319986E-15, 0.000000000000000000, 1.000000000000000000 ) ) ;
#2028 = EDGE_CURVE ( 'NONE', #6976, #1589, #6357, .T. ) ;
#2029 = DIRECTION ( 'NONE',  ( 0.000000000000000000, 0.000000000000000000, 1.000000000000000000 ) ) ;
#2030 = ORIENTED_EDGE ( 'NONE', *, *, #6409, .T. ) ;
#2031 = EDGE_CURVE ( 'NONE', #2113, #10240, #1034, .T. ) ;
#2032 = ADVANCED_FACE ( 'NONE', ( #10708 ), #7270, .T. ) ;
#2033 = DIRECTION ( 'NONE',  ( 0.000000000000000000, 1.000000000000000000, 0.000000000000000000 ) ) ;
#2034 = CARTESIAN_POINT ( 'NONE',  ( 10.51393202250021019, 2.500000000000002220, 14.75000000000000000 ) ) ;
#2035 = CARTESIAN_POINT ( 'NONE',  ( -1.518785097687213895E-13, 19.49999999999999645, -42.74999999999999289 ) ) ;
#2036 = DIRECTION ( 'NONE',  ( -0.000000000000000000, -1.000000000000000000, -0.000000000000000000 ) ) ;
#2037 = VERTEX_POINT ( 'NONE', #2062 ) ;
#2038 = ORIENTED_EDGE ( 'NONE', *, *, #8684, .T. ) ;
#2039 = DIRECTION ( 'NONE',  ( -0.000000000000000000, -1.000000000000000000, -0.000000000000000000 ) ) ;
#2040 = DIRECTION ( 'NONE',  ( -8.326672684688672475E-15, 0.000000000000000000, 1.000000000000000000 ) ) ;
#2041 = ORIENTED_EDGE ( 'NONE', *, *, #4017, .T. ) ;
#2042 = EDGE_LOOP ( 'NONE', ( #970, #10757 ) ) ;
#2043 = AXIS2_PLACEMENT_3D ( 'NONE', #6641, #8360, #1208 ) ;
#2044 = DIRECTION ( 'NONE',  ( 0.000000000000000000, 1.000000000000000000, 0.000000000000000000 ) ) ;
#2045 = CARTESIAN_POINT ( 'NONE',  ( -8.838834764831821289, 0.000000000000000000, -8.838834764831833724 ) ) ;
#2046 = DIRECTION ( 'NONE',  ( 0.7071067811865481278, 0.000000000000000000, 0.7071067811865470176 ) ) ;
#2047 = CARTESIAN_POINT ( 'NONE',  ( -42.74999999999954525, 17.49999999999999645, 43.75000000000000711 ) ) ;
#2048 = VECTOR ( 'NONE', #8861, 1000.000000000000000 ) ;
#2049 = CARTESIAN_POINT ( 'NONE',  ( -41.09999999999999432, -34.48187929913332539, -2.107883832488650633 ) ) ;
#2050 = ORIENTED_EDGE ( 'NONE', *, *, #10452, .F. ) ;
#2051 = ORIENTED_EDGE ( 'NONE', *, *, #7516, .F. ) ;
#2052 = LINE ( 'NONE', #8174, #333 ) ;
#2053 = PLANE ( 'NONE',  #5961 ) ;
#2054 = DIRECTION ( 'NONE',  ( -2.168404344971008868E-15, 0.000000000000000000, -1.000000000000000000 ) ) ;
#2055 = DIRECTION ( 'NONE',  ( 0.7071067811865479058, 0.000000000000000000, 0.7071067811865472397 ) ) ;
#2056 = EDGE_CURVE ( 'NONE', #9286, #7680, #340, .T. ) ;
#2057 = VECTOR ( 'NONE', #2832, 1000.000000000000000 ) ;
#2058 = ORIENTED_EDGE ( 'NONE', *, *, #10308, .T. ) ;
#2059 = VERTEX_POINT ( 'NONE', #9789 ) ;
#2060 = CARTESIAN_POINT ( 'NONE',  ( 41.75000000000004974, 17.49999999999999645, 27.33493649053890451 ) ) ;
#2061 = LINE ( 'NONE', #7383, #7833 ) ;
#2062 = CARTESIAN_POINT ( 'NONE',  ( -10.51393202250020664, 2.500000000000002220, -14.75000000000000000 ) ) ;
#2063 = CARTESIAN_POINT ( 'NONE',  ( 5.731347020009611560E-15, -34.48187929913332539, 45.29999999999999005 ) ) ;
#2064 = DIRECTION ( 'NONE',  ( -0.000000000000000000, -1.000000000000000000, -0.000000000000000000 ) ) ;
#2065 = AXIS2_PLACEMENT_3D ( 'NONE', #7866, #10615, #3516 ) ;
#2066 = FACE_OUTER_BOUND ( 'NONE', #2163, .T. ) ;
#2067 = FACE_OUTER_BOUND ( 'NONE', #7214, .T. ) ;
#2068 = ORIENTED_EDGE ( 'NONE', *, *, #6674, .T. ) ;
#2069 = ORIENTED_EDGE ( 'NONE', *, *, #9501, .F. ) ;
#2070 = EDGE_CURVE ( 'NONE', #2956, #6496, #11071, .T. ) ;
#2071 = ADVANCED_FACE ( 'NONE', ( #5778 ), #4863, .T. ) ;
#2072 = VECTOR ( 'NONE', #5498, 1000.000000000000000 ) ;
#2073 = EDGE_LOOP ( 'NONE', ( #7185, #4033, #5970, #7756, #1965 ) ) ;
#2074 = ORIENTED_EDGE ( 'NONE', *, *, #11297, .F. ) ;
#2075 = PLANE ( 'NONE',  #5904 ) ;
#2076 = CARTESIAN_POINT ( 'NONE',  ( -27.95250199011694292, 17.49999999999999645, 22.98331580928440232 ) ) ;
#2077 = ORIENTED_EDGE ( 'NONE', *, *, #5040, .T. ) ;
#2078 = ORIENTED_EDGE ( 'NONE', *, *, #5196, .F. ) ;
#2079 = DIRECTION ( 'NONE',  ( 1.000000000000000000, 0.000000000000000000, 8.306039671558391198E-15 ) ) ;
#2080 = LINE ( 'NONE', #5569, #4887 ) ;
#2081 = ORIENTED_EDGE ( 'NONE', *, *, #5035, .F. ) ;
#2082 = CIRCLE ( 'NONE', #3554, 25.35466440282023370 ) ;
#2083 = CIRCLE ( 'NONE', #4462, 0.7500000000000006661 ) ;
#2084 = VECTOR ( 'NONE', #7761, 1000.000000000000000 ) ;
#2085 = CARTESIAN_POINT ( 'NONE',  ( -12.75000000000000000, 2.767949192431122807, -15.75000000000000000 ) ) ;
#2086 = CARTESIAN_POINT ( 'NONE',  ( -43.75000000000013500, 17.49999999999999645, 27.33493649053889740 ) ) ;
#2087 = CARTESIAN_POINT ( 'NONE',  ( -2.361632442978737423, 27.36039051652360854, -41.74999999999992184 ) ) ;
#2088 = CARTESIAN_POINT ( 'NONE',  ( 42.74999999999999289, -34.48187929913332539, -2.617682533177465764E-15 ) ) ;
#2089 = ORIENTED_EDGE ( 'NONE', *, *, #8786, .F. ) ;
#2090 = VERTEX_POINT ( 'NONE', #4924 ) ;
#2091 = CARTESIAN_POINT ( 'NONE',  ( 45.11163244297857489, 27.36039051652360854, -1.000000000000097922 ) ) ;
#2092 = CARTESIAN_POINT ( 'NONE',  ( 27.31663875629259408, 17.49999999999999645, -43.75000000000014211 ) ) ;
#2093 = ORIENTED_EDGE ( 'NONE', *, *, #6395, .F. ) ;
#2094 = ORIENTED_EDGE ( 'NONE', *, *, #10437, .F. ) ;
#2095 = AXIS2_PLACEMENT_3D ( 'NONE', #2890, #3642, #82 ) ;
#2096 = DIRECTION ( 'NONE',  ( 0.000000000000000000, 0.000000000000000000, -1.000000000000000000 ) ) ;
#2097 = CARTESIAN_POINT ( 'NONE',  ( 42.74999999999999289, -34.48187929913332539, 1.500000000000001332 ) ) ;
#2098 = ADVANCED_FACE ( 'NONE', ( #9266 ), #4117, .F. ) ;
#2099 = VECTOR ( 'NONE', #3033, 1000.000000000000000 ) ;
#2100 = DIRECTION ( 'NONE',  ( -2.168404344971009657E-15, -1.972152263052529514E-31, -1.000000000000000000 ) ) ;
#2101 = DIRECTION ( 'NONE',  ( 0.000000000000000000, 0.000000000000000000, 1.000000000000000000 ) ) ;
#2102 = CARTESIAN_POINT ( 'NONE',  ( 0.9999999999997302158, 0.000000000000000000, -47.64897948556640728 ) ) ;
#2103 = ORIENTED_EDGE ( 'NONE', *, *, #8465, .T. ) ;
#2104 = AXIS2_PLACEMENT_3D ( 'NONE', #9713, #7771, #6055 ) ;
#2105 = ORIENTED_EDGE ( 'NONE', *, *, #6257, .F. ) ;
#2106 = DIRECTION ( 'NONE',  ( -0.000000000000000000, -1.000000000000000000, -0.000000000000000000 ) ) ;
#2107 = DIRECTION ( 'NONE',  ( 0.000000000000000000, 1.000000000000000000, -0.000000000000000000 ) ) ;
#2108 = CYLINDRICAL_SURFACE ( 'NONE', #3079, 25.35466440282023370 ) ;
#2109 = CARTESIAN_POINT ( 'NONE',  ( 1.000000000000000000, 17.49999999999999645, -1.264284836150040893E-14 ) ) ;
#2110 = EDGE_CURVE ( 'NONE', #5825, #3255, #632, .T. ) ;
#2111 = EDGE_CURVE ( 'NONE', #609, #1405, #8412, .T. ) ;
#2112 = VECTOR ( 'NONE', #11274, 1000.000000000000000 ) ;
#2113 = VERTEX_POINT ( 'NONE', #1432 ) ;
#2114 = ORIENTED_EDGE ( 'NONE', *, *, #1424, .T. ) ;
#2115 = CARTESIAN_POINT ( 'NONE',  ( -10.51393202250020664, 2.767949192431122807, -14.75000000000000000 ) ) ;
#2116 = CARTESIAN_POINT ( 'NONE',  ( -30.78079794671296554, -2.499999999985152987E-05, 15.22444876060891161 ) ) ;
#2117 = DIRECTION ( 'NONE',  ( -1.264284836150040893E-14, 0.000000000000000000, -1.000000000000000000 ) ) ;
#2118 = CARTESIAN_POINT ( 'NONE',  ( -26.18460386900040859, 1.500000000000000666, 26.18460386900039438 ) ) ;
#2119 = LINE ( 'NONE', #9269, #3070 ) ;
#2120 = VECTOR ( 'NONE', #9083, 1000.000000000000000 ) ;
#2121 = CARTESIAN_POINT ( 'NONE',  ( 25.33493649053935926, 17.49999999999999645, 43.74999999999985789 ) ) ;
#2122 = DIRECTION ( 'NONE',  ( -8.306039671558391198E-15, 0.000000000000000000, 1.000000000000000000 ) ) ;
#2123 = LINE ( 'NONE', #2984, #11119 ) ;
#2124 = EDGE_LOOP ( 'NONE', ( #2871, #1429, #11264, #6762, #425, #4533, #10562, #7221 ) ) ;
#2125 = VERTEX_POINT ( 'NONE', #8300 ) ;
#2126 = EDGE_CURVE ( 'NONE', #5009, #10381, #4974, .T. ) ;
#2127 = CIRCLE ( 'NONE', #2328, 25.00000000000000711 ) ;
#2128 = VERTEX_POINT ( 'NONE', #4065 ) ;
#2129 = EDGE_CURVE ( 'NONE', #2435, #6854, #10189, .T. ) ;
#2130 = ORIENTED_EDGE ( 'NONE', *, *, #2691, .F. ) ;
#2131 = CIRCLE ( 'NONE', #3047, 27.33493649053890096 ) ;
#2132 = CARTESIAN_POINT ( 'NONE',  ( -42.74999999999954525, 0.000000000000000000, 41.75000000000000000 ) ) ;
#2133 = EDGE_CURVE ( 'NONE', #1356, #11122, #6583, .T. ) ;
#2134 = ADVANCED_FACE ( 'NONE', ( #3207 ), #5663, .T. ) ;
#2135 = DIRECTION ( 'NONE',  ( 0.000000000000000000, 0.000000000000000000, 1.000000000000000000 ) ) ;
#2136 = EDGE_LOOP ( 'NONE', ( #2189, #10405, #503, #354, #10284, #1476, #2431, #5994, #9745, #5135, #3918, #6260, #3758, #10939, #1256, #9524, #4150 ) ) ;
#2137 = CARTESIAN_POINT ( 'NONE',  ( 2.499999999999995559, 0.000000000000000000, -18.75650936579271288 ) ) ;
#2138 = CARTESIAN_POINT ( 'NONE',  ( 41.74999999999955236, 2.500000000000000000, 42.74999999999999289 ) ) ;
#2139 = AXIS2_PLACEMENT_3D ( 'NONE', #5176, #10564, #9642 ) ;
#2140 = VERTEX_POINT ( 'NONE', #2405 ) ;
#2141 = AXIS2_PLACEMENT_3D ( 'NONE', #11219, #3314, #10417 ) ;
#2142 = AXIS2_PLACEMENT_3D ( 'NONE', #3457, #6082, #5223 ) ;
#2143 = CARTESIAN_POINT ( 'NONE',  ( 0.000000000000000000, 2.500000000000000000, -41.24999999999999289 ) ) ;
#2144 = CARTESIAN_POINT ( 'NONE',  ( -41.09999999999999432, -34.48187929913332539, 3.607883832488641307 ) ) ;
#2145 = DIRECTION ( 'NONE',  ( 0.000000000000000000, 1.000000000000000000, 0.000000000000000000 ) ) ;
#2146 = ORIENTED_EDGE ( 'NONE', *, *, #3715, .T. ) ;
#2147 = ORIENTED_EDGE ( 'NONE', *, *, #10730, .F. ) ;
#2148 = FACE_OUTER_BOUND ( 'NONE', #6703, .T. ) ;
#2149 = CARTESIAN_POINT ( 'NONE',  ( -85.49999999999998579, 17.49999999999999645, 1.000000000000005329 ) ) ;
#2150 = CYLINDRICAL_SURFACE ( 'NONE', #635, 0.7500000000000006661 ) ;
#2151 = ORIENTED_EDGE ( 'NONE', *, *, #5758, .F. ) ;
#2152 = ORIENTED_EDGE ( 'NONE', *, *, #4841, .T. ) ;
#2153 = CIRCLE ( 'NONE', #139, 0.7500000000000006661 ) ;
#2154 = AXIS2_PLACEMENT_3D ( 'NONE', #5193, #7442, #6852 ) ;
#2155 = EDGE_CURVE ( 'NONE', #5852, #109, #3935, .T. ) ;
#2156 = CARTESIAN_POINT ( 'NONE',  ( -8.761108882847496560, 2.500000000000000000, -12.45209455274892107 ) ) ;
#2157 = DIRECTION ( 'NONE',  ( -2.168404344971008868E-15, 0.000000000000000000, -1.000000000000000000 ) ) ;
#2158 = VECTOR ( 'NONE', #6605, 1000.000000000000000 ) ;
#2159 = AXIS2_PLACEMENT_3D ( 'NONE', #8298, #9375, #9326 ) ;
#2160 = LINE ( 'NONE', #2276, #10033 ) ;
#2161 = FACE_OUTER_BOUND ( 'NONE', #6417, .T. ) ;
#2162 = DIRECTION ( 'NONE',  ( 0.000000000000000000, 1.000000000000000000, 0.000000000000000000 ) ) ;
#2163 = EDGE_LOOP ( 'NONE', ( #2929, #1415, #2542, #3971 ) ) ;
#2164 = EDGE_LOOP ( 'NONE', ( #2742, #7459 ) ) ;
#2165 = CARTESIAN_POINT ( 'NONE',  ( 6.463203435596421187, 2.500000000000000000, -14.75000000000000000 ) ) ;
#2166 = DIRECTION ( 'NONE',  ( 0.000000000000000000, 1.000000000000000000, -0.000000000000000000 ) ) ;
#2167 = CARTESIAN_POINT ( 'NONE',  ( -1.518785097687213895E-13, 19.49999999999999645, -42.74999999999999289 ) ) ;
#2168 = DIRECTION ( 'NONE',  ( 1.264284836150040893E-14, 0.000000000000000000, 1.000000000000000000 ) ) ;
#2169 = ADVANCED_FACE ( 'NONE', ( #2353 ), #8355, .F. ) ;
#2170 = ADVANCED_FACE ( 'NONE', ( #5718 ), #10134, .F. ) ;
#2171 = VECTOR ( 'NONE', #6119, 1000.000000000000000 ) ;
#2172 = EDGE_LOOP ( 'NONE', ( #7861, #2300, #7345, #9928 ) ) ;
#2173 = ORIENTED_EDGE ( 'NONE', *, *, #6432, .F. ) ;
#2174 = CARTESIAN_POINT ( 'NONE',  ( -13.04289321881345209, 0.000000000000000000, -8.170310216782967316 ) ) ;
#2175 = EDGE_CURVE ( 'NONE', #10633, #3408, #11171, .T. ) ;
#2176 = CYLINDRICAL_SURFACE ( 'NONE', #7097, 25.00000000000000711 ) ;
#2177 = DIRECTION ( 'NONE',  ( -1.548860246407864076E-16, 0.000000000000000000, -1.000000000000000000 ) ) ;
#2178 = DIRECTION ( 'NONE',  ( 0.000000000000000000, 0.000000000000000000, -1.000000000000000000 ) ) ;
#2179 = CIRCLE ( 'NONE', #9675, 27.33493649053890096 ) ;
#2180 = LINE ( 'NONE', #2298, #6175 ) ;
#2181 = LINE ( 'NONE', #7330, #889 ) ;
#2182 = CIRCLE ( 'NONE', #9119, 27.33493649053890096 ) ;
#2183 = DIRECTION ( 'NONE',  ( -0.7071067811865474617, 0.000000000000000000, 0.7071067811865476838 ) ) ;
#2184 = DIRECTION ( 'NONE',  ( 2.168404344971009657E-15, -1.972152263052529514E-31, 1.000000000000000000 ) ) ;
#2185 = ORIENTED_EDGE ( 'NONE', *, *, #7973, .F. ) ;
#2186 = VERTEX_POINT ( 'NONE', #8467 ) ;
#2187 = VECTOR ( 'NONE', #2267, 1000.000000000000000 ) ;
#2188 = ORIENTED_EDGE ( 'NONE', *, *, #1645, .T. ) ;
#2189 = ORIENTED_EDGE ( 'NONE', *, *, #1008, .F. ) ;
#2190 = LINE ( 'NONE', #2023, #6990 ) ;
#2191 = EDGE_CURVE ( 'NONE', #7772, #11030, #2656, .T. ) ;
#2192 = FACE_OUTER_BOUND ( 'NONE', #6092, .T. ) ;
#2193 = ORIENTED_EDGE ( 'NONE', *, *, #5899, .F. ) ;
#2194 = AXIS2_PLACEMENT_3D ( 'NONE', #6261, #7058, #10619 ) ;
#2195 = CARTESIAN_POINT ( 'NONE',  ( 1.000000000000584421, 24.95324863549492633, 46.22180415680085730 ) ) ;
#2196 = LINE ( 'NONE', #1162, #8887 ) ;
#2197 = ORIENTED_EDGE ( 'NONE', *, *, #9787, .T. ) ;
#2198 = EDGE_CURVE ( 'NONE', #4198, #8198, #450, .T. ) ;
#2199 = EDGE_CURVE ( 'NONE', #1097, #5308, #3315, .T. ) ;
#2200 = ORIENTED_EDGE ( 'NONE', *, *, #5833, .T. ) ;
#2201 = EDGE_CURVE ( 'NONE', #4790, #1902, #10148, .T. ) ;
#2202 = ORIENTED_EDGE ( 'NONE', *, *, #6257, .T. ) ;
#2203 = CARTESIAN_POINT ( 'NONE',  ( 1.000000000000000000, -7.292596028743525438E-60, -1.264284836150040893E-14 ) ) ;
#2204 = LINE ( 'NONE', #2144, #692 ) ;
#2205 = LINE ( 'NONE', #9177, #2509 ) ;
#2206 = ORIENTED_EDGE ( 'NONE', *, *, #7320, .F. ) ;
#2207 = VERTEX_POINT ( 'NONE', #1598 ) ;
#2208 = LINE ( 'NONE', #5124, #2008 ) ;
#2209 = CARTESIAN_POINT ( 'NONE',  ( -2.857883832488646192, 2.500000000000000000, -40.34999999999999432 ) ) ;
#2210 = ORIENTED_EDGE ( 'NONE', *, *, #4009, .F. ) ;
#2211 = ORIENTED_EDGE ( 'NONE', *, *, #8786, .T. ) ;
#2212 = EDGE_CURVE ( 'NONE', #222, #7644, #2573, .T. ) ;
#2213 = DIRECTION ( 'NONE',  ( -9.151367022657275579E-15, -1.972152263052529514E-31, -1.000000000000000000 ) ) ;
#2214 = CARTESIAN_POINT ( 'NONE',  ( -1.518785097687213895E-13, 19.49999999999999645, -42.74999999999999289 ) ) ;
#2215 = LINE ( 'NONE', #2393, #126 ) ;
#2216 = DIRECTION ( 'NONE',  ( 0.000000000000000000, 0.000000000000000000, -1.000000000000000000 ) ) ;
#2217 = ORIENTED_EDGE ( 'NONE', *, *, #10124, .T. ) ;
#2218 = VERTEX_POINT ( 'NONE', #8801 ) ;
#2219 = DIRECTION ( 'NONE',  ( 3.980570833268212630E-15, 0.000000000000000000, 1.000000000000000000 ) ) ;
#2220 = DIRECTION ( 'NONE',  ( -1.000000000000000000, 0.000000000000000000, 1.264284836150040893E-14 ) ) ;
#2221 = DIRECTION ( 'NONE',  ( 0.000000000000000000, 1.000000000000000000, 0.000000000000000000 ) ) ;
#2222 = ORIENTED_EDGE ( 'NONE', *, *, #5001, .F. ) ;
#2223 = VECTOR ( 'NONE', #2301, 1000.000000000000114 ) ;
#2224 = LINE ( 'NONE', #2109, #10277 ) ;
#2225 = CIRCLE ( 'NONE', #4969, 2.000000000000000000 ) ;
#2226 = VERTEX_POINT ( 'NONE', #4344 ) ;
#2227 = EDGE_LOOP ( 'NONE', ( #951, #1274, #3216, #11208 ) ) ;
#2228 = ADVANCED_FACE ( 'NONE', ( #7953 ), #102, .T. ) ;
#2229 = DIRECTION ( 'NONE',  ( -0.7071067811865473507, 0.000000000000000000, -0.7071067811865477948 ) ) ;
#2230 = EDGE_CURVE ( 'NONE', #2448, #2856, #737, .T. ) ;
#2231 = CARTESIAN_POINT ( 'NONE',  ( -7.778174593052035846, 2.500000000000002220, -7.778174593052032293 ) ) ;
#2232 = CARTESIAN_POINT ( 'NONE',  ( -43.75000000000014211, 2.500000000000000000, 42.74999999999999289 ) ) ;
#2233 = CARTESIAN_POINT ( 'NONE',  ( -15.21413057346447317, 2.500000000000000000, -9.628165229955159887 ) ) ;
#2234 = EDGE_CURVE ( 'NONE', #2125, #3350, #5398, .T. ) ;
#2235 = DIRECTION ( 'NONE',  ( -5.659885683814143012E-15, 0.000000000000000000, -1.000000000000000000 ) ) ;
#2236 = DIRECTION ( 'NONE',  ( 0.7071067811865475727, 0.000000000000000000, 0.7071067811865474617 ) ) ;
#2237 = CARTESIAN_POINT ( 'NONE',  ( -12.74999999999999645, 4.500000000000000888, 16.75000000000000000 ) ) ;
#2238 = CARTESIAN_POINT ( 'NONE',  ( 27.33493649053935926, 17.49999999999999645, 43.74999999999985079 ) ) ;
#2239 = VERTEX_POINT ( 'NONE', #10531 ) ;
#2240 = VECTOR ( 'NONE', #10157, 1000.000000000000000 ) ;
#2241 = EDGE_CURVE ( 'NONE', #6406, #10140, #457, .T. ) ;
#2242 = EDGE_CURVE ( 'NONE', #7695, #1475, #6063, .T. ) ;
#2243 = VERTEX_POINT ( 'NONE', #11336 ) ;
#2244 = VERTEX_POINT ( 'NONE', #6010 ) ;
#2245 = AXIS2_PLACEMENT_3D ( 'NONE', #7988, #6264, #1970 ) ;
#2246 = LINE ( 'NONE', #9220, #6627 ) ;
#2247 = CARTESIAN_POINT ( 'NONE',  ( 41.09999999999999432, -34.48187929913332539, -3.607883832488646636 ) ) ;
#2248 = EDGE_LOOP ( 'NONE', ( #3420, #7257, #135, #7902 ) ) ;
#2249 = DIRECTION ( 'NONE',  ( -0.000000000000000000, -1.000000000000000000, -0.000000000000000000 ) ) ;
#2250 = CARTESIAN_POINT ( 'NONE',  ( 42.74999999999999289, -34.48187929913332539, -2.617682533177465764E-15 ) ) ;
#2251 = ORIENTED_EDGE ( 'NONE', *, *, #7630, .F. ) ;
#2252 = ORIENTED_EDGE ( 'NONE', *, *, #3960, .F. ) ;
#2253 = VECTOR ( 'NONE', #2033, 1000.000000000000000 ) ;
#2254 = ADVANCED_FACE ( 'NONE', ( #1833 ), #10418, .F. ) ;
#2255 = CIRCLE ( 'NONE', #8093, 27.33493649053890096 ) ;
#2256 = EDGE_CURVE ( 'NONE', #1855, #3157, #4844, .T. ) ;
#2257 = ORIENTED_EDGE ( 'NONE', *, *, #6784, .F. ) ;
#2258 = ORIENTED_EDGE ( 'NONE', *, *, #4503, .F. ) ;
#2259 = CARTESIAN_POINT ( 'NONE',  ( -16.04594491874815176, 17.49999999999999645, 19.63298726938622707 ) ) ;
#2260 = AXIS2_PLACEMENT_3D ( 'NONE', #9374, #1485, #3949 ) ;
#2261 = DIRECTION ( 'NONE',  ( 0.000000000000000000, 1.000000000000000000, -0.000000000000000000 ) ) ;
#2262 = VECTOR ( 'NONE', #8750, 1000.000000000000000 ) ;
#2263 = DIRECTION ( 'NONE',  ( -1.000000000000000000, 0.000000000000000000, 5.947623346206202627E-15 ) ) ;
#2264 = ORIENTED_EDGE ( 'NONE', *, *, #8902, .T. ) ;
#2265 = ADVANCED_FACE ( 'NONE', ( #5952, #7718, #46, #9432, #11220, #3373 ), #5202, .T. ) ;
#2266 = ORIENTED_EDGE ( 'NONE', *, *, #3103, .F. ) ;
#2267 = DIRECTION ( 'NONE',  ( 1.000000000000000000, 0.000000000000000000, -2.090961332650616539E-15 ) ) ;
#2268 = DIRECTION ( 'NONE',  ( 1.000000000000000000, -0.000000000000000000, 0.000000000000000000 ) ) ;
#2269 = ORIENTED_EDGE ( 'NONE', *, *, #11166, .F. ) ;
#2270 = VERTEX_POINT ( 'NONE', #3493 ) ;
#2271 = VECTOR ( 'NONE', #2749, 1000.000000000000000 ) ;
#2272 = AXIS2_PLACEMENT_3D ( 'NONE', #1247, #1188, #4675 ) ;
#2273 = DIRECTION ( 'NONE',  ( 0.000000000000000000, 0.000000000000000000, -1.000000000000000000 ) ) ;
#2274 = PLANE ( 'NONE',  #3187 ) ;
#2275 = ADVANCED_FACE ( 'NONE', ( #6916 ), #5318, .T. ) ;
#2276 = CARTESIAN_POINT ( 'NONE',  ( 2.499999999999996891, -34.48187929913332539, -24.41336361528509613 ) ) ;
#2277 = EDGE_CURVE ( 'NONE', #260, #9841, #6672, .T. ) ;
#2278 = CARTESIAN_POINT ( 'NONE',  ( 2.499999999999992006, -34.48187929913332539, 5.421010862427504421E-16 ) ) ;
#2279 = ORIENTED_EDGE ( 'NONE', *, *, #878, .T. ) ;
#2280 = EDGE_CURVE ( 'NONE', #7918, #7246, #6120, .T. ) ;
#2281 = ORIENTED_EDGE ( 'NONE', *, *, #2569, .F. ) ;
#2282 = CARTESIAN_POINT ( 'NONE',  ( -10.60660171779821859, 0.000000000000000000, 10.60660171779821503 ) ) ;
#2283 = DIRECTION ( 'NONE',  ( 1.548860246407864076E-16, 0.000000000000000000, 1.000000000000000000 ) ) ;
#2284 = AXIS2_PLACEMENT_3D ( 'NONE', #2838, #1113, #9759 ) ;
#2285 = DIRECTION ( 'NONE',  ( -0.000000000000000000, -1.000000000000000000, 0.000000000000000000 ) ) ;
#2286 = EDGE_CURVE ( 'NONE', #2539, #7037, #9609, .T. ) ;
#2287 = ORIENTED_EDGE ( 'NONE', *, *, #318, .F. ) ;
#2288 = AXIS2_PLACEMENT_3D ( 'NONE', #5819, #10168, #2273 ) ;
#2289 = CARTESIAN_POINT ( 'NONE',  ( -42.74999999999999289, 17.49999999999999645, 2.617682533177465764E-15 ) ) ;
#2290 = AXIS2_PLACEMENT_3D ( 'NONE', #6858, #10357, #4402 ) ;
#2291 = ORIENTED_EDGE ( 'NONE', *, *, #8094, .F. ) ;
#2292 = ORIENTED_EDGE ( 'NONE', *, *, #8016, .F. ) ;
#2293 = PLANE ( 'NONE',  #2260 ) ;
#2295 = B_SPLINE_CURVE_WITH_KNOTS ( 'NONE', 3,
 ( #898, #4393, #8794, #5693, #4836, #9931 ),
 .UNSPECIFIED., .F., .F.,
 ( 4, 2, 4 ),
 ( 0.000000000000000000, 0.0006288281924784588483, 0.001257656384956917697 ),
 .UNSPECIFIED. ) ;
#2294 = FACE_OUTER_BOUND ( 'NONE', #4184, .T. ) ;
#2296 = DIRECTION ( 'NONE',  ( 1.323076993872123698E-15, 0.000000000000000000, -1.000000000000000000 ) ) ;
#2297 = PLANE ( 'NONE',  #4266 ) ;
#2298 = CARTESIAN_POINT ( 'NONE',  ( 10.51393202250020664, 2.500000000000000000, -14.75000000000000000 ) ) ;
#2299 = CARTESIAN_POINT ( 'NONE',  ( -41.09999999999999432, 2.500000000000000000, -2.857883832488648856 ) ) ;
#2300 = ORIENTED_EDGE ( 'NONE', *, *, #10009, .T. ) ;
#2301 = DIRECTION ( 'NONE',  ( 0.7071067811865474617, -0.000000000000000000, -0.7071067811865474617 ) ) ;
#2302 = ORIENTED_EDGE ( 'NONE', *, *, #620, .T. ) ;
#2303 = CIRCLE ( 'NONE', #6494, 1.000000000000000888 ) ;
#2304 = ORIENTED_EDGE ( 'NONE', *, *, #10102, .F. ) ;
#2305 = ORIENTED_EDGE ( 'NONE', *, *, #3302, .T. ) ;
#2306 = AXIS2_PLACEMENT_3D ( 'NONE', #3495, #6970, #7091 ) ;
#2307 = CARTESIAN_POINT ( 'NONE',  ( -41.74999999999955236, 17.49999999999999645, -42.74999999999999289 ) ) ;
#2308 = CARTESIAN_POINT ( 'NONE',  ( -1.487734589082845025E-13, 17.49999999999999645, -17.39533559717976274 ) ) ;
#2309 = DIRECTION ( 'NONE',  ( 0.000000000000000000, 1.000000000000000000, -0.000000000000000000 ) ) ;
#2310 = ORIENTED_EDGE ( 'NONE', *, *, #8934, .T. ) ;
#2311 = DIRECTION ( 'NONE',  ( -1.264613413987092056E-14, 0.000000000000000000, -1.000000000000000000 ) ) ;
#2312 = DIRECTION ( 'NONE',  ( -0.000000000000000000, -1.000000000000000000, 0.000000000000000000 ) ) ;
#2313 = VERTEX_POINT ( 'NONE', #3434 ) ;
#2314 = VECTOR ( 'NONE', #9892, 1000.000000000000000 ) ;
#2315 = ORIENTED_EDGE ( 'NONE', *, *, #588, .T. ) ;
#2316 = ORIENTED_EDGE ( 'NONE', *, *, #11166, .T. ) ;
#2317 = CARTESIAN_POINT ( 'NONE',  ( 42.74999999999999289, 17.49999999999999645, -2.617682533177465764E-15 ) ) ;
#2318 = AXIS2_PLACEMENT_3D ( 'NONE', #7886, #5250, #1070 ) ;
#2319 = EDGE_CURVE ( 'NONE', #9751, #6366, #6136, .T. ) ;
#2320 = CARTESIAN_POINT ( 'NONE',  ( -27.95250199011694292, 19.49999999999999645, 22.98331580928440232 ) ) ;
#2321 = PLANE ( 'NONE',  #4889 ) ;
#2322 = ORIENTED_EDGE ( 'NONE', *, *, #4687, .T. ) ;
#2323 = ORIENTED_EDGE ( 'NONE', *, *, #2129, .F. ) ;
#2324 = CARTESIAN_POINT ( 'NONE',  ( 10.51393202250021019, 2.767949192431122807, 14.75000000000000000 ) ) ;
#2325 = LINE ( 'NONE', #763, #10186 ) ;
#2326 = ORIENTED_EDGE ( 'NONE', *, *, #8998, .T. ) ;
#2327 = ORIENTED_EDGE ( 'NONE', *, *, #9434, .T. ) ;
#2328 = AXIS2_PLACEMENT_3D ( 'NONE', #7755, #7530, #1633 ) ;
#2329 = ADVANCED_FACE ( 'NONE', ( #7031 ), #4510, .F. ) ;
#2330 = DIRECTION ( 'NONE',  ( 0.000000000000000000, 1.000000000000000000, -0.000000000000000000 ) ) ;
#2331 = DIRECTION ( 'NONE',  ( 0.000000000000000000, 0.000000000000000000, 1.000000000000000000 ) ) ;
#2332 = PLANE ( 'NONE',  #10936 ) ;
#2333 = FACE_OUTER_BOUND ( 'NONE', #1292, .T. ) ;
#2334 = ORIENTED_EDGE ( 'NONE', *, *, #10314, .T. ) ;
#2335 = AXIS2_PLACEMENT_3D ( 'NONE', #9760, #4555, #8789 ) ;
#2336 = VERTEX_POINT ( 'NONE', #4566 ) ;
#2337 = CARTESIAN_POINT ( 'NONE',  ( -27.95250199011694292, 19.49999999999999645, -22.98331580928439877 ) ) ;
#2338 = PLANE ( 'NONE',  #7248 ) ;
#2339 = AXIS2_PLACEMENT_3D ( 'NONE', #9571, #10491, #2590 ) ;
#2340 = EDGE_CURVE ( 'NONE', #634, #6310, #1021, .T. ) ;
#2341 = CARTESIAN_POINT ( 'NONE',  ( 5.235365066354933894E-15, 0.000000000000000000, 42.74999999999999289 ) ) ;
#2342 = ORIENTED_EDGE ( 'NONE', *, *, #4085, .T. ) ;
#2343 = EDGE_CURVE ( 'NONE', #779, #11146, #4856, .T. ) ;
#2344 = LINE ( 'NONE', #2553, #5886 ) ;
#2345 = ADVANCED_FACE ( 'NONE', ( #3657, #9887, #266, #10691, #7088, #1938, #3763, #7196, #8059, #8857, #6343, #5532, #211, #2908, #7145, #3710, #1996, #9718, #2797, #2854, #5424, #161, #8964 ), #6397, .T. ) ;
#2346 = VECTOR ( 'NONE', #8991, 1000.000000000000000 ) ;
#2347 = EDGE_CURVE ( 'NONE', #1458, #3678, #1246, .T. ) ;
#2348 = VECTOR ( 'NONE', #3311, 1000.000000000000000 ) ;
#2349 = ORIENTED_EDGE ( 'NONE', *, *, #7981, .T. ) ;
#2350 = ORIENTED_EDGE ( 'NONE', *, *, #11168, .T. ) ;
#2351 = CARTESIAN_POINT ( 'NONE',  ( -10.76102830842943447, 2.750244646217973710, 10.45217512716700625 ) ) ;
#2352 = CARTESIAN_POINT ( 'NONE',  ( 4.999999999999842792, 2.500000000000000000, -43.75000000000009237 ) ) ;
#2353 = FACE_OUTER_BOUND ( 'NONE', #420, .T. ) ;
#2354 = LINE ( 'NONE', #5840, #10672 ) ;
#2355 = FACE_OUTER_BOUND ( 'NONE', #4092, .T. ) ;
#2356 = FACE_OUTER_BOUND ( 'NONE', #3170, .T. ) ;
#2357 = ORIENTED_EDGE ( 'NONE', *, *, #7719, .T. ) ;
#2358 = CIRCLE ( 'NONE', #519, 27.33493649053890096 ) ;
#2359 = DIRECTION ( 'NONE',  ( 0.000000000000000000, 0.000000000000000000, 1.000000000000000000 ) ) ;
#2360 = ORIENTED_EDGE ( 'NONE', *, *, #2743, .F. ) ;
#2361 = VECTOR ( 'NONE', #5276, 1000.000000000000000 ) ;
#2362 = EDGE_CURVE ( 'NONE', #6991, #2375, #4616, .T. ) ;
#2363 = VERTEX_POINT ( 'NONE', #9017 ) ;
#2364 = ORIENTED_EDGE ( 'NONE', *, *, #5630, .T. ) ;
#2365 = VECTOR ( 'NONE', #8102, 1000.000000000000000 ) ;
#2366 = DIRECTION ( 'NONE',  ( 0.7071067811865474617, 0.000000000000000000, 0.7071067811865474617 ) ) ;
#2367 = DIRECTION ( 'NONE',  ( -1.000000000000000000, -1.972152263052529514E-31, -1.323076993872123698E-15 ) ) ;
#2368 = LINE ( 'NONE', #576, #4370 ) ;
#2369 = ORIENTED_EDGE ( 'NONE', *, *, #10232, .T. ) ;
#2370 = CARTESIAN_POINT ( 'NONE',  ( -27.41116186243803909, 17.49999999999999645, -23.82411951180038301 ) ) ;
#2371 = DIRECTION ( 'NONE',  ( 1.387778780781445281E-15, 0.000000000000000000, -1.000000000000000000 ) ) ;
#2372 = ORIENTED_EDGE ( 'NONE', *, *, #7093, .T. ) ;
#2373 = ORIENTED_EDGE ( 'NONE', *, *, #3071, .T. ) ;
#2374 = CIRCLE ( 'NONE', #9680, 4.000000000000001776 ) ;
#2375 = VERTEX_POINT ( 'NONE', #8114 ) ;
#2376 = ORIENTED_EDGE ( 'NONE', *, *, #8067, .T. ) ;
#2377 = CARTESIAN_POINT ( 'NONE',  ( 0.000000000000000000, 2.500000000000000000, -14.75000000000000000 ) ) ;
#2378 = AXIS2_PLACEMENT_3D ( 'NONE', #10563, #2724, #9700 ) ;
#2379 = EDGE_CURVE ( 'NONE', #2701, #11217, #3945, .T. ) ;
#2380 = FACE_OUTER_BOUND ( 'NONE', #9635, .T. ) ;
#2381 = CARTESIAN_POINT ( 'NONE',  ( 2.500000000000000000, 2.500000000000000000, -38.41987298107780191 ) ) ;
#2382 = VERTEX_POINT ( 'NONE', #3828 ) ;
#2383 = EDGE_LOOP ( 'NONE', ( #3804, #5397, #10506, #1531 ) ) ;
#2384 = CARTESIAN_POINT ( 'NONE',  ( -12.74999999999999645, 1.500000000000000000, 12.75000000000000000 ) ) ;
#2385 = EDGE_CURVE ( 'NONE', #10522, #9007, #5372, .T. ) ;
#2386 = CARTESIAN_POINT ( 'NONE',  ( 0.000000000000000000, 17.49999999999999645, 0.000000000000000000 ) ) ;
#2387 = ORIENTED_EDGE ( 'NONE', *, *, #9476, .F. ) ;
#2388 = ORIENTED_EDGE ( 'NONE', *, *, #2390, .T. ) ;
#2389 = EDGE_CURVE ( 'NONE', #200, #6542, #4674, .T. ) ;
#2390 = EDGE_CURVE ( 'NONE', #92, #2489, #6323, .T. ) ;
#2391 = FACE_OUTER_BOUND ( 'NONE', #9801, .T. ) ;
#2392 = CARTESIAN_POINT ( 'NONE',  ( 26.70405508125149296, 19.49999999999999645, -23.11701273061384043 ) ) ;
#2393 = CARTESIAN_POINT ( 'NONE',  ( -1.000000000000269784, -34.48187929913332539, -47.64897948556629359 ) ) ;
#2394 = FACE_OUTER_BOUND ( 'NONE', #9140, .T. ) ;
#2395 = VERTEX_POINT ( 'NONE', #5591 ) ;
#2396 = EDGE_LOOP ( 'NONE', ( #1736, #1625 ) ) ;
#2397 = CARTESIAN_POINT ( 'NONE',  ( 14.75000000000000000, 2.500000000000000000, 8.877416997969525880 ) ) ;
#2398 = CARTESIAN_POINT ( 'NONE',  ( 0.000000000000000000, 2.500000000000000000, -14.75000000000000000 ) ) ;
#2399 = DIRECTION ( 'NONE',  ( 0.000000000000000000, 0.000000000000000000, 1.000000000000000000 ) ) ;
#2400 = VERTEX_POINT ( 'NONE', #4736 ) ;
#2401 = DIRECTION ( 'NONE',  ( 0.000000000000000000, -0.000000000000000000, 1.000000000000000000 ) ) ;
#2402 = ORIENTED_EDGE ( 'NONE', *, *, #4085, .F. ) ;
#2403 = CARTESIAN_POINT ( 'NONE',  ( 12.75000000000000000, 2.500000000000000000, -12.75000000000000000 ) ) ;
#2404 = CARTESIAN_POINT ( 'NONE',  ( -4.898979485566324676, -34.48187929913332539, 43.75000000000012079 ) ) ;
#2405 = CARTESIAN_POINT ( 'NONE',  ( 9.285898384862242949, 2.500000000000000000, -14.75000000000000000 ) ) ;
#2406 =( NAMED_UNIT ( * ) PLANE_ANGLE_UNIT ( ) SI_UNIT ( $, .RADIAN. ) );
#2407 = CARTESIAN_POINT ( 'NONE',  ( 8.838834764831837276, 2.500000000000002220, 8.838834764831831947 ) ) ;
#2408 = CARTESIAN_POINT ( 'NONE',  ( -12.74999999999999645, 2.500000000000000000, 12.75000000000000000 ) ) ;
#2409 = EDGE_CURVE ( 'NONE', #9954, #7057, #3604, .T. ) ;
#2410 = CARTESIAN_POINT ( 'NONE',  ( 5.235365066354933894E-15, -34.48187929913332539, 42.74999999999999289 ) ) ;
#2411 = CIRCLE ( 'NONE', #3875, 27.33493649053890096 ) ;
#2412 = ORIENTED_EDGE ( 'NONE', *, *, #973, .F. ) ;
#2413 = ORIENTED_EDGE ( 'NONE', *, *, #6677, .F. ) ;
#2414 = CARTESIAN_POINT ( 'NONE',  ( 12.75000000000000178, 2.500000000000000000, 12.75000000000000000 ) ) ;
#2415 = LINE ( 'NONE', #4937, #8825 ) ;
#2416 = CARTESIAN_POINT ( 'NONE',  ( -30.78079794671296199, 1.654361225106055350E-21, 15.22444876060891161 ) ) ;
#2417 = ADVANCED_FACE ( 'NONE', ( #2161 ), #4786, .F. ) ;
#2418 = VECTOR ( 'NONE', #7094, 1000.000000000000000 ) ;
#2419 = ORIENTED_EDGE ( 'NONE', *, *, #7412, .T. ) ;
#2420 = DIRECTION ( 'NONE',  ( -1.000000000000000000, 1.972152263052529514E-31, -1.323076993872123698E-15 ) ) ;
#2421 = CARTESIAN_POINT ( 'NONE',  ( -2.500000000000035971, 2.500000000000000000, 2.499999999999979572 ) ) ;
#2422 = ADVANCED_FACE ( 'NONE', ( #3883 ), #1299, .F. ) ;
#2423 = ORIENTED_EDGE ( 'NONE', *, *, #9094, .F. ) ;
#2424 = CIRCLE ( 'NONE', #1878, 0.7499999999999986677 ) ;
#2425 = ORIENTED_EDGE ( 'NONE', *, *, #10032, .F. ) ;
#2426 = ORIENTED_EDGE ( 'NONE', *, *, #3518, .T. ) ;
#2427 = CYLINDRICAL_SURFACE ( 'NONE', #5163, 25.00000000000000711 ) ;
#2428 = FACE_OUTER_BOUND ( 'NONE', #6424, .T. ) ;
#2429 = CARTESIAN_POINT ( 'NONE',  ( 0.000000000000000000, 0.000000000000000000, 14.75000000000000000 ) ) ;
#2430 = ORIENTED_EDGE ( 'NONE', *, *, #8530, .T. ) ;
#2431 = ORIENTED_EDGE ( 'NONE', *, *, #7086, .T. ) ;
#2432 = FACE_OUTER_BOUND ( 'NONE', #9991, .T. ) ;
#2433 = CARTESIAN_POINT ( 'NONE',  ( -42.74999999999999289, 17.49999999999999645, 2.617682533177465764E-15 ) ) ;
#2434 = ORIENTED_EDGE ( 'NONE', *, *, #8597, .F. ) ;
#2435 = VERTEX_POINT ( 'NONE', #6503 ) ;
#2436 = VECTOR ( 'NONE', #11070, 1000.000000000000000 ) ;
#2437 = AXIS2_PLACEMENT_3D ( 'NONE', #4599, #7179, #1112 ) ;
#2438 = VECTOR ( 'NONE', #10135, 999.9999999999998863 ) ;
#2439 = DIRECTION ( 'NONE',  ( 0.000000000000000000, 1.000000000000000000, -0.000000000000000000 ) ) ;
#2440 = DIRECTION ( 'NONE',  ( 0.000000000000000000, 1.000000000000000000, -0.000000000000000000 ) ) ;
#2441 = LINE ( 'NONE', #4388, #8005 ) ;
#2442 = DIRECTION ( 'NONE',  ( 0.000000000000000000, 1.000000000000000000, -0.000000000000000000 ) ) ;
#2443 = ORIENTED_EDGE ( 'NONE', *, *, #10182, .T. ) ;
#2444 = ORIENTED_EDGE ( 'NONE', *, *, #2729, .F. ) ;
#2445 = DIRECTION ( 'NONE',  ( -0.7071067811865476838, 0.000000000000000000, -0.7071067811865474617 ) ) ;
#2446 = DIRECTION ( 'NONE',  ( 0.7071067811865477948, 0.000000000000000000, -0.7071067811865473507 ) ) ;
#2447 = PLANE ( 'NONE',  #7664 ) ;
#2448 = VERTEX_POINT ( 'NONE', #9999 ) ;
#2449 = CYLINDRICAL_SURFACE ( 'NONE', #875, 25.35466440282023370 ) ;
#2450 = AXIS2_PLACEMENT_3D ( 'NONE', #2403, #5889, #7716 ) ;
#2451 = CIRCLE ( 'NONE', #8475, 2.000000000000001776 ) ;
#2452 = ADVANCED_FACE ( 'NONE', ( #2581 ), #2528, .F. ) ;
#2453 = PLANE ( 'NONE',  #4463 ) ;
#2454 = CARTESIAN_POINT ( 'NONE',  ( 6.463203435596416746, 0.000000000000000000, -14.75000000000000355 ) ) ;
#2455 = VECTOR ( 'NONE', #159, 1000.000000000000000 ) ;
#2456 = CARTESIAN_POINT ( 'NONE',  ( 12.75000000000000178, 2.500000000000000000, 12.75000000000000000 ) ) ;
#2457 = VECTOR ( 'NONE', #10636, 1000.000000000000000 ) ;
#2458 = DIRECTION ( 'NONE',  ( 0.000000000000000000, 1.000000000000000000, 0.000000000000000000 ) ) ;
#2459 = FACE_OUTER_BOUND ( 'NONE', #4824, .T. ) ;
#2460 = LINE ( 'NONE', #1601, #5781 ) ;
#2461 = CARTESIAN_POINT ( 'NONE',  ( 23.82411951180029419, 19.49999999999999645, -27.41116186243813146 ) ) ;
#2462 = EDGE_CURVE ( 'NONE', #187, #10606, #5611, .T. ) ;
#2463 = DIRECTION ( 'NONE',  ( 0.000000000000000000, 0.000000000000000000, 1.000000000000000000 ) ) ;
#2464 = CIRCLE ( 'NONE', #8855, 25.00000000000000711 ) ;
#2465 = EDGE_CURVE ( 'NONE', #7301, #6667, #5219, .T. ) ;
#2466 = ORIENTED_EDGE ( 'NONE', *, *, #8002, .F. ) ;
#2467 = ORIENTED_EDGE ( 'NONE', *, *, #4753, .F. ) ;
#2468 = DIRECTION ( 'NONE',  ( 0.000000000000000000, 1.000000000000000000, -0.000000000000000000 ) ) ;
#2469 = CARTESIAN_POINT ( 'NONE',  ( 5.639498510073560199E-15, 2.500000000000000000, 46.04999999999999716 ) ) ;
#2470 = DIRECTION ( 'NONE',  ( 0.000000000000000000, 0.000000000000000000, 1.000000000000000000 ) ) ;
#2471 = DIRECTION ( 'NONE',  ( 0.7071067811865469066, 0.000000000000000000, 0.7071067811865482389 ) ) ;
#2472 = VECTOR ( 'NONE', #8630, 1000.000000000000000 ) ;
#2473 = CARTESIAN_POINT ( 'NONE',  ( -15.95668180764253918, 2.500000000000002220, -15.95668180764257116 ) ) ;
#2474 = ORIENTED_EDGE ( 'NONE', *, *, #8601, .T. ) ;
#2475 = VECTOR ( 'NONE', #259, 1000.000000000000000 ) ;
#2476 = DIRECTION ( 'NONE',  ( -0.000000000000000000, 1.000000000000000000, -0.000000000000000000 ) ) ;
#2477 = CYLINDRICAL_SURFACE ( 'NONE', #3059, 0.9999999999999991118 ) ;
#2478 = VERTEX_POINT ( 'NONE', #2643 ) ;
#2479 = EDGE_CURVE ( 'NONE', #5469, #3193, #10310, .T. ) ;
#2480 = EDGE_CURVE ( 'NONE', #9857, #4006, #8762, .T. ) ;
#2481 = AXIS2_PLACEMENT_3D ( 'NONE', #1030, #5495, #8976 ) ;
#2482 = ORIENTED_EDGE ( 'NONE', *, *, #8500, .F. ) ;
#2483 = ORIENTED_EDGE ( 'NONE', *, *, #9384, .T. ) ;
#2484 = EDGE_CURVE ( 'NONE', #2270, #2642, #4123, .T. ) ;
#2485 = EDGE_CURVE ( 'NONE', #8585, #3813, #5772, .T. ) ;
#2486 = DIRECTION ( 'NONE',  ( -0.7071067811865473507, 0.000000000000000000, -0.7071067811865477948 ) ) ;
#2487 = DIRECTION ( 'NONE',  ( -1.000000000000000000, 0.000000000000000000, -0.000000000000000000 ) ) ;
#2488 = CARTESIAN_POINT ( 'NONE',  ( -43.74999999999955236, -7.292596028743525438E-60, -42.75000000000000000 ) ) ;
#2489 = VERTEX_POINT ( 'NONE', #8586 ) ;
#2490 = ORIENTED_EDGE ( 'NONE', *, *, #10895, .T. ) ;
#2491 = CARTESIAN_POINT ( 'NONE',  ( -43.75000000000011369, 17.49999999999999645, 25.33493649053889740 ) ) ;
#2492 = DIRECTION ( 'NONE',  ( 0.000000000000000000, 1.000000000000000000, 0.000000000000000000 ) ) ;
#2493 = CIRCLE ( 'NONE', #1206, 1.500000000000003997 ) ;
#2494 = ORIENTED_EDGE ( 'NONE', *, *, #219, .F. ) ;
#2495 = ORIENTED_EDGE ( 'NONE', *, *, #11338, .T. ) ;
#2496 = AXIS2_PLACEMENT_3D ( 'NONE', #11043, #5828, #7659 ) ;
#2497 = CARTESIAN_POINT ( 'NONE',  ( 19.63298726938604588, 0.7898818883216689457, -16.04594491874833651 ) ) ;
#2498 = DIRECTION ( 'NONE',  ( 0.7071067811865479058, 0.000000000000000000, 0.7071067811865472397 ) ) ;
#2499 = LINE ( 'NONE', #5992, #10013 ) ;
#2500 = DIRECTION ( 'NONE',  ( 0.000000000000000000, 1.000000000000000000, -0.000000000000000000 ) ) ;
#2501 = ORIENTED_EDGE ( 'NONE', *, *, #6918, .F. ) ;
#2502 = ORIENTED_EDGE ( 'NONE', *, *, #4183, .F. ) ;
#2503 = CARTESIAN_POINT ( 'NONE',  ( 5.000000000000450306, 1.361284592032115076E-61, 43.74999999999990052 ) ) ;
#2504 = DIRECTION ( 'NONE',  ( 0.000000000000000000, 0.000000000000000000, -1.000000000000000000 ) ) ;
#2505 = DIRECTION ( 'NONE',  ( -5.947623346206202627E-15, 0.000000000000000000, -1.000000000000000000 ) ) ;
#2506 = ORIENTED_EDGE ( 'NONE', *, *, #3805, .F. ) ;
#2507 = EDGE_CURVE ( 'NONE', #2621, #2037, #3444, .T. ) ;
#2508 = LINE ( 'NONE', #9156, #2348 ) ;
#2509 = VECTOR ( 'NONE', #10913, 1000.000000000000000 ) ;
#2510 = ORIENTED_EDGE ( 'NONE', *, *, #7476, .T. ) ;
#2511 = CARTESIAN_POINT ( 'NONE',  ( -2.168404344971008868E-15, 17.49999999999999645, -1.000000000000000000 ) ) ;
#2512 = VECTOR ( 'NONE', #2572, 1000.000000000000000 ) ;
#2513 = CIRCLE ( 'NONE', #7080, 0.7499999999999986677 ) ;
#2514 = CARTESIAN_POINT ( 'NONE',  ( -9.285898384862242949, 2.500000000000000000, -14.75000000000000000 ) ) ;
#2515 = DIRECTION ( 'NONE',  ( 0.000000000000000000, 0.000000000000000000, 1.000000000000000000 ) ) ;
#2516 = FACE_OUTER_BOUND ( 'NONE', #7173, .T. ) ;
#2517 = EDGE_CURVE ( 'NONE', #5689, #8781, #6074, .T. ) ;
#2518 = DIRECTION ( 'NONE',  ( -0.000000000000000000, -1.000000000000000000, 0.000000000000000000 ) ) ;
#2519 = CARTESIAN_POINT ( 'NONE',  ( -13.43217012171422731, 1.500000000000000000, 13.48119349357087948 ) ) ;
#2520 = LINE ( 'NONE', #10423, #8973 ) ;
#2521 = EDGE_CURVE ( 'NONE', #6038, #5868, #9445, .T. ) ;
#2522 = AXIS2_PLACEMENT_3D ( 'NONE', #8614, #11155, #4328 ) ;
#2523 = AXIS2_PLACEMENT_3D ( 'NONE', #10076, #10828, #2981 ) ;
#2524 = VECTOR ( 'NONE', #1886, 1000.000000000000000 ) ;
#2525 = ADVANCED_FACE ( 'NONE', ( #6018 ), #8639, .T. ) ;
#2526 = EDGE_LOOP ( 'NONE', ( #5973, #816, #5726, #3153 ) ) ;
#2527 = ORIENTED_EDGE ( 'NONE', *, *, #10846, .T. ) ;
#2528 = CYLINDRICAL_SURFACE ( 'NONE', #641, 0.9999999999999991118 ) ;
#2529 = FACE_OUTER_BOUND ( 'NONE', #2641, .T. ) ;
#2530 = PLANE ( 'NONE',  #2899 ) ;
#2531 = CARTESIAN_POINT ( 'NONE',  ( 26.70405508125149296, 17.49999999999999645, -23.11701273061384043 ) ) ;
#2532 = CARTESIAN_POINT ( 'NONE',  ( 42.75000000000045475, 17.49999999999999645, 43.74999999999969447 ) ) ;
#2533 = AXIS2_PLACEMENT_3D ( 'NONE', #6721, #1515, #2487 ) ;
#2534 = AXIS2_PLACEMENT_3D ( 'NONE', #10825, #224, #2810 ) ;
#2535 = FACE_OUTER_BOUND ( 'NONE', #11177, .T. ) ;
#2536 = ORIENTED_EDGE ( 'NONE', *, *, #5554, .F. ) ;
#2537 = DIRECTION ( 'NONE',  ( 0.000000000000000000, 1.000000000000000000, -0.000000000000000000 ) ) ;
#2538 = CARTESIAN_POINT ( 'NONE',  ( -2.168404344971008868E-15, -7.292596028743525438E-60, -1.000000000000000000 ) ) ;
#2539 = VERTEX_POINT ( 'NONE', #1785 ) ;
#2540 = AXIS2_PLACEMENT_3D ( 'NONE', #10375, #1671, #5162 ) ;
#2541 = ORIENTED_EDGE ( 'NONE', *, *, #1088, .T. ) ;
#2542 = ORIENTED_EDGE ( 'NONE', *, *, #1782, .T. ) ;
#2543 = CARTESIAN_POINT ( 'NONE',  ( 2.857883832488651077, -34.48187929913332539, 41.09999999999999432 ) ) ;
#2544 = CARTESIAN_POINT ( 'NONE',  ( 10.51393202250020664, 2.500000000000000000, -14.75000000000000000 ) ) ;
#2545 = CARTESIAN_POINT ( 'NONE',  ( -6.506509365792720878, 2.500000000000000000, 14.75000000000000000 ) ) ;
#2546 = ORIENTED_EDGE ( 'NONE', *, *, #7831, .T. ) ;
#2547 = EDGE_CURVE ( 'NONE', #6725, #1458, #2303, .T. ) ;
#2548 = VECTOR ( 'NONE', #5137, 1000.000000000000000 ) ;
#2549 = EDGE_LOOP ( 'NONE', ( #357, #8734, #6578, #4317 ) ) ;
#2550 = DIRECTION ( 'NONE',  ( 1.000000000000000000, 0.000000000000000000, 8.306039671558391198E-15 ) ) ;
#2551 = CARTESIAN_POINT ( 'NONE',  ( -7.092720776963628460, 2.500000000000002220, 22.64906996306766018 ) ) ;
#2552 = VERTEX_POINT ( 'NONE', #4356 ) ;
#2553 = CARTESIAN_POINT ( 'NONE',  ( -2.500000000000150102, 2.500000000000000000, 9.022110935326342307E-15 ) ) ;
#2554 = EDGE_CURVE ( 'NONE', #469, #3815, #10900, .T. ) ;
#2555 = VECTOR ( 'NONE', #2550, 1000.000000000000000 ) ;
#2556 = CARTESIAN_POINT ( 'NONE',  ( 42.74999999999999289, 17.49999999999999645, -2.617682533177465764E-15 ) ) ;
#2557 = DIRECTION ( 'NONE',  ( 0.000000000000000000, 1.000000000000000000, 0.000000000000000000 ) ) ;
#2558 = DIRECTION ( 'NONE',  ( 0.7071067811865477948, 0.000000000000000000, -0.7071067811865473507 ) ) ;
#2559 = DIRECTION ( 'NONE',  ( 0.7071067811865473507, -0.000000000000000000, -0.7071067811865477948 ) ) ;
#2560 = EDGE_LOOP ( 'NONE', ( #7715, #2310 ) ) ;
#2561 = ORIENTED_EDGE ( 'NONE', *, *, #5620, .T. ) ;
#2562 = CARTESIAN_POINT ( 'NONE',  ( 42.74999999999999289, 17.49999999999999645, -2.617682533177465764E-15 ) ) ;
#2563 = CARTESIAN_POINT ( 'NONE',  ( 0.000000000000000000, 0.000000000000000000, -46.04999999999999716 ) ) ;
#2564 = CARTESIAN_POINT ( 'NONE',  ( 38.41987298107780902, 2.500000000000000000, 2.500000000000005773 ) ) ;
#2565 = ORIENTED_EDGE ( 'NONE', *, *, #9260, .F. ) ;
#2566 = DIRECTION ( 'NONE',  ( -0.000000000000000000, -1.000000000000000000, -0.000000000000000000 ) ) ;
#2567 = VERTEX_POINT ( 'NONE', #9681 ) ;
#2568 = CIRCLE ( 'NONE', #2194, 2.000000000000000000 ) ;
#2569 = EDGE_CURVE ( 'NONE', #3217, #1956, #5326, .T. ) ;
#2570 = CARTESIAN_POINT ( 'NONE',  ( 41.75000000000007816, 2.500000000000000000, 4.898979485566368197 ) ) ;
#2571 = LINE ( 'NONE', #2511, #426 ) ;
#2572 = DIRECTION ( 'NONE',  ( 1.000000000000000000, 0.000000000000000000, -2.090961332650616539E-15 ) ) ;
#2573 = LINE ( 'NONE', #5148, #10893 ) ;
#2574 = DIRECTION ( 'NONE',  ( -1.000000000000000000, 0.000000000000000000, 1.039958424056858815E-14 ) ) ;
#2575 = CYLINDRICAL_SURFACE ( 'NONE', #1027, 4.999999999999997335 ) ;
#2576 = CARTESIAN_POINT ( 'NONE',  ( 25.33493649053935215, 17.49999999999999645, 41.74999999999985789 ) ) ;
#2577 = LINE ( 'NONE', #8524, #3510 ) ;
#2578 = EDGE_CURVE ( 'NONE', #3135, #6406, #7593, .T. ) ;
#2579 = VERTEX_POINT ( 'NONE', #1258 ) ;
#2580 = ORIENTED_EDGE ( 'NONE', *, *, #2485, .T. ) ;
#2581 = FACE_OUTER_BOUND ( 'NONE', #1634, .T. ) ;
#2582 = ADVANCED_FACE ( 'NONE', ( #9093 ), #1947, .F. ) ;
#2583 = DIRECTION ( 'NONE',  ( 1.264613413987092372E-14, 0.000000000000000000, 1.000000000000000000 ) ) ;
#2584 = CARTESIAN_POINT ( 'NONE',  ( -36.43765219620534168, 47.49999999999998579, 18.75998266654165292 ) ) ;
#2585 = FACE_OUTER_BOUND ( 'NONE', #2383, .T. ) ;
#2586 = DIRECTION ( 'NONE',  ( -1.000000000000000000, -1.972152263052529514E-31, 5.659885683814143012E-15 ) ) ;
#2587 = DIRECTION ( 'NONE',  ( 0.000000000000000000, 1.000000000000000000, -0.000000000000000000 ) ) ;
#2588 = VERTEX_POINT ( 'NONE', #4630 ) ;
#2589 = CARTESIAN_POINT ( 'NONE',  ( -42.75000000000014921, -7.292596028743525438E-60, -41.74999999999998579 ) ) ;
#2590 = DIRECTION ( 'NONE',  ( 0.000000000000000000, 0.000000000000000000, 1.000000000000000000 ) ) ;
#2591 = EDGE_CURVE ( 'NONE', #7402, #7198, #1092, .T. ) ;
#2592 = VERTEX_POINT ( 'NONE', #7208 ) ;
#2593 = EDGE_CURVE ( 'NONE', #8476, #5618, #10600, .T. ) ;
#2594 = AXIS2_PLACEMENT_3D ( 'NONE', #3847, #567, #9557 ) ;
#2595 = ORIENTED_EDGE ( 'NONE', *, *, #2973, .T. ) ;
#2596 = ORIENTED_EDGE ( 'NONE', *, *, #8030, .T. ) ;
#2597 = AXIS2_PLACEMENT_3D ( 'NONE', #9529, #11314, #6894 ) ;
#2598 = FACE_OUTER_BOUND ( 'NONE', #4710, .T. ) ;
#2599 = LINE ( 'NONE', #5058, #3629 ) ;
#2600 = DIRECTION ( 'NONE',  ( 1.000000000000000000, -0.000000000000000000, 0.000000000000000000 ) ) ;
#2601 = VERTEX_POINT ( 'NONE', #2977 ) ;
#2602 = ORIENTED_EDGE ( 'NONE', *, *, #10002, .T. ) ;
#2603 = CARTESIAN_POINT ( 'NONE',  ( -18.40642927594838341, 0.000000000000000000, 33.96277846205242668 ) ) ;
#2604 = CARTESIAN_POINT ( 'NONE',  ( -14.87089537001563855, 2.500000000000002220, 14.87089537001564032 ) ) ;
#2605 = EDGE_CURVE ( 'NONE', #8198, #9194, #3616, .T. ) ;
#2606 = VERTEX_POINT ( 'NONE', #5435 ) ;
#2607 = CARTESIAN_POINT ( 'NONE',  ( -43.75000000000007816, 1.361284592032115076E-61, -4.999999999999999112 ) ) ;
#2608 = EDGE_CURVE ( 'NONE', #6542, #11081, #3779, .T. ) ;
#2609 = AXIS2_PLACEMENT_3D ( 'NONE', #7920, #5341, #934 ) ;
#2610 = DIRECTION ( 'NONE',  ( -1.000000000000000000, 0.000000000000000000, 5.659885683814142223E-15 ) ) ;
#2611 = CARTESIAN_POINT ( 'NONE',  ( 38.41987298107779480, 2.500000000000000000, -2.499999999999992895 ) ) ;
#2612 = EDGE_CURVE ( 'NONE', #7567, #3777, #4577, .T. ) ;
#2613 = DIRECTION ( 'NONE',  ( 0.000000000000000000, -1.000000000000000000, 0.000000000000000000 ) ) ;
#2614 = CIRCLE ( 'NONE', #6444, 1.000000000000000888 ) ;
#2615 = LINE ( 'NONE', #5186, #10915 ) ;
#2616 = EDGE_LOOP ( 'NONE', ( #8310, #2326, #8351, #6559 ) ) ;
#2617 = ORIENTED_EDGE ( 'NONE', *, *, #10502, .F. ) ;
#2618 = PLANE ( 'NONE',  #2003 ) ;
#2619 = CARTESIAN_POINT ( 'NONE',  ( -9.628165229955158111, 2.500000000000000000, -15.21413057346446607 ) ) ;
#2620 = DIRECTION ( 'NONE',  ( -2.168404344971008868E-15, 0.000000000000000000, -1.000000000000000000 ) ) ;
#2621 = VERTEX_POINT ( 'NONE', #2115 ) ;
#2622 = LINE ( 'NONE', #7828, #1605 ) ;
#2623 = VERTEX_POINT ( 'NONE', #9727 ) ;
#2624 = ADVANCED_FACE ( 'NONE', ( #2759 ), #8870, .F. ) ;
#2625 = CIRCLE ( 'NONE', #3167, 27.33493649053890096 ) ;
#2626 = VECTOR ( 'NONE', #10532, 1000.000000000000114 ) ;
#2627 = ORIENTED_EDGE ( 'NONE', *, *, #25, .F. ) ;
#2628 = CYLINDRICAL_SURFACE ( 'NONE', #11047, 25.35466440282023370 ) ;
#2629 = ADVANCED_FACE ( 'NONE', ( #5383 ), #2863, .T. ) ;
#2630 = EDGE_CURVE ( 'NONE', #1289, #7046, #8142, .T. ) ;
#2631 = LINE ( 'NONE', #7893, #2698 ) ;
#2632 = DIRECTION ( 'NONE',  ( 0.000000000000000000, 1.000000000000000000, 0.000000000000000000 ) ) ;
#2633 = CARTESIAN_POINT ( 'NONE',  ( 2.168404344971008868E-15, 17.49999999999999645, 1.000000000000000000 ) ) ;
#2634 = DIRECTION ( 'NONE',  ( -1.000000000000000000, 0.000000000000000000, 2.168404344971009657E-15 ) ) ;
#2635 = CIRCLE ( 'NONE', #10501, 25.35466440282023370 ) ;
#2636 = DIRECTION ( 'NONE',  ( 0.000000000000000000, 1.000000000000000000, -0.000000000000000000 ) ) ;
#2637 = CIRCLE ( 'NONE', #5741, 0.7500000000000006661 ) ;
#2638 = DIRECTION ( 'NONE',  ( -8.881784197001256268E-16, 0.000000000000000000, 1.000000000000000000 ) ) ;
#2639 = AXIS2_PLACEMENT_3D ( 'NONE', #9772, #7251, #3761 ) ;
#2640 = VECTOR ( 'NONE', #10112, 1000.000000000000000 ) ;
#2641 = EDGE_LOOP ( 'NONE', ( #1100, #515, #2151, #9725 ) ) ;
#2642 = VERTEX_POINT ( 'NONE', #7102 ) ;
#2643 = CARTESIAN_POINT ( 'NONE',  ( 1.000000000000020206, 2.499999999999998668, -28.28494219777432761 ) ) ;
#2644 = DIRECTION ( 'NONE',  ( 0.000000000000000000, 0.000000000000000000, 1.000000000000000000 ) ) ;
#2645 = CARTESIAN_POINT ( 'NONE',  ( 27.41116186243804620, 19.49999999999999645, 23.82411951180039011 ) ) ;
#2646 = DIRECTION ( 'NONE',  ( -1.000000000000000000, 0.000000000000000000, -8.306039671558391198E-15 ) ) ;
#2647 = DIRECTION ( 'NONE',  ( -1.264613413987092214E-14, 8.326672684688673067E-16, -1.000000000000000000 ) ) ;
#2648 = CARTESIAN_POINT ( 'NONE',  ( -24.41336361528519916, 2.500000000000000000, 2.499999999999898304 ) ) ;
#2649 = ORIENTED_EDGE ( 'NONE', *, *, #2241, .F. ) ;
#2650 = DIRECTION ( 'NONE',  ( -1.000000000000000000, 0.000000000000000000, 1.039958424056858815E-14 ) ) ;
#2651 = PLANE ( 'NONE',  #4698 ) ;
#2652 = AXIS2_PLACEMENT_3D ( 'NONE', #4888, #4034, #1284 ) ;
#2653 = VERTEX_POINT ( 'NONE', #9843 ) ;
#2654 = ORIENTED_EDGE ( 'NONE', *, *, #8683, .T. ) ;
#2655 = VERTEX_POINT ( 'NONE', #2009 ) ;
#2656 = CIRCLE ( 'NONE', #9413, 27.33493649053890096 ) ;
#2657 = DIRECTION ( 'NONE',  ( -0.000000000000000000, -1.000000000000000000, -0.000000000000000000 ) ) ;
#2658 = CARTESIAN_POINT ( 'NONE',  ( -20.21185110373244243, 0.7898818883216689457, -15.46708108440192930 ) ) ;
#2659 = FACE_OUTER_BOUND ( 'NONE', #5614, .T. ) ;
#2660 = EDGE_LOOP ( 'NONE', ( #5787, #4593, #3007, #5426 ) ) ;
#2661 = ORIENTED_EDGE ( 'NONE', *, *, #7516, .T. ) ;
#2662 = CARTESIAN_POINT ( 'NONE',  ( 2.499999999999965361, 0.000000000000000000, -2.500000000000015099 ) ) ;
#2663 = EDGE_CURVE ( 'NONE', #1273, #123, #6299, .T. ) ;
#2664 = FACE_OUTER_BOUND ( 'NONE', #11309, .T. ) ;
#2665 = EDGE_LOOP ( 'NONE', ( #998, #8621, #6072, #9763, #1807, #6936 ) ) ;
#2666 = CARTESIAN_POINT ( 'NONE',  ( -5.000000000000144773, 2.500000000000000000, -43.74999999999993605 ) ) ;
#2667 = AXIS2_PLACEMENT_3D ( 'NONE', #380, #5649, #9137 ) ;
#2668 = EDGE_CURVE ( 'NONE', #3273, #7586, #96, .T. ) ;
#2669 = EDGE_CURVE ( 'NONE', #1484, #7422, #829, .T. ) ;
#2670 = LINE ( 'NONE', #2783, #10300 ) ;
#2671 = PLANE ( 'NONE',  #4649 ) ;
#2672 = AXIS2_PLACEMENT_3D ( 'NONE', #4679, #4741, #3024 ) ;
#2673 = LINE ( 'NONE', #8672, #7815 ) ;
#2674 = DIRECTION ( 'NONE',  ( -0.000000000000000000, -1.000000000000000000, -0.000000000000000000 ) ) ;
#2675 = ORIENTED_EDGE ( 'NONE', *, *, #5761, .T. ) ;
#2676 = VERTEX_POINT ( 'NONE', #8019 ) ;
#2677 = DIRECTION ( 'NONE',  ( 0.000000000000000000, 0.000000000000000000, 1.000000000000000000 ) ) ;
#2678 = DIRECTION ( 'NONE',  ( 0.000000000000000000, 1.000000000000000000, -0.000000000000000000 ) ) ;
#2679 = CARTESIAN_POINT ( 'NONE',  ( 14.75000000000000000, 2.500000000000000000, -6.463203435596421187 ) ) ;
#2680 = ORIENTED_EDGE ( 'NONE', *, *, #4896, .T. ) ;
#2681 = ORIENTED_EDGE ( 'NONE', *, *, #10720, .F. ) ;
#2682 = ADVANCED_FACE ( 'NONE', ( #8183 ), #9786, .F. ) ;
#2683 = AXIS2_PLACEMENT_3D ( 'NONE', #9540, #1478, #3308 ) ;
#2684 = VECTOR ( 'NONE', #30, 1000.000000000000000 ) ;
#2685 = CARTESIAN_POINT ( 'NONE',  ( 2.499999999999987121, 0.000000000000000000, 38.41987298107779480 ) ) ;
#2686 = FACE_BOUND ( 'NONE', #10565, .T. ) ;
#2687 = EDGE_CURVE ( 'NONE', #9048, #11243, #337, .T. ) ;
#2688 = CARTESIAN_POINT ( 'NONE',  ( -10.51393202250020664, 2.767949192431122807, -14.75000000000000000 ) ) ;
#2689 = DIRECTION ( 'NONE',  ( 0.000000000000000000, 0.000000000000000000, 1.000000000000000000 ) ) ;
#2690 = FACE_OUTER_BOUND ( 'NONE', #6017, .T. ) ;
#2691 = EDGE_CURVE ( 'NONE', #4162, #7919, #10823, .T. ) ;
#2692 = CARTESIAN_POINT ( 'NONE',  ( 27.41116186243804620, 19.49999999999999645, 22.82411951180039011 ) ) ;
#2693 = VECTOR ( 'NONE', #8042, 1000.000000000000000 ) ;
#2694 = DIRECTION ( 'NONE',  ( 1.000000000000000000, 0.000000000000000000, -9.159339953157538303E-15 ) ) ;
#2695 = EDGE_CURVE ( 'NONE', #2676, #9457, #10359, .T. ) ;
#2696 = DIRECTION ( 'NONE',  ( -1.000000000000000000, -1.804112415015878984E-15, 2.168404344971008079E-15 ) ) ;
#2697 = ADVANCED_FACE ( 'NONE', ( #8521 ), #5843, .T. ) ;
#2698 = VECTOR ( 'NONE', #45, 1000.000000000000000 ) ;
#2699 = AXIS2_PLACEMENT_3D ( 'NONE', #1150, #7332, #4640 ) ;
#2700 = ORIENTED_EDGE ( 'NONE', *, *, #6337, .F. ) ;
#2701 = VERTEX_POINT ( 'NONE', #6805 ) ;
#2702 = DIRECTION ( 'NONE',  ( 0.000000000000000000, 1.000000000000000000, -0.000000000000000000 ) ) ;
#2703 = DIRECTION ( 'NONE',  ( 0.000000000000000000, 0.000000000000000000, 1.000000000000000000 ) ) ;
#2704 = CARTESIAN_POINT ( 'NONE',  ( 14.75000000000000000, 2.767949192431122807, -10.51393202250020664 ) ) ;
#2705 = CARTESIAN_POINT ( 'NONE',  ( 5.639498510073560199E-15, 2.500000000000000000, 46.79999999999999716 ) ) ;
#2706 = DIRECTION ( 'NONE',  ( -1.000000000000000000, 0.000000000000000000, 9.151367022657275579E-15 ) ) ;
#2707 = DIRECTION ( 'NONE',  ( 0.7071067811865467956, -0.000000000000000000, 0.7071067811865483499 ) ) ;
#2708 = ORIENTED_EDGE ( 'NONE', *, *, #8753, .T. ) ;
#2709 = CIRCLE ( 'NONE', #7084, 2.000000000000000000 ) ;
#2710 = CARTESIAN_POINT ( 'NONE',  ( -14.75000000000000000, 2.500000000000000000, 0.000000000000000000 ) ) ;
#2711 = PLANE ( 'NONE',  #4152 ) ;
#2712 = CIRCLE ( 'NONE', #8543, 4.000000000000001776 ) ;
#2713 = ORIENTED_EDGE ( 'NONE', *, *, #2484, .F. ) ;
#2714 = EDGE_CURVE ( 'NONE', #3193, #9194, #3268, .T. ) ;
#2715 = ORIENTED_EDGE ( 'NONE', *, *, #1891, .F. ) ;
#2716 = ORIENTED_EDGE ( 'NONE', *, *, #4753, .T. ) ;
#2717 = CIRCLE ( 'NONE', #11125, 25.00000000000000355 ) ;
#2718 = CIRCLE ( 'NONE', #4535, 0.7500000000000006661 ) ;
#2719 = VECTOR ( 'NONE', #5655, 1000.000000000000000 ) ;
#2720 = DIRECTION ( 'NONE',  ( 0.000000000000000000, 0.000000000000000000, -1.000000000000000000 ) ) ;
#2721 = CARTESIAN_POINT ( 'NONE',  ( 25.33493649053935926, 17.49999999999999645, 43.74999999999985789 ) ) ;
#2722 = VERTEX_POINT ( 'NONE', #5954 ) ;
#2723 = ORIENTED_EDGE ( 'NONE', *, *, #8697, .T. ) ;
#2724 = DIRECTION ( 'NONE',  ( -0.7071067811865483499, 0.000000000000000000, -0.7071067811865466846 ) ) ;
#2725 = CARTESIAN_POINT ( 'NONE',  ( -41.75000000000007816, -34.48187929913332539, -4.898979485566362868 ) ) ;
#2726 = EDGE_LOOP ( 'NONE', ( #8495, #5237, #4106, #7423 ) ) ;
#2727 = DIRECTION ( 'NONE',  ( 1.000000000000000000, 0.000000000000000000, -9.151367022657275579E-15 ) ) ;
#2728 = AXIS2_PLACEMENT_3D ( 'NONE', #7287, #295, #5966 ) ;
#2729 = EDGE_CURVE ( 'NONE', #1273, #11313, #2493, .T. ) ;
#2730 = LINE ( 'NONE', #3587, #3543 ) ;
#2731 = DIRECTION ( 'NONE',  ( 0.000000000000000000, 0.000000000000000000, -1.000000000000000000 ) ) ;
#2732 = AXIS2_PLACEMENT_3D ( 'NONE', #5706, #10065, #1532 ) ;
#2733 = EDGE_CURVE ( 'NONE', #3397, #6597, #2460, .T. ) ;
#2734 = CARTESIAN_POINT ( 'NONE',  ( -33.96277846205242668, 2.500000000000002220, 18.40642927594837275 ) ) ;
#2735 = CARTESIAN_POINT ( 'NONE',  ( -15.21413057346447317, 2.500000000000000000, -10.62816522995516166 ) ) ;
#2736 = ORIENTED_EDGE ( 'NONE', *, *, #8252, .T. ) ;
#2737 = AXIS2_PLACEMENT_3D ( 'NONE', #2755, #10644, #2694 ) ;
#2738 = ORIENTED_EDGE ( 'NONE', *, *, #963, .T. ) ;
#2739 = CARTESIAN_POINT ( 'NONE',  ( 13.74999999999999822, 0.000000000000000000, 8.877416997969525880 ) ) ;
#2740 = CARTESIAN_POINT ( 'NONE',  ( -38.41987298107782323, -34.48187929913332539, -2.500000000000017319 ) ) ;
#2741 = CARTESIAN_POINT ( 'NONE',  ( 4.898979485566374414, 2.500000000000000000, -41.75000000000009237 ) ) ;
#2742 = ORIENTED_EDGE ( 'NONE', *, *, #7398, .T. ) ;
#2743 = EDGE_CURVE ( 'NONE', #6406, #11186, #4976, .T. ) ;
#2744 = VERTEX_POINT ( 'NONE', #6012 ) ;
#2745 = EDGE_CURVE ( 'NONE', #2567, #3119, #6860, .T. ) ;
#2746 = EDGE_CURVE ( 'NONE', #10221, #4049, #7789, .T. ) ;
#2747 = AXIS2_PLACEMENT_3D ( 'NONE', #2384, #8270, #5869 ) ;
#2748 = DIRECTION ( 'NONE',  ( 0.000000000000000000, 0.000000000000000000, 1.000000000000000000 ) ) ;
#2749 = DIRECTION ( 'NONE',  ( 0.000000000000000000, 0.000000000000000000, 1.000000000000000000 ) ) ;
#2750 = CARTESIAN_POINT ( 'NONE',  ( -7.778174593052035846, 47.49999999999998579, -7.778174593052032293 ) ) ;
#2751 = DIRECTION ( 'NONE',  ( -1.000000000000000000, 0.000000000000000000, 2.168404344971009657E-15 ) ) ;
#2752 = CARTESIAN_POINT ( 'NONE',  ( 0.9999999999996962430, 17.49999999999999645, -85.49999999999998579 ) ) ;
#2753 = AXIS2_PLACEMENT_3D ( 'NONE', #7123, #1862, #6318 ) ;
#2754 = DIRECTION ( 'NONE',  ( -1.000000000000000000, 0.000000000000000000, 1.040773042068946910E-14 ) ) ;
#2755 = CARTESIAN_POINT ( 'NONE',  ( -3.471804156800430974, 24.95324863549492633, 41.75000000000011369 ) ) ;
#2756 = CARTESIAN_POINT ( 'NONE',  ( -12.75000000000000000, 4.500000000000000888, -12.75000000000000000 ) ) ;
#2757 = VERTEX_POINT ( 'NONE', #8691 ) ;
#2758 = ORIENTED_EDGE ( 'NONE', *, *, #3227, .T. ) ;
#2759 = FACE_OUTER_BOUND ( 'NONE', #1565, .T. ) ;
#2760 = DIRECTION ( 'NONE',  ( 1.000000000000000000, 0.000000000000000000, 1.224646799147353207E-16 ) ) ;
#2761 = FACE_OUTER_BOUND ( 'NONE', #7633, .T. ) ;
#2762 = LINE ( 'NONE', #10486, #7770 ) ;
#2763 = CARTESIAN_POINT ( 'NONE',  ( 16.04594491874827611, 19.49999999999999645, -19.63298726938610628 ) ) ;
#2764 = EDGE_CURVE ( 'NONE', #8675, #2856, #4866, .T. ) ;
#2765 = ORIENTED_EDGE ( 'NONE', *, *, #5891, .F. ) ;
#2766 = PLANE ( 'NONE',  #7339 ) ;
#2767 = DIRECTION ( 'NONE',  ( 2.168404344971009657E-15, 1.972152263052529514E-31, 1.000000000000000000 ) ) ;
#2768 = ORIENTED_EDGE ( 'NONE', *, *, #9259, .T. ) ;
#2769 = ORIENTED_EDGE ( 'NONE', *, *, #5447, .T. ) ;
#2770 = ORIENTED_EDGE ( 'NONE', *, *, #8225, .F. ) ;
#2771 = ADVANCED_FACE ( 'NONE', ( #10249 ), #1573, .F. ) ;
#2772 = DIRECTION ( 'NONE',  ( 0.000000000000000000, 1.000000000000000000, 0.000000000000000000 ) ) ;
#2773 = EDGE_CURVE ( 'NONE', #2395, #3888, #5044, .T. ) ;
#2774 = PLANE ( 'NONE',  #1801 ) ;
#2775 = ORIENTED_EDGE ( 'NONE', *, *, #10842, .T. ) ;
#2776 = ORIENTED_EDGE ( 'NONE', *, *, #7572, .T. ) ;
#2777 = DIRECTION ( 'NONE',  ( 1.264284836150040893E-14, 0.000000000000000000, 1.000000000000000000 ) ) ;
#2778 = CARTESIAN_POINT ( 'NONE',  ( -41.09999999999999432, 0.000000000000000000, -2.857883832488648856 ) ) ;
#2779 = ORIENTED_EDGE ( 'NONE', *, *, #165, .T. ) ;
#2780 = CARTESIAN_POINT ( 'NONE',  ( 4.504001642398092977E-13, 17.49999999999999645, 42.74999999999999289 ) ) ;
#2781 = AXIS2_PLACEMENT_3D ( 'NONE', #9333, #1493, #5096 ) ;
#2782 = EDGE_CURVE ( 'NONE', #9387, #2244, #11276, .T. ) ;
#2783 = CARTESIAN_POINT ( 'NONE',  ( 12.75000000000000178, 2.500000000000000000, 13.74999999999999822 ) ) ;
#2784 = DIRECTION ( 'NONE',  ( 0.000000000000000000, -1.000000000000000000, 0.000000000000000000 ) ) ;
#2785 = DIRECTION ( 'NONE',  ( 0.000000000000000000, 1.000000000000000000, 0.000000000000000000 ) ) ;
#2786 = DIRECTION ( 'NONE',  ( 0.000000000000000000, 1.000000000000000000, 0.000000000000000000 ) ) ;
#2787 = ORIENTED_EDGE ( 'NONE', *, *, #6170, .F. ) ;
#2788 = ORIENTED_EDGE ( 'NONE', *, *, #3388, .T. ) ;
#2789 = CARTESIAN_POINT ( 'NONE',  ( 27.41116186243804620, 19.49999999999999645, 23.82411951180039011 ) ) ;
#2790 = DIRECTION ( 'NONE',  ( 2.168404344971009657E-15, -1.972152263052529514E-31, 1.000000000000000000 ) ) ;
#2791 = EDGE_LOOP ( 'NONE', ( #4260, #7078, #10517, #9804 ) ) ;
#2792 = AXIS2_PLACEMENT_3D ( 'NONE', #7958, #5431, #914 ) ;
#2793 = CIRCLE ( 'NONE', #7910, 4.999999999999997335 ) ;
#2794 = PLANE ( 'NONE',  #1889 ) ;
#2795 = CARTESIAN_POINT ( 'NONE',  ( -12.74999999999999645, 9.500000000000000000, 10.75000000000000000 ) ) ;
#2796 = LINE ( 'NONE', #9717, #1623 ) ;
#2797 = FACE_BOUND ( 'NONE', #4254, .T. ) ;
#2798 = LINE ( 'NONE', #3885, #7750 ) ;
#2799 = ORIENTED_EDGE ( 'NONE', *, *, #5884, .T. ) ;
#2800 = CARTESIAN_POINT ( 'NONE',  ( 9.707262574007673450, 2.525161391907780217, -14.75000000000000178 ) ) ;
#2801 = DIRECTION ( 'NONE',  ( -1.000000000000000000, 0.000000000000000000, 2.220446049250312686E-15 ) ) ;
#2802 = CYLINDRICAL_SURFACE ( 'NONE', #6071, 27.33493649053890096 ) ;
#2803 = VECTOR ( 'NONE', #5789, 1000.000000000000000 ) ;
#2804 = CIRCLE ( 'NONE', #10660, 25.00000000000000711 ) ;
#2805 = EDGE_LOOP ( 'NONE', ( #8741, #9702 ) ) ;
#2806 = ORIENTED_EDGE ( 'NONE', *, *, #10109, .F. ) ;
#2807 = DIRECTION ( 'NONE',  ( -1.000000000000000000, 0.000000000000000000, 2.168404344971009657E-15 ) ) ;
#2808 = AXIS2_PLACEMENT_3D ( 'NONE', #5199, #8687, #4174 ) ;
#2809 = EDGE_CURVE ( 'NONE', #8775, #5602, #1713, .T. ) ;
#2810 = DIRECTION ( 'NONE',  ( -1.000000000000000000, 0.000000000000000000, 1.040773042068946910E-14 ) ) ;
#2811 = CARTESIAN_POINT ( 'NONE',  ( 4.504001642398092977E-13, 17.49999999999999645, 42.74999999999999289 ) ) ;
#2812 = CARTESIAN_POINT ( 'NONE',  ( 2.168404344971008868E-15, 17.49999999999999645, 1.000000000000000000 ) ) ;
#2813 = ORIENTED_EDGE ( 'NONE', *, *, #205, .F. ) ;
#2814 = LINE ( 'NONE', #6199, #5149 ) ;
#2815 = DIRECTION ( 'NONE',  ( -0.000000000000000000, -1.000000000000000000, -0.000000000000000000 ) ) ;
#2816 = VERTEX_POINT ( 'NONE', #4230 ) ;
#2817 = CIRCLE ( 'NONE', #5738, 0.7499999999999937828 ) ;
#2818 = EDGE_CURVE ( 'NONE', #10381, #3404, #10716, .T. ) ;
#2819 = AXIS2_PLACEMENT_3D ( 'NONE', #11221, #9720, #3374 ) ;
#2820 = ORIENTED_EDGE ( 'NONE', *, *, #240, .T. ) ;
#2821 = ORIENTED_EDGE ( 'NONE', *, *, #9860, .F. ) ;
#2822 = CARTESIAN_POINT ( 'NONE',  ( -27.41116186243804265, 19.49999999999999645, 23.82411951180038656 ) ) ;
#2823 = VECTOR ( 'NONE', #1062, 1000.000000000000000 ) ;
#2824 = CYLINDRICAL_SURFACE ( 'NONE', #2894, 25.00000000000001421 ) ;
#2825 = AXIS2_PLACEMENT_3D ( 'NONE', #2958, #8228, #6445 ) ;
#2826 = ORIENTED_EDGE ( 'NONE', *, *, #8950, .T. ) ;
#2827 = ADVANCED_FACE ( 'NONE', ( #2355 ), #2575, .T. ) ;
#2828 = ORIENTED_EDGE ( 'NONE', *, *, #10248, .T. ) ;
#2829 = CARTESIAN_POINT ( 'NONE',  ( 4.504001642398092977E-13, 19.49999999999999645, 15.41506350946109372 ) ) ;
#2830 = CARTESIAN_POINT ( 'NONE',  ( 4.298087183781943648E-15, -34.48187929913332539, 2.500000000000071498 ) ) ;
#2831 = ORIENTED_EDGE ( 'NONE', *, *, #2126, .T. ) ;
#2832 = DIRECTION ( 'NONE',  ( -0.000000000000000000, -1.000000000000000000, -0.000000000000000000 ) ) ;
#2833 = EDGE_CURVE ( 'NONE', #8946, #10914, #1391, .T. ) ;
#2834 = ADVANCED_FACE ( 'NONE', ( #9555 ), #11339, .F. ) ;
#2835 = VECTOR ( 'NONE', #5330, 999.9999999999998863 ) ;
#2836 = EDGE_CURVE ( 'NONE', #10906, #956, #912, .T. ) ;
#2837 = DIRECTION ( 'NONE',  ( 0.000000000000000000, -1.000000000000000000, 0.000000000000000000 ) ) ;
#2838 = CARTESIAN_POINT ( 'NONE',  ( 12.75000000000000178, 2.500000000000000000, 12.75000000000000000 ) ) ;
#2839 = DIRECTION ( 'NONE',  ( -0.000000000000000000, -1.000000000000000000, 0.000000000000000000 ) ) ;
#2840 = CARTESIAN_POINT ( 'NONE',  ( 37.75000000000000000, 2.500000000000000000, -0.9999999999999017453 ) ) ;
#2841 = ORIENTED_EDGE ( 'NONE', *, *, #7272, .F. ) ;
#2842 = ORIENTED_EDGE ( 'NONE', *, *, #1087, .F. ) ;
#2843 = FACE_OUTER_BOUND ( 'NONE', #927, .T. ) ;
#2844 = FACE_OUTER_BOUND ( 'NONE', #2560, .T. ) ;
#2845 = VECTOR ( 'NONE', #2458, 1000.000000000000000 ) ;
#2846 = CARTESIAN_POINT ( 'NONE',  ( 41.75000000000013500, 17.49999999999999645, -27.33493649053891161 ) ) ;
#2847 = VERTEX_POINT ( 'NONE', #104 ) ;
#2848 = EDGE_CURVE ( 'NONE', #1456, #9726, #4405, .T. ) ;
#2849 = VECTOR ( 'NONE', #10706, 1000.000000000000000 ) ;
#2850 = LINE ( 'NONE', #8905, #9396 ) ;
#2851 = CARTESIAN_POINT ( 'NONE',  ( 42.74999999999999289, 17.49999999999999645, -2.617682533177465764E-15 ) ) ;
#2852 = DIRECTION ( 'NONE',  ( -0.000000000000000000, -1.000000000000000000, -0.000000000000000000 ) ) ;
#2853 = EDGE_CURVE ( 'NONE', #9007, #4708, #7417, .T. ) ;
#2854 = FACE_BOUND ( 'NONE', #9157, .T. ) ;
#2855 = DIRECTION ( 'NONE',  ( -0.000000000000000000, -1.000000000000000000, -0.000000000000000000 ) ) ;
#2856 = VERTEX_POINT ( 'NONE', #9612 ) ;
#2857 = CARTESIAN_POINT ( 'NONE',  ( 5.000000000000450306, 1.361284592032115076E-61, 43.74999999999990052 ) ) ;
#2858 = DIRECTION ( 'NONE',  ( 0.7071067811865466846, 0.000000000000000000, -0.7071067811865483499 ) ) ;
#2859 = DIRECTION ( 'NONE',  ( 0.000000000000000000, 1.000000000000000000, -0.000000000000000000 ) ) ;
#2860 = AXIS2_PLACEMENT_3D ( 'NONE', #1548, #3436, #1659 ) ;
#2861 = VERTEX_POINT ( 'NONE', #10592 ) ;
#2862 = ORIENTED_EDGE ( 'NONE', *, *, #7939, .T. ) ;
#2863 = CYLINDRICAL_SURFACE ( 'NONE', #5762, 25.00000000000000711 ) ;
#2864 = EDGE_CURVE ( 'NONE', #4021, #1999, #10351, .T. ) ;
#2865 = AXIS2_PLACEMENT_3D ( 'NONE', #777, #4109, #9822 ) ;
#2866 = FACE_OUTER_BOUND ( 'NONE', #1363, .T. ) ;
#2867 = CARTESIAN_POINT ( 'NONE',  ( 42.74999999999999289, 0.000000000000000000, -2.617682533177465764E-15 ) ) ;
#2868 = DIRECTION ( 'NONE',  ( 1.000000000000000000, 0.000000000000000000, -1.264284836150040893E-14 ) ) ;
#2869 = EDGE_CURVE ( 'NONE', #10285, #10390, #3606, .T. ) ;
#2870 = DIRECTION ( 'NONE',  ( -1.000000000000000000, 0.000000000000000000, -1.323076993872124684E-15 ) ) ;
#2871 = ORIENTED_EDGE ( 'NONE', *, *, #1332, .F. ) ;
#2872 = CARTESIAN_POINT ( 'NONE',  ( 14.75000000000000000, 2.500000000000000000, 0.000000000000000000 ) ) ;
#2873 = DIRECTION ( 'NONE',  ( 0.000000000000000000, 0.000000000000000000, 1.000000000000000000 ) ) ;
#2874 = ORIENTED_EDGE ( 'NONE', *, *, #1190, .T. ) ;
#2875 = ADVANCED_FACE ( 'NONE', ( #9673 ), #4512, .F. ) ;
#2876 = ORIENTED_EDGE ( 'NONE', *, *, #1829, .T. ) ;
#2877 = ORIENTED_EDGE ( 'NONE', *, *, #10044, .T. ) ;
#2878 = DIRECTION ( 'NONE',  ( 0.000000000000000000, 0.000000000000000000, 1.000000000000000000 ) ) ;
#2879 = CIRCLE ( 'NONE', #1059, 2.000000000000000000 ) ;
#2880 = VECTOR ( 'NONE', #10319, 1000.000000000000000 ) ;
#2881 = DIRECTION ( 'NONE',  ( -2.168404344971008868E-15, 0.000000000000000000, -1.000000000000000000 ) ) ;
#2882 = ORIENTED_EDGE ( 'NONE', *, *, #5196, .T. ) ;
#2883 = ORIENTED_EDGE ( 'NONE', *, *, #10304, .F. ) ;
#2884 = DIRECTION ( 'NONE',  ( 0.000000000000000000, 0.000000000000000000, 1.000000000000000000 ) ) ;
#2885 = CARTESIAN_POINT ( 'NONE',  ( 26.70405508125149296, 0.7898818883216689457, -23.11701273061384043 ) ) ;
#2886 = ORIENTED_EDGE ( 'NONE', *, *, #2347, .T. ) ;
#2887 = CIRCLE ( 'NONE', #9839, 1.000000000000000888 ) ;
#2888 = CIRCLE ( 'NONE', #10568, 1.500000000000001332 ) ;
#2889 = DIRECTION ( 'NONE',  ( 0.000000000000000000, 0.000000000000000000, 1.000000000000000000 ) ) ;
#2890 = CARTESIAN_POINT ( 'NONE',  ( -15.21413057346447317, 2.500000000000000000, -9.628165229955159887 ) ) ;
#2891 = CARTESIAN_POINT ( 'NONE',  ( -40.38836755702141801, 27.36039051652360854, -1.000000000000092593 ) ) ;
#2892 = CARTESIAN_POINT ( 'NONE',  ( 42.74999999999999289, 17.49999999999999645, 25.35466440282023015 ) ) ;
#2893 = VERTEX_POINT ( 'NONE', #1836 ) ;
#2894 = AXIS2_PLACEMENT_3D ( 'NONE', #6370, #17, #7868 ) ;
#2895 = EDGE_CURVE ( 'NONE', #2140, #5051, #136, .T. ) ;
#2896 = ORIENTED_EDGE ( 'NONE', *, *, #7223, .T. ) ;
#2897 = DIRECTION ( 'NONE',  ( -0.000000000000000000, 1.000000000000000000, -0.000000000000000000 ) ) ;
#2898 = DIRECTION ( 'NONE',  ( -1.264284836150040893E-14, 0.000000000000000000, -1.000000000000000000 ) ) ;
#2899 = AXIS2_PLACEMENT_3D ( 'NONE', #7104, #6076, #7906 ) ;
#2900 = VERTEX_POINT ( 'NONE', #4570 ) ;
#2901 = EDGE_LOOP ( 'NONE', ( #3306, #7685, #4739, #8660 ) ) ;
#2902 = AXIS2_PLACEMENT_3D ( 'NONE', #397, #8132, #228 ) ;
#2903 = AXIS2_PLACEMENT_3D ( 'NONE', #8531, #1503, #10259 ) ;
#2904 = AXIS2_PLACEMENT_3D ( 'NONE', #10120, #2285, #5769 ) ;
#2905 = LINE ( 'NONE', #9668, #10142 ) ;
#2906 = DIRECTION ( 'NONE',  ( -0.000000000000000000, -1.000000000000000000, -0.000000000000000000 ) ) ;
#2907 = DIRECTION ( 'NONE',  ( 1.000000000000000000, 0.000000000000000000, -2.168404344971009657E-15 ) ) ;
#2908 = FACE_BOUND ( 'NONE', #1057, .T. ) ;
#2909 = CARTESIAN_POINT ( 'NONE',  ( 15.46708108440193818, 17.49999999999999645, -20.21185110373244243 ) ) ;
#2910 = VERTEX_POINT ( 'NONE', #163 ) ;
#2911 = ORIENTED_EDGE ( 'NONE', *, *, #9232, .F. ) ;
#2912 = CARTESIAN_POINT ( 'NONE',  ( 15.33883813756196624, 19.49999999999999645, 18.92588048819932922 ) ) ;
#2913 = CARTESIAN_POINT ( 'NONE',  ( -0.9999999999993963717, 1.361284592032115076E-61, 47.75000000000000711 ) ) ;
#2914 = LINE ( 'NONE', #8177, #6545 ) ;
#2915 = EDGE_CURVE ( 'NONE', #3536, #4955, #8010, .T. ) ;
#2916 = VECTOR ( 'NONE', #4444, 1000.000000000000000 ) ;
#2917 = LINE ( 'NONE', #5540, #7714 ) ;
#2918 = ORIENTED_EDGE ( 'NONE', *, *, #2389, .F. ) ;
#2919 = VERTEX_POINT ( 'NONE', #3550 ) ;
#2920 = CIRCLE ( 'NONE', #8039, 25.35466440282023370 ) ;
#2921 = DIRECTION ( 'NONE',  ( 0.000000000000000000, 1.000000000000000000, -0.000000000000000000 ) ) ;
#2922 = DIRECTION ( 'NONE',  ( 0.000000000000000000, 0.000000000000000000, 1.000000000000000000 ) ) ;
#2923 = FACE_OUTER_BOUND ( 'NONE', #4541, .T. ) ;
#2924 = DIRECTION ( 'NONE',  ( -0.000000000000000000, -1.000000000000000000, 0.000000000000000000 ) ) ;
#2925 = CARTESIAN_POINT ( 'NONE',  ( -43.74999999999955236, 17.49999999999999645, -42.75000000000000000 ) ) ;
#2926 = ORIENTED_EDGE ( 'NONE', *, *, #7272, .T. ) ;
#2927 = LINE ( 'NONE', #4756, #9165 ) ;
#2928 = CARTESIAN_POINT ( 'NONE',  ( 10.31912211600114837, 2.684116356481444754, 14.74999999999999822 ) ) ;
#2929 = ORIENTED_EDGE ( 'NONE', *, *, #5454, .F. ) ;
#2930 = VERTEX_POINT ( 'NONE', #10643 ) ;
#2931 = AXIS2_PLACEMENT_3D ( 'NONE', #3393, #2537, #636 ) ;
#2932 = EDGE_CURVE ( 'NONE', #2847, #4198, #10533, .T. ) ;
#2933 = VERTEX_POINT ( 'NONE', #3661 ) ;
#2934 = VERTEX_POINT ( 'NONE', #2692 ) ;
#2935 = PLANE ( 'NONE',  #6815 ) ;
#2936 = CARTESIAN_POINT ( 'NONE',  ( 14.79749800988282438, 19.49999999999999645, -19.76668419071554794 ) ) ;
#2937 = ADVANCED_FACE ( 'NONE', ( #1774 ), #7148, .F. ) ;
#2938 = ORIENTED_EDGE ( 'NONE', *, *, #5146, .T. ) ;
#2939 = ORIENTED_EDGE ( 'NONE', *, *, #2663, .T. ) ;
#2940 = LINE ( 'NONE', #4431, #1101 ) ;
#2941 = DIRECTION ( 'NONE',  ( 1.264613413987092372E-14, 8.326672684688674053E-16, 1.000000000000000000 ) ) ;
#2942 = VERTEX_POINT ( 'NONE', #1941 ) ;
#2943 = EDGE_CURVE ( 'NONE', #3820, #5618, #5427, .T. ) ;
#2944 = FACE_OUTER_BOUND ( 'NONE', #3838, .T. ) ;
#2945 = DIRECTION ( 'NONE',  ( 0.000000000000000000, 1.000000000000000000, 0.000000000000000000 ) ) ;
#2946 = EDGE_CURVE ( 'NONE', #7471, #7380, #9243, .T. ) ;
#2947 = CARTESIAN_POINT ( 'NONE',  ( 12.75000000000000178, 9.500000000000000000, 11.75000000000000000 ) ) ;
#2948 = CARTESIAN_POINT ( 'NONE',  ( 43.74999999999995026, 0.000000000000000000, -4.898979485566366421 ) ) ;
#2949 = ORIENTED_EDGE ( 'NONE', *, *, #9117, .T. ) ;
#2950 = VERTEX_POINT ( 'NONE', #2857 ) ;
#2951 = LINE ( 'NONE', #4606, #4926 ) ;
#2952 = EDGE_CURVE ( 'NONE', #801, #494, #7603, .T. ) ;
#2953 = PLANE ( 'NONE',  #7061 ) ;
#2954 = APPLICATION_PROTOCOL_DEFINITION ( 'draft international standard', 'automotive_design', 1998, #10126 ) ;
#2955 = ORIENTED_EDGE ( 'NONE', *, *, #206, .T. ) ;
#2956 = VERTEX_POINT ( 'NONE', #8119 ) ;
#2957 = AXIS2_PLACEMENT_3D ( 'NONE', #4420, #5501, #7215 ) ;
#2958 = CARTESIAN_POINT ( 'NONE',  ( 4.504001642398092977E-13, 17.49999999999999645, 42.74999999999999289 ) ) ;
#2959 = DIRECTION ( 'NONE',  ( 0.000000000000000000, -0.000000000000000000, 1.000000000000000000 ) ) ;
#2960 = FACE_OUTER_BOUND ( 'NONE', #4545, .T. ) ;
#2961 = CARTESIAN_POINT ( 'NONE',  ( 5.235365066354933894E-15, 0.000000000000000000, 42.74999999999999289 ) ) ;
#2962 = CIRCLE ( 'NONE', #6973, 2.000000000000000000 ) ;
#2963 = LINE ( 'NONE', #2049, #6101 ) ;
#2964 = ORIENTED_EDGE ( 'NONE', *, *, #7588, .T. ) ;
#2965 = ORIENTED_EDGE ( 'NONE', *, *, #4057, .F. ) ;
#2966 = CARTESIAN_POINT ( 'NONE',  ( -12.74999999999999645, 2.500000000000000000, 12.75000000000000000 ) ) ;
#2967 = CARTESIAN_POINT ( 'NONE',  ( 43.75000000000013500, 17.49999999999999645, -27.33493649053889740 ) ) ;
#2968 = CARTESIAN_POINT ( 'NONE',  ( 5.639498510073560199E-15, 0.000000000000000000, 46.79999999999999716 ) ) ;
#2969 = EDGE_CURVE ( 'NONE', #5848, #3593, #10164, .T. ) ;
#2970 = CARTESIAN_POINT ( 'NONE',  ( 5.639498510073560199E-15, -34.48187929913332539, 46.79999999999999716 ) ) ;
#2971 = EDGE_CURVE ( 'NONE', #2930, #177, #7115, .T. ) ;
#2972 = CIRCLE ( 'NONE', #220, 27.33493649053890096 ) ;
#2973 = EDGE_CURVE ( 'NONE', #1978, #8258, #1360, .T. ) ;
#2974 = EDGE_CURVE ( 'NONE', #1379, #1783, #6403, .T. ) ;
#2975 = ORIENTED_EDGE ( 'NONE', *, *, #5949, .T. ) ;
#2976 = ORIENTED_EDGE ( 'NONE', *, *, #11168, .F. ) ;
#2977 = CARTESIAN_POINT ( 'NONE',  ( -14.87163904976930517, 2.500000000000002220, 14.87100158946050321 ) ) ;
#2978 = CARTESIAN_POINT ( 'NONE',  ( -46.22180415680087151, 24.95324863549492633, 1.000000000000100142 ) ) ;
#2979 = CARTESIAN_POINT ( 'NONE',  ( 42.74999999999999289, -34.48187929913332539, -2.617682533177465764E-15 ) ) ;
#2980 = DIRECTION ( 'NONE',  ( -0.7071067811865467956, 0.000000000000000000, 0.7071067811865483499 ) ) ;
#2981 = DIRECTION ( 'NONE',  ( -1.000000000000000000, 0.000000000000000000, 1.039958424056858815E-14 ) ) ;
#2982 = FACE_OUTER_BOUND ( 'NONE', #2396, .T. ) ;
#2983 = CARTESIAN_POINT ( 'NONE',  ( -43.75000000000014211, 0.000000000000000000, 42.74999999999999289 ) ) ;
#2984 = CARTESIAN_POINT ( 'NONE',  ( 15.45683200768929311, 2.500000000000000000, -11.45653160759577993 ) ) ;
#2985 = ORIENTED_EDGE ( 'NONE', *, *, #10807, .T. ) ;
#2986 = ORIENTED_EDGE ( 'NONE', *, *, #7379, .T. ) ;
#2987 = CIRCLE ( 'NONE', #1706, 27.33493649053890096 ) ;
#2988 = VECTOR ( 'NONE', #5034, 1000.000000000000000 ) ;
#2989 = EDGE_LOOP ( 'NONE', ( #4814, #6654, #1346, #3628, #4246, #4390, #6692, #9919 ) ) ;
#2990 = ORIENTED_EDGE ( 'NONE', *, *, #9604, .T. ) ;
#2991 = LINE ( 'NONE', #5621, #4987 ) ;
#2992 = DIRECTION ( 'NONE',  ( -0.000000000000000000, -1.000000000000000000, -0.000000000000000000 ) ) ;
#2993 = EDGE_CURVE ( 'NONE', #7583, #7323, #6869, .T. ) ;
#2994 = VERTEX_POINT ( 'NONE', #5707 ) ;
#2995 = PLANE ( 'NONE',  #1653 ) ;
#2996 = DIRECTION ( 'NONE',  ( 1.000000000000000000, 0.000000000000000000, -1.719234873512728234E-15 ) ) ;
#2997 = ORIENTED_EDGE ( 'NONE', *, *, #1989, .F. ) ;
#2998 = AXIS2_PLACEMENT_3D ( 'NONE', #11321, #10457, #9482 ) ;
#2999 = ORIENTED_EDGE ( 'NONE', *, *, #4035, .T. ) ;
#3000 = AXIS2_PLACEMENT_3D ( 'NONE', #8556, #831, #6733 ) ;
#3001 = LINE ( 'NONE', #2307, #2803 ) ;
#3002 = CARTESIAN_POINT ( 'NONE',  ( 14.75000000000000000, 0.000000000000000000, -0.000000000000000000 ) ) ;
#3003 = ADVANCED_FACE ( 'NONE', ( #3083 ), #2053, .F. ) ;
#3004 = DIRECTION ( 'NONE',  ( 0.000000000000000000, 1.000000000000000000, 0.000000000000000000 ) ) ;
#3005 = CARTESIAN_POINT ( 'NONE',  ( 10.60660171779820971, 0.000000000000000000, -10.60660171779820971 ) ) ;
#3006 = VERTEX_POINT ( 'NONE', #3138 ) ;
#3007 = ORIENTED_EDGE ( 'NONE', *, *, #4044, .T. ) ;
#3008 = DIRECTION ( 'NONE',  ( 0.000000000000000000, 0.000000000000000000, 1.000000000000000000 ) ) ;
#3009 = CARTESIAN_POINT ( 'NONE',  ( 42.75000000000044054, 17.49999999999999645, 41.74999999999968736 ) ) ;
#3010 = ORIENTED_EDGE ( 'NONE', *, *, #3674, .F. ) ;
#3011 = EDGE_LOOP ( 'NONE', ( #4934, #8273, #2222, #9289 ) ) ;
#3012 = VECTOR ( 'NONE', #8265, 1000.000000000000000 ) ;
#3013 = EDGE_CURVE ( 'NONE', #1518, #4950, #8150, .T. ) ;
#3014 = EDGE_CURVE ( 'NONE', #2140, #5981, #10006, .T. ) ;
#3015 = CARTESIAN_POINT ( 'NONE',  ( -47.64897948556632912, 2.500000000000000000, 1.000000000000103251 ) ) ;
#3016 = DIRECTION ( 'NONE',  ( 0.000000000000000000, 0.000000000000000000, 1.000000000000000000 ) ) ;
#3017 = AXIS2_PLACEMENT_3D ( 'NONE', #9150, #9327, #7671 ) ;
#3018 = CARTESIAN_POINT ( 'NONE',  ( -85.49999999999998579, -7.292596028743525438E-60, 1.000000000000005329 ) ) ;
#3019 = DIRECTION ( 'NONE',  ( -5.659885683814143012E-15, 0.000000000000000000, -1.000000000000000000 ) ) ;
#3020 = DIRECTION ( 'NONE',  ( -0.000000000000000000, -1.000000000000000000, 0.000000000000000000 ) ) ;
#3021 = VERTEX_POINT ( 'NONE', #2967 ) ;
#3022 = ORIENTED_EDGE ( 'NONE', *, *, #2379, .T. ) ;
#3023 = CARTESIAN_POINT ( 'NONE',  ( 42.74999999999999289, 0.000000000000000000, -2.617682533177465764E-15 ) ) ;
#3024 = DIRECTION ( 'NONE',  ( 0.000000000000000000, 0.000000000000000000, 1.000000000000000000 ) ) ;
#3025 = CARTESIAN_POINT ( 'NONE',  ( 4.504001642398092977E-13, 19.49999999999999645, 42.74999999999999289 ) ) ;
#3026 = LINE ( 'NONE', #2970, #1321 ) ;
#3027 = VECTOR ( 'NONE', #2751, 1000.000000000000000 ) ;
#3028 = ORIENTED_EDGE ( 'NONE', *, *, #7677, .F. ) ;
#3029 = EDGE_CURVE ( 'NONE', #2375, #11327, #9196, .T. ) ;
#3030 = EDGE_LOOP ( 'NONE', ( #4920, #5113, #6770, #1445 ) ) ;
#3031 = DIRECTION ( 'NONE',  ( 0.7071067811865474617, 0.000000000000000000, 0.7071067811865476838 ) ) ;
#3032 = CARTESIAN_POINT ( 'NONE',  ( -15.21413057346447317, 0.000000000000000000, -10.62816522995516166 ) ) ;
#3033 = DIRECTION ( 'NONE',  ( -0.000000000000000000, -1.000000000000000000, -0.000000000000000000 ) ) ;
#3034 = FACE_OUTER_BOUND ( 'NONE', #4140, .T. ) ;
#3035 = EDGE_CURVE ( 'NONE', #4723, #2623, #1944, .T. ) ;
#3036 = DIRECTION ( 'NONE',  ( 0.7072130165897698717, 0.000000000000000000, -0.7070005298201677002 ) ) ;
#3037 = AXIS2_PLACEMENT_3D ( 'NONE', #2001, #215, #3713 ) ;
#3038 = DIRECTION ( 'NONE',  ( 1.000000000000000000, 0.000000000000000000, -3.553859168040306887E-15 ) ) ;
#3039 = EDGE_CURVE ( 'NONE', #5221, #640, #10760, .T. ) ;
#3040 = DIRECTION ( 'NONE',  ( -1.000000000000000000, 0.000000000000000000, 2.168404344971009657E-15 ) ) ;
#3041 = LINE ( 'NONE', #4584, #9084 ) ;
#3042 = ORIENTED_EDGE ( 'NONE', *, *, #8263, .T. ) ;
#3043 = EDGE_LOOP ( 'NONE', ( #1561, #10106 ) ) ;
#3044 = ADVANCED_FACE ( 'NONE', ( #8175 ), #4792, .F. ) ;
#3045 = ORIENTED_EDGE ( 'NONE', *, *, #5492, .F. ) ;
#3046 = ORIENTED_EDGE ( 'NONE', *, *, #6295, .F. ) ;
#3047 = AXIS2_PLACEMENT_3D ( 'NONE', #4270, #6901, #6221 ) ;
#3048 = LINE ( 'NONE', #8084, #10478 ) ;
#3049 = DIRECTION ( 'NONE',  ( -1.000000000000000000, 1.972152263052529514E-31, -8.306039671558391198E-15 ) ) ;
#3050 = VERTEX_POINT ( 'NONE', #7318 ) ;
#3051 = DIRECTION ( 'NONE',  ( 0.000000000000000000, 1.000000000000000000, -0.000000000000000000 ) ) ;
#3052 = CARTESIAN_POINT ( 'NONE',  ( -25.33493649053844265, 17.49999999999999645, 43.75000000000031974 ) ) ;
#3053 = AXIS2_PLACEMENT_3D ( 'NONE', #1331, #4655, #1109 ) ;
#3054 = ADVANCED_FACE ( 'NONE', ( #10817 ), #8344, .T. ) ;
#3055 = VERTEX_POINT ( 'NONE', #9142 ) ;
#3056 = VERTEX_POINT ( 'NONE', #496 ) ;
#3057 = ORIENTED_EDGE ( 'NONE', *, *, #4998, .F. ) ;
#3058 = VECTOR ( 'NONE', #1125, 1000.000000000000000 ) ;
#3059 = AXIS2_PLACEMENT_3D ( 'NONE', #700, #3335, #4941 ) ;
#3060 = CYLINDRICAL_SURFACE ( 'NONE', #5939, 25.00000000000000711 ) ;
#3061 = CARTESIAN_POINT ( 'NONE',  ( 26.70405508125149652, 19.49999999999999645, 23.11701273061384043 ) ) ;
#3062 = LINE ( 'NONE', #591, #9815 ) ;
#3063 = ORIENTED_EDGE ( 'NONE', *, *, #7027, .T. ) ;
#3064 = ORIENTED_EDGE ( 'NONE', *, *, #4598, .T. ) ;
#3065 = DIRECTION ( 'NONE',  ( 0.000000000000000000, 0.000000000000000000, 1.000000000000000000 ) ) ;
#3066 = DIRECTION ( 'NONE',  ( 0.000000000000000000, 1.000000000000000000, -0.000000000000000000 ) ) ;
#3067 = ORIENTED_EDGE ( 'NONE', *, *, #5944, .T. ) ;
#3068 = ORIENTED_EDGE ( 'NONE', *, *, #3245, .F. ) ;
#3069 = CIRCLE ( 'NONE', #9459, 0.7500000000000006661 ) ;
#3070 = VECTOR ( 'NONE', #4754, 1000.000000000000000 ) ;
#3071 = EDGE_CURVE ( 'NONE', #6399, #237, #9428, .T. ) ;
#3072 = EDGE_CURVE ( 'NONE', #2847, #8198, #4126, .T. ) ;
#3073 = CARTESIAN_POINT ( 'NONE',  ( 27.95250199011695003, 17.49999999999999645, 22.98331580928440232 ) ) ;
#3074 = CARTESIAN_POINT ( 'NONE',  ( 0.000000000000000000, 17.49999999999999645, 0.000000000000000000 ) ) ;
#3075 = VECTOR ( 'NONE', #4375, 1000.000000000000000 ) ;
#3076 = AXIS2_PLACEMENT_3D ( 'NONE', #8764, #5963, #9447 ) ;
#3077 = CARTESIAN_POINT ( 'NONE',  ( -42.74999999999999289, 0.000000000000000000, 7.853047599532400842E-15 ) ) ;
#3078 = DIRECTION ( 'NONE',  ( 0.7071067811865477948, 0.000000000000000000, 0.7071067811865473507 ) ) ;
#3079 = AXIS2_PLACEMENT_3D ( 'NONE', #2167, #8237, #386 ) ;
#3080 = EDGE_LOOP ( 'NONE', ( #9820, #2680, #857, #3849 ) ) ;
#3081 = ORIENTED_EDGE ( 'NONE', *, *, #1482, .F. ) ;
#3082 = CARTESIAN_POINT ( 'NONE',  ( 0.000000000000000000, 0.000000000000000000, -42.74999999999999289 ) ) ;
#3083 = FACE_OUTER_BOUND ( 'NONE', #326, .T. ) ;
#3084 = CARTESIAN_POINT ( 'NONE',  ( 46.04999999999999716, 0.000000000000000000, 0.7499999999999958922 ) ) ;
#3085 = EDGE_CURVE ( 'NONE', #4834, #2448, #10908, .T. ) ;
#3086 = EDGE_CURVE ( 'NONE', #1484, #3157, #7599, .T. ) ;
#3087 = CARTESIAN_POINT ( 'NONE',  ( -14.75000000000000000, 2.767949192431122807, -10.51393202250020664 ) ) ;
#3088 = CIRCLE ( 'NONE', #5821, 25.00000000000000355 ) ;
#3089 = CIRCLE ( 'NONE', #1595, 25.00000000000000711 ) ;
#3090 = ORIENTED_EDGE ( 'NONE', *, *, #8944, .T. ) ;
#3091 = EDGE_LOOP ( 'NONE', ( #6796, #1593, #847, #7799 ) ) ;
#3092 = DIRECTION ( 'NONE',  ( 0.000000000000000000, 1.000000000000000000, 0.000000000000000000 ) ) ;
#3093 = DIRECTION ( 'NONE',  ( -0.7071067811865474617, 0.000000000000000000, 0.7071067811865476838 ) ) ;
#3094 = CARTESIAN_POINT ( 'NONE',  ( 41.09999999999999432, 0.000000000000000000, -2.857883832488648412 ) ) ;
#3095 = DIRECTION ( 'NONE',  ( 0.000000000000000000, 1.000000000000000000, 0.000000000000000000 ) ) ;
#3096 = AXIS2_PLACEMENT_3D ( 'NONE', #87, #10631, #5362 ) ;
#3097 = CARTESIAN_POINT ( 'NONE',  ( -27.41116186243803909, 19.49999999999999645, -23.82411951180038301 ) ) ;
#3098 = DIRECTION ( 'NONE',  ( 0.000000000000000000, 0.000000000000000000, -1.000000000000000000 ) ) ;
#3099 = CIRCLE ( 'NONE', #9491, 25.35466440282023370 ) ;
#3100 = CIRCLE ( 'NONE', #7665, 0.9999999999999991118 ) ;
#3101 = DIRECTION ( 'NONE',  ( -1.323076993872123698E-15, 0.000000000000000000, 1.000000000000000000 ) ) ;
#3102 = DIRECTION ( 'NONE',  ( -0.000000000000000000, -1.000000000000000000, -0.000000000000000000 ) ) ;
#3103 = EDGE_CURVE ( 'NONE', #8390, #10235, #5190, .T. ) ;
#3104 = ORIENTED_EDGE ( 'NONE', *, *, #4063, .T. ) ;
#3105 = VECTOR ( 'NONE', #5010, 1000.000000000000000 ) ;
#3106 = ORIENTED_EDGE ( 'NONE', *, *, #243, .F. ) ;
#3107 = ORIENTED_EDGE ( 'NONE', *, *, #8318, .F. ) ;
#3108 = EDGE_CURVE ( 'NONE', #2207, #1499, #8883, .T. ) ;
#3109 = CYLINDRICAL_SURFACE ( 'NONE', #10847, 4.999999999999997335 ) ;
#3110 = PLANE ( 'NONE',  #8927 ) ;
#3111 = ORIENTED_EDGE ( 'NONE', *, *, #10493, .T. ) ;
#3112 = VECTOR ( 'NONE', #5736, 1000.000000000000000 ) ;
#3113 = LINE ( 'NONE', #9917, #2020 ) ;
#3114 = CARTESIAN_POINT ( 'NONE',  ( 8.877416997969529433, 0.000000000000000000, 13.74999999999999822 ) ) ;
#3115 = ORIENTED_EDGE ( 'NONE', *, *, #8655, .F. ) ;
#3116 = ORIENTED_EDGE ( 'NONE', *, *, #587, .F. ) ;
#3117 = ADVANCED_FACE ( 'NONE', ( #5023 ), #2338, .T. ) ;
#3118 = EDGE_CURVE ( 'NONE', #8333, #526, #8511, .T. ) ;
#3119 = VERTEX_POINT ( 'NONE', #4052 ) ;
#3120 = ORIENTED_EDGE ( 'NONE', *, *, #10291, .F. ) ;
#3121 = ADVANCED_FACE ( 'NONE', ( #5881 ), #9317, .T. ) ;
#3122 = CARTESIAN_POINT ( 'NONE',  ( 1.048087072186817562E-13, 17.49999999999999645, 15.41506350946109194 ) ) ;
#3123 = CARTESIAN_POINT ( 'NONE',  ( -20.21185110373244243, 17.49999999999999645, -15.46708108440192930 ) ) ;
#3124 = CARTESIAN_POINT ( 'NONE',  ( -2.857883832488640863, 2.500000000000000000, 41.85000000000000142 ) ) ;
#3125 = ORIENTED_EDGE ( 'NONE', *, *, #11051, .F. ) ;
#3126 = ORIENTED_EDGE ( 'NONE', *, *, #2465, .T. ) ;
#3127 = DIRECTION ( 'NONE',  ( 1.000000000000000000, 0.000000000000000000, 1.224646799147353207E-16 ) ) ;
#3128 = CARTESIAN_POINT ( 'NONE',  ( -27.28291891559792504, 0.7898818883216689457, -22.53814889626740126 ) ) ;
#3129 = ORIENTED_EDGE ( 'NONE', *, *, #8055, .T. ) ;
#3130 = ORIENTED_EDGE ( 'NONE', *, *, #9995, .F. ) ;
#3131 = FACE_OUTER_BOUND ( 'NONE', #8652, .T. ) ;
#3132 = LINE ( 'NONE', #10060, #6293 ) ;
#3133 = LINE ( 'NONE', #10869, #10928 ) ;
#3134 = FACE_OUTER_BOUND ( 'NONE', #4833, .T. ) ;
#3135 = VERTEX_POINT ( 'NONE', #6742 ) ;
#3136 = ORIENTED_EDGE ( 'NONE', *, *, #2340, .T. ) ;
#3137 = CARTESIAN_POINT ( 'NONE',  ( -13.45668180764255517, 47.49999999999998579, 13.45668180764255162 ) ) ;
#3138 = CARTESIAN_POINT ( 'NONE',  ( -17.69932249476184083, 2.500000000000002220, 12.04246824526944515 ) ) ;
#3139 = DIRECTION ( 'NONE',  ( 0.000000000000000000, -0.000000000000000000, 1.000000000000000000 ) ) ;
#3140 = ORIENTED_EDGE ( 'NONE', *, *, #2111, .F. ) ;
#3141 = AXIS2_PLACEMENT_3D ( 'NONE', #3438, #5153, #2463 ) ;
#3142 = DIRECTION ( 'NONE',  ( -1.000000000000000000, 0.000000000000000000, 9.151367022657275579E-15 ) ) ;
#3143 = VECTOR ( 'NONE', #6626, 1000.000000000000000 ) ;
#3144 = ORIENTED_EDGE ( 'NONE', *, *, #6309, .T. ) ;
#3145 = VERTEX_POINT ( 'NONE', #7769 ) ;
#3146 = DIRECTION ( 'NONE',  ( 0.000000000000000000, -1.000000000000000000, 0.000000000000000000 ) ) ;
#3147 = PLANE ( 'NONE',  #9474 ) ;
#3148 = DIRECTION ( 'NONE',  ( -1.000000000000000000, 0.000000000000000000, 5.575896887068303672E-15 ) ) ;
#3149 = CARTESIAN_POINT ( 'NONE',  ( -45.11163244297857489, 27.36039051652360854, -0.9999999999999021894 ) ) ;
#3150 = CARTESIAN_POINT ( 'NONE',  ( 42.75000000000044054, 0.000000000000000000, 41.74999999999968736 ) ) ;
#3151 = ORIENTED_EDGE ( 'NONE', *, *, #2385, .F. ) ;
#3152 = PLANE ( 'NONE',  #4423 ) ;
#3153 = ORIENTED_EDGE ( 'NONE', *, *, #5301, .T. ) ;
#3154 = VECTOR ( 'NONE', #4947, 1000.000000000000000 ) ;
#3155 = EDGE_CURVE ( 'NONE', #11229, #7198, #9368, .T. ) ;
#3156 = ORIENTED_EDGE ( 'NONE', *, *, #9970, .F. ) ;
#3157 = VERTEX_POINT ( 'NONE', #8566 ) ;
#3158 = VECTOR ( 'NONE', #1216, 1000.000000000000000 ) ;
#3159 = DIRECTION ( 'NONE',  ( 0.000000000000000000, 1.000000000000000000, -0.000000000000000000 ) ) ;
#3160 = CARTESIAN_POINT ( 'NONE',  ( -18.92588048819949620, 17.49999999999999645, -15.33883813756178149 ) ) ;
#3161 = ORIENTED_EDGE ( 'NONE', *, *, #1793, .F. ) ;
#3162 = CARTESIAN_POINT ( 'NONE',  ( 0.000000000000000000, 2.500000000000000000, 0.000000000000000000 ) ) ;
#3163 = DIRECTION ( 'NONE',  ( -1.000000000000000000, -1.972152263052529514E-31, -1.323076993872123698E-15 ) ) ;
#3164 = ORIENTED_EDGE ( 'NONE', *, *, #7871, .F. ) ;
#3165 = EDGE_CURVE ( 'NONE', #6259, #7448, #9621, .T. ) ;
#3166 = VERTEX_POINT ( 'NONE', #7542 ) ;
#3167 = AXIS2_PLACEMENT_3D ( 'NONE', #9388, #1229, #8212 ) ;
#3168 = VECTOR ( 'NONE', #10652, 1000.000000000000000 ) ;
#3169 = ORIENTED_EDGE ( 'NONE', *, *, #1015, .F. ) ;
#3170 = EDGE_LOOP ( 'NONE', ( #8387, #3513, #4561, #458, #3907, #10715, #401, #8653, #5484, #6826, #2357, #3651, #3831, #2997, #7100, #221, #7960 ) ) ;
#3171 = EDGE_CURVE ( 'NONE', #85, #7299, #10360, .T. ) ;
#3172 = LINE ( 'NONE', #10387, #2240 ) ;
#3173 = EDGE_CURVE ( 'NONE', #4061, #10522, #111, .T. ) ;
#3174 = AXIS2_PLACEMENT_3D ( 'NONE', #6814, #5327, #7963 ) ;
#3175 = DIRECTION ( 'NONE',  ( -1.000000000000000000, 0.000000000000000000, 2.168404344971009657E-15 ) ) ;
#3176 = AXIS2_PLACEMENT_3D ( 'NONE', #491, #11098, #1300 ) ;
#3177 = CARTESIAN_POINT ( 'NONE',  ( 19.76668419071549110, 17.49999999999999645, 14.79749800988288833 ) ) ;
#3178 = ORIENTED_EDGE ( 'NONE', *, *, #4714, .F. ) ;
#3179 = ADVANCED_FACE ( 'NONE', ( #5998 ), #10345, .T. ) ;
#3180 = EDGE_LOOP ( 'NONE', ( #6129, #3973, #2258, #7112, #7256, #1517, #10576, #9019 ) ) ;
#3181 = DIRECTION ( 'NONE',  ( 0.000000000000000000, 0.000000000000000000, 1.000000000000000000 ) ) ;
#3182 = DIRECTION ( 'NONE',  ( 1.344410693882025498E-14, 0.000000000000000000, 1.000000000000000000 ) ) ;
#3183 = ORIENTED_EDGE ( 'NONE', *, *, #6309, .F. ) ;
#3184 = ORIENTED_EDGE ( 'NONE', *, *, #5114, .T. ) ;
#3185 = EDGE_CURVE ( 'NONE', #1998, #9387, #8700, .T. ) ;
#3186 = ADVANCED_FACE ( 'NONE', ( #10287 ), #607, .T. ) ;
#3187 = AXIS2_PLACEMENT_3D ( 'NONE', #3074, #9189, #3016 ) ;
#3188 = AXIS2_PLACEMENT_3D ( 'NONE', #10059, #2213, #488 ) ;
#3189 = FACE_OUTER_BOUND ( 'NONE', #2227, .T. ) ;
#3190 = DIRECTION ( 'NONE',  ( 0.000000000000000000, 1.000000000000000000, 0.000000000000000000 ) ) ;
#3191 = CARTESIAN_POINT ( 'NONE',  ( 5.639498510073560199E-15, 0.000000000000000000, 46.04999999999999716 ) ) ;
#3192 = CARTESIAN_POINT ( 'NONE',  ( -17.69932249476183728, 47.49999999999998579, 12.04246824526944337 ) ) ;
#3193 = VERTEX_POINT ( 'NONE', #11211 ) ;
#3194 = ORIENTED_EDGE ( 'NONE', *, *, #9159, .T. ) ;
#3195 = CARTESIAN_POINT ( 'NONE',  ( 22.98331580928468654, 19.49999999999999645, 27.95250199011668002 ) ) ;
#3196 = CARTESIAN_POINT ( 'NONE',  ( -42.74999999999999289, 19.49999999999999645, 2.617682533177465764E-15 ) ) ;
#3197 = AXIS2_PLACEMENT_3D ( 'NONE', #5305, #3694, #9706 ) ;
#3198 = CARTESIAN_POINT ( 'NONE',  ( -1.000000000000033307, 2.499999999999998668, -28.28494219777431340 ) ) ;
#3199 = ORIENTED_EDGE ( 'NONE', *, *, #242, .F. ) ;
#3200 = FACE_OUTER_BOUND ( 'NONE', #6353, .T. ) ;
#3201 = EDGE_CURVE ( 'NONE', #8562, #5887, #9062, .T. ) ;
#3202 = VECTOR ( 'NONE', #7779, 1000.000000000000000 ) ;
#3203 = ORIENTED_EDGE ( 'NONE', *, *, #7311, .T. ) ;
#3204 = ORIENTED_EDGE ( 'NONE', *, *, #5727, .T. ) ;
#3205 = LINE ( 'NONE', #7548, #3722 ) ;
#3206 = DIRECTION ( 'NONE',  ( 5.659885683814143012E-15, 0.000000000000000000, 1.000000000000000000 ) ) ;
#3207 = FACE_OUTER_BOUND ( 'NONE', #4087, .T. ) ;
#3208 = CARTESIAN_POINT ( 'NONE',  ( 1.000000000000180300, 2.500000000000000000, -5.659885683815163009E-15 ) ) ;
#3209 = DIRECTION ( 'NONE',  ( 0.000000000000000000, 1.000000000000000000, 0.000000000000000000 ) ) ;
#3210 = DIRECTION ( 'NONE',  ( 0.000000000000000000, 1.000000000000000000, -0.000000000000000000 ) ) ;
#3211 = VERTEX_POINT ( 'NONE', #8619 ) ;
#3212 = FACE_OUTER_BOUND ( 'NONE', #3498, .T. ) ;
#3213 = EDGE_LOOP ( 'NONE', ( #1511, #4935, #9230, #1464 ) ) ;
#3214 = AXIS2_PLACEMENT_3D ( 'NONE', #5545, #2921, #9901 ) ;
#3215 = ADVANCED_FACE ( 'NONE', ( #6685 ), #5938, .F. ) ;
#3216 = ORIENTED_EDGE ( 'NONE', *, *, #6774, .F. ) ;
#3217 = VERTEX_POINT ( 'NONE', #88 ) ;
#3218 = EDGE_CURVE ( 'NONE', #8206, #469, #7998, .T. ) ;
#3219 = AXIS2_PLACEMENT_3D ( 'NONE', #436, #2166, #5654 ) ;
#3220 = DIRECTION ( 'NONE',  ( -4.814558332715257843E-15, 0.000000000000000000, 1.000000000000000000 ) ) ;
#3221 = CARTESIAN_POINT ( 'NONE',  ( -12.74999999999999645, 9.500000000000000000, 14.75000000000000000 ) ) ;
#3222 = CARTESIAN_POINT ( 'NONE',  ( 0.000000000000000000, 0.000000000000000000, -42.74999999999999289 ) ) ;
#3223 = ORIENTED_EDGE ( 'NONE', *, *, #5986, .T. ) ;
#3224 = EDGE_CURVE ( 'NONE', #1405, #10117, #10727, .T. ) ;
#3225 = DIRECTION ( 'NONE',  ( 0.000000000000000000, 1.000000000000000000, -0.000000000000000000 ) ) ;
#3226 = CARTESIAN_POINT ( 'NONE',  ( 4.504001642398092977E-13, 19.49999999999999645, 42.74999999999999289 ) ) ;
#3227 = EDGE_CURVE ( 'NONE', #6117, #2592, #954, .T. ) ;
#3228 = ORIENTED_EDGE ( 'NONE', *, *, #3766, .T. ) ;
#3229 = VECTOR ( 'NONE', #8677, 1000.000000000000000 ) ;
#3230 = EDGE_LOOP ( 'NONE', ( #8848, #9158, #1984, #2068, #6738, #1806, #5639 ) ) ;
#3231 = VERTEX_POINT ( 'NONE', #7942 ) ;
#3232 = CARTESIAN_POINT ( 'NONE',  ( 68.08493649053889385, 17.49999999999999645, 0.9999999999998523403 ) ) ;
#3233 = CIRCLE ( 'NONE', #4881, 27.33493649053890096 ) ;
#3234 = LINE ( 'NONE', #9579, #7821 ) ;
#3235 = CARTESIAN_POINT ( 'NONE',  ( -1.518785097687213895E-13, 19.49999999999999645, -42.74999999999999289 ) ) ;
#3236 = VERTEX_POINT ( 'NONE', #4333 ) ;
#3237 = ORIENTED_EDGE ( 'NONE', *, *, #10182, .F. ) ;
#3238 = DIRECTION ( 'NONE',  ( -0.000000000000000000, 1.000000000000000000, -0.000000000000000000 ) ) ;
#3239 = DIRECTION ( 'NONE',  ( 0.000000000000000000, 1.000000000000000000, 0.000000000000000000 ) ) ;
#3240 = ORIENTED_EDGE ( 'NONE', *, *, #9309, .F. ) ;
#3241 = VERTEX_POINT ( 'NONE', #6109 ) ;
#3242 = AXIS2_PLACEMENT_3D ( 'NONE', #400, #2184, #8192 ) ;
#3243 = DIRECTION ( 'NONE',  ( -1.000000000000000000, 0.000000000000000000, 2.220446049250312686E-15 ) ) ;
#3244 = DIRECTION ( 'NONE',  ( 0.000000000000000000, -1.000000000000000000, 0.000000000000000000 ) ) ;
#3245 = EDGE_CURVE ( 'NONE', #7872, #1405, #9598, .T. ) ;
#3246 = DIRECTION ( 'NONE',  ( 0.000000000000000000, 0.000000000000000000, 1.000000000000000000 ) ) ;
#3247 = FACE_OUTER_BOUND ( 'NONE', #8993, .T. ) ;
#3248 = ORIENTED_EDGE ( 'NONE', *, *, #10575, .F. ) ;
#3249 = CIRCLE ( 'NONE', #5441, 27.33493649053890096 ) ;
#3250 = ORIENTED_EDGE ( 'NONE', *, *, #7856, .T. ) ;
#3251 = DIRECTION ( 'NONE',  ( 5.659885683814143012E-15, 0.000000000000000000, 1.000000000000000000 ) ) ;
#3252 = DIRECTION ( 'NONE',  ( -1.000000000000000000, 0.000000000000000000, -0.000000000000000000 ) ) ;
#3253 = CIRCLE ( 'NONE', #5817, 3.000000000000000888 ) ;
#3254 = CARTESIAN_POINT ( 'NONE',  ( -41.09999999999999432, 2.500000000000000000, -2.107883832488650633 ) ) ;
#3255 = VERTEX_POINT ( 'NONE', #1928 ) ;
#3256 = AXIS2_PLACEMENT_3D ( 'NONE', #6663, #533, #11192 ) ;
#3257 = CIRCLE ( 'NONE', #4717, 0.9999999999999991118 ) ;
#3258 = EDGE_CURVE ( 'NONE', #8428, #6253, #7137, .T. ) ;
#3259 = VECTOR ( 'NONE', #3496, 1000.000000000000000 ) ;
#3260 = ORIENTED_EDGE ( 'NONE', *, *, #9686, .F. ) ;
#3261 = VERTEX_POINT ( 'NONE', #6225 ) ;
#3262 = VECTOR ( 'NONE', #9464, 1000.000000000000000 ) ;
#3263 = CARTESIAN_POINT ( 'NONE',  ( -2.857883832488646192, -34.48187929913332539, -41.09999999999999432 ) ) ;
#3264 = ADVANCED_FACE ( 'NONE', ( #5472 ), #5417, .F. ) ;
#3265 = DIRECTION ( 'NONE',  ( 0.000000000000000000, 1.000000000000000000, -0.000000000000000000 ) ) ;
#3266 = DIRECTION ( 'NONE',  ( 0.7071067811865477948, 0.000000000000000000, -0.7071067811865473507 ) ) ;
#3267 = DIRECTION ( 'NONE',  ( -5.659885683814143012E-15, 0.000000000000000000, -1.000000000000000000 ) ) ;
#3268 = LINE ( 'NONE', #7720, #11090 ) ;
#3269 = DIRECTION ( 'NONE',  ( 0.000000000000000000, 0.000000000000000000, -1.000000000000000000 ) ) ;
#3270 = AXIS2_PLACEMENT_3D ( 'NONE', #8235, #2707, #9834 ) ;
#3271 = LINE ( 'NONE', #4121, #8611 ) ;
#3272 = AXIS2_PLACEMENT_3D ( 'NONE', #56, #10484, #9508 ) ;
#3273 = VERTEX_POINT ( 'NONE', #4445 ) ;
#3274 = ORIENTED_EDGE ( 'NONE', *, *, #9476, .T. ) ;
#3275 = VECTOR ( 'NONE', #1700, 1000.000000000000000 ) ;
#3276 = CARTESIAN_POINT ( 'NONE',  ( 10.60660171779820971, 0.000000000000000000, -10.60660171779820971 ) ) ;
#3277 = VECTOR ( 'NONE', #4053, 1000.000000000000000 ) ;
#3278 = DIRECTION ( 'NONE',  ( 0.000000000000000000, 0.000000000000000000, 1.000000000000000000 ) ) ;
#3279 = CARTESIAN_POINT ( 'NONE',  ( 12.75000000000000178, 2.500000000000000000, 12.75000000000000000 ) ) ;
#3280 = ORIENTED_EDGE ( 'NONE', *, *, #833, .F. ) ;
#3281 = CARTESIAN_POINT ( 'NONE',  ( -15.33883813756184367, 17.49999999999999645, -19.92588048819943936 ) ) ;
#3282 = CARTESIAN_POINT ( 'NONE',  ( -12.45209455274893706, 2.500000000000000000, 8.761108882847494783 ) ) ;
#3283 = ORIENTED_EDGE ( 'NONE', *, *, #4281, .F. ) ;
#3284 = VECTOR ( 'NONE', #8221, 1000.000000000000000 ) ;
#3285 = PRODUCT ( '\X2\673a67b6\X0\', '\X2\673a67b6\X0\', '', ( #4667 ) ) ;
#3286 = ORIENTED_EDGE ( 'NONE', *, *, #6881, .T. ) ;
#3287 = ORIENTED_EDGE ( 'NONE', *, *, #2833, .T. ) ;
#3288 = LINE ( 'NONE', #9404, #1510 ) ;
#3289 = CIRCLE ( 'NONE', #2931, 27.33493649053890096 ) ;
#3290 = CYLINDRICAL_SURFACE ( 'NONE', #10574, 1.000000000000000888 ) ;
#3291 = FACE_OUTER_BOUND ( 'NONE', #4464, .T. ) ;
#3292 = ORIENTED_EDGE ( 'NONE', *, *, #4877, .F. ) ;
#3293 = ORIENTED_EDGE ( 'NONE', *, *, #10292, .T. ) ;
#3294 = DIRECTION ( 'NONE',  ( 1.000000000000000000, 0.000000000000000000, -1.264284836150040893E-14 ) ) ;
#3295 = FACE_OUTER_BOUND ( 'NONE', #4995, .T. ) ;
#3296 = ORIENTED_EDGE ( 'NONE', *, *, #7151, .T. ) ;
#3297 = ORIENTED_EDGE ( 'NONE', *, *, #2848, .T. ) ;
#3298 = ADVANCED_FACE ( 'NONE', ( #2844 ), #5363, .T. ) ;
#3299 = ADVANCED_FACE ( 'NONE', ( #10632 ), #1760, .T. ) ;
#3300 = CARTESIAN_POINT ( 'NONE',  ( -14.75000000000000000, 2.500000000000000000, 0.000000000000000000 ) ) ;
#3301 = CARTESIAN_POINT ( 'NONE',  ( -70.06663875629273264, 17.49999999999999645, 1.000000000000152545 ) ) ;
#3302 = EDGE_CURVE ( 'NONE', #1798, #7163, #7016, .T. ) ;
#3303 = CARTESIAN_POINT ( 'NONE',  ( -8.170310216782969093, 0.000000000000000000, -13.04289321881345032 ) ) ;
#3304 = PLANE ( 'NONE',  #4823 ) ;
#3305 = ORIENTED_EDGE ( 'NONE', *, *, #194, .T. ) ;
#3306 = ORIENTED_EDGE ( 'NONE', *, *, #4956, .F. ) ;
#3307 = DIRECTION ( 'NONE',  ( 1.000000000000000000, 0.000000000000000000, -1.548860246407864076E-16 ) ) ;
#3308 = DIRECTION ( 'NONE',  ( -1.000000000000000000, 0.000000000000000000, 2.220446049250312686E-15 ) ) ;
#3309 = DIRECTION ( 'NONE',  ( 1.000000000000000000, 0.000000000000000000, -3.557752503352412152E-15 ) ) ;
#3310 = ORIENTED_EDGE ( 'NONE', *, *, #1294, .F. ) ;
#3311 = DIRECTION ( 'NONE',  ( 0.000000000000000000, 0.000000000000000000, 1.000000000000000000 ) ) ;
#3312 = ORIENTED_EDGE ( 'NONE', *, *, #4385, .F. ) ;
#3313 = FACE_BOUND ( 'NONE', #10015, .T. ) ;
#3314 = DIRECTION ( 'NONE',  ( 0.000000000000000000, 1.000000000000000000, 0.000000000000000000 ) ) ;
#3315 = LINE ( 'NONE', #10019, #89 ) ;
#3316 = CARTESIAN_POINT ( 'NONE',  ( -1.518785097687213895E-13, 19.49999999999999645, -70.08493649053890806 ) ) ;
#3317 = ADVANCED_FACE ( 'NONE', ( #7075 ), #10578, .F. ) ;
#3318 = CARTESIAN_POINT ( 'NONE',  ( 12.75000000000000000, 2.500000000000000000, -12.75000000000000000 ) ) ;
#3319 = CARTESIAN_POINT ( 'NONE',  ( 41.09999999999999432, -34.48187929913332539, 3.607883832488642195 ) ) ;
#3320 = EDGE_CURVE ( 'NONE', #7390, #634, #3700, .T. ) ;
#3321 = CARTESIAN_POINT ( 'NONE',  ( 0.000000000000000000, 2.500000000000000000, 14.75000000000000000 ) ) ;
#3322 = EDGE_CURVE ( 'NONE', #2244, #2933, #10911, .T. ) ;
#3323 = EDGE_CURVE ( 'NONE', #1926, #3261, #9436, .T. ) ;
#3324 = VECTOR ( 'NONE', #5442, 1000.000000000000000 ) ;
#3325 = ORIENTED_EDGE ( 'NONE', *, *, #10502, .T. ) ;
#3326 = ORIENTED_EDGE ( 'NONE', *, *, #6089, .T. ) ;
#3327 = CARTESIAN_POINT ( 'NONE',  ( -9.993154529414095322, 2.690888066143957147, -11.22004890618232409 ) ) ;
#3328 = CARTESIAN_POINT ( 'NONE',  ( 1.000000000000860867, 17.49999999999999645, 68.08493649053887964 ) ) ;
#3329 = PLANE ( 'NONE',  #5564 ) ;
#3330 = PLANE ( 'NONE',  #3903 ) ;
#3331 = CARTESIAN_POINT ( 'NONE',  ( -10.33527201114170424, 0.000000000000000000, -15.92123735465101397 ) ) ;
#3332 = AXIS2_PLACEMENT_3D ( 'NONE', #6949, #556, #9321 ) ;
#3333 = ORIENTED_EDGE ( 'NONE', *, *, #10450, .F. ) ;
#3334 = CARTESIAN_POINT ( 'NONE',  ( -7.856699302196915369, 2.500000000000002220, 25.53436883186058992 ) ) ;
#3335 = DIRECTION ( 'NONE',  ( -0.000000000000000000, -1.000000000000000000, -0.000000000000000000 ) ) ;
#3336 = ORIENTED_EDGE ( 'NONE', *, *, #5539, .T. ) ;
#3337 = VECTOR ( 'NONE', #4487, 1000.000000000000000 ) ;
#3338 = EDGE_LOOP ( 'NONE', ( #7645, #409, #628, #2494 ) ) ;
#3339 = EDGE_LOOP ( 'NONE', ( #3326, #10857, #8377, #10839 ) ) ;
#3340 = ADVANCED_FACE ( 'NONE', ( #1874 ), #9657, .F. ) ;
#3341 = FACE_OUTER_BOUND ( 'NONE', #7562, .T. ) ;
#3342 = DIRECTION ( 'NONE',  ( -1.000000000000000000, 0.000000000000000000, 2.090961332650616934E-15 ) ) ;
#3343 = CARTESIAN_POINT ( 'NONE',  ( -14.87132034355964727, 2.500000000000000000, 14.87132034355963484 ) ) ;
#3344 = ORIENTED_EDGE ( 'NONE', *, *, #1283, .T. ) ;
#3345 = ORIENTED_EDGE ( 'NONE', *, *, #8201, .F. ) ;
#3346 = LINE ( 'NONE', #6998, #10974 ) ;
#3347 = LINE ( 'NONE', #5813, #1591 ) ;
#3348 = VECTOR ( 'NONE', #1241, 1000.000000000000000 ) ;
#3349 = ORIENTED_EDGE ( 'NONE', *, *, #973, .T. ) ;
#3350 = VERTEX_POINT ( 'NONE', #9765 ) ;
#3351 = VECTOR ( 'NONE', #176, 1000.000000000000000 ) ;
#3352 = EDGE_CURVE ( 'NONE', #8432, #8320, #2295, .T. ) ;
#3353 = CIRCLE ( 'NONE', #2437, 0.7500000000000006661 ) ;
#3354 = VECTOR ( 'NONE', #2868, 1000.000000000000000 ) ;
#3355 = CARTESIAN_POINT ( 'NONE',  ( -42.74999999999999289, 19.49999999999999645, 2.617682533177465764E-15 ) ) ;
#3356 = FACE_OUTER_BOUND ( 'NONE', #5419, .T. ) ;
#3357 = EDGE_CURVE ( 'NONE', #6245, #5402, #6338, .T. ) ;
#3358 = LINE ( 'NONE', #3303, #8179 ) ;
#3359 = CARTESIAN_POINT ( 'NONE',  ( -5.000000000000155431, 2.500000000000000000, -41.74999999999993605 ) ) ;
#3360 = ORIENTED_EDGE ( 'NONE', *, *, #5291, .F. ) ;
#3361 = ORIENTED_EDGE ( 'NONE', *, *, #2853, .T. ) ;
#3362 = DIRECTION ( 'NONE',  ( 0.7071067811865474617, 0.000000000000000000, -0.7071067811865476838 ) ) ;
#3363 = DIRECTION ( 'NONE',  ( 0.000000000000000000, 0.000000000000000000, -1.000000000000000000 ) ) ;
#3364 = DIRECTION ( 'NONE',  ( 0.000000000000000000, 1.000000000000000000, -0.000000000000000000 ) ) ;
#3365 = VERTEX_POINT ( 'NONE', #4607 ) ;
#3366 = FACE_OUTER_BOUND ( 'NONE', #9601, .T. ) ;
#3367 = AXIS2_PLACEMENT_3D ( 'NONE', #10601, #2760, #9728 ) ;
#3368 = ADVANCED_FACE ( 'NONE', ( #9129 ), #8271, .F. ) ;
#3369 = ORIENTED_EDGE ( 'NONE', *, *, #5490, .F. ) ;
#3370 = CARTESIAN_POINT ( 'NONE',  ( -39.27819584319912138, 24.95324863549492633, 0.9999999999999050759 ) ) ;
#3371 = AXIS2_PLACEMENT_3D ( 'NONE', #3989, #4734, #2331 ) ;
#3372 = DIRECTION ( 'NONE',  ( 0.000000000000000000, 0.000000000000000000, 1.000000000000000000 ) ) ;
#3373 = FACE_BOUND ( 'NONE', #706, .T. ) ;
#3374 = DIRECTION ( 'NONE',  ( 1.000000000000000000, 0.000000000000000000, -3.557752503352412152E-15 ) ) ;
#3375 = DIRECTION ( 'NONE',  ( 0.000000000000000000, 1.000000000000000000, -0.000000000000000000 ) ) ;
#3376 = CARTESIAN_POINT ( 'NONE',  ( 12.75000000000000000, 9.500000000000000000, -12.75000000000000000 ) ) ;
#3377 = CARTESIAN_POINT ( 'NONE',  ( 42.74999999999985079, 2.500000000000000000, -43.74999999999970868 ) ) ;
#3378 = PRODUCT_RELATED_PRODUCT_CATEGORY ( 'part', '', ( #3285 ) ) ;
#3379 = AXIS2_PLACEMENT_3D ( 'NONE', #9231, #2945, #2470 ) ;
#3380 = ORIENTED_EDGE ( 'NONE', *, *, #3029, .F. ) ;
#3381 = ADVANCED_FACE ( 'NONE', ( #482 ), #1176, .T. ) ;
#3382 = VERTEX_POINT ( 'NONE', #258 ) ;
#3383 = CARTESIAN_POINT ( 'NONE',  ( 1.000000000000000000, 2.500000000000000000, -5.659885683814142223E-15 ) ) ;
#3384 = DIRECTION ( 'NONE',  ( 1.000000000000000000, -0.000000000000000000, 0.000000000000000000 ) ) ;
#3385 = CARTESIAN_POINT ( 'NONE',  ( -46.04999999999999716, 0.000000000000000000, -0.7500000000000015543 ) ) ;
#3386 = CARTESIAN_POINT ( 'NONE',  ( 2.857883832488646192, 0.000000000000000000, -41.09999999999999432 ) ) ;
#3387 = DIRECTION ( 'NONE',  ( -0.000000000000000000, -1.000000000000000000, 0.000000000000000000 ) ) ;
#3388 = EDGE_CURVE ( 'NONE', #1456, #823, #6880, .T. ) ;
#3389 = AXIS2_PLACEMENT_3D ( 'NONE', #3094, #10074, #1372 ) ;
#3390 = CARTESIAN_POINT ( 'NONE',  ( 2.834105942048536637E-15, 17.49999999999999645, -15.41506350946109194 ) ) ;
#3391 = ORIENTED_EDGE ( 'NONE', *, *, #2591, .T. ) ;
#3392 = EDGE_CURVE ( 'NONE', #6311, #9640, #3982, .T. ) ;
#3393 = CARTESIAN_POINT ( 'NONE',  ( 42.74999999999999289, 17.49999999999999645, -2.617682533177465764E-15 ) ) ;
#3394 = DIRECTION ( 'NONE',  ( 0.000000000000000000, 0.000000000000000000, -1.000000000000000000 ) ) ;
#3395 = ORIENTED_EDGE ( 'NONE', *, *, #1008, .T. ) ;
#3396 = AXIS2_PLACEMENT_3D ( 'NONE', #1843, #2468, #6927 ) ;
#3397 = VERTEX_POINT ( 'NONE', #2092 ) ;
#3398 = ORIENTED_EDGE ( 'NONE', *, *, #41, .F. ) ;
#3399 = DIRECTION ( 'NONE',  ( 0.000000000000000000, 0.000000000000000000, 1.000000000000000000 ) ) ;
#3400 = EDGE_CURVE ( 'NONE', #1072, #6599, #1236, .T. ) ;
#3401 = CARTESIAN_POINT ( 'NONE',  ( -14.75000000000000000, 2.767949192431122363, 10.51393202250021019 ) ) ;
#3402 = DIRECTION ( 'NONE',  ( 0.000000000000000000, 0.000000000000000000, 1.000000000000000000 ) ) ;
#3403 = ORIENTED_EDGE ( 'NONE', *, *, #9044, .F. ) ;
#3404 = VERTEX_POINT ( 'NONE', #8958 ) ;
#3405 = DIRECTION ( 'NONE',  ( 2.168404344971009657E-15, -1.972152263052529514E-31, 1.000000000000000000 ) ) ;
#3406 = LINE ( 'NONE', #10393, #7260 ) ;
#3407 = VECTOR ( 'NONE', #7842, 1000.000000000000000 ) ;
#3408 = VERTEX_POINT ( 'NONE', #10055 ) ;
#3409 = CARTESIAN_POINT ( 'NONE',  ( -23.75650936579280526, 2.500000000000002220, -2.500000000000099476 ) ) ;
#3410 = AXIS2_PLACEMENT_3D ( 'NONE', #6556, #8222, #4665 ) ;
#3411 = DIRECTION ( 'NONE',  ( 0.000000000000000000, -0.000000000000000000, 1.000000000000000000 ) ) ;
#3412 = CARTESIAN_POINT ( 'NONE',  ( 2.857883832488646192, -34.48187929913332539, -40.34999999999999432 ) ) ;
#3413 = DIRECTION ( 'NONE',  ( -1.000000000000000000, 0.000000000000000000, 9.151367022657275579E-15 ) ) ;
#3414 = CARTESIAN_POINT ( 'NONE',  ( 41.75000000000007816, 1.361284592032115076E-61, 4.999999999999995559 ) ) ;
#3415 = VERTEX_POINT ( 'NONE', #1345 ) ;
#3416 = EDGE_LOOP ( 'NONE', ( #5078, #3427, #896, #5770 ) ) ;
#3417 = DIRECTION ( 'NONE',  ( 0.000000000000000000, 0.000000000000000000, -1.000000000000000000 ) ) ;
#3418 = DIRECTION ( 'NONE',  ( 0.000000000000000000, 0.000000000000000000, 1.000000000000000000 ) ) ;
#3419 = CARTESIAN_POINT ( 'NONE',  ( -1.518785097687213895E-13, 19.49999999999999645, -42.74999999999999289 ) ) ;
#3420 = ORIENTED_EDGE ( 'NONE', *, *, #9461, .T. ) ;
#3421 = DIRECTION ( 'NONE',  ( 5.659885683814143012E-15, 0.000000000000000000, 1.000000000000000000 ) ) ;
#3422 = ADVANCED_FACE ( 'NONE', ( #1119 ), #3754, .F. ) ;
#3423 = ORIENTED_EDGE ( 'NONE', *, *, #3535, .T. ) ;
#3424 = EDGE_CURVE ( 'NONE', #1249, #9104, #7428, .T. ) ;
#3425 = CIRCLE ( 'NONE', #1406, 27.33493649053890096 ) ;
#3426 = ADVANCED_FACE ( 'NONE', ( #6387 ), #7244, .T. ) ;
#3427 = ORIENTED_EDGE ( 'NONE', *, *, #7096, .F. ) ;
#3428 = FACE_BOUND ( 'NONE', #6286, .T. ) ;
#3429 = VECTOR ( 'NONE', #10638, 1000.000000000000000 ) ;
#3430 = VECTOR ( 'NONE', #12, 1000.000000000000000 ) ;
#3431 = EDGE_CURVE ( 'NONE', #10815, #6991, #9984, .T. ) ;
#3432 = DIRECTION ( 'NONE',  ( 0.000000000000000000, 1.000000000000000000, 0.000000000000000000 ) ) ;
#3433 = EDGE_CURVE ( 'NONE', #10240, #7154, #7303, .T. ) ;
#3434 = CARTESIAN_POINT ( 'NONE',  ( 5.235365066354933894E-15, 0.000000000000000000, 44.25000000000000000 ) ) ;
#3435 = CARTESIAN_POINT ( 'NONE',  ( -41.75000000000013500, 17.49999999999999645, 27.31663875629276106 ) ) ;
#3436 = DIRECTION ( 'NONE',  ( -0.000000000000000000, -1.000000000000000000, 0.000000000000000000 ) ) ;
#3437 = DIRECTION ( 'NONE',  ( 0.000000000000000000, 0.000000000000000000, -1.000000000000000000 ) ) ;
#3438 = CARTESIAN_POINT ( 'NONE',  ( 42.74999999999999289, 17.49999999999999645, -2.617682533177465764E-15 ) ) ;
#3439 = VECTOR ( 'NONE', #1755, 1000.000000000000000 ) ;
#3440 = AXIS2_PLACEMENT_3D ( 'NONE', #5556, #9966, #455 ) ;
#3441 = AXIS2_PLACEMENT_3D ( 'NONE', #6123, #8752, #7034 ) ;
#3442 = ORIENTED_EDGE ( 'NONE', *, *, #10897, .F. ) ;
#3443 = VERTEX_POINT ( 'NONE', #2209 ) ;
#3444 = LINE ( 'NONE', #4237, #6678 ) ;
#3445 = DIRECTION ( 'NONE',  ( -0.000000000000000000, -1.000000000000000000, 0.000000000000000000 ) ) ;
#3446 = EDGE_CURVE ( 'NONE', #2226, #4723, #8155, .T. ) ;
#3447 = LINE ( 'NONE', #745, #2361 ) ;
#3448 = CARTESIAN_POINT ( 'NONE',  ( -13.46485236961865972, 1.500000000000001332, 13.44851124566644707 ) ) ;
#3449 = CARTESIAN_POINT ( 'NONE',  ( 9.377744630228731282, 2.562492193388279826, 11.83545880536770056 ) ) ;
#3450 = AXIS2_PLACEMENT_3D ( 'NONE', #2658, #4480, #10616 ) ;
#3451 = EDGE_CURVE ( 'NONE', #3408, #11008, #5522, .T. ) ;
#3452 = VECTOR ( 'NONE', #3093, 1000.000000000000000 ) ;
#3453 = DIRECTION ( 'NONE',  ( 0.000000000000000000, 0.000000000000000000, 1.000000000000000000 ) ) ;
#3454 = AXIS2_PLACEMENT_3D ( 'NONE', #7898, #7092, #11277 ) ;
#3455 = ORIENTED_EDGE ( 'NONE', *, *, #3613, .T. ) ;
#3456 = DIRECTION ( 'NONE',  ( 0.000000000000000000, 1.000000000000000000, 0.000000000000000000 ) ) ;
#3457 = CARTESIAN_POINT ( 'NONE',  ( -29.06990273779339162, 85.69355547949508889, 4.321165396264235348 ) ) ;
#3458 = ORIENTED_EDGE ( 'NONE', *, *, #7904, .T. ) ;
#3459 = CIRCLE ( 'NONE', #9847, 3.000000000000000888 ) ;
#3460 = EDGE_CURVE ( 'NONE', #4955, #9315, #5601, .T. ) ;
#3461 = ORIENTED_EDGE ( 'NONE', *, *, #6051, .F. ) ;
#3462 = ORIENTED_EDGE ( 'NONE', *, *, #4485, .F. ) ;
#3463 = CARTESIAN_POINT ( 'NONE',  ( -36.43765219620534168, 3.469446951953614189E-15, 18.75998266654164581 ) ) ;
#3464 = LINE ( 'NONE', #5005, #3075 ) ;
#3465 = CARTESIAN_POINT ( 'NONE',  ( -42.74999999999999289, -34.48187929913332539, 7.853047599532400842E-15 ) ) ;
#3466 = VERTEX_POINT ( 'NONE', #7356 ) ;
#3467 = ADVANCED_FACE ( 'NONE', ( #9990 ), #2953, .T. ) ;
#3468 = AXIS2_PLACEMENT_3D ( 'NONE', #1981, #5416, #1068 ) ;
#3469 = ORIENTED_EDGE ( 'NONE', *, *, #4706, .F. ) ;
#3470 = DIRECTION ( 'NONE',  ( 1.000000000000000000, 0.000000000000000000, -2.168404344971009657E-15 ) ) ;
#3471 = DIRECTION ( 'NONE',  ( 0.000000000000000000, 0.000000000000000000, 1.000000000000000000 ) ) ;
#3472 = ORIENTED_EDGE ( 'NONE', *, *, #5898, .T. ) ;
#3473 = CARTESIAN_POINT ( 'NONE',  ( -29.01303099374660022, 1.500000000000000666, 23.35617674425419921 ) ) ;
#3474 = EDGE_CURVE ( 'NONE', #3217, #6882, #2127, .T. ) ;
#3475 = ADVANCED_FACE ( 'NONE', ( #1403 ), #5011, .T. ) ;
#3476 = EDGE_CURVE ( 'NONE', #10606, #6476, #6347, .T. ) ;
#3477 = CIRCLE ( 'NONE', #6391, 0.7500000000000006661 ) ;
#3478 = DIRECTION ( 'NONE',  ( -0.000000000000000000, 0.000000000000000000, 1.000000000000000000 ) ) ;
#3479 = LINE ( 'NONE', #4326, #10674 ) ;
#3480 = DIRECTION ( 'NONE',  ( -0.000000000000000000, 1.000000000000000000, -0.000000000000000000 ) ) ;
#3481 = CARTESIAN_POINT ( 'NONE',  ( 2.857883832488651077, 2.500000000000000000, 41.84999999999999432 ) ) ;
#3482 = VERTEX_POINT ( 'NONE', #6892 ) ;
#3483 = ORIENTED_EDGE ( 'NONE', *, *, #465, .F. ) ;
#3484 = CARTESIAN_POINT ( 'NONE',  ( 12.75000000000000178, 9.500000000000000000, 12.75000000000000000 ) ) ;
#3485 = DIRECTION ( 'NONE',  ( 0.000000000000000000, 1.000000000000000000, 0.000000000000000000 ) ) ;
#3486 = CARTESIAN_POINT ( 'NONE',  ( -26.89171065018694406, 2.500000000000000000, 9.214041120523267736 ) ) ;
#3487 = VERTEX_POINT ( 'NONE', #5125 ) ;
#3488 = CARTESIAN_POINT ( 'NONE',  ( -1.000000000000303757, 17.49999999999999645, -85.49999999999998579 ) ) ;
#3489 = ORIENTED_EDGE ( 'NONE', *, *, #9995, .T. ) ;
#3490 = ORIENTED_EDGE ( 'NONE', *, *, #2175, .T. ) ;
#3491 = FACE_BOUND ( 'NONE', #7265, .T. ) ;
#3492 = LINE ( 'NONE', #8688, #2171 ) ;
#3493 = CARTESIAN_POINT ( 'NONE',  ( 46.04999999999999716, 2.500000000000000000, -0.7500000000000015543 ) ) ;
#3494 = PLANE ( 'NONE',  #793 ) ;
#3495 = CARTESIAN_POINT ( 'NONE',  ( -4.321165396264175840, 85.69355547949508889, 29.06990273779332767 ) ) ;
#3496 = DIRECTION ( 'NONE',  ( -0.000000000000000000, -1.000000000000000000, -0.000000000000000000 ) ) ;
#3497 = LINE ( 'NONE', #4461, #2418 ) ;
#3498 = EDGE_LOOP ( 'NONE', ( #1915, #10383, #6925 ) ) ;
#3499 = EDGE_LOOP ( 'NONE', ( #5860, #9545, #1861, #2430, #10718, #7274, #9858, #6911, #4050, #6612, #3592, #3361, #5755 ) ) ;
#3500 = CARTESIAN_POINT ( 'NONE',  ( -2.361632442978119695, 27.36039051652360854, 43.75000000000009948 ) ) ;
#3501 = DIRECTION ( 'NONE',  ( -1.000000000000000000, 0.000000000000000000, -8.306039671558391198E-15 ) ) ;
#3502 = CARTESIAN_POINT ( 'NONE',  ( -6.506509365792719990, 2.500000000000000000, 14.75000000000000000 ) ) ;
#3503 = CARTESIAN_POINT ( 'NONE',  ( -14.87132034355964727, 0.000000000000000000, 14.87132034355963484 ) ) ;
#3504 = CARTESIAN_POINT ( 'NONE',  ( -4.898979485566376191, 2.500000000000000000, 41.75000000000012079 ) ) ;
#3505 = DIRECTION ( 'NONE',  ( 2.168404344971008868E-15, 0.000000000000000000, 1.000000000000000000 ) ) ;
#3506 = ORIENTED_EDGE ( 'NONE', *, *, #7878, .T. ) ;
#3507 = CARTESIAN_POINT ( 'NONE',  ( 12.75000000000000000, 9.500000000000000000, -12.75000000000000000 ) ) ;
#3508 = FACE_OUTER_BOUND ( 'NONE', #6782, .T. ) ;
#3509 = ORIENTED_EDGE ( 'NONE', *, *, #7719, .F. ) ;
#3510 = VECTOR ( 'NONE', #6015, 1000.000000000000000 ) ;
#3511 = EDGE_CURVE ( 'NONE', #3382, #6567, #11089, .T. ) ;
#3512 = EDGE_CURVE ( 'NONE', #3980, #9007, #485, .T. ) ;
#3513 = ORIENTED_EDGE ( 'NONE', *, *, #1576, .T. ) ;
#3514 = ORIENTED_EDGE ( 'NONE', *, *, #7024, .F. ) ;
#3515 = CIRCLE ( 'NONE', #2792, 27.33493649053890096 ) ;
#3516 = DIRECTION ( 'NONE',  ( -1.000000000000000000, 0.000000000000000000, 1.039958424056858815E-14 ) ) ;
#3517 = CARTESIAN_POINT ( 'NONE',  ( 22.98331580928430640, 19.49999999999999645, -27.95250199011703174 ) ) ;
#3518 = EDGE_CURVE ( 'NONE', #11313, #1273, #4338, .T. ) ;
#3519 = CARTESIAN_POINT ( 'NONE',  ( 12.75000000000000000, 4.500000000000000888, -10.75000000000000000 ) ) ;
#3520 = ORIENTED_EDGE ( 'NONE', *, *, #878, .F. ) ;
#3521 = ORIENTED_EDGE ( 'NONE', *, *, #3171, .F. ) ;
#3522 = CYLINDRICAL_SURFACE ( 'NONE', #3835, 25.00000000000000355 ) ;
#3523 = DIRECTION ( 'NONE',  ( 0.000000000000000000, 0.000000000000000000, 1.000000000000000000 ) ) ;
#3524 = EDGE_LOOP ( 'NONE', ( #8638, #9081, #268 ) ) ;
#3525 = CARTESIAN_POINT ( 'NONE',  ( 1.000000000000014655, 17.49999999999999645, 15.43336124370722828 ) ) ;
#3526 = AXIS2_PLACEMENT_3D ( 'NONE', #999, #1865, #137 ) ;
#3527 = EDGE_CURVE ( 'NONE', #6311, #5117, #9811, .T. ) ;
#3528 = CARTESIAN_POINT ( 'NONE',  ( 0.000000000000000000, -34.48187929913332539, -42.74999999999999289 ) ) ;
#3529 = EDGE_CURVE ( 'NONE', #8309, #6334, #2325, .T. ) ;
#3530 = CARTESIAN_POINT ( 'NONE',  ( -43.75000000000007816, 27.36039051652360854, -2.361632442978581103 ) ) ;
#3531 = DIRECTION ( 'NONE',  ( -0.000000000000000000, -1.000000000000000000, -0.000000000000000000 ) ) ;
#3532 = CIRCLE ( 'NONE', #8997, 3.000000000000000888 ) ;
#3533 = DIRECTION ( 'NONE',  ( 1.000000000000000000, -1.972152263052529514E-31, 8.306039671558391198E-15 ) ) ;
#3534 = VERTEX_POINT ( 'NONE', #595 ) ;
#3535 = EDGE_CURVE ( 'NONE', #9559, #3236, #3970, .T. ) ;
#3536 = VERTEX_POINT ( 'NONE', #6781 ) ;
#3537 = LINE ( 'NONE', #4216, #11331 ) ;
#3538 = DIRECTION ( 'NONE',  ( 0.000000000000000000, 0.000000000000000000, 1.000000000000000000 ) ) ;
#3539 = DIRECTION ( 'NONE',  ( 0.000000000000000000, 1.000000000000000000, -0.000000000000000000 ) ) ;
#3540 = VERTEX_POINT ( 'NONE', #10223 ) ;
#3541 = DIRECTION ( 'NONE',  ( 0.000000000000000000, 1.000000000000000000, 0.000000000000000000 ) ) ;
#3542 = ORIENTED_EDGE ( 'NONE', *, *, #343, .F. ) ;
#3543 = VECTOR ( 'NONE', #1868, 1000.000000000000000 ) ;
#3544 = VECTOR ( 'NONE', #5779, 1000.000000000000000 ) ;
#3545 = DIRECTION ( 'NONE',  ( 0.000000000000000000, 1.000000000000000000, 0.000000000000000000 ) ) ;
#3546 = FACE_OUTER_BOUND ( 'NONE', #1213, .T. ) ;
#3547 = DIRECTION ( 'NONE',  ( -0.000000000000000000, -1.000000000000000000, 0.000000000000000000 ) ) ;
#3548 = DIRECTION ( 'NONE',  ( 1.000000000000000000, 0.000000000000000000, -3.553859168040306887E-15 ) ) ;
#3549 = CARTESIAN_POINT ( 'NONE',  ( -2.500000000000150102, -34.48187929913332539, 9.022110935326342307E-15 ) ) ;
#3550 = CARTESIAN_POINT ( 'NONE',  ( 14.75000000000000355, 0.000000000000000000, -6.463203435596416746 ) ) ;
#3551 = CIRCLE ( 'NONE', #3367, 2.000000000000001776 ) ;
#3552 = FACE_OUTER_BOUND ( 'NONE', #2791, .T. ) ;
#3553 = EDGE_CURVE ( 'NONE', #10468, #6667, #4207, .T. ) ;
#3554 = AXIS2_PLACEMENT_3D ( 'NONE', #6049, #894, #3591 ) ;
#3555 = CARTESIAN_POINT ( 'NONE',  ( -12.75000000000000000, 9.500000000000000000, -12.75000000000000000 ) ) ;
#3556 = CIRCLE ( 'NONE', #1719, 25.35466440282023370 ) ;
#3557 = VECTOR ( 'NONE', #5016, 1000.000000000000000 ) ;
#3558 = ORIENTED_EDGE ( 'NONE', *, *, #10696, .F. ) ;
#3559 = ORIENTED_EDGE ( 'NONE', *, *, #2974, .F. ) ;
#3560 = CARTESIAN_POINT ( 'NONE',  ( -1.518785097687213895E-13, 17.49999999999999645, -42.74999999999999289 ) ) ;
#3561 = LINE ( 'NONE', #8816, #5004 ) ;
#3562 = LINE ( 'NONE', #6, #5281 ) ;
#3563 = DIRECTION ( 'NONE',  ( -1.000000000000000000, 0.000000000000000000, 2.220446049250312292E-15 ) ) ;
#3564 = DIRECTION ( 'NONE',  ( 1.264284836150040893E-14, 0.000000000000000000, 1.000000000000000000 ) ) ;
#3565 = FACE_OUTER_BOUND ( 'NONE', #8541, .T. ) ;
#3566 = ORIENTED_EDGE ( 'NONE', *, *, #4450, .F. ) ;
#3567 = CARTESIAN_POINT ( 'NONE',  ( -6.133173666733496158E-15, 1.500000000000001332, -6.133173666733496158E-15 ) ) ;
#3568 = CARTESIAN_POINT ( 'NONE',  ( -3.471804156800412766, 24.95324863549492633, 43.75000000000011369 ) ) ;
#3569 = AXIS2_PLACEMENT_3D ( 'NONE', #8818, #11234, #746 ) ;
#3570 = EDGE_LOOP ( 'NONE', ( #4810, #5325, #8452, #3757, #5254, #4638, #4159, #9261 ) ) ;
#3571 = EDGE_CURVE ( 'NONE', #6311, #5117, #3347, .T. ) ;
#3572 = ADVANCED_FACE ( 'NONE', ( #4258 ), #11254, .F. ) ;
#3573 = VERTEX_POINT ( 'NONE', #4149 ) ;
#3574 = ORIENTED_EDGE ( 'NONE', *, *, #1577, .T. ) ;
#3575 = AXIS2_PLACEMENT_3D ( 'NONE', #4690, #8185, #8070 ) ;
#3576 = CARTESIAN_POINT ( 'NONE',  ( 9.285898384862246502, 2.500000000000000000, 14.75000000000000000 ) ) ;
#3577 = ADVANCED_FACE ( 'NONE', ( #3295 ), #7643, .T. ) ;
#3578 = ADVANCED_FACE ( 'NONE', ( #7697 ), #11198, .T. ) ;
#3579 = DIRECTION ( 'NONE',  ( 0.000000000000000000, 1.000000000000000000, 0.000000000000000000 ) ) ;
#3580 = ORIENTED_EDGE ( 'NONE', *, *, #2809, .F. ) ;
#3581 = ORIENTED_EDGE ( 'NONE', *, *, #7066, .F. ) ;
#3582 = PLANE ( 'NONE',  #2378 ) ;
#3583 = DIRECTION ( 'NONE',  ( 0.7071067811865474617, 0.000000000000000000, 0.7071067811865474617 ) ) ;
#3584 = VERTEX_POINT ( 'NONE', #10333 ) ;
#3585 = CARTESIAN_POINT ( 'NONE',  ( 2.499999999999965361, 0.000000000000000000, -2.500000000000015099 ) ) ;
#3586 = AXIS2_PLACEMENT_3D ( 'NONE', #802, #2702, #8699 ) ;
#3587 = CARTESIAN_POINT ( 'NONE',  ( 41.75000000000014211, 17.49999999999999645, -42.74999999999999289 ) ) ;
#3588 = CYLINDRICAL_SURFACE ( 'NONE', #7576, 25.35466440282023370 ) ;
#3589 = AXIS2_PLACEMENT_3D ( 'NONE', #8400, #551, #3833 ) ;
#3590 = DIRECTION ( 'NONE',  ( 0.000000000000000000, 0.000000000000000000, 1.000000000000000000 ) ) ;
#3591 = DIRECTION ( 'NONE',  ( -1.000000000000000000, 0.000000000000000000, 1.039958424056858815E-14 ) ) ;
#3592 = ORIENTED_EDGE ( 'NONE', *, *, #3512, .T. ) ;
#3593 = VERTEX_POINT ( 'NONE', #9469 ) ;
#3594 = DIRECTION ( 'NONE',  ( 0.7071067811865474617, 0.000000000000000000, -0.7071067811865474617 ) ) ;
#3595 = DIRECTION ( 'NONE',  ( 0.000000000000000000, 1.000000000000000000, 0.000000000000000000 ) ) ;
#3596 = DIRECTION ( 'NONE',  ( 0.000000000000000000, 0.000000000000000000, 1.000000000000000000 ) ) ;
#3597 = EDGE_LOOP ( 'NONE', ( #6385, #6130, #4134, #8145 ) ) ;
#3598 = VERTEX_POINT ( 'NONE', #5983 ) ;
#3599 = AXIS2_PLACEMENT_3D ( 'NONE', #10105, #5641, #9069 ) ;
#3600 = EDGE_CURVE ( 'NONE', #3680, #11229, #3406, .T. ) ;
#3601 = CARTESIAN_POINT ( 'NONE',  ( 18.92588048819949620, 19.49999999999999645, -15.33883813756178860 ) ) ;
#3602 = DIRECTION ( 'NONE',  ( 0.000000000000000000, 0.000000000000000000, -1.000000000000000000 ) ) ;
#3603 = DIRECTION ( 'NONE',  ( 9.151367022657275579E-15, 0.000000000000000000, 1.000000000000000000 ) ) ;
#3604 = LINE ( 'NONE', #10591, #3027 ) ;
#3605 = CARTESIAN_POINT ( 'NONE',  ( 1.000000000000000000, 17.49999999999999645, -1.264284836150040893E-14 ) ) ;
#3606 = LINE ( 'NONE', #8805, #5410 ) ;
#3607 = CIRCLE ( 'NONE', #3053, 3.000000000000000888 ) ;
#3608 = FACE_OUTER_BOUND ( 'NONE', #10647, .T. ) ;
#3609 = AXIS2_PLACEMENT_3D ( 'NONE', #2088, #9874, #5518 ) ;
#3610 = LINE ( 'NONE', #10646, #3692 ) ;
#3611 = ADVANCED_FACE ( 'NONE', ( #4319 ), #7926, .T. ) ;
#3612 = CIRCLE ( 'NONE', #11136, 3.000000000000000888 ) ;
#3613 = EDGE_CURVE ( 'NONE', #1945, #11137, #10180, .T. ) ;
#3614 = ORIENTED_EDGE ( 'NONE', *, *, #11242, .F. ) ;
#3615 = VERTEX_POINT ( 'NONE', #8882 ) ;
#3616 = LINE ( 'NONE', #2060, #2849 ) ;
#3617 = DIRECTION ( 'NONE',  ( 0.000000000000000000, 1.000000000000000000, 0.000000000000000000 ) ) ;
#3618 = DIRECTION ( 'NONE',  ( 0.000000000000000000, -1.000000000000000000, 0.000000000000000000 ) ) ;
#3619 = CARTESIAN_POINT ( 'NONE',  ( 4.535052151002462099E-13, 19.49999999999999645, 68.10466440282023370 ) ) ;
#3620 = DIRECTION ( 'NONE',  ( 0.000000000000000000, -1.000000000000000000, 0.000000000000000000 ) ) ;
#3621 = ORIENTED_EDGE ( 'NONE', *, *, #8712, .T. ) ;
#3622 = AXIS2_PLACEMENT_3D ( 'NONE', #4493, #3695, #6270 ) ;
#3623 = DIRECTION ( 'NONE',  ( -0.7071067811865474617, 0.000000000000000000, 0.7071067811865474617 ) ) ;
#3624 = CYLINDRICAL_SURFACE ( 'NONE', #2142, 5.000000000000000888 ) ;
#3625 = VECTOR ( 'NONE', #1955, 1000.000000000000000 ) ;
#3626 = EDGE_LOOP ( 'NONE', ( #9300, #7744, #10777, #3398, #67, #5213, #10160 ) ) ;
#3627 = ORIENTED_EDGE ( 'NONE', *, *, #1001, .F. ) ;
#3628 = ORIENTED_EDGE ( 'NONE', *, *, #9756, .F. ) ;
#3629 = VECTOR ( 'NONE', #10328, 1000.000000000000000 ) ;
#3630 = CIRCLE ( 'NONE', #10764, 25.35466440282023370 ) ;
#3631 = DIRECTION ( 'NONE',  ( 0.000000000000000000, 0.000000000000000000, 1.000000000000000000 ) ) ;
#3632 = FACE_OUTER_BOUND ( 'NONE', #7517, .T. ) ;
#3633 = ORIENTED_EDGE ( 'NONE', *, *, #8902, .F. ) ;
#3634 = ORIENTED_EDGE ( 'NONE', *, *, #4058, .T. ) ;
#3635 = DIRECTION ( 'NONE',  ( -1.000000000000000000, 0.000000000000000000, 2.168404344971008079E-15 ) ) ;
#3636 = LINE ( 'NONE', #1917, #5428 ) ;
#3637 = ORIENTED_EDGE ( 'NONE', *, *, #7934, .T. ) ;
#3638 = DIRECTION ( 'NONE',  ( 9.151367022657275579E-15, 1.972152263052529514E-31, 1.000000000000000000 ) ) ;
#3639 = VECTOR ( 'NONE', #6452, 1000.000000000000000 ) ;
#3640 = VECTOR ( 'NONE', #2907, 1000.000000000000000 ) ;
#3641 = CYLINDRICAL_SURFACE ( 'NONE', #415, 1.000000000000000888 ) ;
#3642 = DIRECTION ( 'NONE',  ( -0.000000000000000000, -1.000000000000000000, 0.000000000000000000 ) ) ;
#3643 = VECTOR ( 'NONE', #10992, 1000.000000000000000 ) ;
#3644 = LINE ( 'NONE', #9651, #9645 ) ;
#3645 = DIRECTION ( 'NONE',  ( -0.000000000000000000, -1.000000000000000000, 0.000000000000000000 ) ) ;
#3646 = ORIENTED_EDGE ( 'NONE', *, *, #4610, .T. ) ;
#3647 = ORIENTED_EDGE ( 'NONE', *, *, #4794, .T. ) ;
#3648 = DIRECTION ( 'NONE',  ( -1.000000000000000000, 8.326672684688673067E-16, 2.168404344971008474E-15 ) ) ;
#3649 = DIRECTION ( 'NONE',  ( 0.000000000000000000, 0.000000000000000000, -1.000000000000000000 ) ) ;
#3650 = DIRECTION ( 'NONE',  ( -4.814558332715257054E-15, 1.972152263052529514E-31, 1.000000000000000000 ) ) ;
#3651 = ORIENTED_EDGE ( 'NONE', *, *, #7001, .T. ) ;
#3652 = AXIS2_PLACEMENT_3D ( 'NONE', #8606, #21, #6946 ) ;
#3653 = EDGE_CURVE ( 'NONE', #6388, #9933, #4484, .T. ) ;
#3654 = DIRECTION ( 'NONE',  ( -2.168404344971008868E-16, 0.000000000000000000, 1.000000000000000000 ) ) ;
#3655 = DIRECTION ( 'NONE',  ( 0.000000000000000000, 0.000000000000000000, 1.000000000000000000 ) ) ;
#3656 = FACE_OUTER_BOUND ( 'NONE', #5365, .T. ) ;
#3657 = FACE_OUTER_BOUND ( 'NONE', #5652, .T. ) ;
#3658 = DIRECTION ( 'NONE',  ( 0.000000000000000000, -0.000000000000000000, 1.000000000000000000 ) ) ;
#3659 = ORIENTED_EDGE ( 'NONE', *, *, #3704, .T. ) ;
#3660 = VECTOR ( 'NONE', #8259, 1000.000000000000000 ) ;
#3661 = CARTESIAN_POINT ( 'NONE',  ( -41.75000000000011369, 17.49999999999999645, 25.33493649053891161 ) ) ;
#3662 = CYLINDRICAL_SURFACE ( 'NONE', #3454, 1.000000000000000888 ) ;
#3663 = EDGE_CURVE ( 'NONE', #5402, #6245, #6704, .T. ) ;
#3664 = CARTESIAN_POINT ( 'NONE',  ( 13.04289321881345387, 2.500000000000000000, 8.170310216782979751 ) ) ;
#3665 = ORIENTED_EDGE ( 'NONE', *, *, #8948, .T. ) ;
#3666 = EDGE_CURVE ( 'NONE', #6724, #8935, #3233, .T. ) ;
#3667 = EDGE_LOOP ( 'NONE', ( #348, #9794, #7292, #6354, #7923, #3679 ) ) ;
#3668 = CARTESIAN_POINT ( 'NONE',  ( 85.49999999999998579, 17.49999999999999645, -1.000000000000005329 ) ) ;
#3669 = DIRECTION ( 'NONE',  ( 0.000000000000000000, 1.000000000000000000, -0.000000000000000000 ) ) ;
#3670 = DIRECTION ( 'NONE',  ( -1.000000000000000000, 0.000000000000000000, 1.264284836150040893E-14 ) ) ;
#3671 = DIRECTION ( 'NONE',  ( 0.000000000000000000, 1.000000000000000000, -0.000000000000000000 ) ) ;
#3672 = EDGE_CURVE ( 'NONE', #10178, #10117, #4432, .T. ) ;
#3673 = ORIENTED_EDGE ( 'NONE', *, *, #1481, .F. ) ;
#3674 = EDGE_CURVE ( 'NONE', #5482, #3055, #6947, .T. ) ;
#3675 = CARTESIAN_POINT ( 'NONE',  ( 27.33493649053875529, 17.49999999999999645, -41.75000000000014211 ) ) ;
#3676 = CARTESIAN_POINT ( 'NONE',  ( 10.62825468289635644, 85.69355547949508889, -10.62825468289633690 ) ) ;
#3677 = EDGE_CURVE ( 'NONE', #4815, #1289, #6154, .T. ) ;
#3678 = VERTEX_POINT ( 'NONE', #9585 ) ;
#3679 = ORIENTED_EDGE ( 'NONE', *, *, #1580, .F. ) ;
#3680 = VERTEX_POINT ( 'NONE', #2551 ) ;
#3681 = CYLINDRICAL_SURFACE ( 'NONE', #771, 2.000000000000000000 ) ;
#3682 = CARTESIAN_POINT ( 'NONE',  ( -2.168404344971008868E-15, 17.49999999999999645, -1.000000000000000000 ) ) ;
#3683 = AXIS2_PLACEMENT_3D ( 'NONE', #2410, #9438, #2359 ) ;
#3684 = ORIENTED_EDGE ( 'NONE', *, *, #2110, .T. ) ;
#3685 = ORIENTED_EDGE ( 'NONE', *, *, #6978, .T. ) ;
#3686 = LINE ( 'NONE', #5511, #6034 ) ;
#3687 = PLANE ( 'NONE',  #9073 ) ;
#3688 = ADVANCED_FACE ( 'NONE', ( #2664 ), #10620, .T. ) ;
#3689 = ORIENTED_EDGE ( 'NONE', *, *, #4161, .F. ) ;
#3690 = FACE_OUTER_BOUND ( 'NONE', #4738, .T. ) ;
#3691 = EDGE_CURVE ( 'NONE', #11121, #7190, #9526, .T. ) ;
#3692 = VECTOR ( 'NONE', #3716, 1000.000000000000000 ) ;
#3693 = CARTESIAN_POINT ( 'NONE',  ( 24.41336361528509613, 2.500000000000000000, -2.499999999999963585 ) ) ;
#3694 = DIRECTION ( 'NONE',  ( 0.000000000000000000, 1.000000000000000000, 0.000000000000000000 ) ) ;
#3695 = DIRECTION ( 'NONE',  ( 0.000000000000000000, 1.000000000000000000, -0.000000000000000000 ) ) ;
#3696 = DIRECTION ( 'NONE',  ( 0.000000000000000000, 0.000000000000000000, 1.000000000000000000 ) ) ;
#3697 = ORIENTED_EDGE ( 'NONE', *, *, #8349, .F. ) ;
#3698 = ORIENTED_EDGE ( 'NONE', *, *, #2993, .F. ) ;
#3699 = CARTESIAN_POINT ( 'NONE',  ( -27.28291891559792504, 17.49999999999999645, -22.53814889626740126 ) ) ;
#3700 = LINE ( 'NONE', #840, #1397 ) ;
#3701 = DIRECTION ( 'NONE',  ( 0.000000000000000000, -1.000000000000000000, 0.000000000000000000 ) ) ;
#3702 = ORIENTED_EDGE ( 'NONE', *, *, #1225, .T. ) ;
#3703 = AXIS2_PLACEMENT_3D ( 'NONE', #9350, #1513, #3399 ) ;
#3704 = EDGE_CURVE ( 'NONE', #8996, #9699, #8725, .T. ) ;
#3705 = EDGE_CURVE ( 'NONE', #10863, #3006, #884, .T. ) ;
#3706 = AXIS2_PLACEMENT_3D ( 'NONE', #1612, #520, #1382 ) ;
#3707 = FACE_OUTER_BOUND ( 'NONE', #3338, .T. ) ;
#3708 = DIRECTION ( 'NONE',  ( 0.000000000000000000, 0.000000000000000000, 1.000000000000000000 ) ) ;
#3709 = DIRECTION ( 'NONE',  ( 0.000000000000000000, 0.000000000000000000, -1.000000000000000000 ) ) ;
#3710 = FACE_BOUND ( 'NONE', #9969, .T. ) ;
#3711 = CARTESIAN_POINT ( 'NONE',  ( -12.74999999999999645, 2.500000000000000000, 11.75000000000000000 ) ) ;
#3712 = ORIENTED_EDGE ( 'NONE', *, *, #10807, .F. ) ;
#3713 = DIRECTION ( 'NONE',  ( 0.000000000000000000, 0.000000000000000000, 1.000000000000000000 ) ) ;
#3714 = FACE_OUTER_BOUND ( 'NONE', #3080, .T. ) ;
#3715 = EDGE_CURVE ( 'NONE', #3415, #188, #5347, .T. ) ;
#3716 = DIRECTION ( 'NONE',  ( 0.000000000000000000, 1.000000000000000000, 0.000000000000000000 ) ) ;
#3717 = CIRCLE ( 'NONE', #1153, 27.33493649053890096 ) ;
#3718 = VECTOR ( 'NONE', #5675, 999.9999999999998863 ) ;
#3719 = ORIENTED_EDGE ( 'NONE', *, *, #9087, .T. ) ;
#3720 = ORIENTED_EDGE ( 'NONE', *, *, #1514, .F. ) ;
#3721 = CARTESIAN_POINT ( 'NONE',  ( -29.01303099374660022, 47.49999999999998579, 23.35617674425419921 ) ) ;
#3722 = VECTOR ( 'NONE', #2229, 999.9999999999998863 ) ;
#3723 = CARTESIAN_POINT ( 'NONE',  ( 5.639498510073560199E-15, 2.500000000000000000, 46.04999999999999716 ) ) ;
#3724 = AXIS2_PLACEMENT_3D ( 'NONE', #2233, #5719, #4975 ) ;
#3725 = PLANE ( 'NONE',  #9042 ) ;
#3726 = CARTESIAN_POINT ( 'NONE',  ( 4.504001642398092977E-13, 19.49999999999999645, 42.74999999999999289 ) ) ;
#3727 = CARTESIAN_POINT ( 'NONE',  ( 18.75650936579273065, 2.500000000000002220, -2.499999999999950262 ) ) ;
#3728 = ORIENTED_EDGE ( 'NONE', *, *, #1443, .F. ) ;
#3729 = LINE ( 'NONE', #2016, #11189 ) ;
#3730 = PLANE ( 'NONE',  #9460 ) ;
#3731 = ORIENTED_EDGE ( 'NONE', *, *, #4023, .T. ) ;
#3732 = AXIS2_PLACEMENT_3D ( 'NONE', #8613, #2557, #8671 ) ;
#3733 = ORIENTED_EDGE ( 'NONE', *, *, #7412, .F. ) ;
#3734 = EDGE_LOOP ( 'NONE', ( #8385, #9908 ) ) ;
#3735 = EDGE_CURVE ( 'NONE', #8199, #3145, #1222, .T. ) ;
#3736 = CARTESIAN_POINT ( 'NONE',  ( 15.33883813756172643, 19.49999999999999645, -18.92588048819955659 ) ) ;
#3737 = VECTOR ( 'NONE', #10312, 1000.000000000000000 ) ;
#3738 = LINE ( 'NONE', #1158, #1243 ) ;
#3739 = ORIENTED_EDGE ( 'NONE', *, *, #1858, .T. ) ;
#3740 = ORIENTED_EDGE ( 'NONE', *, *, #4760, .F. ) ;
#3741 = DIRECTION ( 'NONE',  ( -0.7071067811865483499, 0.000000000000000000, 0.7071067811865467956 ) ) ;
#3742 = CARTESIAN_POINT ( 'NONE',  ( 2.499999999999995559, 2.500000000000000000, -18.75650936579271288 ) ) ;
#3743 = ORIENTED_EDGE ( 'NONE', *, *, #8122, .T. ) ;
#3744 = AXIS2_PLACEMENT_3D ( 'NONE', #6754, #5033, #6695 ) ;
#3745 = VECTOR ( 'NONE', #11267, 1000.000000000000000 ) ;
#3746 = EDGE_CURVE ( 'NONE', #9071, #10433, #5299, .T. ) ;
#3747 = LINE ( 'NONE', #10732, #5366 ) ;
#3748 = CARTESIAN_POINT ( 'NONE',  ( 42.74999999999999289, -34.48187929913332539, -2.617682533177465764E-15 ) ) ;
#3749 = CARTESIAN_POINT ( 'NONE',  ( 12.75000000000000178, 9.500000000000000000, 12.75000000000000000 ) ) ;
#3750 = LINE ( 'NONE', #1115, #6701 ) ;
#3751 = ORIENTED_EDGE ( 'NONE', *, *, #1015, .T. ) ;
#3752 = ORIENTED_EDGE ( 'NONE', *, *, #416, .T. ) ;
#3753 = DIRECTION ( 'NONE',  ( 0.7071067811865469066, 0.000000000000000000, 0.7071067811865482389 ) ) ;
#3754 = CYLINDRICAL_SURFACE ( 'NONE', #1765, 1.000000000000000888 ) ;
#3755 = AXIS2_PLACEMENT_3D ( 'NONE', #10870, #7366, #3019 ) ;
#3756 = CARTESIAN_POINT ( 'NONE',  ( 5.639498510073560199E-15, -34.48187929913332539, 46.04999999999999716 ) ) ;
#3757 = ORIENTED_EDGE ( 'NONE', *, *, #568, .F. ) ;
#3758 = ORIENTED_EDGE ( 'NONE', *, *, #1444, .T. ) ;
#3759 = VECTOR ( 'NONE', #5486, 1000.000000000000000 ) ;
#3760 = DIRECTION ( 'NONE',  ( -0.000000000000000000, -1.000000000000000000, 0.000000000000000000 ) ) ;
#3761 = DIRECTION ( 'NONE',  ( 0.000000000000000000, 0.000000000000000000, 1.000000000000000000 ) ) ;
#3762 = LINE ( 'NONE', #8963, #3640 ) ;
#3763 = FACE_BOUND ( 'NONE', #9467, .T. ) ;
#3764 = CARTESIAN_POINT ( 'NONE',  ( -1.000000000000000000, 17.49999999999999645, 1.264284836150040893E-14 ) ) ;
#3765 = ORIENTED_EDGE ( 'NONE', *, *, #8463, .T. ) ;
#3766 = EDGE_CURVE ( 'NONE', #10026, #6476, #4142, .T. ) ;
#3767 = EDGE_LOOP ( 'NONE', ( #8796, #6763, #5000, #6083 ) ) ;
#3768 = FACE_OUTER_BOUND ( 'NONE', #1044, .T. ) ;
#3769 = DIRECTION ( 'NONE',  ( -0.000000000000000000, -1.000000000000000000, 0.000000000000000000 ) ) ;
#3770 = DIRECTION ( 'NONE',  ( -0.000000000000000000, -1.000000000000000000, 0.000000000000000000 ) ) ;
#3771 = CARTESIAN_POINT ( 'NONE',  ( 12.75000000000000000, 2.500000000000000000, -12.75000000000000000 ) ) ;
#3772 = EDGE_CURVE ( 'NONE', #5482, #11243, #3636, .T. ) ;
#3773 = AXIS2_PLACEMENT_3D ( 'NONE', #1648, #5138, #8455 ) ;
#3774 = AXIS2_PLACEMENT_3D ( 'NONE', #6844, #9652, #10341 ) ;
#3775 = EDGE_CURVE ( 'NONE', #3939, #1147, #5405, .T. ) ;
#3776 = ADVANCED_FACE ( 'NONE', ( #190 ), #3687, .T. ) ;
#3777 = VERTEX_POINT ( 'NONE', #3742 ) ;
#3778 = ORIENTED_EDGE ( 'NONE', *, *, #5129, .F. ) ;
#3779 = LINE ( 'NONE', #3668, #8685 ) ;
#3780 = AXIS2_PLACEMENT_3D ( 'NONE', #9486, #9423, #4217 ) ;
#3781 = LINE ( 'NONE', #2116, #5087 ) ;
#3782 = CARTESIAN_POINT ( 'NONE',  ( 14.75000000000000000, 2.500000000000000000, 10.51393202250020487 ) ) ;
#3783 = DIRECTION ( 'NONE',  ( -0.000000000000000000, -1.000000000000000000, -0.000000000000000000 ) ) ;
#3784 = LINE ( 'NONE', #6522, #327 ) ;
#3785 = VERTEX_POINT ( 'NONE', #6374 ) ;
#3786 = DIRECTION ( 'NONE',  ( 0.000000000000000000, 0.000000000000000000, 1.000000000000000000 ) ) ;
#3787 = DIRECTION ( 'NONE',  ( 0.000000000000000000, 1.000000000000000000, 0.000000000000000000 ) ) ;
#3788 = VERTEX_POINT ( 'NONE', #7401 ) ;
#3789 = ORIENTED_EDGE ( 'NONE', *, *, #10675, .T. ) ;
#3790 = AXIS2_PLACEMENT_3D ( 'NONE', #6262, #7124, #3523 ) ;
#3791 = CIRCLE ( 'NONE', #4700, 0.7499999999999937828 ) ;
#3792 = EDGE_CURVE ( 'NONE', #3678, #6166, #5605, .T. ) ;
#3793 = VERTEX_POINT ( 'NONE', #3859 ) ;
#3794 = ORIENTED_EDGE ( 'NONE', *, *, #3218, .T. ) ;
#3795 = EDGE_CURVE ( 'NONE', #11122, #956, #8353, .T. ) ;
#3796 = DIRECTION ( 'NONE',  ( 0.000000000000000000, 0.000000000000000000, 1.000000000000000000 ) ) ;
#3797 = VECTOR ( 'NONE', #11320, 1000.000000000000000 ) ;
#3798 = CIRCLE ( 'NONE', #11295, 1.000000000000000888 ) ;
#3799 = LINE ( 'NONE', #2247, #6014 ) ;
#3800 = EDGE_LOOP ( 'NONE', ( #4391, #8608, #5862, #10899, #4999, #1380, #10787, #9443 ) ) ;
#3801 = ORIENTED_EDGE ( 'NONE', *, *, #10810, .T. ) ;
#3802 = FACE_OUTER_BOUND ( 'NONE', #4884, .T. ) ;
#3803 = CARTESIAN_POINT ( 'NONE',  ( 1.000000000000900835, -7.292596028743525438E-60, 85.49999999999998579 ) ) ;
#3804 = ORIENTED_EDGE ( 'NONE', *, *, #1994, .F. ) ;
#3805 = EDGE_CURVE ( 'NONE', #8390, #11081, #7064, .T. ) ;
#3806 = VECTOR ( 'NONE', #758, 999.9999999999998863 ) ;
#3807 = VECTOR ( 'NONE', #1652, 1000.000000000000000 ) ;
#3808 = CARTESIAN_POINT ( 'NONE',  ( -41.75000000000007816, 2.500000000000000000, -4.999999999999995559 ) ) ;
#3809 = EDGE_CURVE ( 'NONE', #5051, #8199, #3607, .T. ) ;
#3810 = LINE ( 'NONE', #1396, #4284 ) ;
#3811 = DIRECTION ( 'NONE',  ( 1.000000000000000000, 0.000000000000000000, -3.553859168040306887E-15 ) ) ;
#3812 = CARTESIAN_POINT ( 'NONE',  ( 43.74999999999955236, 2.500000000000000000, 42.75000000000000000 ) ) ;
#3813 = VERTEX_POINT ( 'NONE', #4595 ) ;
#3814 = CIRCLE ( 'NONE', #5279, 4.999999999999997335 ) ;
#3815 = VERTEX_POINT ( 'NONE', #3052 ) ;
#3816 = FACE_OUTER_BOUND ( 'NONE', #5459, .T. ) ;
#3817 = CARTESIAN_POINT ( 'NONE',  ( -12.74999999999999645, 9.500000000000000000, 12.75000000000000000 ) ) ;
#3818 = VECTOR ( 'NONE', #8641, 1000.000000000000000 ) ;
#3819 = EDGE_LOOP ( 'NONE', ( #2081, #4859 ) ) ;
#3820 = VERTEX_POINT ( 'NONE', #361 ) ;
#3821 = AXIS2_PLACEMENT_3D ( 'NONE', #1534, #608, #10067 ) ;
#3822 = ADVANCED_FACE ( 'NONE', ( #10039 ), #9978, .T. ) ;
#3823 = EDGE_CURVE ( 'NONE', #9640, #3534, #3425, .T. ) ;
#3824 = CIRCLE ( 'NONE', #2732, 0.7499999999999984457 ) ;
#3825 = LINE ( 'NONE', #10808, #813 ) ;
#3826 = DIRECTION ( 'NONE',  ( 0.000000000000000000, 1.000000000000000000, -0.000000000000000000 ) ) ;
#3827 = CARTESIAN_POINT ( 'NONE',  ( -12.75000000000000000, 2.500000000000002220, -12.75000000000000000 ) ) ;
#3828 = CARTESIAN_POINT ( 'NONE',  ( 70.08493649053890806, 17.49999999999999645, -6.189087758876858501E-14 ) ) ;
#3829 = CYLINDRICAL_SURFACE ( 'NONE', #6655, 0.7499999999999984457 ) ;
#3830 = ORIENTED_EDGE ( 'NONE', *, *, #8366, .T. ) ;
#3831 = ORIENTED_EDGE ( 'NONE', *, *, #7666, .T. ) ;
#3832 = DIRECTION ( 'NONE',  ( -0.000000000000000000, -1.000000000000000000, 0.000000000000000000 ) ) ;
#3833 = DIRECTION ( 'NONE',  ( 0.000000000000000000, 0.000000000000000000, 1.000000000000000000 ) ) ;
#3834 = CARTESIAN_POINT ( 'NONE',  ( -9.628165229955158111, 2.500000000000000000, -15.21413057346446607 ) ) ;
#3835 = AXIS2_PLACEMENT_3D ( 'NONE', #11311, #3294, #6779 ) ;
#3836 = DIRECTION ( 'NONE',  ( -0.000000000000000000, -1.000000000000000000, -0.000000000000000000 ) ) ;
#3837 = EDGE_CURVE ( 'NONE', #9954, #7680, #122, .T. ) ;
#3838 = EDGE_LOOP ( 'NONE', ( #6903, #7062, #10224, #572, #4944 ) ) ;
#3839 = VERTEX_POINT ( 'NONE', #3969 ) ;
#3840 = VECTOR ( 'NONE', #189, 1000.000000000000000 ) ;
#3841 = CARTESIAN_POINT ( 'NONE',  ( -26.89171065018694406, 2.500000000000000000, 9.214041120523267736 ) ) ;
#3842 = PLANE ( 'NONE',  #7462 ) ;
#3843 = DIRECTION ( 'NONE',  ( 0.000000000000000000, 0.000000000000000000, -1.000000000000000000 ) ) ;
#3844 = DIRECTION ( 'NONE',  ( -0.7071067811865470176, 0.000000000000000000, 0.7071067811865481278 ) ) ;
#3845 = PLANE ( 'NONE',  #8194 ) ;
#3846 = CARTESIAN_POINT ( 'NONE',  ( -27.41116186243804265, 19.49999999999999645, 23.82411951180038656 ) ) ;
#3847 = CARTESIAN_POINT ( 'NONE',  ( 18.92588048819950330, 19.49999999999999645, 15.33883813756178505 ) ) ;
#3848 = PLANE ( 'NONE',  #1802 ) ;
#3849 = ORIENTED_EDGE ( 'NONE', *, *, #9258, .F. ) ;
#3850 = EDGE_LOOP ( 'NONE', ( #8182, #492, #3927, #1155, #7279, #5289, #1400 ) ) ;
#3851 = EDGE_CURVE ( 'NONE', #2090, #10240, #4513, .T. ) ;
#3852 = ORIENTED_EDGE ( 'NONE', *, *, #5690, .F. ) ;
#3853 = ORIENTED_EDGE ( 'NONE', *, *, #10733, .T. ) ;
#3854 = FACE_OUTER_BOUND ( 'NONE', #6160, .T. ) ;
#3855 = FACE_OUTER_BOUND ( 'NONE', #10037, .T. ) ;
#3856 = ORIENTED_EDGE ( 'NONE', *, *, #4531, .F. ) ;
#3857 = ORIENTED_EDGE ( 'NONE', *, *, #2578, .T. ) ;
#3858 = DIRECTION ( 'NONE',  ( -1.264284836150040893E-14, 0.000000000000000000, -1.000000000000000000 ) ) ;
#3859 = CARTESIAN_POINT ( 'NONE',  ( 6.463203435596417634, 2.500000000000000000, -14.75000000000000178 ) ) ;
#3860 = EDGE_CURVE ( 'NONE', #1458, #1905, #10669, .T. ) ;
#3861 = ORIENTED_EDGE ( 'NONE', *, *, #3792, .F. ) ;
#3862 = ADVANCED_FACE ( 'NONE', ( #5512 ), #8208, .F. ) ;
#3863 = VERTEX_POINT ( 'NONE', #4712 ) ;
#3864 = EDGE_CURVE ( 'NONE', #6360, #7484, #2196, .T. ) ;
#3865 = CARTESIAN_POINT ( 'NONE',  ( 2.168404344971008868E-15, 17.49999999999999645, 1.000000000000000000 ) ) ;
#3866 = DIRECTION ( 'NONE',  ( 0.000000000000000000, -0.000000000000000000, 1.000000000000000000 ) ) ;
#3867 = DIRECTION ( 'NONE',  ( -1.734723475976805517E-15, 0.000000000000000000, 1.000000000000000000 ) ) ;
#3868 = CARTESIAN_POINT ( 'NONE',  ( -14.79749800988270003, 19.49999999999999645, 19.76668419071565808 ) ) ;
#3869 = ORIENTED_EDGE ( 'NONE', *, *, #1891, .T. ) ;
#3870 = ORIENTED_EDGE ( 'NONE', *, *, #5632, .F. ) ;
#3871 = CARTESIAN_POINT ( 'NONE',  ( 27.28291891559792859, 0.7898818883216689457, 22.53814889626740836 ) ) ;
#3872 = CARTESIAN_POINT ( 'NONE',  ( 5.235365066354933894E-15, 2.500000000000000000, 42.74999999999999289 ) ) ;
#3873 = ORIENTED_EDGE ( 'NONE', *, *, #8487, .T. ) ;
#3874 = VERTEX_POINT ( 'NONE', #6427 ) ;
#3875 = AXIS2_PLACEMENT_3D ( 'NONE', #9851, #8982, #8304 ) ;
#3876 = ADVANCED_FACE ( 'NONE', ( #9918 ), #9115, .F. ) ;
#3877 = EDGE_CURVE ( 'NONE', #2226, #7883, #2080, .T. ) ;
#3878 = CARTESIAN_POINT ( 'NONE',  ( -10.51393202250020664, 0.000000000000000000, -14.75000000000000000 ) ) ;
#3879 = LINE ( 'NONE', #2097, #991 ) ;
#3880 = CARTESIAN_POINT ( 'NONE',  ( -13.43217012171422731, 0.000000000000000000, 13.48119349357087948 ) ) ;
#3881 = EDGE_CURVE ( 'NONE', #11310, #7883, #7343, .T. ) ;
#3882 = FACE_OUTER_BOUND ( 'NONE', #3972, .T. ) ;
#3883 = FACE_OUTER_BOUND ( 'NONE', #9586, .T. ) ;
#3884 = AXIS2_PLACEMENT_3D ( 'NONE', #4918, #1636, #7545 ) ;
#3885 = CARTESIAN_POINT ( 'NONE',  ( 1.000000000000000000, 0.000000000000000000, -1.264284836150040893E-14 ) ) ;
#3886 = ORIENTED_EDGE ( 'NONE', *, *, #5293, .T. ) ;
#3887 = EDGE_CURVE ( 'NONE', #1635, #10390, #6528, .T. ) ;
#3888 = VERTEX_POINT ( 'NONE', #10905 ) ;
#3889 = DIRECTION ( 'NONE',  ( 0.000000000000000000, 0.000000000000000000, 1.000000000000000000 ) ) ;
#3890 = CARTESIAN_POINT ( 'NONE',  ( -9.628165229955158111, 0.000000000000000000, -15.21413057346446607 ) ) ;
#3891 = FACE_OUTER_BOUND ( 'NONE', #1468, .T. ) ;
#3892 = DIRECTION ( 'NONE',  ( 1.000000000000000000, 0.000000000000000000, 4.814558332715257054E-15 ) ) ;
#3893 = AXIS2_PLACEMENT_3D ( 'NONE', #69, #2772, #6088 ) ;
#3894 = VERTEX_POINT ( 'NONE', #4192 ) ;
#3895 = ORIENTED_EDGE ( 'NONE', *, *, #4301, .F. ) ;
#3896 = DIRECTION ( 'NONE',  ( 0.000000000000000000, 1.000000000000000000, 0.000000000000000000 ) ) ;
#3897 = EDGE_CURVE ( 'NONE', #3408, #3573, #5261, .T. ) ;
#3898 = CYLINDRICAL_SURFACE ( 'NONE', #1244, 0.9999999999999991118 ) ;
#3899 = PLANE ( 'NONE',  #1012 ) ;
#3900 = CARTESIAN_POINT ( 'NONE',  ( -0.9999999999991391331, 17.49999999999999645, 68.08493649053890806 ) ) ;
#3901 = CARTESIAN_POINT ( 'NONE',  ( 0.9999999999996034283, 17.49999999999999645, -70.08493649053890806 ) ) ;
#3902 = CARTESIAN_POINT ( 'NONE',  ( 12.75000000000000000, 4.500000000000000888, -12.75000000000000000 ) ) ;
#3903 = AXIS2_PLACEMENT_3D ( 'NONE', #6817, #10313, #5965 ) ;
#3904 = LINE ( 'NONE', #7331, #9349 ) ;
#3905 = CARTESIAN_POINT ( 'NONE',  ( 10.51393202250021019, 2.767949192431122807, 14.75000000000000000 ) ) ;
#3906 = EDGE_LOOP ( 'NONE', ( #3673, #4030 ) ) ;
#3907 = ORIENTED_EDGE ( 'NONE', *, *, #6295, .T. ) ;
#3908 = AXIS2_PLACEMENT_3D ( 'NONE', #8095, #9758, #8889 ) ;
#3909 = AXIS2_PLACEMENT_3D ( 'NONE', #10020, #10827, #5550 ) ;
#3910 = VERTEX_POINT ( 'NONE', #1388 ) ;
#3911 = ORIENTED_EDGE ( 'NONE', *, *, #8094, .T. ) ;
#3912 = CARTESIAN_POINT ( 'NONE',  ( 12.75000000000000000, 9.500000000000000000, -13.74999999999999822 ) ) ;
#3913 = DIRECTION ( 'NONE',  ( -8.306039671558391198E-15, 0.000000000000000000, 1.000000000000000000 ) ) ;
#3914 = EDGE_LOOP ( 'NONE', ( #3164, #2210 ) ) ;
#3915 = CARTESIAN_POINT ( 'NONE',  ( -43.74999999999995026, 2.500000000000000000, 4.999999999999988454 ) ) ;
#3916 = EDGE_CURVE ( 'NONE', #1512, #10347, #1619, .T. ) ;
#3917 = CARTESIAN_POINT ( 'NONE',  ( -0.9999999999996695976, 27.36039051652360854, 40.38836755702143222 ) ) ;
#3918 = ORIENTED_EDGE ( 'NONE', *, *, #3653, .T. ) ;
#3919 = AXIS2_PLACEMENT_3D ( 'NONE', #662, #8283, #10172 ) ;
#3920 = EDGE_CURVE ( 'NONE', #5290, #3540, #1507, .T. ) ;
#3921 = VECTOR ( 'NONE', #2906, 1000.000000000000000 ) ;
#3922 = EDGE_CURVE ( 'NONE', #3593, #5848, #5070, .T. ) ;
#3923 = ADVANCED_FACE ( 'NONE', ( #7628 ), #4029, .F. ) ;
#3924 = LINE ( 'NONE', #6549, #8125 ) ;
#3925 = DIRECTION ( 'NONE',  ( 0.7071067811865479058, -0.000000000000000000, 0.7071067811865472397 ) ) ;
#3926 = CARTESIAN_POINT ( 'NONE',  ( -14.75000000000000000, 2.500000000000000000, 0.000000000000000000 ) ) ;
#3927 = ORIENTED_EDGE ( 'NONE', *, *, #4761, .T. ) ;
#3928 = VERTEX_POINT ( 'NONE', #3282 ) ;
#3929 = CARTESIAN_POINT ( 'NONE',  ( -8.877416997969516999, 0.000000000000000000, -14.75000000000000000 ) ) ;
#3930 = DIRECTION ( 'NONE',  ( 0.000000000000000000, 0.000000000000000000, 1.000000000000000000 ) ) ;
#3931 = ORIENTED_EDGE ( 'NONE', *, *, #9198, .F. ) ;
#3932 = ORIENTED_EDGE ( 'NONE', *, *, #5085, .F. ) ;
#3933 = CARTESIAN_POINT ( 'NONE',  ( 12.75000000000000000, 0.000000000000000000, -15.75000000000000000 ) ) ;
#3934 = CARTESIAN_POINT ( 'NONE',  ( 2.857883832488651077, 2.500000000000000000, 40.35000000000000142 ) ) ;
#3935 = CIRCLE ( 'NONE', #7403, 0.9999999999999991118 ) ;
#3936 = DIRECTION ( 'NONE',  ( 0.000000000000000000, 1.000000000000000000, 0.000000000000000000 ) ) ;
#3937 = CARTESIAN_POINT ( 'NONE',  ( -15.95668180764253918, 85.69355547949508889, -15.95668180764257116 ) ) ;
#3938 = ORIENTED_EDGE ( 'NONE', *, *, #2974, .T. ) ;
#3939 = VERTEX_POINT ( 'NONE', #2421 ) ;
#3940 = CARTESIAN_POINT ( 'NONE',  ( -42.75000000000014921, 17.49999999999999645, -41.74999999999998579 ) ) ;
#3941 = CARTESIAN_POINT ( 'NONE',  ( 9.377744630228727729, 2.562492193388280270, -11.83545880536769879 ) ) ;
#3942 = CYLINDRICAL_SURFACE ( 'NONE', #9285, 25.00000000000000355 ) ;
#3943 = CARTESIAN_POINT ( 'NONE',  ( -27.95250199011694292, 19.49999999999999645, -22.98331580928439877 ) ) ;
#3944 = EDGE_CURVE ( 'NONE', #3593, #1742, #11075, .T. ) ;
#3945 = CIRCLE ( 'NONE', #10710, 25.00000000000000000 ) ;
#3946 = ORIENTED_EDGE ( 'NONE', *, *, #5804, .T. ) ;
#3947 = ORIENTED_EDGE ( 'NONE', *, *, #6236, .T. ) ;
#3948 = EDGE_CURVE ( 'NONE', #6087, #10068, #10966, .T. ) ;
#3949 = DIRECTION ( 'NONE',  ( 1.000000000000000000, 0.000000000000000000, -9.151367022657275579E-15 ) ) ;
#3950 = CARTESIAN_POINT ( 'NONE',  ( 25.33493649053875529, 17.49999999999999645, -41.75000000000013500 ) ) ;
#3951 = CARTESIAN_POINT ( 'NONE',  ( -27.41116186243804265, 19.49999999999999645, 23.82411951180038656 ) ) ;
#3952 = CARTESIAN_POINT ( 'NONE',  ( -0.9999999999993968158, 0.000000000000000000, 47.64897948556647833 ) ) ;
#3953 = CARTESIAN_POINT ( 'NONE',  ( 23.82411951180066723, 19.49999999999999645, 27.41116186243776554 ) ) ;
#3954 = AXIS2_PLACEMENT_3D ( 'NONE', #6122, #48, #2754 ) ;
#3955 = DIRECTION ( 'NONE',  ( -1.000000000000000000, 0.000000000000000000, 5.659885683814142223E-15 ) ) ;
#3956 = CARTESIAN_POINT ( 'NONE',  ( 0.9999999999999579225, 24.95324863549492633, -39.27819584319912849 ) ) ;
#3957 = DIRECTION ( 'NONE',  ( -0.000000000000000000, 1.000000000000000000, 0.000000000000000000 ) ) ;
#3958 = EDGE_LOOP ( 'NONE', ( #5300, #7410, #1282, #1762 ) ) ;
#3959 = ORIENTED_EDGE ( 'NONE', *, *, #7436, .T. ) ;
#3960 = EDGE_CURVE ( 'NONE', #2655, #9194, #1962, .T. ) ;
#3961 = ADVANCED_FACE ( 'NONE', ( #11185 ), #2477, .F. ) ;
#3962 = AXIS2_PLACEMENT_3D ( 'NONE', #2563, #6054, #3418 ) ;
#3963 = ORIENTED_EDGE ( 'NONE', *, *, #4890, .T. ) ;
#3964 = ORIENTED_EDGE ( 'NONE', *, *, #4058, .F. ) ;
#3965 = DIRECTION ( 'NONE',  ( 2.168404344971009657E-15, -1.972152263052529514E-31, 1.000000000000000000 ) ) ;
#3966 = CARTESIAN_POINT ( 'NONE',  ( -2.499999999999997780, 85.69355547949508889, -29.41336361528509968 ) ) ;
#3967 = ORIENTED_EDGE ( 'NONE', *, *, #4761, .F. ) ;
#3968 = CARTESIAN_POINT ( 'NONE',  ( -10.62825468289636177, 2.500000000000002220, 10.62825468289635644 ) ) ;
#3969 = CARTESIAN_POINT ( 'NONE',  ( 19.63298726938604588, 19.49999999999999645, -16.04594491874833651 ) ) ;
#3970 = CIRCLE ( 'NONE', #856, 4.000000000000001776 ) ;
#3971 = ORIENTED_EDGE ( 'NONE', *, *, #6392, .F. ) ;
#3972 = EDGE_LOOP ( 'NONE', ( #3046, #6729, #5797, #4139 ) ) ;
#3973 = ORIENTED_EDGE ( 'NONE', *, *, #7059, .T. ) ;
#3974 = ORIENTED_EDGE ( 'NONE', *, *, #1577, .F. ) ;
#3975 = VECTOR ( 'NONE', #1850, 1000.000000000000000 ) ;
#3976 = CARTESIAN_POINT ( 'NONE',  ( -27.33493649053844265, 17.49999999999999645, 43.75000000000032685 ) ) ;
#3977 = CARTESIAN_POINT ( 'NONE',  ( 13.45668180764254807, 85.69355547949508889, -13.45668180764252853 ) ) ;
#3978 = DIRECTION ( 'NONE',  ( -1.323076993872123698E-15, 0.000000000000000000, 1.000000000000000000 ) ) ;
#3979 = EDGE_LOOP ( 'NONE', ( #4476, #10384, #6187, #4039 ) ) ;
#3980 = VERTEX_POINT ( 'NONE', #9225 ) ;
#3981 = DIRECTION ( 'NONE',  ( 0.000000000000000000, 1.000000000000000000, -0.000000000000000000 ) ) ;
#3982 = LINE ( 'NONE', #2149, #5052 ) ;
#3983 = VERTEX_POINT ( 'NONE', #5969 ) ;
#3984 = ORIENTED_EDGE ( 'NONE', *, *, #8668, .F. ) ;
#3985 = CIRCLE ( 'NONE', #4900, 25.00000000000000711 ) ;
#3986 = CIRCLE ( 'NONE', #2154, 25.00000000000000711 ) ;
#3987 = CIRCLE ( 'NONE', #6909, 0.9999999999999991118 ) ;
#3988 = DIRECTION ( 'NONE',  ( 0.000000000000000000, 1.000000000000000000, 0.000000000000000000 ) ) ;
#3989 = CARTESIAN_POINT ( 'NONE',  ( 0.000000000000000000, 2.500000000000000000, 0.000000000000000000 ) ) ;
#3990 = VECTOR ( 'NONE', #7749, 1000.000000000000000 ) ;
#3991 = CIRCLE ( 'NONE', #6912, 4.999999999999997335 ) ;
#3992 = FACE_OUTER_BOUND ( 'NONE', #5783, .T. ) ;
#3993 = PLANE ( 'NONE',  #611 ) ;
#3994 = ORIENTED_EDGE ( 'NONE', *, *, #5793, .T. ) ;
#3995 = VECTOR ( 'NONE', #2064, 1000.000000000000000 ) ;
#3996 = ORIENTED_EDGE ( 'NONE', *, *, #7713, .F. ) ;
#3997 = CARTESIAN_POINT ( 'NONE',  ( 0.000000000000000000, 0.000000000000000000, -42.74999999999999289 ) ) ;
#3998 = DIRECTION ( 'NONE',  ( 1.000000000000000000, 0.000000000000000000, 0.000000000000000000 ) ) ;
#3999 = DIRECTION ( 'NONE',  ( 0.000000000000000000, 1.000000000000000000, 0.000000000000000000 ) ) ;
#4000 = ORIENTED_EDGE ( 'NONE', *, *, #10961, .F. ) ;
#4001 = CARTESIAN_POINT ( 'NONE',  ( 15.46708108440193818, 19.49999999999999645, -20.21185110373244243 ) ) ;
#4002 = EDGE_CURVE ( 'NONE', #6525, #6948, #497, .T. ) ;
#4003 = CIRCLE ( 'NONE', #7470, 4.999999999999997335 ) ;
#4004 = AXIS2_PLACEMENT_3D ( 'NONE', #5094, #8580, #7612 ) ;
#4005 = ORIENTED_EDGE ( 'NONE', *, *, #1994, .T. ) ;
#4006 = VERTEX_POINT ( 'NONE', #6596 ) ;
#4007 = CARTESIAN_POINT ( 'NONE',  ( -10.91454722882249406, 2.736604364876174866, 10.29865620677393956 ) ) ;
#4008 = LINE ( 'NONE', #2231, #10579 ) ;
#4009 = EDGE_CURVE ( 'NONE', #9737, #988, #6718, .T. ) ;
#4010 = DIRECTION ( 'NONE',  ( -0.000000000000000000, -1.000000000000000000, 0.000000000000000000 ) ) ;
#4011 = CARTESIAN_POINT ( 'NONE',  ( 7.959916212609367886E-13, 17.49999999999999645, 70.08493649053890806 ) ) ;
#4012 = VECTOR ( 'NONE', #5767, 1000.000000000000000 ) ;
#4013 = CARTESIAN_POINT ( 'NONE',  ( 14.75000000000000000, 2.767949192431122807, 10.51393202250020487 ) ) ;
#4014 = DIRECTION ( 'NONE',  ( 0.000000000000000000, 1.000000000000000000, 0.000000000000000000 ) ) ;
#4015 = DIRECTION ( 'NONE',  ( -0.000000000000000000, -1.000000000000000000, -0.000000000000000000 ) ) ;
#4016 = ORIENTED_EDGE ( 'NONE', *, *, #1228, .T. ) ;
#4017 = EDGE_CURVE ( 'NONE', #10979, #6827, #11131, .T. ) ;
#4018 = VECTOR ( 'NONE', #9525, 1000.000000000000000 ) ;
#4019 = ORIENTED_EDGE ( 'NONE', *, *, #1069, .F. ) ;
#4020 = ADVANCED_FACE ( 'NONE', ( #7514 ), #10262, .T. ) ;
#4021 = VERTEX_POINT ( 'NONE', #524 ) ;
#4022 = DIRECTION ( 'NONE',  ( 0.7071067811865477948, 0.000000000000000000, 0.7071067811865473507 ) ) ;
#4023 = EDGE_CURVE ( 'NONE', #2218, #7785, #637, .T. ) ;
#4024 = ADVANCED_FACE ( 'NONE', ( #580 ), #1560, .T. ) ;
#4025 = CARTESIAN_POINT ( 'NONE',  ( -42.74999999999999289, -34.48187929913332539, 7.853047599532400842E-15 ) ) ;
#4026 = ORIENTED_EDGE ( 'NONE', *, *, #11165, .F. ) ;
#4027 = VECTOR ( 'NONE', #3858, 1000.000000000000000 ) ;
#4028 = FACE_OUTER_BOUND ( 'NONE', #11187, .T. ) ;
#4029 = CYLINDRICAL_SURFACE ( 'NONE', #8001, 25.35466440282023370 ) ;
#4030 = ORIENTED_EDGE ( 'NONE', *, *, #10354, .F. ) ;
#4031 = ORIENTED_EDGE ( 'NONE', *, *, #2971, .F. ) ;
#4032 = ORIENTED_EDGE ( 'NONE', *, *, #3715, .F. ) ;
#4033 = ORIENTED_EDGE ( 'NONE', *, *, #351, .T. ) ;
#4034 = DIRECTION ( 'NONE',  ( -0.000000000000000000, -1.000000000000000000, 0.000000000000000000 ) ) ;
#4035 = EDGE_CURVE ( 'NONE', #214, #11122, #9288, .T. ) ;
#4036 = DIRECTION ( 'NONE',  ( 0.000000000000000000, 1.000000000000000000, -0.000000000000000000 ) ) ;
#4037 = DIRECTION ( 'NONE',  ( 0.000000000000000000, 0.000000000000000000, -1.000000000000000000 ) ) ;
#4038 = ORIENTED_EDGE ( 'NONE', *, *, #1920, .F. ) ;
#4039 = ORIENTED_EDGE ( 'NONE', *, *, #8706, .F. ) ;
#4040 = DIRECTION ( 'NONE',  ( 1.323076993872123698E-15, 0.000000000000000000, -1.000000000000000000 ) ) ;
#4041 = DIRECTION ( 'NONE',  ( 8.306039671558391198E-15, 0.000000000000000000, -1.000000000000000000 ) ) ;
#4042 = ORIENTED_EDGE ( 'NONE', *, *, #8555, .T. ) ;
#4043 = ORIENTED_EDGE ( 'NONE', *, *, #9152, .F. ) ;
#4044 = EDGE_CURVE ( 'NONE', #7206, #4618, #2513, .T. ) ;
#4045 = PLANE ( 'NONE',  #8277 ) ;
#4046 = CARTESIAN_POINT ( 'NONE',  ( 10.51393202250021019, 0.000000000000000000, 14.75000000000000000 ) ) ;
#4047 = DIRECTION ( 'NONE',  ( -0.000000000000000000, -1.000000000000000000, -0.000000000000000000 ) ) ;
#4048 = DIRECTION ( 'NONE',  ( 0.000000000000000000, 1.000000000000000000, -0.000000000000000000 ) ) ;
#4049 = VERTEX_POINT ( 'NONE', #9514 ) ;
#4050 = ORIENTED_EDGE ( 'NONE', *, *, #8624, .T. ) ;
#4051 = CARTESIAN_POINT ( 'NONE',  ( 12.45209455274893351, 2.500000000000000444, 8.761108882847496560 ) ) ;
#4052 = CARTESIAN_POINT ( 'NONE',  ( -7.856699302196911816, 2.500000000000002220, 25.53436883186058992 ) ) ;
#4053 = DIRECTION ( 'NONE',  ( -0.000000000000000000, 1.000000000000000000, 0.000000000000000000 ) ) ;
#4054 = ORIENTED_EDGE ( 'NONE', *, *, #9434, .F. ) ;
#4055 = AXIS2_PLACEMENT_3D ( 'NONE', #9795, #928, #2650 ) ;
#4056 = DIRECTION ( 'NONE',  ( 2.168404344971009657E-15, 1.972152263052529514E-31, 1.000000000000000000 ) ) ;
#4057 = EDGE_CURVE ( 'NONE', #3050, #9548, #11111, .T. ) ;
#4058 = EDGE_CURVE ( 'NONE', #6273, #9857, #869, .T. ) ;
#4059 = AXIS2_PLACEMENT_3D ( 'NONE', #855, #8694, #6350 ) ;
#4060 = ORIENTED_EDGE ( 'NONE', *, *, #10597, .T. ) ;
#4061 = VERTEX_POINT ( 'NONE', #6027 ) ;
#4062 = LINE ( 'NONE', #2174, #4089 ) ;
#4063 = EDGE_CURVE ( 'NONE', #5852, #8956, #10435, .T. ) ;
#4064 = CARTESIAN_POINT ( 'NONE',  ( -7.856699302196917145, 0.000000000000000000, 25.53436883186059347 ) ) ;
#4065 = CARTESIAN_POINT ( 'NONE',  ( -27.41116186243804265, 17.49999999999999645, 22.82411951180038656 ) ) ;
#4066 = CARTESIAN_POINT ( 'NONE',  ( -12.74999999999999645, 9.500000000000000000, 10.75000000000000000 ) ) ;
#4067 = CARTESIAN_POINT ( 'NONE',  ( -14.87355443611925487, 47.49999999999998579, 14.86908557955058896 ) ) ;
#4068 = DIRECTION ( 'NONE',  ( 0.000000000000000000, 1.000000000000000000, -0.000000000000000000 ) ) ;
#4069 = ORIENTED_EDGE ( 'NONE', *, *, #4223, .T. ) ;
#4070 = DIRECTION ( 'NONE',  ( 0.000000000000000000, 1.000000000000000000, 0.000000000000000000 ) ) ;
#4071 = ORIENTED_EDGE ( 'NONE', *, *, #10610, .T. ) ;
#4072 = CIRCLE ( 'NONE', #3893, 27.33493649053890096 ) ;
#4073 = ORIENTED_EDGE ( 'NONE', *, *, #3476, .T. ) ;
#4074 = ORIENTED_EDGE ( 'NONE', *, *, #6879, .F. ) ;
#4075 = DIRECTION ( 'NONE',  ( 0.000000000000000000, 1.000000000000000000, -0.000000000000000000 ) ) ;
#4076 = AXIS2_PLACEMENT_3D ( 'NONE', #1276, #4647, #8143 ) ;
#4077 = CARTESIAN_POINT ( 'NONE',  ( 8.838834764831835500, 47.49999999999998579, 8.838834764831833724 ) ) ;
#4078 = CARTESIAN_POINT ( 'NONE',  ( -2.857883832488646192, 2.500000000000000000, -41.09999999999999432 ) ) ;
#4079 = ORIENTED_EDGE ( 'NONE', *, *, #9937, .F. ) ;
#4080 = CARTESIAN_POINT ( 'NONE',  ( -42.74999999999999289, 19.49999999999999645, 2.617682533177465764E-15 ) ) ;
#4081 = CARTESIAN_POINT ( 'NONE',  ( 2.168404344971008868E-15, 2.500000000000000000, 1.000000000000000000 ) ) ;
#4082 = ORIENTED_EDGE ( 'NONE', *, *, #8002, .T. ) ;
#4083 = AXIS2_PLACEMENT_3D ( 'NONE', #4552, #890, #8046 ) ;
#4084 = AXIS2_PLACEMENT_3D ( 'NONE', #2633, #9554, #5264 ) ;
#4085 = EDGE_CURVE ( 'NONE', #6476, #8432, #870, .T. ) ;
#4086 = EDGE_LOOP ( 'NONE', ( #9271, #6238, #7961, #5076 ) ) ;
#4087 = EDGE_LOOP ( 'NONE', ( #8604, #5065, #291, #10781, #8461 ) ) ;
#4088 = DIRECTION ( 'NONE',  ( 0.000000000000000000, 0.000000000000000000, 1.000000000000000000 ) ) ;
#4089 = VECTOR ( 'NONE', #3146, 1000.000000000000000 ) ;
#4090 = CARTESIAN_POINT ( 'NONE',  ( 27.41116186243804265, 17.49999999999999645, -23.82411951180039011 ) ) ;
#4091 = CARTESIAN_POINT ( 'NONE',  ( 5.235365066354933894E-15, 2.500000000000000000, 42.74999999999999289 ) ) ;
#4092 = EDGE_LOOP ( 'NONE', ( #3081, #6365, #1128, #10426 ) ) ;
#4093 = ORIENTED_EDGE ( 'NONE', *, *, #3474, .F. ) ;
#4094 = CARTESIAN_POINT ( 'NONE',  ( 42.74999999999999289, 2.500000000000000000, -2.617682533177465764E-15 ) ) ;
#4095 = DIRECTION ( 'NONE',  ( -2.168404344971008868E-15, 0.000000000000000000, -1.000000000000000000 ) ) ;
#4096 = ORIENTED_EDGE ( 'NONE', *, *, #5211, .F. ) ;
#4097 = ORIENTED_EDGE ( 'NONE', *, *, #9117, .F. ) ;
#4098 = EDGE_CURVE ( 'NONE', #5156, #1672, #6169, .T. ) ;
#4099 = AXIS2_PLACEMENT_3D ( 'NONE', #5184, #9592, #4268 ) ;
#4100 = ADVANCED_FACE ( 'NONE', ( #3508 ), #2711, .F. ) ;
#4101 = AXIS2_PLACEMENT_3D ( 'NONE', #7480, #4905, #8393 ) ;
#4102 = CARTESIAN_POINT ( 'NONE',  ( -2.857883832488640863, -34.48187929913332539, 41.09999999999999432 ) ) ;
#4103 = CARTESIAN_POINT ( 'NONE',  ( -10.60660171779822036, 2.500000000000000000, 10.60660171779821681 ) ) ;
#4104 = DIRECTION ( 'NONE',  ( 1.000000000000000000, -1.804112415015878984E-15, -2.168404344971008079E-15 ) ) ;
#4105 = PLANE ( 'NONE',  #5548 ) ;
#4106 = ORIENTED_EDGE ( 'NONE', *, *, #3218, .F. ) ;
#4107 = ORIENTED_EDGE ( 'NONE', *, *, #7578, .F. ) ;
#4108 = DIRECTION ( 'NONE',  ( 0.7071067811865473507, 0.000000000000000000, 0.7071067811865477948 ) ) ;
#4109 = DIRECTION ( 'NONE',  ( 0.7071067811865469066, -0.000000000000000000, 0.7071067811865482389 ) ) ;
#4110 = LINE ( 'NONE', #9318, #9849 ) ;
#4111 = ORIENTED_EDGE ( 'NONE', *, *, #1487, .T. ) ;
#4112 = AXIS2_PLACEMENT_3D ( 'NONE', #1203, #10770, #6411 ) ;
#4113 = EDGE_LOOP ( 'NONE', ( #7614, #9046, #171 ) ) ;
#4114 = VERTEX_POINT ( 'NONE', #5166 ) ;
#4115 = CARTESIAN_POINT ( 'NONE',  ( -12.45209455274893706, 2.500000000000000000, 8.761108882847494783 ) ) ;
#4116 = DIRECTION ( 'NONE',  ( 0.000000000000000000, 1.000000000000000000, 0.000000000000000000 ) ) ;
#4117 = CYLINDRICAL_SURFACE ( 'NONE', #7589, 1.500000000000001332 ) ;
#4118 = DIRECTION ( 'NONE',  ( 0.000000000000000000, 0.000000000000000000, 1.000000000000000000 ) ) ;
#4119 = DIRECTION ( 'NONE',  ( 1.000000000000000000, 0.000000000000000000, -2.168404344971009657E-15 ) ) ;
#4120 = CYLINDRICAL_SURFACE ( 'NONE', #11332, 0.9999999999999991118 ) ;
#4121 = CARTESIAN_POINT ( 'NONE',  ( -2.500000000000082601, -34.48187929913332539, 18.75650936579264538 ) ) ;
#4122 = ORIENTED_EDGE ( 'NONE', *, *, #7320, .T. ) ;
#4123 = CIRCLE ( 'NONE', #3396, 0.7499999999999986677 ) ;
#4124 = ORIENTED_EDGE ( 'NONE', *, *, #5919, .T. ) ;
#4125 = VERTEX_POINT ( 'NONE', #11294 ) ;
#4126 = CIRCLE ( 'NONE', #3219, 27.33493649053890096 ) ;
#4127 = CARTESIAN_POINT ( 'NONE',  ( -42.74999999999999289, 17.49999999999999645, 2.617682533177465764E-15 ) ) ;
#4128 = DIRECTION ( 'NONE',  ( -1.000000000000000000, 0.000000000000000000, -1.323076993872124684E-15 ) ) ;
#4129 = ADVANCED_FACE ( 'NONE', ( #11240 ), #2651, .T. ) ;
#4130 = CYLINDRICAL_SURFACE ( 'NONE', #704, 0.9999999999999991118 ) ;
#4131 = ORIENTED_EDGE ( 'NONE', *, *, #8055, .F. ) ;
#4132 = FACE_OUTER_BOUND ( 'NONE', #6093, .T. ) ;
#4133 = DIRECTION ( 'NONE',  ( -8.306039671558391198E-15, 0.000000000000000000, 1.000000000000000000 ) ) ;
#4134 = ORIENTED_EDGE ( 'NONE', *, *, #9754, .F. ) ;
#4135 = VERTEX_POINT ( 'NONE', #810 ) ;
#4136 = VECTOR ( 'NONE', #6333, 1000.000000000000000 ) ;
#4137 = ADVANCED_FACE ( 'NONE', ( #4421 ), #3624, .F. ) ;
#4138 = ADVANCED_FACE ( 'NONE', ( #7970 ), #10550, .T. ) ;
#4139 = ORIENTED_EDGE ( 'NONE', *, *, #2199, .F. ) ;
#4140 = EDGE_LOOP ( 'NONE', ( #3462, #5670, #5433, #1584 ) ) ;
#4141 = DIRECTION ( 'NONE',  ( 0.000000000000000000, 0.000000000000000000, 1.000000000000000000 ) ) ;
#4142 = CIRCLE ( 'NONE', #1957, 2.000000000000000000 ) ;
#4143 = LINE ( 'NONE', #5978, #3990 ) ;
#4144 = DIRECTION ( 'NONE',  ( -0.000000000000000000, -1.000000000000000000, -0.000000000000000000 ) ) ;
#4145 = VERTEX_POINT ( 'NONE', #6935 ) ;
#4146 = VECTOR ( 'NONE', #7298, 1000.000000000000000 ) ;
#4147 = EDGE_LOOP ( 'NONE', ( #8987, #10276, #6317, #4042 ) ) ;
#4148 = CARTESIAN_POINT ( 'NONE',  ( -85.49999999999998579, 17.49999999999999645, -0.9999999999999947820 ) ) ;
#4149 = CARTESIAN_POINT ( 'NONE',  ( -70.06663875629274685, 17.49999999999999645, -0.9999999999998480105 ) ) ;
#4150 = ORIENTED_EDGE ( 'NONE', *, *, #3392, .T. ) ;
#4151 = ORIENTED_EDGE ( 'NONE', *, *, #7346, .F. ) ;
#4152 = AXIS2_PLACEMENT_3D ( 'NONE', #2538, #2767, #1732 ) ;
#4153 = EDGE_CURVE ( 'NONE', #5173, #581, #1048, .T. ) ;
#4154 = DIRECTION ( 'NONE',  ( 0.000000000000000000, 0.000000000000000000, 1.000000000000000000 ) ) ;
#4155 = EDGE_CURVE ( 'NONE', #402, #2816, #3798, .T. ) ;
#4156 = DIRECTION ( 'NONE',  ( 1.000000000000000000, 0.000000000000000000, 8.306039671558391198E-15 ) ) ;
#4157 = CARTESIAN_POINT ( 'NONE',  ( 42.75000000000045475, 2.500000000000000000, 43.74999999999969447 ) ) ;
#4158 = DIRECTION ( 'NONE',  ( 0.7071067811865467956, -0.000000000000000000, 0.7071067811865483499 ) ) ;
#4159 = ORIENTED_EDGE ( 'NONE', *, *, #1003, .T. ) ;
#4160 = CIRCLE ( 'NONE', #10567, 0.7500000000000006661 ) ;
#4161 = EDGE_CURVE ( 'NONE', #6253, #11327, #929, .T. ) ;
#4162 = VERTEX_POINT ( 'NONE', #62 ) ;
#4163 = PLANE ( 'NONE',  #1262 ) ;
#4164 = DIRECTION ( 'NONE',  ( -0.000000000000000000, -1.000000000000000000, -0.000000000000000000 ) ) ;
#4165 = CIRCLE ( 'NONE', #5999, 4.999999999999997335 ) ;
#4166 = DIRECTION ( 'NONE',  ( 0.000000000000000000, -1.000000000000000000, 0.000000000000000000 ) ) ;
#4167 = ADVANCED_FACE ( 'NONE', ( #9689 ), #5392, .T. ) ;
#4168 = ORIENTED_EDGE ( 'NONE', *, *, #2409, .T. ) ;
#4169 = FACE_OUTER_BOUND ( 'NONE', #10780, .T. ) ;
#4170 = VECTOR ( 'NONE', #5401, 1000.000000000000000 ) ;
#4171 = VECTOR ( 'NONE', #5436, 1000.000000000000000 ) ;
#4172 = ORIENTED_EDGE ( 'NONE', *, *, #138, .T. ) ;
#4173 = VECTOR ( 'NONE', #2236, 1000.000000000000000 ) ;
#4174 = DIRECTION ( 'NONE',  ( 0.000000000000000000, 0.000000000000000000, 1.000000000000000000 ) ) ;
#4175 = CARTESIAN_POINT ( 'NONE',  ( -43.74999999999993605, 24.95324863549492633, 3.471804156800864405 ) ) ;
#4176 = DIRECTION ( 'NONE',  ( 0.000000000000000000, 0.000000000000000000, 1.000000000000000000 ) ) ;
#4177 = LINE ( 'NONE', #11172, #3544 ) ;
#4178 = CARTESIAN_POINT ( 'NONE',  ( -41.74999999999955236, 2.500000000000000000, -42.74999999999999289 ) ) ;
#4179 = DIRECTION ( 'NONE',  ( 1.000000000000000000, 0.000000000000000000, -2.168404344971009657E-15 ) ) ;
#4180 = CIRCLE ( 'NONE', #4919, 27.33493649053890096 ) ;
#4181 = LINE ( 'NONE', #11062, #10267 ) ;
#4182 = AXIS2_PLACEMENT_3D ( 'NONE', #10690, #9016, #6342 ) ;
#4183 = EDGE_CURVE ( 'NONE', #3894, #2900, #4473, .T. ) ;
#4184 = EDGE_LOOP ( 'NONE', ( #433, #6147, #1192, #5043 ) ) ;
#4185 = ORIENTED_EDGE ( 'NONE', *, *, #243, .T. ) ;
#4186 = AXIS2_PLACEMENT_3D ( 'NONE', #5997, #10344, #9656 ) ;
#4187 = CARTESIAN_POINT ( 'NONE',  ( -25.33493649053905372, 17.49999999999999645, -43.75000000000002842 ) ) ;
#4188 = DIRECTION ( 'NONE',  ( 0.000000000000000000, 0.000000000000000000, 1.000000000000000000 ) ) ;
#4189 = PLANE ( 'NONE',  #2903 ) ;
#4190 = ORIENTED_EDGE ( 'NONE', *, *, #9950, .T. ) ;
#4191 = CARTESIAN_POINT ( 'NONE',  ( 4.999999999999846345, 1.361284592032115076E-61, -41.75000000000009237 ) ) ;
#4192 = CARTESIAN_POINT ( 'NONE',  ( 10.33527201114170957, 2.500000000000002220, 15.92123735465102108 ) ) ;
#4193 = ORIENTED_EDGE ( 'NONE', *, *, #6974, .T. ) ;
#4194 = AXIS2_PLACEMENT_3D ( 'NONE', #8330, #3981, #3065 ) ;
#4195 = EDGE_CURVE ( 'NONE', #188, #1165, #1904, .T. ) ;
#4196 = ADVANCED_FACE ( 'NONE', ( #1209 ), #8249, .F. ) ;
#4197 = ORIENTED_EDGE ( 'NONE', *, *, #7837, .F. ) ;
#4198 = VERTEX_POINT ( 'NONE', #9103 ) ;
#4199 = CARTESIAN_POINT ( 'NONE',  ( 3.471804156800722296, 24.95324863549492633, -41.75000000000008527 ) ) ;
#4200 = CIRCLE ( 'NONE', #9132, 25.00000000000000711 ) ;
#4201 = EDGE_CURVE ( 'NONE', #5295, #5785, #6352, .T. ) ;
#4202 = CARTESIAN_POINT ( 'NONE',  ( -14.75000000000000000, 2.500000000000000444, 9.498499648987664301 ) ) ;
#4203 = DIRECTION ( 'NONE',  ( 0.000000000000000000, 0.000000000000000000, -1.000000000000000000 ) ) ;
#4204 = ORIENTED_EDGE ( 'NONE', *, *, #10635, .T. ) ;
#4205 = ORIENTED_EDGE ( 'NONE', *, *, #1332, .T. ) ;
#4206 = LINE ( 'NONE', #5175, #7121 ) ;
#4207 = LINE ( 'NONE', #653, #301 ) ;
#4208 = ORIENTED_EDGE ( 'NONE', *, *, #6070, .F. ) ;
#4209 = ORIENTED_EDGE ( 'NONE', *, *, #3613, .F. ) ;
#4210 = DIRECTION ( 'NONE',  ( 0.000000000000000000, 1.000000000000000000, 0.000000000000000000 ) ) ;
#4211 = CARTESIAN_POINT ( 'NONE',  ( -14.82843563089469541, 2.500000000000002220, 14.91335510913658347 ) ) ;
#4212 = DIRECTION ( 'NONE',  ( 0.000000000000000000, -1.000000000000000000, 0.000000000000000000 ) ) ;
#4213 = CARTESIAN_POINT ( 'NONE',  ( 23.11701273061374451, 0.7898818883216689457, -26.70405508125158178 ) ) ;
#4214 = ORIENTED_EDGE ( 'NONE', *, *, #8884, .F. ) ;
#4215 = VERTEX_POINT ( 'NONE', #6524 ) ;
#4216 = CARTESIAN_POINT ( 'NONE',  ( 14.75000000000000000, 0.000000000000000000, -0.000000000000000000 ) ) ;
#4217 = DIRECTION ( 'NONE',  ( 1.000000000000000000, 0.000000000000000000, -2.168404344971009657E-15 ) ) ;
#4218 = DIRECTION ( 'NONE',  ( 0.000000000000000000, 0.000000000000000000, 1.000000000000000000 ) ) ;
#4219 = ORIENTED_EDGE ( 'NONE', *, *, #1538, .T. ) ;
#4220 = ADVANCED_FACE ( 'NONE', ( #1268 ), #2017, .F. ) ;
#4221 = DIRECTION ( 'NONE',  ( -0.000000000000000000, -1.000000000000000000, 0.000000000000000000 ) ) ;
#4222 = EDGE_CURVE ( 'NONE', #2950, #930, #8176, .T. ) ;
#4223 = EDGE_CURVE ( 'NONE', #7046, #8864, #8715, .T. ) ;
#4224 = ORIENTED_EDGE ( 'NONE', *, *, #6682, .F. ) ;
#4225 = EDGE_CURVE ( 'NONE', #634, #5343, #1227, .T. ) ;
#4226 = DIRECTION ( 'NONE',  ( -2.168404344971009657E-15, 1.972152263052529514E-31, -1.000000000000000000 ) ) ;
#4227 = DIRECTION ( 'NONE',  ( 0.000000000000000000, 1.000000000000000000, 0.000000000000000000 ) ) ;
#4228 = DIRECTION ( 'NONE',  ( 0.000000000000000000, 0.000000000000000000, 1.000000000000000000 ) ) ;
#4229 = FACE_OUTER_BOUND ( 'NONE', #6143, .T. ) ;
#4230 = CARTESIAN_POINT ( 'NONE',  ( -19.63298726938604588, 17.49999999999999645, 16.04594491874832940 ) ) ;
#4231 = CARTESIAN_POINT ( 'NONE',  ( -85.49999999999998579, 17.49999999999999645, 1.000000000000005329 ) ) ;
#4232 = CARTESIAN_POINT ( 'NONE',  ( 41.09999999999999432, 0.000000000000000000, 2.857883832488643971 ) ) ;
#4233 = AXIS2_PLACEMENT_3D ( 'NONE', #5555, #399, #346 ) ;
#4234 = EDGE_CURVE ( 'NONE', #10194, #9890, #3041, .T. ) ;
#4235 = ORIENTED_EDGE ( 'NONE', *, *, #1562, .T. ) ;
#4236 = ORIENTED_EDGE ( 'NONE', *, *, #9787, .F. ) ;
#4237 = CARTESIAN_POINT ( 'NONE',  ( -10.51393202250020664, 2.500000000000000000, -14.75000000000000000 ) ) ;
#4238 = CARTESIAN_POINT ( 'NONE',  ( 2.499999999999834355, 2.500000000000000000, -9.951427083169871692E-15 ) ) ;
#4239 = FACE_OUTER_BOUND ( 'NONE', #10412, .T. ) ;
#4240 = CARTESIAN_POINT ( 'NONE',  ( -13.44851124566644351, 1.500000000000001332, 13.46485236961866327 ) ) ;
#4241 = PLANE ( 'NONE',  #1890 ) ;
#4242 = LINE ( 'NONE', #5108, #7651 ) ;
#4243 = ORIENTED_EDGE ( 'NONE', *, *, #7489, .F. ) ;
#4244 = CARTESIAN_POINT ( 'NONE',  ( 41.75000000000007816, 2.500000000000000000, 4.999999999999995559 ) ) ;
#4245 = CARTESIAN_POINT ( 'NONE',  ( 12.75000000000000178, 2.500000000000000000, 11.75000000000000000 ) ) ;
#4246 = ORIENTED_EDGE ( 'NONE', *, *, #8487, .F. ) ;
#4247 = ORIENTED_EDGE ( 'NONE', *, *, #6161, .F. ) ;
#4248 = ORIENTED_EDGE ( 'NONE', *, *, #2319, .T. ) ;
#4249 = LINE ( 'NONE', #2377, #9185 ) ;
#4250 = ADVANCED_FACE ( 'NONE', ( #4528 ), #232, .T. ) ;
#4251 = ADVANCED_FACE ( 'NONE', ( #1038 ), #3730, .T. ) ;
#4252 = DIRECTION ( 'NONE',  ( 0.000000000000000000, 0.000000000000000000, 1.000000000000000000 ) ) ;
#4253 = CARTESIAN_POINT ( 'NONE',  ( 15.33883813756196624, 19.49999999999999645, 18.92588048819932922 ) ) ;
#4254 = EDGE_LOOP ( 'NONE', ( #4079, #3183 ) ) ;
#4255 = ORIENTED_EDGE ( 'NONE', *, *, #5228, .F. ) ;
#4256 = DIRECTION ( 'NONE',  ( -1.000000000000000000, 0.000000000000000000, 2.220446049250312292E-15 ) ) ;
#4257 = ADVANCED_FACE ( 'NONE', ( #347 ), #3848, .T. ) ;
#4258 = FACE_OUTER_BOUND ( 'NONE', #14, .T. ) ;
#4259 = CIRCLE ( 'NONE', #598, 25.35466440282023370 ) ;
#4260 = ORIENTED_EDGE ( 'NONE', *, *, #5035, .T. ) ;
#4261 = CIRCLE ( 'NONE', #9371, 1.000000000000000888 ) ;
#4262 = FACE_OUTER_BOUND ( 'NONE', #9631, .T. ) ;
#4263 = EDGE_CURVE ( 'NONE', #8333, #2606, #2123, .T. ) ;
#4264 = EDGE_CURVE ( 'NONE', #566, #5290, #6363, .T. ) ;
#4265 = CIRCLE ( 'NONE', #9573, 0.9999999999999991118 ) ;
#4266 = AXIS2_PLACEMENT_3D ( 'NONE', #6804, #9210, #4118 ) ;
#4267 = CARTESIAN_POINT ( 'NONE',  ( 13.74999999999999822, 2.500000000000000000, 8.877416997969525880 ) ) ;
#4268 = DIRECTION ( 'NONE',  ( 0.000000000000000000, 0.000000000000000000, 1.000000000000000000 ) ) ;
#4269 = LINE ( 'NONE', #4157, #8370 ) ;
#4270 = CARTESIAN_POINT ( 'NONE',  ( -1.518785097687213895E-13, 17.49999999999999645, -42.74999999999999289 ) ) ;
#4271 = VERTEX_POINT ( 'NONE', #9907 ) ;
#4272 = ORIENTED_EDGE ( 'NONE', *, *, #1502, .F. ) ;
#4273 = FACE_OUTER_BOUND ( 'NONE', #10738, .T. ) ;
#4274 = CARTESIAN_POINT ( 'NONE',  ( -2.168404344970619171E-15, 2.500000000000000000, -0.9999999999998198108 ) ) ;
#4275 = DIRECTION ( 'NONE',  ( -1.000000000000000000, 0.000000000000000000, 1.039958424056858815E-14 ) ) ;
#4276 = EDGE_LOOP ( 'NONE', ( #7858, #8173, #6152, #8813, #2506 ) ) ;
#4277 = CARTESIAN_POINT ( 'NONE',  ( -1.000000000000303757, 17.49999999999999645, -85.49999999999998579 ) ) ;
#4278 = CIRCLE ( 'NONE', #798, 2.000000000000000000 ) ;
#4279 = AXIS2_PLACEMENT_3D ( 'NONE', #3764, #7255, #10755 ) ;
#4280 = EDGE_CURVE ( 'NONE', #10263, #2059, #10714, .T. ) ;
#4281 = EDGE_CURVE ( 'NONE', #7785, #1800, #4165, .T. ) ;
#4282 = VERTEX_POINT ( 'NONE', #7276 ) ;
#4283 = DIRECTION ( 'NONE',  ( 0.000000000000000000, 0.000000000000000000, -1.000000000000000000 ) ) ;
#4284 = VECTOR ( 'NONE', #7295, 1000.000000000000000 ) ;
#4285 = DIRECTION ( 'NONE',  ( 0.000000000000000000, 1.000000000000000000, 0.000000000000000000 ) ) ;
#4286 = AXIS2_PLACEMENT_3D ( 'NONE', #7193, #3988, #2096 ) ;
#4287 = DIRECTION ( 'NONE',  ( 8.326672684688672475E-15, 0.000000000000000000, -1.000000000000000000 ) ) ;
#4288 = FACE_OUTER_BOUND ( 'NONE', #5187, .T. ) ;
#4289 = CARTESIAN_POINT ( 'NONE',  ( -42.74999999999999289, 0.000000000000000000, 7.853047599532400842E-15 ) ) ;
#4290 = CARTESIAN_POINT ( 'NONE',  ( -14.79749800988270003, 17.49999999999999645, 19.76668419071565808 ) ) ;
#4291 = ADVANCED_FACE ( 'NONE', ( #2067 ), #6469, .T. ) ;
#4292 = DIRECTION ( 'NONE',  ( 5.663872149064273586E-15, 0.000000000000000000, 1.000000000000000000 ) ) ;
#4293 = AXIS2_PLACEMENT_3D ( 'NONE', #175, #9097, #1260 ) ;
#4294 = VERTEX_POINT ( 'NONE', #1704 ) ;
#4295 = EDGE_LOOP ( 'NONE', ( #1980, #2302, #10316 ) ) ;
#4296 = DIRECTION ( 'NONE',  ( 0.000000000000000000, 0.000000000000000000, 1.000000000000000000 ) ) ;
#4297 = LINE ( 'NONE', #5215, #7191 ) ;
#4298 = DIRECTION ( 'NONE',  ( 0.000000000000000000, 1.000000000000000000, -0.000000000000000000 ) ) ;
#4299 = CARTESIAN_POINT ( 'NONE',  ( -28.28494219777432050, 2.499999999999998668, 0.9999999999999017453 ) ) ;
#4300 = CARTESIAN_POINT ( 'NONE',  ( 43.75000000000004974, 17.49999999999999645, 27.33493649053890451 ) ) ;
#4301 = EDGE_CURVE ( 'NONE', #4676, #3487, #8739, .T. ) ;
#4302 = CARTESIAN_POINT ( 'NONE',  ( 2.500000000000000000, 0.000000000000000000, -38.41987298107780191 ) ) ;
#4303 = ADVANCED_FACE ( 'NONE', ( #4169 ), #10949, .T. ) ;
#4304 = EDGE_LOOP ( 'NONE', ( #8827, #3455, #3042, #5811 ) ) ;
#4305 = EDGE_CURVE ( 'NONE', #1998, #581, #2622, .T. ) ;
#4306 = FACE_OUTER_BOUND ( 'NONE', #9988, .T. ) ;
#4307 = DIRECTION ( 'NONE',  ( 0.000000000000000000, 1.000000000000000000, 0.000000000000000000 ) ) ;
#4308 = EDGE_CURVE ( 'NONE', #5221, #6407, #3986, .T. ) ;
#4309 = ORIENTED_EDGE ( 'NONE', *, *, #8712, .F. ) ;
#4310 = AXIS2_PLACEMENT_3D ( 'NONE', #1666, #10481, #6868 ) ;
#4311 = ORIENTED_EDGE ( 'NONE', *, *, #2409, .F. ) ;
#4312 = ORIENTED_EDGE ( 'NONE', *, *, #1385, .F. ) ;
#4313 = DIRECTION ( 'NONE',  ( -0.000000000000000000, -1.000000000000000000, -0.000000000000000000 ) ) ;
#4314 = DIRECTION ( 'NONE',  ( -0.000000000000000000, -1.000000000000000000, -0.000000000000000000 ) ) ;
#4315 = DIRECTION ( 'NONE',  ( 1.000000000000000000, 0.000000000000000000, -3.557752503352412152E-15 ) ) ;
#4316 = VERTEX_POINT ( 'NONE', #9427 ) ;
#4317 = ORIENTED_EDGE ( 'NONE', *, *, #481, .F. ) ;
#4318 = LINE ( 'NONE', #9584, #10599 ) ;
#4319 = FACE_OUTER_BOUND ( 'NONE', #8981, .T. ) ;
#4320 = AXIS2_PLACEMENT_3D ( 'NONE', #1304, #5537, #10119 ) ;
#4321 = ORIENTED_EDGE ( 'NONE', *, *, #4098, .T. ) ;
#4322 = CARTESIAN_POINT ( 'NONE',  ( -14.79749800988270003, 19.49999999999999645, 19.76668419071565808 ) ) ;
#4323 = CIRCLE ( 'NONE', #9066, 25.00000000000000711 ) ;
#4324 = VECTOR ( 'NONE', #6958, 1000.000000000000000 ) ;
#4325 = DIRECTION ( 'NONE',  ( -0.000000000000000000, -1.000000000000000000, 0.000000000000000000 ) ) ;
#4326 = CARTESIAN_POINT ( 'NONE',  ( 12.75000000000000000, 2.500000000000000000, -11.75000000000000000 ) ) ;
#4327 = AXIS2_PLACEMENT_3D ( 'NONE', #8673, #2442, #7937 ) ;
#4328 = DIRECTION ( 'NONE',  ( 8.326672684688672475E-15, 0.000000000000000000, -1.000000000000000000 ) ) ;
#4329 = DIRECTION ( 'NONE',  ( -0.000000000000000000, -1.000000000000000000, -0.000000000000000000 ) ) ;
#4330 = ORIENTED_EDGE ( 'NONE', *, *, #6170, .T. ) ;
#4331 = ORIENTED_EDGE ( 'NONE', *, *, #8706, .T. ) ;
#4332 = DIRECTION ( 'NONE',  ( -1.000000000000000000, 0.000000000000000000, -0.000000000000000000 ) ) ;
#4333 = CARTESIAN_POINT ( 'NONE',  ( -9.285898384862239396, 2.500000000000000000, 14.75000000000000000 ) ) ;
#4334 = DIRECTION ( 'NONE',  ( 1.000000000000000000, 0.000000000000000000, -3.553859168040306887E-15 ) ) ;
#4335 = ORIENTED_EDGE ( 'NONE', *, *, #10526, .F. ) ;
#4336 = DIRECTION ( 'NONE',  ( -0.000000000000000000, -1.000000000000000000, -0.000000000000000000 ) ) ;
#4337 = VERTEX_POINT ( 'NONE', #10290 ) ;
#4338 = CIRCLE ( 'NONE', #10731, 1.500000000000003997 ) ;
#4339 = ORIENTED_EDGE ( 'NONE', *, *, #2362, .F. ) ;
#4340 = CARTESIAN_POINT ( 'NONE',  ( 4.504001642398092977E-13, 19.49999999999999645, 42.74999999999999289 ) ) ;
#4341 = CIRCLE ( 'NONE', #5995, 25.00000000000000355 ) ;
#4342 = AXIS2_PLACEMENT_3D ( 'NONE', #10209, #2312, #5911 ) ;
#4343 = CARTESIAN_POINT ( 'NONE',  ( -43.74999999999995026, 1.361284592032115076E-61, 4.999999999999988454 ) ) ;
#4344 = CARTESIAN_POINT ( 'NONE',  ( 43.74999999999995026, 2.500000000000000000, -4.999999999999988454 ) ) ;
#4345 = DIRECTION ( 'NONE',  ( 0.000000000000000000, 0.000000000000000000, 1.000000000000000000 ) ) ;
#4346 = DIRECTION ( 'NONE',  ( 0.000000000000000000, 1.000000000000000000, 0.000000000000000000 ) ) ;
#4347 = PLANE ( 'NONE',  #7454 ) ;
#4348 = EDGE_CURVE ( 'NONE', #7340, #1783, #10467, .T. ) ;
#4349 = CARTESIAN_POINT ( 'NONE',  ( -12.75000000000000000, 2.500000000000000000, -12.75000000000000000 ) ) ;
#4350 = AXIS2_PLACEMENT_3D ( 'NONE', #10269, #8657, #4252 ) ;
#4351 = CIRCLE ( 'NONE', #1796, 1.000000000000000888 ) ;
#4352 = AXIS2_PLACEMENT_3D ( 'NONE', #3834, #3770, #1132 ) ;
#4353 = ADVANCED_FACE ( 'NONE', ( #6588 ), #2449, .F. ) ;
#4354 = ORIENTED_EDGE ( 'NONE', *, *, #10292, .F. ) ;
#4355 = ORIENTED_EDGE ( 'NONE', *, *, #9001, .T. ) ;
#4356 = CARTESIAN_POINT ( 'NONE',  ( 14.75000000000000000, 2.500000000000000000, 8.877416997969525880 ) ) ;
#4357 = LINE ( 'NONE', #4238, #6645 ) ;
#4358 = LINE ( 'NONE', #1787, #10027 ) ;
#4359 = DIRECTION ( 'NONE',  ( -3.980570833268212630E-15, 0.000000000000000000, -1.000000000000000000 ) ) ;
#4360 = CARTESIAN_POINT ( 'NONE',  ( 0.9999999999999517053, 27.36039051652360854, -40.38836755702142511 ) ) ;
#4361 = AXIS2_PLACEMENT_3D ( 'NONE', #4078, #9450, #1614 ) ;
#4362 = LINE ( 'NONE', #8707, #8200 ) ;
#4363 = ORIENTED_EDGE ( 'NONE', *, *, #8090, .F. ) ;
#4364 = VECTOR ( 'NONE', #10711, 1000.000000000000000 ) ;
#4365 = CARTESIAN_POINT ( 'NONE',  ( 43.74999999999995026, -34.48187929913332539, -4.898979485566366421 ) ) ;
#4366 = DIRECTION ( 'NONE',  ( 0.000000000000000000, 0.000000000000000000, 1.000000000000000000 ) ) ;
#4367 = ORIENTED_EDGE ( 'NONE', *, *, #9883, .F. ) ;
#4368 = EDGE_CURVE ( 'NONE', #930, #4708, #10079, .T. ) ;
#4369 = ADVANCED_FACE ( 'NONE', ( #8681 ), #4869, .T. ) ;
#4370 = VECTOR ( 'NONE', #11182, 1000.000000000000000 ) ;
#4371 = ORIENTED_EDGE ( 'NONE', *, *, #4855, .T. ) ;
#4372 = ORIENTED_EDGE ( 'NONE', *, *, #4611, .T. ) ;
#4373 = ADVANCED_FACE ( 'NONE', ( #8570 ), #4809, .T. ) ;
#4374 = DIRECTION ( 'NONE',  ( -1.000000000000000000, 0.000000000000000000, -8.306039671558391198E-15 ) ) ;
#4375 = DIRECTION ( 'NONE',  ( 0.000000000000000000, 1.000000000000000000, 0.000000000000000000 ) ) ;
#4376 = LINE ( 'NONE', #7807, #11316 ) ;
#4377 = EDGE_LOOP ( 'NONE', ( #5566, #7808, #4882, #7381, #7247 ) ) ;
#4378 = AXIS2_PLACEMENT_3D ( 'NONE', #3940, #7424, #10930 ) ;
#4379 = EDGE_LOOP ( 'NONE', ( #1329, #6744, #6771, #4883, #6601, #6214 ) ) ;
#4380 = DIRECTION ( 'NONE',  ( 0.000000000000000000, 0.000000000000000000, -1.000000000000000000 ) ) ;
#4381 = DIRECTION ( 'NONE',  ( 0.000000000000000000, -0.000000000000000000, 1.000000000000000000 ) ) ;
#4382 = ORIENTED_EDGE ( 'NONE', *, *, #11298, .F. ) ;
#4383 = CYLINDRICAL_SURFACE ( 'NONE', #10282, 27.33493649053890096 ) ;
#4384 = CIRCLE ( 'NONE', #718, 0.9999999999999991118 ) ;
#4385 = EDGE_CURVE ( 'NONE', #6388, #8940, #6910, .T. ) ;
#4386 = DIRECTION ( 'NONE',  ( -1.000000000000000000, 0.000000000000000000, 1.040773042068946910E-14 ) ) ;
#4387 = CARTESIAN_POINT ( 'NONE',  ( -4.898979485566344216, -34.48187929913332539, -41.74999999999993605 ) ) ;
#4388 = CARTESIAN_POINT ( 'NONE',  ( -31.84145811849277408, -2.499999999985152987E-05, 14.16378858882910485 ) ) ;
#4389 = LINE ( 'NONE', #3414, #2684 ) ;
#4390 = ORIENTED_EDGE ( 'NONE', *, *, #10537, .F. ) ;
#4391 = ORIENTED_EDGE ( 'NONE', *, *, #3085, .T. ) ;
#4392 = DIRECTION ( 'NONE',  ( 0.000000000000000000, 1.000000000000000000, 0.000000000000000000 ) ) ;
#4393 = CARTESIAN_POINT ( 'NONE',  ( -14.74999999999999822, 2.499999999999999556, -9.498828840021623421 ) ) ;
#4394 = DIRECTION ( 'NONE',  ( -5.659885683814143012E-15, 0.000000000000000000, -1.000000000000000000 ) ) ;
#4395 = ORIENTED_EDGE ( 'NONE', *, *, #5901, .F. ) ;
#4396 = CARTESIAN_POINT ( 'NONE',  ( 12.75000000000000178, 4.500000000000000888, 12.75000000000000000 ) ) ;
#4397 = ORIENTED_EDGE ( 'NONE', *, *, #7578, .T. ) ;
#4398 = AXIS2_PLACEMENT_3D ( 'NONE', #4594, #8782, #939 ) ;
#4399 = ORIENTED_EDGE ( 'NONE', *, *, #10327, .F. ) ;
#4400 = FACE_BOUND ( 'NONE', #10551, .T. ) ;
#4401 = CARTESIAN_POINT ( 'NONE',  ( -12.74999999999999645, 2.500000000000000000, 12.75000000000000000 ) ) ;
#4402 = DIRECTION ( 'NONE',  ( 0.000000000000000000, 0.000000000000000000, 1.000000000000000000 ) ) ;
#4403 = CARTESIAN_POINT ( 'NONE',  ( 85.49999999999998579, 17.49999999999999645, -1.000000000000005329 ) ) ;
#4404 = EDGE_CURVE ( 'NONE', #2588, #4764, #2888, .T. ) ;
#4405 = LINE ( 'NONE', #9721, #282 ) ;
#4406 = CARTESIAN_POINT ( 'NONE',  ( 42.74999999999999289, 19.49999999999999645, 27.33493649053889740 ) ) ;
#4407 = FACE_BOUND ( 'NONE', #2042, .T. ) ;
#4408 = EDGE_CURVE ( 'NONE', #6882, #3135, #11164, .T. ) ;
#4409 = EDGE_CURVE ( 'NONE', #1238, #1459, #2508, .T. ) ;
#4410 = ADVANCED_FACE ( 'NONE', ( #3366 ), #6058, .F. ) ;
#4411 = EDGE_LOOP ( 'NONE', ( #1826, #7681, #2999, #5788, #7176, #3297, #3292 ) ) ;
#4412 = ORIENTED_EDGE ( 'NONE', *, *, #8141, .F. ) ;
#4413 = CARTESIAN_POINT ( 'NONE',  ( -1.000000000000033307, 2.500000000000000000, -37.74999999999999289 ) ) ;
#4414 = FACE_OUTER_BOUND ( 'NONE', #3570, .T. ) ;
#4415 = CARTESIAN_POINT ( 'NONE',  ( -4.321165396264175840, 2.500000000000002220, 29.06990273779332767 ) ) ;
#4416 = FACE_OUTER_BOUND ( 'NONE', #10173, .T. ) ;
#4417 = CARTESIAN_POINT ( 'NONE',  ( 9.184850993605157066E-17, 2.500000000000000000, -46.79999999999999716 ) ) ;
#4418 = DIRECTION ( 'NONE',  ( -2.168404344971008868E-15, 0.000000000000000000, -1.000000000000000000 ) ) ;
#4419 = ORIENTED_EDGE ( 'NONE', *, *, #10278, .F. ) ;
#4420 = CARTESIAN_POINT ( 'NONE',  ( 5.235365066354933894E-15, 0.000000000000000000, 42.74999999999999289 ) ) ;
#4421 = FACE_OUTER_BOUND ( 'NONE', #362, .T. ) ;
#4422 = ORIENTED_EDGE ( 'NONE', *, *, #8252, .F. ) ;
#4423 = AXIS2_PLACEMENT_3D ( 'NONE', #6587, #7441, #10139 ) ;
#4424 = ORIENTED_EDGE ( 'NONE', *, *, #1294, .T. ) ;
#4425 = VERTEX_POINT ( 'NONE', #5942 ) ;
#4426 = CIRCLE ( 'NONE', #10834, 25.35466440282023370 ) ;
#4427 = LINE ( 'NONE', #6940, #8989 ) ;
#4428 = CARTESIAN_POINT ( 'NONE',  ( 29.41336361528507481, 85.69355547949508889, 2.500000000000021316 ) ) ;
#4429 = ORIENTED_EDGE ( 'NONE', *, *, #3666, .T. ) ;
#4430 = EDGE_LOOP ( 'NONE', ( #838, #8402, #2193, #11200 ) ) ;
#4431 = CARTESIAN_POINT ( 'NONE',  ( -15.95668180764253918, 0.000000000000000000, -15.95668180764257116 ) ) ;
#4432 = LINE ( 'NONE', #2725, #4686 ) ;
#4433 = ORIENTED_EDGE ( 'NONE', *, *, #7027, .F. ) ;
#4434 = CARTESIAN_POINT ( 'NONE',  ( 1.486905836551403652E-14, 0.000000000000000000, 2.499999999999752642 ) ) ;
#4435 = EDGE_CURVE ( 'NONE', #9934, #9010, #7085, .T. ) ;
#4436 = CIRCLE ( 'NONE', #2609, 4.999999999999997335 ) ;
#4437 = FACE_OUTER_BOUND ( 'NONE', #9323, .T. ) ;
#4438 = DIRECTION ( 'NONE',  ( 0.000000000000000000, -0.000000000000000000, 1.000000000000000000 ) ) ;
#4439 = CARTESIAN_POINT ( 'NONE',  ( -42.74999999999999289, 17.49999999999999645, 2.617682533177465764E-15 ) ) ;
#4440 = AXIS2_PLACEMENT_3D ( 'NONE', #11235, #631, #4188 ) ;
#4441 = DIRECTION ( 'NONE',  ( 0.000000000000000000, 0.000000000000000000, 1.000000000000000000 ) ) ;
#4442 = ORIENTED_EDGE ( 'NONE', *, *, #644, .T. ) ;
#4443 = EDGE_LOOP ( 'NONE', ( #7975, #558, #4471, #4646, #775, #6628, #6162, #1199, #2675, #10029, #8605, #2985, #933, #4954, #2949, #10210, #72, #2211, #2826 ) ) ;
#4444 = DIRECTION ( 'NONE',  ( -1.000000000000000000, 0.000000000000000000, 5.659885683814142223E-15 ) ) ;
#4445 = CARTESIAN_POINT ( 'NONE',  ( -2.857883832488640863, 0.000000000000000000, 41.85000000000000142 ) ) ;
#4446 = LINE ( 'NONE', #7943, #3745 ) ;
#4447 = ORIENTED_EDGE ( 'NONE', *, *, #8986, .T. ) ;
#4448 = EDGE_CURVE ( 'NONE', #4970, #1757, #11214, .T. ) ;
#4449 = ORIENTED_EDGE ( 'NONE', *, *, #9094, .T. ) ;
#4450 = EDGE_CURVE ( 'NONE', #2606, #260, #3253, .T. ) ;
#4451 = CIRCLE ( 'NONE', #10853, 27.33493649053890096 ) ;
#4452 = STYLED_ITEM ( 'NONE', ( #7609 ), #9588 ) ;
#4453 = FACE_OUTER_BOUND ( 'NONE', #11092, .T. ) ;
#4454 = DIRECTION ( 'NONE',  ( 0.000000000000000000, 1.000000000000000000, 0.000000000000000000 ) ) ;
#4455 = DIRECTION ( 'NONE',  ( 0.000000000000000000, 0.000000000000000000, 1.000000000000000000 ) ) ;
#4456 = DIRECTION ( 'NONE',  ( 0.000000000000000000, 1.000000000000000000, 0.000000000000000000 ) ) ;
#4457 = CARTESIAN_POINT ( 'NONE',  ( 47.64897948556632912, 2.500000000000000000, -1.000000000000103251 ) ) ;
#4458 = CARTESIAN_POINT ( 'NONE',  ( 41.75000000000014211, 17.49999999999999645, -42.74999999999999289 ) ) ;
#4459 = AXIS2_PLACEMENT_3D ( 'NONE', #1667, #3445, #112 ) ;
#4460 = DIRECTION ( 'NONE',  ( 0.000000000000000000, 0.000000000000000000, -1.000000000000000000 ) ) ;
#4461 = CARTESIAN_POINT ( 'NONE',  ( -47.64897948556632912, -34.48187929913332539, 1.000000000000103473 ) ) ;
#4462 = AXIS2_PLACEMENT_3D ( 'NONE', #5760, #6564, #1352 ) ;
#4463 = AXIS2_PLACEMENT_3D ( 'NONE', #11167, #5144, #2401 ) ;
#4464 = EDGE_LOOP ( 'NONE', ( #4745, #4054, #10271, #5800, #9971, #9606, #5603 ) ) ;
#4465 = ORIENTED_EDGE ( 'NONE', *, *, #8910, .T. ) ;
#4466 = DIRECTION ( 'NONE',  ( -0.000000000000000000, -1.000000000000000000, -0.000000000000000000 ) ) ;
#4467 = DIRECTION ( 'NONE',  ( 0.000000000000000000, 1.000000000000000000, 0.000000000000000000 ) ) ;
#4468 = LINE ( 'NONE', #9564, #334 ) ;
#4469 = DIRECTION ( 'NONE',  ( 0.000000000000000000, 0.000000000000000000, -1.000000000000000000 ) ) ;
#4470 = LINE ( 'NONE', #9567, #5723 ) ;
#4471 = ORIENTED_EDGE ( 'NONE', *, *, #3887, .T. ) ;
#4472 = CARTESIAN_POINT ( 'NONE',  ( 5.731347020009611560E-15, 0.000000000000000000, 45.29999999999999005 ) ) ;
#4473 = LINE ( 'NONE', #7111, #317 ) ;
#4474 = VECTOR ( 'NONE', #5160, 1000.000000000000000 ) ;
#4475 = ORIENTED_EDGE ( 'NONE', *, *, #4543, .F. ) ;
#4476 = ORIENTED_EDGE ( 'NONE', *, *, #5244, .F. ) ;
#4477 = EDGE_LOOP ( 'NONE', ( #11073, #9407 ) ) ;
#4478 = VECTOR ( 'NONE', #5437, 1000.000000000000000 ) ;
#4479 = DIRECTION ( 'NONE',  ( 0.7071067811865470176, -0.000000000000000000, 0.7071067811865481278 ) ) ;
#4480 = DIRECTION ( 'NONE',  ( 0.7071067811865480168, -0.000000000000000000, 0.7071067811865470176 ) ) ;
#4481 = ORIENTED_EDGE ( 'NONE', *, *, #10605, .F. ) ;
#4482 = EDGE_LOOP ( 'NONE', ( #716, #6875, #3293 ) ) ;
#4483 = CARTESIAN_POINT ( 'NONE',  ( -22.98331580928412166, 19.49999999999999645, 27.95250199011720937 ) ) ;
#4484 = LINE ( 'NONE', #11312, #5241 ) ;
#4485 = EDGE_CURVE ( 'NONE', #5048, #1287, #6112, .T. ) ;
#4486 = ORIENTED_EDGE ( 'NONE', *, *, #4644, .T. ) ;
#4487 = DIRECTION ( 'NONE',  ( 1.000000000000000000, -0.000000000000000000, -5.947623346206202627E-15 ) ) ;
#4488 = VECTOR ( 'NONE', #7312, 1000.000000000000000 ) ;
#4489 = ADVANCED_FACE ( 'NONE', ( #10523 ), #8371, .F. ) ;
#4490 = LINE ( 'NONE', #10676, #9379 ) ;
#4491 = CARTESIAN_POINT ( 'NONE',  ( 4.298087183781943648E-15, 2.500000000000000000, 2.500000000000071498 ) ) ;
#4492 = VECTOR ( 'NONE', #2220, 1000.000000000000000 ) ;
#4493 = CARTESIAN_POINT ( 'NONE',  ( 15.21413057346448205, 0.000000000000000000, 9.628165229955161664 ) ) ;
#4494 = DIRECTION ( 'NONE',  ( 0.000000000000000000, 1.000000000000000000, -0.000000000000000000 ) ) ;
#4495 = VERTEX_POINT ( 'NONE', #1763 ) ;
#4496 = ORIENTED_EDGE ( 'NONE', *, *, #7159, .T. ) ;
#4497 = LINE ( 'NONE', #3699, #172 ) ;
#4498 = CARTESIAN_POINT ( 'NONE',  ( -4.999999999999555911, 2.500000000000000000, 41.75000000000012790 ) ) ;
#4499 =( NAMED_UNIT ( * ) SI_UNIT ( $, .STERADIAN. ) SOLID_ANGLE_UNIT ( ) );
#4500 = EDGE_LOOP ( 'NONE', ( #10334, #3274, #2287, #8936 ) ) ;
#4501 = EDGE_CURVE ( 'NONE', #971, #1333, #502, .T. ) ;
#4502 = AXIS2_PLACEMENT_3D ( 'NONE', #4727, #10981, #8103 ) ;
#4503 = EDGE_CURVE ( 'NONE', #6711, #9421, #2712, .T. ) ;
#4504 = AXIS2_PLACEMENT_3D ( 'NONE', #7704, #9594, #8733 ) ;
#4505 = DIRECTION ( 'NONE',  ( -0.000000000000000000, -1.000000000000000000, 0.000000000000000000 ) ) ;
#4506 = CARTESIAN_POINT ( 'NONE',  ( 1.000000000000316414, 24.95324863549492633, 39.27819584319910717 ) ) ;
#4507 = EDGE_CURVE ( 'NONE', #3273, #10335, #7329, .T. ) ;
#4508 = EDGE_CURVE ( 'NONE', #7586, #882, #2119, .T. ) ;
#4509 = LINE ( 'NONE', #1995, #1047 ) ;
#4510 = CYLINDRICAL_SURFACE ( 'NONE', #7967, 1.000000000000000888 ) ;
#4511 = FACE_OUTER_BOUND ( 'NONE', #1960, .T. ) ;
#4512 = PLANE ( 'NONE',  #8695 ) ;
#4513 = CIRCLE ( 'NONE', #10921, 25.00000000000000000 ) ;
#4514 = DIRECTION ( 'NONE',  ( 0.000000000000000000, 1.000000000000000000, -0.000000000000000000 ) ) ;
#4515 = DIRECTION ( 'NONE',  ( -0.000000000000000000, -1.000000000000000000, -0.000000000000000000 ) ) ;
#4516 = VECTOR ( 'NONE', #5317, 999.9999999999998863 ) ;
#4517 = AXIS2_PLACEMENT_3D ( 'NONE', #2250, #8375, #11017 ) ;
#4518 = VERTEX_POINT ( 'NONE', #5665 ) ;
#4519 = ORIENTED_EDGE ( 'NONE', *, *, #2479, .T. ) ;
#4520 = DIRECTION ( 'NONE',  ( 0.000000000000000000, -1.000000000000000000, 0.000000000000000000 ) ) ;
#4521 = PLANE ( 'NONE',  #64 ) ;
#4522 = CARTESIAN_POINT ( 'NONE',  ( -42.74999999999999289, 19.49999999999999645, 2.617682533177465764E-15 ) ) ;
#4523 = CARTESIAN_POINT ( 'NONE',  ( -8.838834764831821289, 47.49999999999998579, -8.838834764831833724 ) ) ;
#4524 = CARTESIAN_POINT ( 'NONE',  ( -1.518785097687213895E-13, 17.49999999999999645, -42.74999999999999289 ) ) ;
#4525 = ORIENTED_EDGE ( 'NONE', *, *, #8067, .F. ) ;
#4526 = AXIS2_PLACEMENT_3D ( 'NONE', #2035, #7070, #7132 ) ;
#4527 = CARTESIAN_POINT ( 'NONE',  ( -10.51393202250020309, 2.767949192431122807, 14.75000000000000000 ) ) ;
#4528 = FACE_OUTER_BOUND ( 'NONE', #11271, .T. ) ;
#4529 = VECTOR ( 'NONE', #8514, 1000.000000000000000 ) ;
#4530 = ORIENTED_EDGE ( 'NONE', *, *, #8624, .F. ) ;
#4531 = EDGE_CURVE ( 'NONE', #6450, #6724, #1972, .T. ) ;
#4532 = VERTEX_POINT ( 'NONE', #4927 ) ;
#4533 = ORIENTED_EDGE ( 'NONE', *, *, #9304, .T. ) ;
#4534 = CIRCLE ( 'NONE', #8013, 25.00000000000000355 ) ;
#4535 = AXIS2_PLACEMENT_3D ( 'NONE', #1610, #7732, #6871 ) ;
#4536 = AXIS2_PLACEMENT_3D ( 'NONE', #5266, #7782, #967 ) ;
#4537 = PLANE ( 'NONE',  #8820 ) ;
#4538 = AXIS2_PLACEMENT_3D ( 'NONE', #1207, #10022, #3038 ) ;
#4539 = DIRECTION ( 'NONE',  ( -1.387778780781446464E-15, 0.000000000000000000, 1.000000000000000000 ) ) ;
#4540 = ORIENTED_EDGE ( 'NONE', *, *, #6193, .F. ) ;
#4541 = EDGE_LOOP ( 'NONE', ( #10799, #7014, #7314, #2 ) ) ;
#4542 = DIRECTION ( 'NONE',  ( -1.000000000000000000, 0.000000000000000000, 3.608844374130319986E-15 ) ) ;
#4543 = EDGE_CURVE ( 'NONE', #4021, #5343, #6585, .T. ) ;
#4544 = CARTESIAN_POINT ( 'NONE',  ( -2.500000000000150102, 2.500000000000000000, 9.022110935326342307E-15 ) ) ;
#4545 = EDGE_LOOP ( 'NONE', ( #8306, #8717, #9353, #328 ) ) ;
#4546 = DIRECTION ( 'NONE',  ( 2.090961332650616934E-15, -0.000000000000000000, 1.000000000000000000 ) ) ;
#4547 = AXIS2_PLACEMENT_3D ( 'NONE', #10488, #10547, #8118 ) ;
#4548 = EDGE_CURVE ( 'NONE', #873, #7163, #9282, .T. ) ;
#4549 = AXIS2_PLACEMENT_3D ( 'NONE', #10233, #9247, #4104 ) ;
#4550 = VECTOR ( 'NONE', #8456, 1000.000000000000000 ) ;
#4551 = ADVANCED_FACE ( 'NONE', ( #1315 ), #3845, .F. ) ;
#4552 = CARTESIAN_POINT ( 'NONE',  ( -12.75000000000000000, 4.500000000000000888, -12.75000000000000000 ) ) ;
#4553 = CARTESIAN_POINT ( 'NONE',  ( 4.504001642398092977E-13, 17.49999999999999645, 42.74999999999999289 ) ) ;
#4554 = AXIS2_PLACEMENT_3D ( 'NONE', #5653, #10237, #6622 ) ;
#4555 = DIRECTION ( 'NONE',  ( 0.000000000000000000, 1.000000000000000000, -0.000000000000000000 ) ) ;
#4556 = CARTESIAN_POINT ( 'NONE',  ( -1.000000000000000000, 0.000000000000000000, 1.264284836150040893E-14 ) ) ;
#4557 = EDGE_LOOP ( 'NONE', ( #10680, #7227, #5959, #642, #6371, #1116 ) ) ;
#4558 = ORIENTED_EDGE ( 'NONE', *, *, #8459, .T. ) ;
#4559 = CARTESIAN_POINT ( 'NONE',  ( -15.21413057346447317, 2.500000000000000000, -9.628165229955159887 ) ) ;
#4560 = CARTESIAN_POINT ( 'NONE',  ( -0.9999999999994156896, 24.95324863549492633, 46.22180415680088572 ) ) ;
#4561 = ORIENTED_EDGE ( 'NONE', *, *, #2993, .T. ) ;
#4562 = FACE_OUTER_BOUND ( 'NONE', #6772, .T. ) ;
#4563 = CARTESIAN_POINT ( 'NONE',  ( -19.76668419071548755, 17.49999999999999645, -14.79749800988288300 ) ) ;
#4564 = PRODUCT_DEFINITION ( 'æœ', '', #9783, #9045 ) ;
#4565 = LINE ( 'NONE', #7087, #3429 ) ;
#4566 = CARTESIAN_POINT ( 'NONE',  ( -17.69932249476183728, 0.000000000000000000, 12.04246824526944337 ) ) ;
#4567 = DIRECTION ( 'NONE',  ( 0.000000000000000000, 1.000000000000000000, 0.000000000000000000 ) ) ;
#4568 = ORIENTED_EDGE ( 'NONE', *, *, #8275, .F. ) ;
#4569 = CIRCLE ( 'NONE', #8583, 1.000000000000000888 ) ;
#4570 = CARTESIAN_POINT ( 'NONE',  ( 2.499999999999928946, 2.500000000000000000, 23.75650936579265604 ) ) ;
#4571 = DIRECTION ( 'NONE',  ( -1.000000000000000000, 0.000000000000000000, 1.039958424056858815E-14 ) ) ;
#4572 = ADVANCED_FACE ( 'NONE', ( #8358 ), #5720, .F. ) ;
#4573 = DIRECTION ( 'NONE',  ( -0.000000000000000000, 0.000000000000000000, 1.000000000000000000 ) ) ;
#4574 = EDGE_CURVE ( 'NONE', #7901, #9980, #7552, .T. ) ;
#4575 = ORIENTED_EDGE ( 'NONE', *, *, #5085, .T. ) ;
#4576 = ORIENTED_EDGE ( 'NONE', *, *, #5632, .T. ) ;
#4577 = LINE ( 'NONE', #8922, #9239 ) ;
#4578 = FACE_OUTER_BOUND ( 'NONE', #6141, .T. ) ;
#4579 = CARTESIAN_POINT ( 'NONE',  ( -27.31663875629289961, 17.49999999999999645, -43.75000000000004263 ) ) ;
#4580 = CARTESIAN_POINT ( 'NONE',  ( -16.04594491874839335, 19.49999999999999645, -19.63298726938598193 ) ) ;
#4581 = DIRECTION ( 'NONE',  ( -8.306039671558391198E-15, 0.000000000000000000, 1.000000000000000000 ) ) ;
#4582 = VERTEX_POINT ( 'NONE', #3901 ) ;
#4583 = FACE_OUTER_BOUND ( 'NONE', #5578, .T. ) ;
#4584 = CARTESIAN_POINT ( 'NONE',  ( 4.898979485566336223, -34.48187929913332539, -43.75000000000009237 ) ) ;
#4585 = ORIENTED_EDGE ( 'NONE', *, *, #10146, .F. ) ;
#4586 = EDGE_CURVE ( 'NONE', #2744, #10883, #10625, .T. ) ;
#4587 = EDGE_LOOP ( 'NONE', ( #1854, #8033, #3574, #4204 ) ) ;
#4588 = VERTEX_POINT ( 'NONE', #7501 ) ;
#4589 = DIRECTION ( 'NONE',  ( -0.000000000000000000, -1.000000000000000000, 0.000000000000000000 ) ) ;
#4590 = CARTESIAN_POINT ( 'NONE',  ( 15.33883813756172643, 19.49999999999999645, -19.92588048819955659 ) ) ;
#4591 = VECTOR ( 'NONE', #3040, 1000.000000000000000 ) ;
#4592 = ORIENTED_EDGE ( 'NONE', *, *, #4994, .F. ) ;
#4593 = ORIENTED_EDGE ( 'NONE', *, *, #9515, .T. ) ;
#4594 = CARTESIAN_POINT ( 'NONE',  ( 12.75000000000000000, 9.500000000000000000, -12.75000000000000000 ) ) ;
#4595 = CARTESIAN_POINT ( 'NONE',  ( -1.000000000000385247, 17.49999999999999645, -68.08493649053889385 ) ) ;
#4596 = ORIENTED_EDGE ( 'NONE', *, *, #11051, .T. ) ;
#4597 = CARTESIAN_POINT ( 'NONE',  ( 18.92588048819949620, 17.49999999999999645, -15.33883813756178860 ) ) ;
#4598 = EDGE_CURVE ( 'NONE', #1356, #10906, #9646, .T. ) ;
#4599 = CARTESIAN_POINT ( 'NONE',  ( 0.000000000000000000, 2.500000000000000000, -46.04999999999999716 ) ) ;
#4600 = DIRECTION ( 'NONE',  ( 0.000000000000000000, 1.000000000000000000, 0.000000000000000000 ) ) ;
#4601 = EDGE_CURVE ( 'NONE', #8516, #11008, #7452, .T. ) ;
#4602 = DIRECTION ( 'NONE',  ( 1.000000000000000000, 0.000000000000000000, -3.553859168040306887E-15 ) ) ;
#4603 = CARTESIAN_POINT ( 'NONE',  ( -4.898979485566377079, 0.000000000000000000, 41.75000000000012079 ) ) ;
#4604 = ORIENTED_EDGE ( 'NONE', *, *, #10248, .F. ) ;
#4605 = ORIENTED_EDGE ( 'NONE', *, *, #541, .F. ) ;
#4606 = CARTESIAN_POINT ( 'NONE',  ( 10.62825468289635644, 0.000000000000000000, -10.62825468289633690 ) ) ;
#4607 = CARTESIAN_POINT ( 'NONE',  ( 27.33493649053875529, 17.49999999999999645, -41.75000000000014211 ) ) ;
#4608 = ORIENTED_EDGE ( 'NONE', *, *, #5697, .F. ) ;
#4609 = EDGE_LOOP ( 'NONE', ( #824, #3129, #7563, #2291, #7632, #5258, #8824, #8573 ) ) ;
#4610 = EDGE_CURVE ( 'NONE', #5051, #5981, #2180, .T. ) ;
#4611 = EDGE_CURVE ( 'NONE', #6882, #9090, #8909, .T. ) ;
#4612 = AXIS2_PLACEMENT_3D ( 'NONE', #7337, #10035, #10085 ) ;
#4613 = CARTESIAN_POINT ( 'NONE',  ( 12.75000000000000178, 9.500000000000000000, 13.74999999999999822 ) ) ;
#4614 = LINE ( 'NONE', #1880, #4643 ) ;
#4615 = CARTESIAN_POINT ( 'NONE',  ( -12.75000000000000000, 2.767949192431122807, -12.75000000000000000 ) ) ;
#4616 = LINE ( 'NONE', #323, #11260 ) ;
#4617 = CARTESIAN_POINT ( 'NONE',  ( 46.04999999999999716, 0.000000000000000000, -2.819749255036780099E-15 ) ) ;
#4618 = VERTEX_POINT ( 'NONE', #8246 ) ;
#4619 = ORIENTED_EDGE ( 'NONE', *, *, #1196, .F. ) ;
#4620 = CARTESIAN_POINT ( 'NONE',  ( 0.000000000000000000, 0.000000000000000000, -46.04999999999999716 ) ) ;
#4621 = DIRECTION ( 'NONE',  ( 1.387778780781445478E-15, 0.000000000000000000, -1.000000000000000000 ) ) ;
#4622 = DIRECTION ( 'NONE',  ( 2.168404344971008868E-15, 0.000000000000000000, 1.000000000000000000 ) ) ;
#4623 = DIRECTION ( 'NONE',  ( 1.000000000000000000, 0.000000000000000000, -1.264284836150040893E-14 ) ) ;
#4624 = VECTOR ( 'NONE', #5853, 1000.000000000000000 ) ;
#4625 = EDGE_CURVE ( 'NONE', #11238, #3466, #10888, .T. ) ;
#4626 = AXIS2_PLACEMENT_3D ( 'NONE', #5664, #395, #2178 ) ;
#4627 = EDGE_CURVE ( 'NONE', #6667, #5012, #4351, .T. ) ;
#4628 = EDGE_LOOP ( 'NONE', ( #5232, #7617, #9882, #3194 ) ) ;
#4629 = VERTEX_POINT ( 'NONE', #10945 ) ;
#4630 = CARTESIAN_POINT ( 'NONE',  ( 5.419062086227037406E-15, 2.500000000000000000, 41.24999999999999289 ) ) ;
#4631 = VECTOR ( 'NONE', #3031, 1000.000000000000000 ) ;
#4632 = DIRECTION ( 'NONE',  ( 0.000000000000000000, -1.000000000000000000, 0.000000000000000000 ) ) ;
#4633 = AXIS2_PLACEMENT_3D ( 'NONE', #162, #4567, #3658 ) ;
#4634 = DIRECTION ( 'NONE',  ( -1.000000000000000000, -1.972152263052529514E-31, -8.306039671558391198E-15 ) ) ;
#4635 = DIRECTION ( 'NONE',  ( -5.659885683814143012E-15, 0.000000000000000000, -1.000000000000000000 ) ) ;
#4636 = EDGE_CURVE ( 'NONE', #4215, #8843, #8187, .T. ) ;
#4637 = DIRECTION ( 'NONE',  ( 0.000000000000000000, 0.000000000000000000, -1.000000000000000000 ) ) ;
#4638 = ORIENTED_EDGE ( 'NONE', *, *, #3535, .F. ) ;
#4639 = CARTESIAN_POINT ( 'NONE',  ( -1.518785097687213895E-13, 19.49999999999999645, -42.74999999999999289 ) ) ;
#4640 = DIRECTION ( 'NONE',  ( 5.663872149064273586E-15, 0.000000000000000000, 1.000000000000000000 ) ) ;
#4641 = ORIENTED_EDGE ( 'NONE', *, *, #6761, .F. ) ;
#4642 = ORIENTED_EDGE ( 'NONE', *, *, #8754, .T. ) ;
#4643 = VECTOR ( 'NONE', #10689, 1000.000000000000000 ) ;
#4644 = EDGE_CURVE ( 'NONE', #8234, #10821, #1240, .T. ) ;
#4645 = ORIENTED_EDGE ( 'NONE', *, *, #5713, .T. ) ;
#4646 = ORIENTED_EDGE ( 'NONE', *, *, #7979, .T. ) ;
#4647 = DIRECTION ( 'NONE',  ( 0.000000000000000000, 1.000000000000000000, 0.000000000000000000 ) ) ;
#4648 = EDGE_CURVE ( 'NONE', #10971, #8390, #4358, .T. ) ;
#4649 = AXIS2_PLACEMENT_3D ( 'NONE', #7068, #196, #4438 ) ;
#4650 = ADVANCED_FACE ( 'NONE', ( #5216 ), #11287, .T. ) ;
#4651 = CARTESIAN_POINT ( 'NONE',  ( -17.41506350946108839, 17.49999999999999645, 0.9999999999998575584 ) ) ;
#4652 = ORIENTED_EDGE ( 'NONE', *, *, #4625, .T. ) ;
#4653 = EDGE_LOOP ( 'NONE', ( #3509, #6866, #3856, #1392 ) ) ;
#4654 = CARTESIAN_POINT ( 'NONE',  ( 1.486905836551403652E-14, 2.500000000000000000, 2.499999999999752642 ) ) ;
#4655 = DIRECTION ( 'NONE',  ( -0.000000000000000000, -1.000000000000000000, 0.000000000000000000 ) ) ;
#4656 = ORIENTED_EDGE ( 'NONE', *, *, #1745, .T. ) ;
#4657 = AXIS2_PLACEMENT_3D ( 'NONE', #10297, #8576, #1712 ) ;
#4658 = CARTESIAN_POINT ( 'NONE',  ( 19.63298726938604943, 17.49999999999999645, 16.04594491874832940 ) ) ;
#4659 = DIRECTION ( 'NONE',  ( -1.000000000000000000, 0.000000000000000000, 1.040773042068946910E-14 ) ) ;
#4660 = CARTESIAN_POINT ( 'NONE',  ( -1.518785097687213895E-13, 17.49999999999999645, -42.74999999999999289 ) ) ;
#4661 = DIRECTION ( 'NONE',  ( 0.000000000000000000, 1.000000000000000000, 0.000000000000000000 ) ) ;
#4662 = ORIENTED_EDGE ( 'NONE', *, *, #4002, .F. ) ;
#4663 = ORIENTED_EDGE ( 'NONE', *, *, #732, .T. ) ;
#4664 = CYLINDRICAL_SURFACE ( 'NONE', #8755, 0.7499999999999986677 ) ;
#4665 = DIRECTION ( 'NONE',  ( 0.000000000000000000, 0.000000000000000000, 1.000000000000000000 ) ) ;
#4666 = VECTOR ( 'NONE', #1187, 1000.000000000000000 ) ;
#4667 = PRODUCT_CONTEXT ( 'NONE', #1717, 'mechanical' ) ;
#4668 = ORIENTED_EDGE ( 'NONE', *, *, #5389, .T. ) ;
#4669 = ORIENTED_EDGE ( 'NONE', *, *, #915, .F. ) ;
#4670 = VECTOR ( 'NONE', #5093, 999.9999999999998863 ) ;
#4671 = CARTESIAN_POINT ( 'NONE',  ( 10.51393202250021019, 2.500000000000000000, 14.75000000000000000 ) ) ;
#4672 = DIRECTION ( 'NONE',  ( 0.000000000000000000, 1.000000000000000000, -0.000000000000000000 ) ) ;
#4673 = CARTESIAN_POINT ( 'NONE',  ( -1.000000000000396572, 17.49999999999999645, -70.08493649053890806 ) ) ;
#4674 = LINE ( 'NONE', #8170, #4488 ) ;
#4675 = DIRECTION ( 'NONE',  ( 1.000000000000000000, 0.000000000000000000, -3.491481338843133355E-15 ) ) ;
#4676 = VERTEX_POINT ( 'NONE', #3385 ) ;
#4677 = ORIENTED_EDGE ( 'NONE', *, *, #2663, .F. ) ;
#4678 = FACE_OUTER_BOUND ( 'NONE', #7409, .T. ) ;
#4679 = CARTESIAN_POINT ( 'NONE',  ( 42.74999999999999289, 17.49999999999999645, -2.617682533177465764E-15 ) ) ;
#4680 = CARTESIAN_POINT ( 'NONE',  ( 0.000000000000000000, -34.48187929913332539, -42.74999999999999289 ) ) ;
#4681 = DIRECTION ( 'NONE',  ( -0.000000000000000000, -1.000000000000000000, 0.000000000000000000 ) ) ;
#4682 = VECTOR ( 'NONE', #150, 1000.000000000000000 ) ;
#4683 = ORIENTED_EDGE ( 'NONE', *, *, #7065, .T. ) ;
#4684 = EDGE_LOOP ( 'NONE', ( #1052, #1931, #9679 ) ) ;
#4685 = DIRECTION ( 'NONE',  ( 0.000000000000000000, 0.000000000000000000, -1.000000000000000000 ) ) ;
#4686 = VECTOR ( 'NONE', #9749, 1000.000000000000000 ) ;
#4687 = EDGE_CURVE ( 'NONE', #3145, #4779, #1053, .T. ) ;
#4688 = CARTESIAN_POINT ( 'NONE',  ( 42.74999999999999289, 19.49999999999999645, -2.617682533177465764E-15 ) ) ;
#4689 = EDGE_CURVE ( 'NONE', #2934, #8205, #151, .T. ) ;
#4690 = CARTESIAN_POINT ( 'NONE',  ( 2.499999999999992006, -34.48187929913332539, 5.421010862427504421E-16 ) ) ;
#4691 = DIRECTION ( 'NONE',  ( -1.734723475976808672E-15, 0.000000000000000000, 1.000000000000000000 ) ) ;
#4692 = DIRECTION ( 'NONE',  ( -0.000000000000000000, -1.000000000000000000, 0.000000000000000000 ) ) ;
#4693 = CYLINDRICAL_SURFACE ( 'NONE', #7835, 1.000000000000000888 ) ;
#4694 = DIRECTION ( 'NONE',  ( 1.264284836150040893E-14, 0.000000000000000000, 1.000000000000000000 ) ) ;
#4695 = CARTESIAN_POINT ( 'NONE',  ( 27.41116186243804620, 17.49999999999999645, 23.82411951180039011 ) ) ;
#4696 = ORIENTED_EDGE ( 'NONE', *, *, #9517, .T. ) ;
#4697 = EDGE_LOOP ( 'NONE', ( #269, #4608, #5535, #6345 ) ) ;
#4698 = AXIS2_PLACEMENT_3D ( 'NONE', #8648, #7048, #6140 ) ;
#4699 = EDGE_CURVE ( 'NONE', #187, #10460, #3562, .T. ) ;
#4700 = AXIS2_PLACEMENT_3D ( 'NONE', #6489, #9986, #5635 ) ;
#4701 = ORIENTED_EDGE ( 'NONE', *, *, #8110, .T. ) ;
#4702 = ORIENTED_EDGE ( 'NONE', *, *, #2569, .T. ) ;
#4703 = CARTESIAN_POINT ( 'NONE',  ( 0.000000000000000000, -34.48187929913332539, -42.74999999999999289 ) ) ;
#4704 = CIRCLE ( 'NONE', #3622, 0.9999999999999991118 ) ;
#4705 = AXIS2_PLACEMENT_3D ( 'NONE', #5609, #563, #5780 ) ;
#4706 = EDGE_CURVE ( 'NONE', #2382, #9699, #976, .T. ) ;
#4707 = DIRECTION ( 'NONE',  ( 0.000000000000000000, 0.000000000000000000, 1.000000000000000000 ) ) ;
#4708 = VERTEX_POINT ( 'NONE', #7041 ) ;
#4709 = EDGE_CURVE ( 'NONE', #7380, #5935, #922, .T. ) ;
#4710 = EDGE_LOOP ( 'NONE', ( #7996, #8768, #5695 ) ) ;
#4711 = DIRECTION ( 'NONE',  ( 0.000000000000000000, 1.000000000000000000, 0.000000000000000000 ) ) ;
#4712 = CARTESIAN_POINT ( 'NONE',  ( -70.08493649053890806, 17.49999999999999645, 6.189087758876858501E-14 ) ) ;
#4713 = ORIENTED_EDGE ( 'NONE', *, *, #3772, .F. ) ;
#4714 = EDGE_CURVE ( 'NONE', #3888, #5534, #4468, .T. ) ;
#4715 = VECTOR ( 'NONE', #590, 1000.000000000000000 ) ;
#4716 = EDGE_CURVE ( 'NONE', #3119, #643, #888, .T. ) ;
#4717 = AXIS2_PLACEMENT_3D ( 'NONE', #9095, #1259, #7210 ) ;
#4718 = AXIS2_PLACEMENT_3D ( 'NONE', #3025, #9024, #4571 ) ;
#4719 = CYLINDRICAL_SURFACE ( 'NONE', #4812, 3.000000000000000888 ) ;
#4720 = DIRECTION ( 'NONE',  ( 0.000000000000000000, 1.000000000000000000, 0.000000000000000000 ) ) ;
#4721 = DIRECTION ( 'NONE',  ( 0.7071067811865480168, 0.000000000000000000, -0.7071067811865470176 ) ) ;
#4722 = DIRECTION ( 'NONE',  ( 0.000000000000000000, 0.000000000000000000, 1.000000000000000000 ) ) ;
#4723 = VERTEX_POINT ( 'NONE', #6980 ) ;
#4724 = AXIS2_PLACEMENT_3D ( 'NONE', #356, #6480, #2135 ) ;
#4725 = ORIENTED_EDGE ( 'NONE', *, *, #7170, .T. ) ;
#4726 = CARTESIAN_POINT ( 'NONE',  ( 42.74999999999999289, 19.49999999999999645, -27.33493649053890451 ) ) ;
#4727 = CARTESIAN_POINT ( 'NONE',  ( -1.000000000000048406, 27.36039051652360854, -40.38836755702141090 ) ) ;
#4728 = AXIS2_PLACEMENT_3D ( 'NONE', #2750, #7310, #7252 ) ;
#4729 = ORIENTED_EDGE ( 'NONE', *, *, #11066, .T. ) ;
#4730 = VERTEX_POINT ( 'NONE', #3502 ) ;
#4731 = ADVANCED_FACE ( 'NONE', ( #4239 ), #2530, .T. ) ;
#4732 = CARTESIAN_POINT ( 'NONE',  ( -15.92123735465102108, 0.000000000000000000, -10.33527201114170424 ) ) ;
#4733 = CIRCLE ( 'NONE', #11151, 27.33493649053890096 ) ;
#4734 = DIRECTION ( 'NONE',  ( 0.000000000000000000, 1.000000000000000000, -0.000000000000000000 ) ) ;
#4735 = CARTESIAN_POINT ( 'NONE',  ( -12.75000000000000000, 9.500000000000000000, -12.75000000000000000 ) ) ;
#4736 = CARTESIAN_POINT ( 'NONE',  ( 41.09999999999999432, 0.000000000000000000, 2.107883832488645304 ) ) ;
#4737 = CARTESIAN_POINT ( 'NONE',  ( -15.43336124370724782, 17.49999999999999645, -1.000000000000146771 ) ) ;
#4738 = EDGE_LOOP ( 'NONE', ( #2094, #4397, #2349, #4272 ) ) ;
#4739 = ORIENTED_EDGE ( 'NONE', *, *, #9398, .T. ) ;
#4740 = CARTESIAN_POINT ( 'NONE',  ( 8.761108882847500112, 2.500000000000000000, 12.45209455274892996 ) ) ;
#4741 = DIRECTION ( 'NONE',  ( 0.000000000000000000, 1.000000000000000000, -0.000000000000000000 ) ) ;
#4742 = CYLINDRICAL_SURFACE ( 'NONE', #9475, 1.500000000000001332 ) ;
#4743 = VECTOR ( 'NONE', #5692, 1000.000000000000000 ) ;
#4744 = LINE ( 'NONE', #10934, #403 ) ;
#4745 = ORIENTED_EDGE ( 'NONE', *, *, #10806, .F. ) ;
#4746 = VERTEX_POINT ( 'NONE', #8702 ) ;
#4747 = VECTOR ( 'NONE', #8647, 1000.000000000000000 ) ;
#4748 = LINE ( 'NONE', #7382, #5546 ) ;
#4749 = EDGE_CURVE ( 'NONE', #353, #1518, #1442, .T. ) ;
#4750 = DIRECTION ( 'NONE',  ( -0.000000000000000000, -1.000000000000000000, -0.000000000000000000 ) ) ;
#4751 = DIRECTION ( 'NONE',  ( -0.000000000000000000, -1.000000000000000000, 0.000000000000000000 ) ) ;
#4752 = DIRECTION ( 'NONE',  ( 8.306039671558391198E-15, 0.000000000000000000, -1.000000000000000000 ) ) ;
#4753 = EDGE_CURVE ( 'NONE', #8398, #1518, #3630, .T. ) ;
#4754 = DIRECTION ( 'NONE',  ( 0.000000000000000000, 1.000000000000000000, 0.000000000000000000 ) ) ;
#4755 = DIRECTION ( 'NONE',  ( 0.000000000000000000, 0.000000000000000000, -1.000000000000000000 ) ) ;
#4756 = CARTESIAN_POINT ( 'NONE',  ( 8.838834764831835500, 0.000000000000000000, 8.838834764831833724 ) ) ;
#4757 = DIRECTION ( 'NONE',  ( 0.7071067811865482389, 0.000000000000000000, -0.7071067811865469066 ) ) ;
#4758 = ORIENTED_EDGE ( 'NONE', *, *, #5056, .T. ) ;
#4759 = EDGE_LOOP ( 'NONE', ( #6222, #31, #4481, #10343, #9092 ) ) ;
#4760 = EDGE_CURVE ( 'NONE', #941, #8552, #3447, .T. ) ;
#4761 = EDGE_CURVE ( 'NONE', #4294, #9193, #10212, .T. ) ;
#4762 = EDGE_CURVE ( 'NONE', #10335, #882, #2718, .T. ) ;
#4763 = ORIENTED_EDGE ( 'NONE', *, *, #6046, .T. ) ;
#4764 = VERTEX_POINT ( 'NONE', #10371 ) ;
#4765 = CARTESIAN_POINT ( 'NONE',  ( 15.33883813756196624, 17.49999999999999645, 18.92588048819932922 ) ) ;
#4766 = DIRECTION ( 'NONE',  ( 5.663872149064274374E-15, 8.326672684688673067E-16, 1.000000000000000000 ) ) ;
#4767 = ORIENTED_EDGE ( 'NONE', *, *, #6250, .T. ) ;
#4768 = CARTESIAN_POINT ( 'NONE',  ( 16.04594491874851414, 0.7898818883216689457, 19.63298726938587535 ) ) ;
#4769 = DIRECTION ( 'NONE',  ( 0.000000000000000000, 1.000000000000000000, -0.000000000000000000 ) ) ;
#4770 = EDGE_LOOP ( 'NONE', ( #9833, #8262, #2820 ) ) ;
#4771 = FACE_OUTER_BOUND ( 'NONE', #7999, .T. ) ;
#4772 = CARTESIAN_POINT ( 'NONE',  ( 1.836970198721031413E-16, 0.000000000000000000, -44.25000000000000000 ) ) ;
#4773 = DIRECTION ( 'NONE',  ( 0.7071067811865474617, 0.000000000000000000, 0.7071067811865474617 ) ) ;
#4774 = VERTEX_POINT ( 'NONE', #1668 ) ;
#4775 = ADVANCED_FACE ( 'NONE', ( #10769 ), #5386, .T. ) ;
#4776 = VERTEX_POINT ( 'NONE', #8924 ) ;
#4777 = CARTESIAN_POINT ( 'NONE',  ( 12.75000000000000178, 2.500000000000000000, 12.75000000000000000 ) ) ;
#4778 = DIRECTION ( 'NONE',  ( 0.000000000000000000, 0.000000000000000000, -1.000000000000000000 ) ) ;
#4779 = VERTEX_POINT ( 'NONE', #279 ) ;
#4780 = EDGE_LOOP ( 'NONE', ( #4412, #9967 ) ) ;
#4781 = VECTOR ( 'NONE', #683, 1000.000000000000114 ) ;
#4782 = CYLINDRICAL_SURFACE ( 'NONE', #2288, 1.000000000000000888 ) ;
#4783 = CARTESIAN_POINT ( 'NONE',  ( 12.75000000000000178, 2.767949192431122807, 15.75000000000000000 ) ) ;
#4784 = DIRECTION ( 'NONE',  ( -2.168404344971009657E-15, 1.972152263052529514E-31, -1.000000000000000000 ) ) ;
#4785 = ADVANCED_FACE ( 'NONE', ( #2866 ), #3842, .F. ) ;
#4786 = PLANE ( 'NONE',  #2667 ) ;
#4787 = VECTOR ( 'NONE', #4573, 1000.000000000000000 ) ;
#4788 = FACE_OUTER_BOUND ( 'NONE', #7690, .T. ) ;
#4789 = EDGE_LOOP ( 'NONE', ( #6647, #7884, #9358, #7634, #5709, #638 ) ) ;
#4790 = VERTEX_POINT ( 'NONE', #6410 ) ;
#4791 = LINE ( 'NONE', #495, #11145 ) ;
#4792 = PLANE ( 'NONE',  #8515 ) ;
#4793 = DIRECTION ( 'NONE',  ( 0.000000000000000000, 0.000000000000000000, 1.000000000000000000 ) ) ;
#4794 = EDGE_CURVE ( 'NONE', #6329, #2579, #3781, .T. ) ;
#4795 = LINE ( 'NONE', #3943, #756 ) ;
#4796 = VECTOR ( 'NONE', #6153, 1000.000000000000000 ) ;
#4797 = EDGE_LOOP ( 'NONE', ( #10046, #10243, #4335, #1564, #1492, #3857, #10630 ) ) ;
#4798 = ORIENTED_EDGE ( 'NONE', *, *, #818, .T. ) ;
#4799 = EDGE_CURVE ( 'NONE', #10863, #4971, #9902, .T. ) ;
#4800 = CARTESIAN_POINT ( 'NONE',  ( 42.74999999999999289, -34.48187929913332539, -2.617682533177465764E-15 ) ) ;
#4801 = DIRECTION ( 'NONE',  ( 0.000000000000000000, 0.000000000000000000, 1.000000000000000000 ) ) ;
#4802 = CARTESIAN_POINT ( 'NONE',  ( -1.393974221767205173E-14, 2.500000000000000000, -2.500000000000231815 ) ) ;
#4803 = CARTESIAN_POINT ( 'NONE',  ( -1.000000000000000000, 2.500000000000000000, 5.659885683814142223E-15 ) ) ;
#4804 = DIRECTION ( 'NONE',  ( -0.000000000000000000, -1.000000000000000000, -0.000000000000000000 ) ) ;
#4805 = AXIS2_PLACEMENT_3D ( 'NONE', #5045, #4936, #690 ) ;
#4806 = LINE ( 'NONE', #8303, #8930 ) ;
#4807 = CIRCLE ( 'NONE', #5358, 0.9999999999999991118 ) ;
#4808 = CARTESIAN_POINT ( 'NONE',  ( 27.28291891559792859, 19.49999999999999645, 22.53814889626740836 ) ) ;
#4809 = PLANE ( 'NONE',  #10752 ) ;
#4810 = ORIENTED_EDGE ( 'NONE', *, *, #6989, .F. ) ;
#4811 = ORIENTED_EDGE ( 'NONE', *, *, #5551, .F. ) ;
#4812 = AXIS2_PLACEMENT_3D ( 'NONE', #2414, #6433, #8999 ) ;
#4813 = VECTOR ( 'NONE', #9433, 1000.000000000000000 ) ;
#4814 = ORIENTED_EDGE ( 'NONE', *, *, #3185, .T. ) ;
#4815 = VERTEX_POINT ( 'NONE', #8243 ) ;
#4816 = DIRECTION ( 'NONE',  ( 0.000000000000000000, 1.000000000000000000, -0.000000000000000000 ) ) ;
#4817 = DIRECTION ( 'NONE',  ( 1.000000000000000000, -1.972152263052529514E-31, -5.659885683814143012E-15 ) ) ;
#4818 = EDGE_LOOP ( 'NONE', ( #725, #5562, #5773, #9742 ) ) ;
#4819 = DIRECTION ( 'NONE',  ( 0.000000000000000000, 1.000000000000000000, 0.000000000000000000 ) ) ;
#4820 = CARTESIAN_POINT ( 'NONE',  ( -45.11163244297857489, 27.36039051652360854, 1.000000000000097922 ) ) ;
#4821 = CIRCLE ( 'NONE', #2450, 4.000000000000000000 ) ;
#4822 = ORIENTED_EDGE ( 'NONE', *, *, #3451, .F. ) ;
#4823 = AXIS2_PLACEMENT_3D ( 'NONE', #8340, #10283, #5650 ) ;
#4824 = EDGE_LOOP ( 'NONE', ( #9223, #8342, #9929, #10724 ) ) ;
#4825 = ORIENTED_EDGE ( 'NONE', *, *, #1357, .T. ) ;
#4826 = ORIENTED_EDGE ( 'NONE', *, *, #2869, .T. ) ;
#4827 = CIRCLE ( 'NONE', #10131, 1.000000000000000888 ) ;
#4828 = CIRCLE ( 'NONE', #2825, 25.35466440282023370 ) ;
#4829 = DIRECTION ( 'NONE',  ( 0.000000000000000000, 1.000000000000000000, 0.000000000000000000 ) ) ;
#4830 = EDGE_CURVE ( 'NONE', #6711, #8254, #339, .T. ) ;
#4831 = DIRECTION ( 'NONE',  ( 1.000000000000000000, 0.000000000000000000, -1.264284836150040893E-14 ) ) ;
#4832 = CARTESIAN_POINT ( 'NONE',  ( 12.75000000000000178, 9.500000000000000000, 14.75000000000000000 ) ) ;
#4833 = EDGE_LOOP ( 'NONE', ( #10978, #4243, #5504, #10991, #8350 ) ) ;
#4834 = VERTEX_POINT ( 'NONE', #7326 ) ;
#4835 = CARTESIAN_POINT ( 'NONE',  ( 47.64897948556637175, 0.000000000000000000, 0.9999999999998974154 ) ) ;
#4836 = CARTESIAN_POINT ( 'NONE',  ( -14.75000000000000000, 2.683998845521173848, -10.31884904520589252 ) ) ;
#4837 = ORIENTED_EDGE ( 'NONE', *, *, #4501, .T. ) ;
#4838 = ORIENTED_EDGE ( 'NONE', *, *, #6897, .T. ) ;
#4839 = AXIS2_PLACEMENT_3D ( 'NONE', #6325, #6219, #5355 ) ;
#4840 = CIRCLE ( 'NONE', #10695, 0.9999999999999991118 ) ;
#4841 = EDGE_CURVE ( 'NONE', #214, #1512, #8202, .T. ) ;
#4842 = CARTESIAN_POINT ( 'NONE',  ( 13.45668180764254807, 0.000000000000000000, -13.45668180764252853 ) ) ;
#4843 = DIRECTION ( 'NONE',  ( 0.000000000000000000, 1.000000000000000000, 0.000000000000000000 ) ) ;
#4844 = CIRCLE ( 'NONE', #817, 3.000000000000000888 ) ;
#4845 = DIRECTION ( 'NONE',  ( 0.000000000000000000, 1.000000000000000000, -0.000000000000000000 ) ) ;
#4846 = DIRECTION ( 'NONE',  ( 0.000000000000000000, 1.000000000000000000, 0.000000000000000000 ) ) ;
#4847 = ORIENTED_EDGE ( 'NONE', *, *, #3424, .T. ) ;
#4848 = EDGE_LOOP ( 'NONE', ( #3360, #4860, #124, #7982 ) ) ;
#4849 = DIRECTION ( 'NONE',  ( 0.000000000000000000, 0.000000000000000000, 1.000000000000000000 ) ) ;
#4850 = CARTESIAN_POINT ( 'NONE',  ( 9.071159121384148705, 2.500000000000000444, -12.14204431421227959 ) ) ;
#4851 = CARTESIAN_POINT ( 'NONE',  ( 1.000000000000000000, 17.49999999999999645, -5.659885683814142223E-15 ) ) ;
#4852 = ORIENTED_EDGE ( 'NONE', *, *, #9159, .F. ) ;
#4853 = EDGE_CURVE ( 'NONE', #1851, #3910, #9667, .T. ) ;
#4854 = DIRECTION ( 'NONE',  ( -1.264284836150040893E-14, 0.000000000000000000, -1.000000000000000000 ) ) ;
#4855 = EDGE_CURVE ( 'NONE', #11238, #6117, #2061, .T. ) ;
#4856 = CIRCLE ( 'NONE', #274, 0.9999999999999991118 ) ;
#4857 = EDGE_CURVE ( 'NONE', #3536, #2243, #1093, .T. ) ;
#4858 = ADVANCED_FACE ( 'NONE', ( #4578 ), #7156, .T. ) ;
#4859 = ORIENTED_EDGE ( 'NONE', *, *, #3013, .T. ) ;
#4860 = ORIENTED_EDGE ( 'NONE', *, *, #9798, .F. ) ;
#4861 = CYLINDRICAL_SURFACE ( 'NONE', #610, 1.000000000000000888 ) ;
#4862 = LINE ( 'NONE', #8354, #9292 ) ;
#4863 = PLANE ( 'NONE',  #9599 ) ;
#4864 = CARTESIAN_POINT ( 'NONE',  ( -19.76668419071548044, 19.49999999999999645, 14.79749800988288300 ) ) ;
#4865 = DIRECTION ( 'NONE',  ( 0.000000000000000000, 1.000000000000000000, 0.000000000000000000 ) ) ;
#4866 = CIRCLE ( 'NONE', #5587, 0.9999999999999991118 ) ;
#4867 = DIRECTION ( 'NONE',  ( 2.168404344971009115E-16, 0.000000000000000000, -1.000000000000000000 ) ) ;
#4868 = CARTESIAN_POINT ( 'NONE',  ( -38.41987298107782323, 0.000000000000000000, -2.500000000000019096 ) ) ;
#4869 = PLANE ( 'NONE',  #5081 ) ;
#4870 = VERTEX_POINT ( 'NONE', #8069 ) ;
#4871 = AXIS2_PLACEMENT_3D ( 'NONE', #1982, #2678, #7188 ) ;
#4872 = EDGE_CURVE ( 'NONE', #7340, #8548, #5629, .T. ) ;
#4873 = ORIENTED_EDGE ( 'NONE', *, *, #25, .T. ) ;
#4874 = ORIENTED_EDGE ( 'NONE', *, *, #2973, .F. ) ;
#4875 = CARTESIAN_POINT ( 'NONE',  ( -13.04289321881345032, 0.000000000000000000, -8.170310216782967316 ) ) ;
#4876 = CARTESIAN_POINT ( 'NONE',  ( 41.75000000000013500, 17.49999999999999645, -27.31663875629276106 ) ) ;
#4877 = EDGE_CURVE ( 'NONE', #5290, #9726, #9658, .T. ) ;
#4878 = ORIENTED_EDGE ( 'NONE', *, *, #3323, .T. ) ;
#4879 = CARTESIAN_POINT ( 'NONE',  ( 1.000000000000900835, 17.49999999999999645, 85.49999999999998579 ) ) ;
#4880 = DIRECTION ( 'NONE',  ( -0.000000000000000000, -1.000000000000000000, 0.000000000000000000 ) ) ;
#4881 = AXIS2_PLACEMENT_3D ( 'NONE', #1863, #7060, #75 ) ;
#4882 = ORIENTED_EDGE ( 'NONE', *, *, #10305, .T. ) ;
#4883 = ORIENTED_EDGE ( 'NONE', *, *, #5919, .F. ) ;
#4884 = EDGE_LOOP ( 'NONE', ( #390, #2510, #1368, #3336 ) ) ;
#4885 = ORIENTED_EDGE ( 'NONE', *, *, #10645, .T. ) ;
#4886 = VECTOR ( 'NONE', #11170, 1000.000000000000000 ) ;
#4887 = VECTOR ( 'NONE', #1221, 1000.000000000000000 ) ;
#4888 = CARTESIAN_POINT ( 'NONE',  ( -12.75000000000000000, 2.500000000000000000, -12.75000000000000000 ) ) ;
#4889 = AXIS2_PLACEMENT_3D ( 'NONE', #3005, #9299, #9234 ) ;
#4890 = EDGE_CURVE ( 'NONE', #8091, #5494, #5606, .T. ) ;
#4891 = LINE ( 'NONE', #7467, #4715 ) ;
#4892 = FACE_OUTER_BOUND ( 'NONE', #6867, .T. ) ;
#4893 = ORIENTED_EDGE ( 'NONE', *, *, #3851, .T. ) ;
#4894 = VERTEX_POINT ( 'NONE', #9730 ) ;
#4895 = CARTESIAN_POINT ( 'NONE',  ( -8.170310216782969093, 0.000000000000000000, -13.04289321881345032 ) ) ;
#4896 = EDGE_CURVE ( 'NONE', #10914, #8946, #3257, .T. ) ;
#4897 = DIRECTION ( 'NONE',  ( -0.000000000000000000, -1.000000000000000000, 0.000000000000000000 ) ) ;
#4898 = ORIENTED_EDGE ( 'NONE', *, *, #7458, .F. ) ;
#4899 = ORIENTED_EDGE ( 'NONE', *, *, #10610, .F. ) ;
#4900 = AXIS2_PLACEMENT_3D ( 'NONE', #6789, #9593, #8732 ) ;
#4901 = AXIS2_PLACEMENT_3D ( 'NONE', #730, #4221, #7712 ) ;
#4902 = AXIS2_PLACEMENT_3D ( 'NONE', #49, #9499, #11340 ) ;
#4903 = VECTOR ( 'NONE', #6995, 1000.000000000000000 ) ;
#4904 = ADVANCED_FACE ( 'NONE', ( #393 ), #3898, .F. ) ;
#4905 = DIRECTION ( 'NONE',  ( 0.000000000000000000, 1.000000000000000000, 0.000000000000000000 ) ) ;
#4906 = FACE_OUTER_BOUND ( 'NONE', #2073, .T. ) ;
#4907 = CIRCLE ( 'NONE', #8378, 25.00000000000000711 ) ;
#4908 = VECTOR ( 'NONE', #11054, 1000.000000000000000 ) ;
#4909 = CARTESIAN_POINT ( 'NONE',  ( 46.04999999999999716, 2.500000000000000000, -2.819749255036780099E-15 ) ) ;
#4910 = DIRECTION ( 'NONE',  ( 0.000000000000000000, 0.000000000000000000, 1.000000000000000000 ) ) ;
#4911 = EDGE_LOOP ( 'NONE', ( #9054, #9254 ) ) ;
#4912 = CIRCLE ( 'NONE', #6548, 25.35466440282023370 ) ;
#4913 = ORIENTED_EDGE ( 'NONE', *, *, #9770, .T. ) ;
#4914 = LINE ( 'NONE', #2165, #3643 ) ;
#4915 = CARTESIAN_POINT ( 'NONE',  ( 10.75927245940724397, 2.750343138893426076, -10.45393097618917899 ) ) ;
#4916 = LINE ( 'NONE', #10994, #4550 ) ;
#4917 = VERTEX_POINT ( 'NONE', #5496 ) ;
#4918 = CARTESIAN_POINT ( 'NONE',  ( 0.000000000000000000, 2.500000000000000000, -42.74999999999999289 ) ) ;
#4919 = AXIS2_PLACEMENT_3D ( 'NONE', #7623, #8645, #807 ) ;
#4920 = ORIENTED_EDGE ( 'NONE', *, *, #3922, .T. ) ;
#4921 = ORIENTED_EDGE ( 'NONE', *, *, #4183, .T. ) ;
#4922 = DIRECTION ( 'NONE',  ( 1.000000000000000000, 0.000000000000000000, -1.719234873512728234E-15 ) ) ;
#4923 = CARTESIAN_POINT ( 'NONE',  ( 42.74999999999999289, 17.49999999999999645, -2.617682533177465764E-15 ) ) ;
#4924 = CARTESIAN_POINT ( 'NONE',  ( -0.9999999999997029043, 2.500000000000000000, 37.75000000000001421 ) ) ;
#4925 = LINE ( 'NONE', #10075, #9202 ) ;
#4926 = VECTOR ( 'NONE', #3753, 999.9999999999998863 ) ;
#4927 = CARTESIAN_POINT ( 'NONE',  ( 47.74999999999999289, 1.361284592032115076E-61, -1.000000000000103473 ) ) ;
#4928 = DIRECTION ( 'NONE',  ( 0.000000000000000000, 1.000000000000000000, 0.000000000000000000 ) ) ;
#4929 = VERTEX_POINT ( 'NONE', #8977 ) ;
#4930 = ADVANCED_FACE ( 'NONE', ( #2761 ), #10650, .T. ) ;
#4931 = PLANE ( 'NONE',  #4968 ) ;
#4932 = ORIENTED_EDGE ( 'NONE', *, *, #5098, .F. ) ;
#4933 = AXIS2_PLACEMENT_3D ( 'NONE', #5982, #3405, #4256 ) ;
#4934 = ORIENTED_EDGE ( 'NONE', *, *, #4689, .F. ) ;
#4935 = ORIENTED_EDGE ( 'NONE', *, *, #9044, .T. ) ;
#4936 = DIRECTION ( 'NONE',  ( -2.168404344971009657E-15, 1.972152263052529514E-31, -1.000000000000000000 ) ) ;
#4937 = CARTESIAN_POINT ( 'NONE',  ( 18.75650936579272710, -34.48187929913332539, -2.499999999999951594 ) ) ;
#4938 = CARTESIAN_POINT ( 'NONE',  ( -5.000000000000144773, 2.500000000000000000, -43.74999999999993605 ) ) ;
#4939 = VERTEX_POINT ( 'NONE', #2352 ) ;
#4940 = CARTESIAN_POINT ( 'NONE',  ( 18.92588048819950330, 17.49999999999999645, 15.33883813756178505 ) ) ;
#4941 = DIRECTION ( 'NONE',  ( 0.000000000000000000, 0.000000000000000000, -1.000000000000000000 ) ) ;
#4942 = EDGE_CURVE ( 'NONE', #9890, #4939, #6517, .T. ) ;
#4943 = ORIENTED_EDGE ( 'NONE', *, *, #9403, .T. ) ;
#4944 = ORIENTED_EDGE ( 'NONE', *, *, #2630, .T. ) ;
#4945 = VERTEX_POINT ( 'NONE', #3032 ) ;
#4946 = ORIENTED_EDGE ( 'NONE', *, *, #2971, .T. ) ;
#4947 = DIRECTION ( 'NONE',  ( 0.000000000000000000, 1.000000000000000000, 0.000000000000000000 ) ) ;
#4948 = DIRECTION ( 'NONE',  ( -0.7071067811865470176, 0.000000000000000000, -0.7071067811865480168 ) ) ;
#4949 = DIRECTION ( 'NONE',  ( 2.168404344971008868E-15, 0.000000000000000000, 1.000000000000000000 ) ) ;
#4950 = VERTEX_POINT ( 'NONE', #10018 ) ;
#4951 = ORIENTED_EDGE ( 'NONE', *, *, #10382, .F. ) ;
#4952 = CARTESIAN_POINT ( 'NONE',  ( 4.504001642398092977E-13, 17.49999999999999645, 42.74999999999999289 ) ) ;
#4953 = DIRECTION ( 'NONE',  ( 0.000000000000000000, 1.000000000000000000, 0.000000000000000000 ) ) ;
#4954 = ORIENTED_EDGE ( 'NONE', *, *, #2695, .T. ) ;
#4955 = VERTEX_POINT ( 'NONE', #677 ) ;
#4956 = EDGE_CURVE ( 'NONE', #2239, #8017, #10245, .T. ) ;
#4957 = CARTESIAN_POINT ( 'NONE',  ( -42.74999999999999289, 2.500000000000000000, 7.853047599532400842E-15 ) ) ;
#4958 = CARTESIAN_POINT ( 'NONE',  ( -47.74999999999999289, 2.500000000000000000, -0.9999999999998966382 ) ) ;
#4959 = CARTESIAN_POINT ( 'NONE',  ( -42.74999999999999289, -34.48187929913332539, 1.500000000000011768 ) ) ;
#4960 = PLANE ( 'NONE',  #7007 ) ;
#4961 = ORIENTED_EDGE ( 'NONE', *, *, #9696, .T. ) ;
#4962 = ORIENTED_EDGE ( 'NONE', *, *, #194, .F. ) ;
#4963 = FACE_OUTER_BOUND ( 'NONE', #4147, .T. ) ;
#4964 = DIRECTION ( 'NONE',  ( -0.7071067811865473507, 0.000000000000000000, -0.7071067811865477948 ) ) ;
#4965 = DIRECTION ( 'NONE',  ( 0.000000000000000000, 0.000000000000000000, 1.000000000000000000 ) ) ;
#4966 = ORIENTED_EDGE ( 'NONE', *, *, #1151, .F. ) ;
#4967 = EDGE_CURVE ( 'NONE', #5469, #8722, #11126, .T. ) ;
#4968 = AXIS2_PLACEMENT_3D ( 'NONE', #6414, #10775, #454 ) ;
#4969 = AXIS2_PLACEMENT_3D ( 'NONE', #2756, #968, #8807 ) ;
#4970 = VERTEX_POINT ( 'NONE', #10073 ) ;
#4971 = VERTEX_POINT ( 'NONE', #7549 ) ;
#4972 = CARTESIAN_POINT ( 'NONE',  ( -11.37502297074887103, 2.658665245958902190, 9.838180464847560813 ) ) ;
#4973 = DIRECTION ( 'NONE',  ( 1.000000000000000000, -1.972152263052529514E-31, 1.323076993872123698E-15 ) ) ;
#4974 = LINE ( 'NONE', #507, #8678 ) ;
#4975 = DIRECTION ( 'NONE',  ( 0.000000000000000000, 0.000000000000000000, -1.000000000000000000 ) ) ;
#4976 = LINE ( 'NONE', #10299, #6142 ) ;
#4977 = LINE ( 'NONE', #3319, #2005 ) ;
#4978 = EDGE_CURVE ( 'NONE', #5705, #2579, #4008, .T. ) ;
#4979 = EDGE_LOOP ( 'NONE', ( #1651, #5126, #2768, #1940, #86, #10833, #10425 ) ) ;
#4980 = CARTESIAN_POINT ( 'NONE',  ( 0.000000000000000000, 2.500000000000000000, 14.75000000000000000 ) ) ;
#4981 = ADVANCED_FACE ( 'NONE', ( #11003 ), #2176, .T. ) ;
#4982 = ORIENTED_EDGE ( 'NONE', *, *, #4611, .F. ) ;
#4983 = VECTOR ( 'NONE', #5975, 999.9999999999998863 ) ;
#4984 = ORIENTED_EDGE ( 'NONE', *, *, #5291, .T. ) ;
#4985 = ORIENTED_EDGE ( 'NONE', *, *, #486, .T. ) ;
#4986 = DIRECTION ( 'NONE',  ( -1.000000000000000000, 0.000000000000000000, 1.040773042068946910E-14 ) ) ;
#4987 = VECTOR ( 'NONE', #5563, 1000.000000000000000 ) ;
#4988 = CARTESIAN_POINT ( 'NONE',  ( -2.168404344971008868E-15, 0.000000000000000000, -1.000000000000000000 ) ) ;
#4989 = DIRECTION ( 'NONE',  ( 0.7071067811865477948, 0.000000000000000000, -0.7071067811865473507 ) ) ;
#4990 = ORIENTED_EDGE ( 'NONE', *, *, #3108, .T. ) ;
#4991 = DIRECTION ( 'NONE',  ( 0.000000000000000000, 0.000000000000000000, 1.000000000000000000 ) ) ;
#4992 = CARTESIAN_POINT ( 'NONE',  ( 42.74999999999983658, 17.49999999999999645, -41.74999999999970157 ) ) ;
#4993 = ORIENTED_EDGE ( 'NONE', *, *, #10356, .T. ) ;
#4994 = EDGE_CURVE ( 'NONE', #779, #3482, #1312, .T. ) ;
#4995 = EDGE_LOOP ( 'NONE', ( #10560, #7801, #4197, #8457, #5677 ) ) ;
#4996 = TOROIDAL_SURFACE ( 'NONE', #4083, 4.000000000000000000, 2.000000000000000000 ) ;
#4997 = AXIS2_PLACEMENT_3D ( 'NONE', #8301, #3844, #7271 ) ;
#4998 = EDGE_CURVE ( 'NONE', #4971, #5792, #1486, .T. ) ;
#4999 = ORIENTED_EDGE ( 'NONE', *, *, #1829, .F. ) ;
#5000 = ORIENTED_EDGE ( 'NONE', *, *, #6529, .F. ) ;
#5001 = EDGE_CURVE ( 'NONE', #287, #5295, #9840, .T. ) ;
#5002 = EDGE_CURVE ( 'NONE', #10347, #4425, #516, .T. ) ;
#5003 = CARTESIAN_POINT ( 'NONE',  ( -0.9999999999999852340, 17.49999999999999645, 15.41506350946110260 ) ) ;
#5004 = VECTOR ( 'NONE', #5275, 1000.000000000000000 ) ;
#5005 = CARTESIAN_POINT ( 'NONE',  ( 27.95250199011694292, 19.49999999999999645, -22.98331580928440587 ) ) ;
#5006 = CIRCLE ( 'NONE', #3176, 27.33493649053890096 ) ;
#5007 = CARTESIAN_POINT ( 'NONE',  ( -28.28494219777432050, 2.499999999999998668, -1.000000000000118794 ) ) ;
#5008 = EDGE_LOOP ( 'NONE', ( #10957, #6372, #148, #10041 ) ) ;
#5009 = VERTEX_POINT ( 'NONE', #1431 ) ;
#5010 = DIRECTION ( 'NONE',  ( -0.000000000000000000, 1.000000000000000000, -0.000000000000000000 ) ) ;
#5011 = PLANE ( 'NONE',  #8166 ) ;
#5012 = VERTEX_POINT ( 'NONE', #6582 ) ;
#5013 = ORIENTED_EDGE ( 'NONE', *, *, #303, .F. ) ;
#5014 = CIRCLE ( 'NONE', #70, 27.33493649053890096 ) ;
#5015 = AXIS2_PLACEMENT_3D ( 'NONE', #7649, #10453, #600 ) ;
#5016 = DIRECTION ( 'NONE',  ( -8.306039671558391198E-15, 0.000000000000000000, 1.000000000000000000 ) ) ;
#5017 = LINE ( 'NONE', #11319, #9768 ) ;
#5018 = DIRECTION ( 'NONE',  ( -0.000000000000000000, -1.000000000000000000, -0.000000000000000000 ) ) ;
#5019 = DIRECTION ( 'NONE',  ( 0.7071067811865483499, 0.000000000000000000, -0.7071067811865467956 ) ) ;
#5020 = ORIENTED_EDGE ( 'NONE', *, *, #9304, .F. ) ;
#5021 = EDGE_LOOP ( 'NONE', ( #5731, #8942, #3712, #6716, #3395, #8040, #2527 ) ) ;
#5022 = FACE_OUTER_BOUND ( 'NONE', #8844, .T. ) ;
#5023 = FACE_OUTER_BOUND ( 'NONE', #583, .T. ) ;
#5024 = AXIS2_PLACEMENT_3D ( 'NONE', #8558, #660, #9416 ) ;
#5025 = DIRECTION ( 'NONE',  ( 0.000000000000000000, 1.000000000000000000, -0.000000000000000000 ) ) ;
#5026 = EDGE_LOOP ( 'NONE', ( #10406, #6800, #10995, #9572 ) ) ;
#5027 = ADVANCED_FACE ( 'NONE', ( #2294 ), #3147, .F. ) ;
#5028 = VECTOR ( 'NONE', #7550, 1000.000000000000000 ) ;
#5029 = ORIENTED_EDGE ( 'NONE', *, *, #4877, .T. ) ;
#5030 = DIRECTION ( 'NONE',  ( 0.000000000000000000, 0.000000000000000000, -1.000000000000000000 ) ) ;
#5031 = VECTOR ( 'NONE', #4394, 1000.000000000000000 ) ;
#5032 = DIRECTION ( 'NONE',  ( 0.000000000000000000, 0.000000000000000000, -1.000000000000000000 ) ) ;
#5033 = DIRECTION ( 'NONE',  ( -0.000000000000000000, -1.000000000000000000, -0.000000000000000000 ) ) ;
#5034 = DIRECTION ( 'NONE',  ( -0.000000000000000000, -1.000000000000000000, -0.000000000000000000 ) ) ;
#5035 = EDGE_CURVE ( 'NONE', #1518, #4950, #449, .T. ) ;
#5036 = DIRECTION ( 'NONE',  ( 0.000000000000000000, 0.000000000000000000, 1.000000000000000000 ) ) ;
#5037 = DIRECTION ( 'NONE',  ( -0.000000000000000000, -1.000000000000000000, -0.000000000000000000 ) ) ;
#5038 = CARTESIAN_POINT ( 'NONE',  ( -2.499999999999997335, 2.500000000000000000, -29.41336361528509258 ) ) ;
#5039 = VECTOR ( 'NONE', #10812, 1000.000000000000000 ) ;
#5040 = EDGE_CURVE ( 'NONE', #9890, #5689, #3991, .T. ) ;
#5041 = ADVANCED_FACE ( 'NONE', ( #1544 ), #9207, .T. ) ;
#5042 = ORIENTED_EDGE ( 'NONE', *, *, #4409, .T. ) ;
#5043 = ORIENTED_EDGE ( 'NONE', *, *, #2175, .F. ) ;
#5044 = CIRCLE ( 'NONE', #7237, 1.000000000000000888 ) ;
#5045 = CARTESIAN_POINT ( 'NONE',  ( -85.49999999999998579, -7.292596028743525438E-60, -0.9999999999999947820 ) ) ;
#5046 = FACE_OUTER_BOUND ( 'NONE', #10814, .T. ) ;
#5047 = DIRECTION ( 'NONE',  ( -0.000000000000000000, -1.000000000000000000, 0.000000000000000000 ) ) ;
#5048 = VERTEX_POINT ( 'NONE', #560 ) ;
#5049 = CARTESIAN_POINT ( 'NONE',  ( -23.75650936579280526, 0.000000000000000000, -2.500000000000099476 ) ) ;
#5050 = CARTESIAN_POINT ( 'NONE',  ( -42.74999999999954525, -7.292596028743525438E-60, 41.75000000000000000 ) ) ;
#5051 = VERTEX_POINT ( 'NONE', #1371 ) ;
#5052 = VECTOR ( 'NONE', #6440, 1000.000000000000000 ) ;
#5053 = ORIENTED_EDGE ( 'NONE', *, *, #7839, .T. ) ;
#5054 = VERTEX_POINT ( 'NONE', #4064 ) ;
#5055 = DIRECTION ( 'NONE',  ( 0.000000000000000000, 0.000000000000000000, 1.000000000000000000 ) ) ;
#5056 = EDGE_CURVE ( 'NONE', #3135, #7891, #4862, .T. ) ;
#5057 = AXIS2_PLACEMENT_3D ( 'NONE', #7812, #9701, #4381 ) ;
#5058 = CARTESIAN_POINT ( 'NONE',  ( 10.60660171779821681, 0.000000000000000000, 10.60660171779821326 ) ) ;
#5059 = DIRECTION ( 'NONE',  ( 0.000000000000000000, 0.000000000000000000, 1.000000000000000000 ) ) ;
#5060 = ORIENTED_EDGE ( 'NONE', *, *, #10824, .T. ) ;
#5061 = EDGE_CURVE ( 'NONE', #2757, #9857, #3089, .T. ) ;
#5062 = ORIENTED_EDGE ( 'NONE', *, *, #5617, .F. ) ;
#5063 = DIRECTION ( 'NONE',  ( -1.000000000000000000, 0.000000000000000000, -4.814558332715257054E-15 ) ) ;
#5064 = DIRECTION ( 'NONE',  ( -0.000000000000000000, 1.000000000000000000, 0.000000000000000000 ) ) ;
#5065 = ORIENTED_EDGE ( 'NONE', *, *, #3666, .F. ) ;
#5066 = ORIENTED_EDGE ( 'NONE', *, *, #6576, .T. ) ;
#5067 = ADVANCED_FACE ( 'NONE', ( #5090 ), #6062, .T. ) ;
#5068 = ADVANCED_FACE ( 'NONE', ( #6009 ), #8800, .F. ) ;
#5069 = CIRCLE ( 'NONE', #4549, 25.00000000000000711 ) ;
#5070 = CIRCLE ( 'NONE', #4342, 1.500000000000001332 ) ;
#5071 = AXIS2_PLACEMENT_3D ( 'NONE', #3465, #1952, #3402 ) ;
#5072 = CARTESIAN_POINT ( 'NONE',  ( 43.74999999999955236, 0.000000000000000000, 42.75000000000000000 ) ) ;
#5073 = DIRECTION ( 'NONE',  ( 0.000000000000000000, 0.000000000000000000, 1.000000000000000000 ) ) ;
#5074 = DIRECTION ( 'NONE',  ( 0.000000000000000000, 1.000000000000000000, 0.000000000000000000 ) ) ;
#5075 = CARTESIAN_POINT ( 'NONE',  ( 27.33493649053935215, 17.49999999999999645, 41.74999999999985079 ) ) ;
#5076 = ORIENTED_EDGE ( 'NONE', *, *, #5909, .F. ) ;
#5077 = CIRCLE ( 'NONE', #1239, 1.000000000000000888 ) ;
#5078 = ORIENTED_EDGE ( 'NONE', *, *, #7509, .F. ) ;
#5079 = CARTESIAN_POINT ( 'NONE',  ( -27.33493649053905372, 17.49999999999999645, -43.75000000000004263 ) ) ;
#5080 = DIRECTION ( 'NONE',  ( 0.000000000000000000, 1.000000000000000000, -0.000000000000000000 ) ) ;
#5081 = AXIS2_PLACEMENT_3D ( 'NONE', #5725, #843, #6961 ) ;
#5082 = DIRECTION ( 'NONE',  ( 0.000000000000000000, 0.000000000000000000, 1.000000000000000000 ) ) ;
#5083 = ORIENTED_EDGE ( 'NONE', *, *, #10266, .F. ) ;
#5084 = DIRECTION ( 'NONE',  ( -0.000000000000000000, -1.000000000000000000, 0.000000000000000000 ) ) ;
#5085 = EDGE_CURVE ( 'NONE', #526, #1475, #6176, .T. ) ;
#5086 = AXIS2_PLACEMENT_3D ( 'NONE', #3977, #4721, #4948 ) ;
#5087 = VECTOR ( 'NONE', #1949, 1000.000000000000000 ) ;
#5088 = ORIENTED_EDGE ( 'NONE', *, *, #3071, .F. ) ;
#5089 = FACE_BOUND ( 'NONE', #8760, .T. ) ;
#5090 = FACE_OUTER_BOUND ( 'NONE', #1234, .T. ) ;
#5091 = CARTESIAN_POINT ( 'NONE',  ( 38.41987298107779480, -34.48187929913332539, -2.499999999999992895 ) ) ;
#5092 = CARTESIAN_POINT ( 'NONE',  ( -41.09999999999999432, -34.48187929913332539, -2.857883832488648856 ) ) ;
#5093 = DIRECTION ( 'NONE',  ( 0.7071067811865473507, -0.000000000000000000, -0.7071067811865477948 ) ) ;
#5094 = CARTESIAN_POINT ( 'NONE',  ( 12.75000000000000178, 0.000000000000000000, 12.75000000000000000 ) ) ;
#5095 = CIRCLE ( 'NONE', #6553, 0.7500000000000006661 ) ;
#5096 = DIRECTION ( 'NONE',  ( 1.000000000000000000, 0.000000000000000000, 4.718447854656913719E-15 ) ) ;
#5097 = CIRCLE ( 'NONE', #156, 3.000000000000000888 ) ;
#5098 = EDGE_CURVE ( 'NONE', #7422, #3236, #3492, .T. ) ;
#5099 = ORIENTED_EDGE ( 'NONE', *, *, #218, .T. ) ;
#5100 = ORIENTED_EDGE ( 'NONE', *, *, #4967, .T. ) ;
#5101 = AXIS2_PLACEMENT_3D ( 'NONE', #2091, #1010, #3648 ) ;
#5102 = DIRECTION ( 'NONE',  ( -1.000000000000000000, 0.000000000000000000, -1.323076993872124684E-15 ) ) ;
#5103 = ADVANCED_FACE ( 'NONE', ( #6802 ), #10530, .F. ) ;
#5104 = DIRECTION ( 'NONE',  ( 0.000000000000000000, 1.000000000000000000, 0.000000000000000000 ) ) ;
#5105 = DIRECTION ( 'NONE',  ( 0.000000000000000000, -1.000000000000000000, 0.000000000000000000 ) ) ;
#5106 = CARTESIAN_POINT ( 'NONE',  ( 2.168404344970619171E-15, 2.500000000000000000, 0.9999999999998198108 ) ) ;
#5107 = FACE_OUTER_BOUND ( 'NONE', #11050, .T. ) ;
#5108 = CARTESIAN_POINT ( 'NONE',  ( -43.74999999999955236, 17.49999999999999645, -42.75000000000000000 ) ) ;
#5109 = EDGE_LOOP ( 'NONE', ( #5619, #4758, #6080 ) ) ;
#5110 = DIRECTION ( 'NONE',  ( -0.000000000000000000, -1.000000000000000000, -0.000000000000000000 ) ) ;
#5111 = DIRECTION ( 'NONE',  ( -0.000000000000000000, -1.000000000000000000, -0.000000000000000000 ) ) ;
#5112 = EDGE_CURVE ( 'NONE', #3777, #1558, #9552, .T. ) ;
#5113 = ORIENTED_EDGE ( 'NONE', *, *, #9028, .T. ) ;
#5114 = EDGE_CURVE ( 'NONE', #2621, #7710, #398, .T. ) ;
#5115 = CIRCLE ( 'NONE', #10228, 25.00000000000000000 ) ;
#5116 = ORIENTED_EDGE ( 'NONE', *, *, #2943, .F. ) ;
#5117 = VERTEX_POINT ( 'NONE', #849 ) ;
#5118 = CARTESIAN_POINT ( 'NONE',  ( 22.98331580928430995, 19.49999999999999645, -27.95250199011703174 ) ) ;
#5119 = AXIS2_PLACEMENT_3D ( 'NONE', #11016, #5678, #1386 ) ;
#5120 = CARTESIAN_POINT ( 'NONE',  ( 15.95668180764253918, 0.000000000000000000, 15.95668180764257116 ) ) ;
#5121 = DIRECTION ( 'NONE',  ( 0.000000000000000000, 0.000000000000000000, -1.000000000000000000 ) ) ;
#5122 = ORIENTED_EDGE ( 'NONE', *, *, #9738, .F. ) ;
#5123 = ORIENTED_EDGE ( 'NONE', *, *, #4942, .F. ) ;
#5124 = CARTESIAN_POINT ( 'NONE',  ( 41.75000000000014211, 2.500000000000000000, -42.74999999999999289 ) ) ;
#5125 = CARTESIAN_POINT ( 'NONE',  ( -46.04999999999999716, 0.000000000000000000, 0.7499999999999958922 ) ) ;
#5126 = ORIENTED_EDGE ( 'NONE', *, *, #543, .T. ) ;
#5127 = ORIENTED_EDGE ( 'NONE', *, *, #7713, .T. ) ;
#5128 = DIRECTION ( 'NONE',  ( 1.000000000000000000, -0.000000000000000000, -5.947623346206202627E-15 ) ) ;
#5129 = EDGE_CURVE ( 'NONE', #3055, #3615, #7446, .T. ) ;
#5130 = CYLINDRICAL_SURFACE ( 'NONE', #235, 0.7500000000000006661 ) ;
#5131 = DIRECTION ( 'NONE',  ( 0.000000000000000000, 0.000000000000000000, 1.000000000000000000 ) ) ;
#5132 = EDGE_CURVE ( 'NONE', #2816, #1757, #9608, .T. ) ;
#5133 = CARTESIAN_POINT ( 'NONE',  ( 5.639498510073560199E-15, 0.000000000000000000, 46.04999999999999716 ) ) ;
#5134 = PLANE ( 'NONE',  #4504 ) ;
#5135 = ORIENTED_EDGE ( 'NONE', *, *, #445, .T. ) ;
#5136 = ORIENTED_EDGE ( 'NONE', *, *, #8568, .T. ) ;
#5137 = DIRECTION ( 'NONE',  ( -0.000000000000000000, -1.000000000000000000, -0.000000000000000000 ) ) ;
#5138 = DIRECTION ( 'NONE',  ( 4.814558332715257054E-15, -1.972152263052529514E-31, -1.000000000000000000 ) ) ;
#5139 = DIRECTION ( 'NONE',  ( 0.000000000000000000, 1.000000000000000000, 0.000000000000000000 ) ) ;
#5140 = ORIENTED_EDGE ( 'NONE', *, *, #8563, .F. ) ;
#5141 = DIRECTION ( 'NONE',  ( 0.000000000000000000, 1.000000000000000000, 0.000000000000000000 ) ) ;
#5142 = EDGE_CURVE ( 'NONE', #10199, #3536, #6557, .T. ) ;
#5143 = EDGE_CURVE ( 'NONE', #5156, #2239, #10355, .T. ) ;
#5144 = DIRECTION ( 'NONE',  ( 0.000000000000000000, 1.000000000000000000, 0.000000000000000000 ) ) ;
#5145 = FACE_BOUND ( 'NONE', #11150, .T. ) ;
#5146 = EDGE_CURVE ( 'NONE', #3573, #3863, #8559, .T. ) ;
#5147 = CARTESIAN_POINT ( 'NONE',  ( -29.06990273779339162, 0.000000000000000000, 4.321165396264235348 ) ) ;
#5148 = CARTESIAN_POINT ( 'NONE',  ( -13.12825468289635111, 0.000000000000000000, -13.12825468289637243 ) ) ;
#5149 = VECTOR ( 'NONE', #7912, 1000.000000000000000 ) ;
#5150 = CARTESIAN_POINT ( 'NONE',  ( -70.08493649053890806, 17.49999999999999645, 1.000000000000152101 ) ) ;
#5151 = DIRECTION ( 'NONE',  ( -0.000000000000000000, -1.000000000000000000, 0.000000000000000000 ) ) ;
#5152 = CARTESIAN_POINT ( 'NONE',  ( 4.504001642398092977E-13, 19.49999999999999645, 42.74999999999999289 ) ) ;
#5153 = DIRECTION ( 'NONE',  ( 0.000000000000000000, 1.000000000000000000, -0.000000000000000000 ) ) ;
#5154 = CIRCLE ( 'NONE', #9724, 0.7499999999999984457 ) ;
#5155 = VERTEX_POINT ( 'NONE', #6915 ) ;
#5156 = VERTEX_POINT ( 'NONE', #1771 ) ;
#5157 = DIRECTION ( 'NONE',  ( 5.663872149064274374E-15, 0.000000000000000000, 1.000000000000000000 ) ) ;
#5158 = FACE_OUTER_BOUND ( 'NONE', #5248, .T. ) ;
#5159 = DIRECTION ( 'NONE',  ( -0.000000000000000000, -1.000000000000000000, 0.000000000000000000 ) ) ;
#5160 = DIRECTION ( 'NONE',  ( -1.000000000000000000, 0.000000000000000000, 2.168404344971009657E-15 ) ) ;
#5161 = DIRECTION ( 'NONE',  ( 0.000000000000000000, 1.000000000000000000, 0.000000000000000000 ) ) ;
#5162 = DIRECTION ( 'NONE',  ( 0.000000000000000000, 0.000000000000000000, 1.000000000000000000 ) ) ;
#5163 = AXIS2_PLACEMENT_3D ( 'NONE', #4199, #7691, #6828 ) ;
#5164 = EDGE_LOOP ( 'NONE', ( #9889, #478, #8974 ) ) ;
#5165 = CARTESIAN_POINT ( 'NONE',  ( -13.12825468289635111, 85.69355547949508889, -13.12825468289637243 ) ) ;
#5166 = CARTESIAN_POINT ( 'NONE',  ( -26.70405508125149296, 19.49999999999999645, 23.11701273061383688 ) ) ;
#5167 = VERTEX_POINT ( 'NONE', #7778 ) ;
#5168 = VERTEX_POINT ( 'NONE', #4343 ) ;
#5169 = ORIENTED_EDGE ( 'NONE', *, *, #4155, .F. ) ;
#5170 = CARTESIAN_POINT ( 'NONE',  ( 13.12825468289635644, 0.000000000000000000, 13.12825468289637953 ) ) ;
#5171 = CARTESIAN_POINT ( 'NONE',  ( 2.499999999999958256, 0.000000000000000000, 2.499999999999979572 ) ) ;
#5172 = DIRECTION ( 'NONE',  ( 1.000000000000000000, 0.000000000000000000, -3.553859168040306887E-15 ) ) ;
#5173 = VERTEX_POINT ( 'NONE', #11273 ) ;
#5174 = ORIENTED_EDGE ( 'NONE', *, *, #9604, .F. ) ;
#5175 = CARTESIAN_POINT ( 'NONE',  ( -1.393974221767205173E-14, 0.000000000000000000, -2.500000000000231815 ) ) ;
#5176 = CARTESIAN_POINT ( 'NONE',  ( 12.75000000000000000, 2.767949192431122807, -12.75000000000000000 ) ) ;
#5177 = AXIS2_PLACEMENT_3D ( 'NONE', #10795, #7347, #11123 ) ;
#5178 = EDGE_LOOP ( 'NONE', ( #4713, #10004, #6621, #3344 ) ) ;
#5179 = VECTOR ( 'NONE', #4752, 1000.000000000000000 ) ;
#5180 = CARTESIAN_POINT ( 'NONE',  ( 1.000000000000000000, 0.000000000000000000, -5.659885683814142223E-15 ) ) ;
#5181 = EDGE_CURVE ( 'NONE', #10096, #8241, #5432, .T. ) ;
#5182 = VECTOR ( 'NONE', #9377, 1000.000000000000000 ) ;
#5183 = FACE_OUTER_BOUND ( 'NONE', #9079, .T. ) ;
#5184 = CARTESIAN_POINT ( 'NONE',  ( 0.000000000000000000, 2.500000000000000000, -42.74999999999999289 ) ) ;
#5185 = CARTESIAN_POINT ( 'NONE',  ( -23.11701273061393280, 17.49999999999999645, -26.70405508125139349 ) ) ;
#5186 = CARTESIAN_POINT ( 'NONE',  ( 0.9999999999997298827, 2.500000000000000000, -47.75000000000000000 ) ) ;
#5187 = EDGE_LOOP ( 'NONE', ( #5694, #10613, #549 ) ) ;
#5188 = ORIENTED_EDGE ( 'NONE', *, *, #8459, .F. ) ;
#5189 = LINE ( 'NONE', #8676, #7293 ) ;
#5190 = LINE ( 'NONE', #4274, #1578 ) ;
#5191 = CARTESIAN_POINT ( 'NONE',  ( -41.09999999999999432, -34.48187929913332539, -3.607883832488647524 ) ) ;
#5192 = EDGE_LOOP ( 'NONE', ( #2975, #2546, #4575, #9741 ) ) ;
#5193 = CARTESIAN_POINT ( 'NONE',  ( -0.9999999999994156896, 24.95324863549492633, 46.22180415680088572 ) ) ;
#5194 = EDGE_LOOP ( 'NONE', ( #3614, #8268, #1893, #10844 ) ) ;
#5195 = VECTOR ( 'NONE', #10231, 1000.000000000000000 ) ;
#5196 = EDGE_CURVE ( 'NONE', #11194, #6525, #2631, .T. ) ;
#5197 = CIRCLE ( 'NONE', #2998, 25.00000000000000711 ) ;
#5198 = VERTEX_POINT ( 'NONE', #7030 ) ;
#5199 = CARTESIAN_POINT ( 'NONE',  ( -15.21413057346447317, 0.000000000000000000, -9.628165229955159887 ) ) ;
#5200 = CIRCLE ( 'NONE', #9221, 25.00000000000000355 ) ;
#5201 = DIRECTION ( 'NONE',  ( 0.000000000000000000, 1.000000000000000000, -0.000000000000000000 ) ) ;
#5202 = PLANE ( 'NONE',  #2290 ) ;
#5203 = LINE ( 'NONE', #10419, #1154 ) ;
#5204 = ADVANCED_FACE ( 'NONE', ( #10296 ), #1597, .F. ) ;
#5205 = DIRECTION ( 'NONE',  ( 0.000000000000000000, 0.000000000000000000, 1.000000000000000000 ) ) ;
#5206 = CYLINDRICAL_SURFACE ( 'NONE', #3441, 0.7499999999999984457 ) ;
#5207 = EDGE_CURVE ( 'NONE', #11101, #3983, #5479, .T. ) ;
#5208 = FACE_OUTER_BOUND ( 'NONE', #3958, .T. ) ;
#5209 = EDGE_CURVE ( 'NONE', #9193, #2956, #4509, .T. ) ;
#5210 = AXIS2_PLACEMENT_3D ( 'NONE', #964, #4456, #6803 ) ;
#5211 = EDGE_CURVE ( 'NONE', #1518, #7772, #3762, .T. ) ;
#5212 = ORIENTED_EDGE ( 'NONE', *, *, #4610, .F. ) ;
#5213 = ORIENTED_EDGE ( 'NONE', *, *, #3446, .F. ) ;
#5214 = CARTESIAN_POINT ( 'NONE',  ( -8.761108882847496560, 2.500000000000000000, -12.45209455274892107 ) ) ;
#5215 = CARTESIAN_POINT ( 'NONE',  ( -4.898979485566377079, -34.48187929913332539, 41.75000000000012079 ) ) ;
#5216 = FACE_OUTER_BOUND ( 'NONE', #5338, .T. ) ;
#5217 = CARTESIAN_POINT ( 'NONE',  ( 5.000000000000450306, 2.500000000000000000, 43.74999999999990052 ) ) ;
#5218 = DIRECTION ( 'NONE',  ( 1.000000000000000000, 0.000000000000000000, -3.553859168040306887E-15 ) ) ;
#5219 = CIRCLE ( 'NONE', #4310, 27.33493649053890096 ) ;
#5220 = CARTESIAN_POINT ( 'NONE',  ( -12.75000000000000000, 2.500000000000000444, -8.749999999999998224 ) ) ;
#5221 = VERTEX_POINT ( 'NONE', #6396 ) ;
#5222 = CARTESIAN_POINT ( 'NONE',  ( 41.75000000000007816, 27.36039051652360854, 2.361632442978578439 ) ) ;
#5223 = DIRECTION ( 'NONE',  ( 0.000000000000000000, 0.000000000000000000, 1.000000000000000000 ) ) ;
#5224 = ORIENTED_EDGE ( 'NONE', *, *, #10675, .F. ) ;
#5225 = ADVANCED_FACE ( 'NONE', ( #3656 ), #9829, .T. ) ;
#5226 = EDGE_LOOP ( 'NONE', ( #4151, #3483 ) ) ;
#5227 = ORIENTED_EDGE ( 'NONE', *, *, #10730, .T. ) ;
#5228 = EDGE_CURVE ( 'NONE', #10821, #6087, #10590, .T. ) ;
#5229 = DIRECTION ( 'NONE',  ( 0.000000000000000000, 0.000000000000000000, -1.000000000000000000 ) ) ;
#5230 = CARTESIAN_POINT ( 'NONE',  ( 2.361632442978424784, 27.36039051652360854, -43.75000000000008527 ) ) ;
#5231 = CARTESIAN_POINT ( 'NONE',  ( 42.74999999999999289, 17.49999999999999645, -2.617682533177465764E-15 ) ) ;
#5232 = ORIENTED_EDGE ( 'NONE', *, *, #1839, .T. ) ;
#5233 = ORIENTED_EDGE ( 'NONE', *, *, #5207, .F. ) ;
#5234 = DIRECTION ( 'NONE',  ( 0.000000000000000000, 1.000000000000000000, 0.000000000000000000 ) ) ;
#5235 = DIRECTION ( 'NONE',  ( 0.000000000000000000, 1.000000000000000000, 0.000000000000000000 ) ) ;
#5236 = AXIS2_PLACEMENT_3D ( 'NONE', #10462, #3485, #3649 ) ;
#5237 = ORIENTED_EDGE ( 'NONE', *, *, #2554, .F. ) ;
#5238 = CARTESIAN_POINT ( 'NONE',  ( 85.49999999999998579, -7.292596028743525438E-60, 0.9999999999999947820 ) ) ;
#5239 = CIRCLE ( 'NONE', #292, 0.9999999999999991118 ) ;
#5240 = EDGE_CURVE ( 'NONE', #3534, #10256, #10811, .T. ) ;
#5241 = VECTOR ( 'NONE', #6095, 999.9999999999998863 ) ;
#5242 = CARTESIAN_POINT ( 'NONE',  ( 4.504001642398092977E-13, 17.49999999999999645, 42.74999999999999289 ) ) ;
#5243 = LINE ( 'NONE', #4387, #5195 ) ;
#5244 = EDGE_CURVE ( 'NONE', #2489, #8494, #5423, .T. ) ;
#5245 = CARTESIAN_POINT ( 'NONE',  ( 15.92123735465102818, 2.500000000000002220, 10.33527201114171135 ) ) ;
#5246 = CARTESIAN_POINT ( 'NONE',  ( -12.75000000000000000, 4.500000000000000888, -10.75000000000000000 ) ) ;
#5247 = ORIENTED_EDGE ( 'NONE', *, *, #8437, .F. ) ;
#5248 = EDGE_LOOP ( 'NONE', ( #7539, #1200, #6484, #6607, #10330 ) ) ;
#5249 = DIRECTION ( 'NONE',  ( 0.000000000000000000, 1.000000000000000000, -0.000000000000000000 ) ) ;
#5250 = DIRECTION ( 'NONE',  ( 0.7071067811865469066, -0.000000000000000000, 0.7071067811865482389 ) ) ;
#5251 = CARTESIAN_POINT ( 'NONE',  ( 17.41506350946109549, 17.49999999999999645, 1.000000000000142553 ) ) ;
#5252 = ORIENTED_EDGE ( 'NONE', *, *, #2745, .F. ) ;
#5253 = DIRECTION ( 'NONE',  ( 0.000000000000000000, 0.000000000000000000, 1.000000000000000000 ) ) ;
#5254 = ORIENTED_EDGE ( 'NONE', *, *, #7794, .F. ) ;
#5255 = AXIS2_PLACEMENT_3D ( 'NONE', #538, #1572, #8550 ) ;
#5256 = EDGE_CURVE ( 'NONE', #702, #2621, #8000, .T. ) ;
#5257 = AXIS2_PLACEMENT_3D ( 'NONE', #477, #1463, #11084 ) ;
#5258 = ORIENTED_EDGE ( 'NONE', *, *, #1133, .F. ) ;
#5259 = CARTESIAN_POINT ( 'NONE',  ( 4.504001642398092977E-13, 19.49999999999999645, 42.74999999999999289 ) ) ;
#5260 = CIRCLE ( 'NONE', #8728, 27.33493649053890096 ) ;
#5261 = CIRCLE ( 'NONE', #7629, 27.33493649053890096 ) ;
#5262 = DIRECTION ( 'NONE',  ( 0.000000000000000000, 0.000000000000000000, -1.000000000000000000 ) ) ;
#5263 = CARTESIAN_POINT ( 'NONE',  ( -1.518785097687213895E-13, 19.49999999999999645, -68.10466440282023370 ) ) ;
#5264 = DIRECTION ( 'NONE',  ( 0.000000000000000000, -0.000000000000000000, 1.000000000000000000 ) ) ;
#5265 = CARTESIAN_POINT ( 'NONE',  ( 12.45209455274892285, 2.500000000000000000, -8.761108882847496560 ) ) ;
#5266 = CARTESIAN_POINT ( 'NONE',  ( -2.857883832488640863, 0.000000000000000000, 41.09999999999999432 ) ) ;
#5267 = CARTESIAN_POINT ( 'NONE',  ( -12.74999999999999645, 2.500000000000000444, 8.749999999999998224 ) ) ;
#5268 = VECTOR ( 'NONE', #6208, 1000.000000000000000 ) ;
#5269 = AXIS2_PLACEMENT_3D ( 'NONE', #8742, #6521, #9153 ) ;
#5270 = AXIS2_PLACEMENT_3D ( 'NONE', #6180, #10422, #4460 ) ;
#5271 = VECTOR ( 'NONE', #6303, 1000.000000000000000 ) ;
#5272 = ORIENTED_EDGE ( 'NONE', *, *, #205, .T. ) ;
#5273 = ORIENTED_EDGE ( 'NONE', *, *, #68, .F. ) ;
#5274 = CARTESIAN_POINT ( 'NONE',  ( -11.37502297074885682, 2.658665245958897749, -9.838180464847560813 ) ) ;
#5275 = DIRECTION ( 'NONE',  ( -0.000000000000000000, 1.000000000000000000, 0.000000000000000000 ) ) ;
#5276 = DIRECTION ( 'NONE',  ( -0.7071067811865481278, 0.000000000000000000, 0.7071067811865470176 ) ) ;
#5277 = CARTESIAN_POINT ( 'NONE',  ( 5.235365066354933894E-15, 0.000000000000000000, 42.74999999999999289 ) ) ;
#5278 = CARTESIAN_POINT ( 'NONE',  ( 12.14147271878298717, 2.500000000000000000, 9.071730716813437567 ) ) ;
#5279 = AXIS2_PLACEMENT_3D ( 'NONE', #3023, #7370, #3889 ) ;
#5280 = ADVANCED_FACE ( 'NONE', ( #2960 ), #1937, .F. ) ;
#5281 = VECTOR ( 'NONE', #11233, 999.9999999999998863 ) ;
#5282 = FACE_OUTER_BOUND ( 'NONE', #8537, .T. ) ;
#5283 = ORIENTED_EDGE ( 'NONE', *, *, #8016, .T. ) ;
#5284 = CARTESIAN_POINT ( 'NONE',  ( 0.9999999999996034283, 17.49999999999999645, -70.08493649053890806 ) ) ;
#5285 = CARTESIAN_POINT ( 'NONE',  ( -42.74999999999999289, 17.49999999999999645, 2.617682533177465764E-15 ) ) ;
#5286 = ORIENTED_EDGE ( 'NONE', *, *, #945, .T. ) ;
#5287 = AXIS2_PLACEMENT_3D ( 'NONE', #7658, #7541, #4849 ) ;
#5288 = AXIS2_PLACEMENT_3D ( 'NONE', #3419, #7826, #4334 ) ;
#5289 = ORIENTED_EDGE ( 'NONE', *, *, #289, .F. ) ;
#5290 = VERTEX_POINT ( 'NONE', #6447 ) ;
#5291 = EDGE_CURVE ( 'NONE', #2601, #9575, #4565, .T. ) ;
#5292 = PLANE ( 'NONE',  #5712 ) ;
#5293 = EDGE_CURVE ( 'NONE', #9528, #8843, #9941, .T. ) ;
#5294 = DIRECTION ( 'NONE',  ( -0.7071067811865476838, 0.000000000000000000, 0.7071067811865474617 ) ) ;
#5295 = VERTEX_POINT ( 'NONE', #8856 ) ;
#5296 = AXIS2_PLACEMENT_3D ( 'NONE', #2789, #7472, #3008 ) ;
#5297 = ORIENTED_EDGE ( 'NONE', *, *, #3948, .F. ) ;
#5298 = CARTESIAN_POINT ( 'NONE',  ( 41.75000000000004974, 17.49999999999999645, 25.33493649053890451 ) ) ;
#5299 = LINE ( 'NONE', #8783, #7616 ) ;
#5300 = ORIENTED_EDGE ( 'NONE', *, *, #1852, .F. ) ;
#5301 = EDGE_CURVE ( 'NONE', #10235, #200, #6195, .T. ) ;
#5302 = LINE ( 'NONE', #7876, #4796 ) ;
#5303 = VECTOR ( 'NONE', #8314, 1000.000000000000000 ) ;
#5304 = DIRECTION ( 'NONE',  ( -1.387778780781446464E-15, 0.000000000000000000, 1.000000000000000000 ) ) ;
#5305 = CARTESIAN_POINT ( 'NONE',  ( -15.33883813756184367, 17.49999999999999645, -18.92588048819943936 ) ) ;
#5306 = CARTESIAN_POINT ( 'NONE',  ( -6.133173666733496158E-15, 0.000000000000000000, -6.133173666733496158E-15 ) ) ;
#5307 = FACE_OUTER_BOUND ( 'NONE', #8068, .T. ) ;
#5308 = VERTEX_POINT ( 'NONE', #10753 ) ;
#5309 = ORIENTED_EDGE ( 'NONE', *, *, #1387, .T. ) ;
#5310 = CARTESIAN_POINT ( 'NONE',  ( 4.504001642398092977E-13, 17.49999999999999645, 42.74999999999999289 ) ) ;
#5311 = DIRECTION ( 'NONE',  ( 0.000000000000000000, 0.000000000000000000, -1.000000000000000000 ) ) ;
#5312 = CARTESIAN_POINT ( 'NONE',  ( 19.63298726938604588, 17.49999999999999645, -16.04594491874833651 ) ) ;
#5313 = ORIENTED_EDGE ( 'NONE', *, *, #7786, .F. ) ;
#5314 = ORIENTED_EDGE ( 'NONE', *, *, #11105, .T. ) ;
#5315 = FACE_OUTER_BOUND ( 'NONE', #3819, .T. ) ;
#5316 = CARTESIAN_POINT ( 'NONE',  ( 41.74999999999995026, 0.000000000000000000, -4.898979485566345993 ) ) ;
#5317 = DIRECTION ( 'NONE',  ( 0.7071067811865469066, 0.000000000000000000, 0.7071067811865482389 ) ) ;
#5318 = CYLINDRICAL_SURFACE ( 'NONE', #1737, 4.999999999999997335 ) ;
#5319 = DIRECTION ( 'NONE',  ( 0.7071067811865475727, 0.000000000000000000, 0.7071067811865475727 ) ) ;
#5320 = CARTESIAN_POINT ( 'NONE',  ( 9.285898384862242949, 2.500000000000000000, -14.75000000000000000 ) ) ;
#5321 = CARTESIAN_POINT ( 'NONE',  ( 0.000000000000000000, 17.49999999999999645, 0.000000000000000000 ) ) ;
#5322 = CARTESIAN_POINT ( 'NONE',  ( 27.95250199011695003, 19.49999999999999645, 22.98331580928440232 ) ) ;
#5323 = EDGE_CURVE ( 'NONE', #6893, #2579, #2796, .T. ) ;
#5324 = VERTEX_POINT ( 'NONE', #1186 ) ;
#5325 = ORIENTED_EDGE ( 'NONE', *, *, #1487, .F. ) ;
#5326 = LINE ( 'NONE', #4413, #5957 ) ;
#5327 = DIRECTION ( 'NONE',  ( -1.000000000000000000, 0.000000000000000000, -1.323076993872124684E-15 ) ) ;
#5328 = EDGE_CURVE ( 'NONE', #4049, #4774, #3612, .T. ) ;
#5329 = CARTESIAN_POINT ( 'NONE',  ( 14.75000000000000000, 2.500000000000000444, -9.498499648987660748 ) ) ;
#5330 = DIRECTION ( 'NONE',  ( -0.7071067811865483499, 0.000000000000000000, 0.7071067811865467956 ) ) ;
#5331 = LINE ( 'NONE', #10373, #7183 ) ;
#5332 = EDGE_CURVE ( 'NONE', #5155, #8540, #675, .T. ) ;
#5333 = ORIENTED_EDGE ( 'NONE', *, *, #9160, .T. ) ;
#5334 = CARTESIAN_POINT ( 'NONE',  ( -10.11674757797266366, 2.616792734330353642, 14.74999999999999822 ) ) ;
#5335 = CARTESIAN_POINT ( 'NONE',  ( 43.74999999999955236, 17.49999999999999645, 42.75000000000000000 ) ) ;
#5336 = EDGE_LOOP ( 'NONE', ( #4355, #6783, #7460, #4486, #8051, #6006, #2715 ) ) ;
#5337 = CIRCLE ( 'NONE', #2957, 1.500000000000001332 ) ;
#5338 = EDGE_LOOP ( 'NONE', ( #4962, #7596, #315, #8127, #10712 ) ) ;
#5339 = EDGE_LOOP ( 'NONE', ( #2105, #1139, #6526, #8418 ) ) ;
#5340 = VECTOR ( 'NONE', #10449, 1000.000000000000000 ) ;
#5341 = DIRECTION ( 'NONE',  ( 0.000000000000000000, 1.000000000000000000, -0.000000000000000000 ) ) ;
#5342 = LINE ( 'NONE', #9638, #5268 ) ;
#5343 = VERTEX_POINT ( 'NONE', #4673 ) ;
#5344 = EDGE_CURVE ( 'NONE', #7710, #6845, #7952, .T. ) ;
#5345 = ORIENTED_EDGE ( 'NONE', *, *, #8363, .T. ) ;
#5346 = CARTESIAN_POINT ( 'NONE',  ( 23.82411951180066723, 17.49999999999999645, 27.41116186243776554 ) ) ;
#5347 = LINE ( 'NONE', #6213, #5796 ) ;
#5348 = ORIENTED_EDGE ( 'NONE', *, *, #1856, .T. ) ;
#5349 = CARTESIAN_POINT ( 'NONE',  ( -1.000000000000270228, 2.500000000000000000, -47.74999999999998579 ) ) ;
#5350 = EDGE_CURVE ( 'NONE', #7680, #2382, #6232, .T. ) ;
#5351 = VECTOR ( 'NONE', #7814, 1000.000000000000000 ) ;
#5352 = ADVANCED_FACE ( 'NONE', ( #1020 ), #8007, .F. ) ;
#5353 = EDGE_CURVE ( 'NONE', #5912, #2601, #5097, .T. ) ;
#5354 = DIRECTION ( 'NONE',  ( 0.7071067811865473507, 0.000000000000000000, 0.7071067811865477948 ) ) ;
#5355 = DIRECTION ( 'NONE',  ( 0.7071067811865474617, 0.000000000000000000, -0.7071067811865476838 ) ) ;
#5356 = CIRCLE ( 'NONE', #8669, 25.35466440282023370 ) ;
#5357 = DIRECTION ( 'NONE',  ( 0.000000000000000000, 0.000000000000000000, 1.000000000000000000 ) ) ;
#5358 = AXIS2_PLACEMENT_3D ( 'NONE', #6369, #10837, #9859 ) ;
#5359 = DIRECTION ( 'NONE',  ( 0.000000000000000000, 1.000000000000000000, -0.000000000000000000 ) ) ;
#5360 = ORIENTED_EDGE ( 'NONE', *, *, #3392, .F. ) ;
#5361 = ORIENTED_EDGE ( 'NONE', *, *, #6068, .T. ) ;
#5362 = DIRECTION ( 'NONE',  ( 0.000000000000000000, 0.000000000000000000, -1.000000000000000000 ) ) ;
#5363 = PLANE ( 'NONE',  #1212 ) ;
#5364 = LINE ( 'NONE', #2679, #5834 ) ;
#5365 = EDGE_LOOP ( 'NONE', ( #8172, #3057, #11283, #10758 ) ) ;
#5366 = VECTOR ( 'NONE', #6267, 1000.000000000000000 ) ;
#5367 = VECTOR ( 'NONE', #1095, 1000.000000000000000 ) ;
#5368 = LINE ( 'NONE', #8853, #2457 ) ;
#5369 = CARTESIAN_POINT ( 'NONE',  ( 4.504001642398092977E-13, 17.49999999999999645, 42.74999999999999289 ) ) ;
#5370 = DIRECTION ( 'NONE',  ( -2.168404344971008868E-15, 0.000000000000000000, -1.000000000000000000 ) ) ;
#5371 = EDGE_CURVE ( 'NONE', #1969, #7471, #5876, .T. ) ;
#5372 = LINE ( 'NONE', #2047, #4666 ) ;
#5373 = LINE ( 'NONE', #8631, #6825 ) ;
#5374 = DIRECTION ( 'NONE',  ( 1.000000000000000000, 0.000000000000000000, -3.553859168040306887E-15 ) ) ;
#5375 = VECTOR ( 'NONE', #8409, 1000.000000000000000 ) ;
#5376 = CARTESIAN_POINT ( 'NONE',  ( -42.74999999999999289, 19.49999999999999645, 2.617682533177465764E-15 ) ) ;
#5377 = VECTOR ( 'NONE', #8060, 999.9999999999998863 ) ;
#5378 = CARTESIAN_POINT ( 'NONE',  ( -42.74999999999954525, 2.500000000000000000, 43.75000000000000711 ) ) ;
#5379 = VECTOR ( 'NONE', #4156, 1000.000000000000000 ) ;
#5380 = CIRCLE ( 'NONE', #3000, 2.000000000000000000 ) ;
#5381 = ORIENTED_EDGE ( 'NONE', *, *, #4009, .T. ) ;
#5382 = ORIENTED_EDGE ( 'NONE', *, *, #3571, .F. ) ;
#5383 = FACE_OUTER_BOUND ( 'NONE', #4276, .T. ) ;
#5384 = EDGE_CURVE ( 'NONE', #6059, #3540, #705, .T. ) ;
#5385 = CARTESIAN_POINT ( 'NONE',  ( 42.74999999999999289, 17.49999999999999645, -2.617682533177465764E-15 ) ) ;
#5386 = CYLINDRICAL_SURFACE ( 'NONE', #10951, 27.33493649053890096 ) ;
#5387 = PLANE ( 'NONE',  #3575 ) ;
#5388 = CARTESIAN_POINT ( 'NONE',  ( -1.518785097687213895E-13, 17.49999999999999645, -42.74999999999999289 ) ) ;
#5389 = EDGE_CURVE ( 'NONE', #7484, #8933, #2160, .T. ) ;
#5390 = ORIENTED_EDGE ( 'NONE', *, *, #7029, .T. ) ;
#5391 = CARTESIAN_POINT ( 'NONE',  ( -9.498828840021619868, 2.499999999999999556, 14.74999999999999822 ) ) ;
#5392 = PLANE ( 'NONE',  #10198 ) ;
#5393 = VECTOR ( 'NONE', #6022, 1000.000000000000000 ) ;
#5394 = ORIENTED_EDGE ( 'NONE', *, *, #9662, .T. ) ;
#5395 = EDGE_CURVE ( 'NONE', #10971, #8821, #5069, .T. ) ;
#5396 = ORIENTED_EDGE ( 'NONE', *, *, #2191, .T. ) ;
#5397 = ORIENTED_EDGE ( 'NONE', *, *, #7652, .T. ) ;
#5398 = CIRCLE ( 'NONE', #10701, 25.00000000000000711 ) ;
#5399 = DIRECTION ( 'NONE',  ( 0.000000000000000000, 0.000000000000000000, 1.000000000000000000 ) ) ;
#5400 = VECTOR ( 'NONE', #955, 1000.000000000000000 ) ;
#5401 = DIRECTION ( 'NONE',  ( -0.000000000000000000, -1.000000000000000000, -0.000000000000000000 ) ) ;
#5402 = VERTEX_POINT ( 'NONE', #8282 ) ;
#5403 = ORIENTED_EDGE ( 'NONE', *, *, #1025, .F. ) ;
#5404 = CARTESIAN_POINT ( 'NONE',  ( -2.500000000000150102, -34.48187929913332539, 9.022110935326342307E-15 ) ) ;
#5405 = LINE ( 'NONE', #4544, #2693 ) ;
#5406 = VERTEX_POINT ( 'NONE', #9190 ) ;
#5407 = DIRECTION ( 'NONE',  ( 1.000000000000000000, -1.972152263052529514E-31, -1.264284836150040893E-14 ) ) ;
#5408 = EDGE_CURVE ( 'NONE', #11313, #10952, #5648, .T. ) ;
#5409 = DIRECTION ( 'NONE',  ( -0.000000000000000000, -1.000000000000000000, -0.000000000000000000 ) ) ;
#5410 = VECTOR ( 'NONE', #6234, 1000.000000000000000 ) ;
#5411 = CARTESIAN_POINT ( 'NONE',  ( 1.000000000000297096, 2.500000000000000000, 37.74999999999998579 ) ) ;
#5412 = LINE ( 'NONE', #4556, #10553 ) ;
#5413 = EDGE_LOOP ( 'NONE', ( #571, #310 ) ) ;
#5414 = EDGE_CURVE ( 'NONE', #6310, #32, #2215, .T. ) ;
#5415 = ORIENTED_EDGE ( 'NONE', *, *, #4222, .T. ) ;
#5416 = DIRECTION ( 'NONE',  ( -5.575896887068303672E-15, 0.000000000000000000, -1.000000000000000000 ) ) ;
#5417 = PLANE ( 'NONE',  #2318 ) ;
#5418 = LINE ( 'NONE', #1930, #7590 ) ;
#5419 = EDGE_LOOP ( 'NONE', ( #593, #6418, #1630 ) ) ;
#5420 = EDGE_CURVE ( 'NONE', #3487, #4618, #3133, .T. ) ;
#5421 = DIRECTION ( 'NONE',  ( 1.000000000000000000, 0.000000000000000000, -1.719234873512728234E-15 ) ) ;
#5422 = CARTESIAN_POINT ( 'NONE',  ( 0.000000000000000000, 0.000000000000000000, 0.000000000000000000 ) ) ;
#5423 = LINE ( 'NONE', #7144, #9109 ) ;
#5424 = FACE_BOUND ( 'NONE', #9041, .T. ) ;
#5425 = DIRECTION ( 'NONE',  ( 0.000000000000000000, 0.000000000000000000, -1.000000000000000000 ) ) ;
#5426 = ORIENTED_EDGE ( 'NONE', *, *, #5420, .F. ) ;
#5427 = LINE ( 'NONE', #8062, #3759 ) ;
#5428 = VECTOR ( 'NONE', #1056, 1000.000000000000000 ) ;
#5429 = DIRECTION ( 'NONE',  ( -0.000000000000000000, -1.000000000000000000, -0.000000000000000000 ) ) ;
#5430 = ADVANCED_FACE ( 'NONE', ( #9136 ), #5701, .F. ) ;
#5431 = DIRECTION ( 'NONE',  ( 0.000000000000000000, 1.000000000000000000, 0.000000000000000000 ) ) ;
#5432 = CIRCLE ( 'NONE', #10003, 4.000000000000001776 ) ;
#5433 = ORIENTED_EDGE ( 'NONE', *, *, #4574, .T. ) ;
#5434 = ORIENTED_EDGE ( 'NONE', *, *, #5526, .F. ) ;
#5435 = CARTESIAN_POINT ( 'NONE',  ( 15.45683200768929311, 0.000000000000000000, -11.45653160759577993 ) ) ;
#5436 = DIRECTION ( 'NONE',  ( -3.608844374130319986E-15, 0.000000000000000000, -1.000000000000000000 ) ) ;
#5437 = DIRECTION ( 'NONE',  ( -0.000000000000000000, -1.000000000000000000, -0.000000000000000000 ) ) ;
#5438 = CARTESIAN_POINT ( 'NONE',  ( 43.75000000000011369, 17.49999999999999645, -25.33493649053889740 ) ) ;
#5439 = DIRECTION ( 'NONE',  ( -0.000000000000000000, -1.000000000000000000, -0.000000000000000000 ) ) ;
#5440 = ORIENTED_EDGE ( 'NONE', *, *, #4625, .F. ) ;
#5441 = AXIS2_PLACEMENT_3D ( 'NONE', #4439, #2785, #8892 ) ;
#5442 = DIRECTION ( 'NONE',  ( 0.000000000000000000, 1.000000000000000000, 0.000000000000000000 ) ) ;
#5443 = CARTESIAN_POINT ( 'NONE',  ( -2.168404344971400537E-15, 2.500000000000000000, -1.000000000000180300 ) ) ;
#5444 = ORIENTED_EDGE ( 'NONE', *, *, #1720, .F. ) ;
#5445 = ADVANCED_FACE ( 'NONE', ( #8339 ), #8449, .F. ) ;
#5446 = EDGE_CURVE ( 'NONE', #2642, #2270, #1226, .T. ) ;
#5447 = EDGE_CURVE ( 'NONE', #9090, #8398, #5616, .T. ) ;
#5448 = ORIENTED_EDGE ( 'NONE', *, *, #3663, .F. ) ;
#5449 = VERTEX_POINT ( 'NONE', #5823 ) ;
#5450 = AXIS2_PLACEMENT_3D ( 'NONE', #10976, #8383, #3867 ) ;
#5451 = CARTESIAN_POINT ( 'NONE',  ( 12.75000000000000000, 2.500000000000000000, -12.75000000000000000 ) ) ;
#5452 = ADVANCED_FACE ( 'NONE', ( #3992 ), #2332, .T. ) ;
#5453 = CARTESIAN_POINT ( 'NONE',  ( -26.70405508125148941, 0.7898818883216689457, -23.11701273061383688 ) ) ;
#5454 = EDGE_CURVE ( 'NONE', #5513, #8775, #378, .T. ) ;
#5455 = ORIENTED_EDGE ( 'NONE', *, *, #6879, .T. ) ;
#5456 = ORIENTED_EDGE ( 'NONE', *, *, #3766, .F. ) ;
#5457 = CARTESIAN_POINT ( 'NONE',  ( -1.000000000000000000, 17.49999999999999645, 1.264284836150040893E-14 ) ) ;
#5458 = DIRECTION ( 'NONE',  ( 0.000000000000000000, 0.000000000000000000, -1.000000000000000000 ) ) ;
#5459 = EDGE_LOOP ( 'NONE', ( #9569, #10873, #743, #10053 ) ) ;
#5460 = PLANE ( 'NONE',  #8450 ) ;
#5461 = AXIS2_PLACEMENT_3D ( 'NONE', #329, #3505, #7045 ) ;
#5462 = DIRECTION ( 'NONE',  ( -0.000000000000000000, -1.000000000000000000, 0.000000000000000000 ) ) ;
#5463 = FACE_OUTER_BOUND ( 'NONE', #5500, .T. ) ;
#5464 = CIRCLE ( 'NONE', #712, 27.33493649053890096 ) ;
#5465 = EDGE_CURVE ( 'NONE', #9639, #6620, #2879, .T. ) ;
#5466 = DIRECTION ( 'NONE',  ( -0.7071067811865474617, 0.000000000000000000, 0.7071067811865474617 ) ) ;
#5467 = CARTESIAN_POINT ( 'NONE',  ( -41.75000000000007816, 2.500000000000000000, -4.898979485566362868 ) ) ;
#5468 = ORIENTED_EDGE ( 'NONE', *, *, #7086, .F. ) ;
#5469 = VERTEX_POINT ( 'NONE', #8230 ) ;
#5470 = LINE ( 'NONE', #10739, #8578 ) ;
#5471 = ADVANCED_FACE ( 'NONE', ( #3882 ), #8395, .F. ) ;
#5472 = FACE_OUTER_BOUND ( 'NONE', #10907, .T. ) ;
#5473 = PLANE ( 'NONE',  #7218 ) ;
#5474 = ORIENTED_EDGE ( 'NONE', *, *, #8753, .F. ) ;
#5475 = CIRCLE ( 'NONE', #532, 4.000000000000001776 ) ;
#5476 = EDGE_CURVE ( 'NONE', #7753, #10964, #6717, .T. ) ;
#5477 = DIRECTION ( 'NONE',  ( -1.000000000000000000, 0.000000000000000000, -1.323076993872124684E-15 ) ) ;
#5478 = DIRECTION ( 'NONE',  ( 1.264613413987092056E-14, 0.000000000000000000, 1.000000000000000000 ) ) ;
#5479 = LINE ( 'NONE', #265, #1255 ) ;
#5480 = CARTESIAN_POINT ( 'NONE',  ( -12.75000000000000000, 9.500000000000000000, -12.75000000000000000 ) ) ;
#5481 = CARTESIAN_POINT ( 'NONE',  ( -42.74999999999999289, 17.49999999999999645, 2.617682533177465764E-15 ) ) ;
#5482 = VERTEX_POINT ( 'NONE', #6104 ) ;
#5483 = CIRCLE ( 'NONE', #10985, 1.000000000000000888 ) ;
#5484 = ORIENTED_EDGE ( 'NONE', *, *, #9665, .T. ) ;
#5485 = DIRECTION ( 'NONE',  ( 0.000000000000000000, 1.000000000000000000, -0.000000000000000000 ) ) ;
#5486 = DIRECTION ( 'NONE',  ( 0.7071067811865474617, 0.000000000000000000, 0.7071067811865476838 ) ) ;
#5487 = LINE ( 'NONE', #6509, #11128 ) ;
#5488 = EDGE_CURVE ( 'NONE', #200, #11217, #11261, .T. ) ;
#5489 = CARTESIAN_POINT ( 'NONE',  ( -16.04594491874839335, 0.7898818883216689457, -19.63298726938598193 ) ) ;
#5490 = EDGE_CURVE ( 'NONE', #6893, #4215, #29, .T. ) ;
#5491 = EDGE_CURVE ( 'NONE', #871, #5509, #9481, .T. ) ;
#5492 = EDGE_CURVE ( 'NONE', #8254, #10618, #10340, .T. ) ;
#5493 = ORIENTED_EDGE ( 'NONE', *, *, #2943, .T. ) ;
#5494 = VERTEX_POINT ( 'NONE', #5245 ) ;
#5495 = DIRECTION ( 'NONE',  ( 0.000000000000000000, 1.000000000000000000, -0.000000000000000000 ) ) ;
#5496 = CARTESIAN_POINT ( 'NONE',  ( 15.41506350946109372, 17.49999999999999645, 5.665551252241367005E-14 ) ) ;
#5497 = DIRECTION ( 'NONE',  ( 0.000000000000000000, 0.000000000000000000, 1.000000000000000000 ) ) ;
#5498 = DIRECTION ( 'NONE',  ( 0.000000000000000000, 0.000000000000000000, 1.000000000000000000 ) ) ;
#5499 = DIRECTION ( 'NONE',  ( 0.000000000000000000, -0.000000000000000000, 1.000000000000000000 ) ) ;
#5500 = EDGE_LOOP ( 'NONE', ( #10272, #5714, #2681, #5062 ) ) ;
#5501 = DIRECTION ( 'NONE',  ( -0.000000000000000000, -1.000000000000000000, 0.000000000000000000 ) ) ;
#5502 = DIRECTION ( 'NONE',  ( -0.7071067811865469066, 0.000000000000000000, -0.7071067811865482389 ) ) ;
#5503 = ORIENTED_EDGE ( 'NONE', *, *, #350, .T. ) ;
#5504 = ORIENTED_EDGE ( 'NONE', *, *, #3705, .F. ) ;
#5505 = ORIENTED_EDGE ( 'NONE', *, *, #9255, .T. ) ;
#5506 = DIRECTION ( 'NONE',  ( 0.000000000000000000, 1.000000000000000000, 0.000000000000000000 ) ) ;
#5507 = DIRECTION ( 'NONE',  ( 1.000000000000000000, 0.000000000000000000, -2.168404344971008079E-15 ) ) ;
#5508 = VECTOR ( 'NONE', #4015, 1000.000000000000000 ) ;
#5509 = VERTEX_POINT ( 'NONE', #7011 ) ;
#5510 = EDGE_LOOP ( 'NONE', ( #9519, #6568, #6608, #3559, #4312 ) ) ;
#5511 = CARTESIAN_POINT ( 'NONE',  ( -18.75998266654167068, 47.49999999999998579, 36.43765219620534168 ) ) ;
#5512 = FACE_OUTER_BOUND ( 'NONE', #1918, .T. ) ;
#5513 = VERTEX_POINT ( 'NONE', #7881 ) ;
#5514 = AXIS2_PLACEMENT_3D ( 'NONE', #5238, #4056, #5771 ) ;
#5515 = DIRECTION ( 'NONE',  ( 0.000000000000000000, 1.000000000000000000, 0.000000000000000000 ) ) ;
#5516 = CARTESIAN_POINT ( 'NONE',  ( 14.79749800988308195, 17.49999999999999645, 19.76668419071532057 ) ) ;
#5517 = CARTESIAN_POINT ( 'NONE',  ( -1.518785097687213895E-13, 17.49999999999999645, -42.74999999999999289 ) ) ;
#5518 = DIRECTION ( 'NONE',  ( 0.000000000000000000, 0.000000000000000000, 1.000000000000000000 ) ) ;
#5519 = ORIENTED_EDGE ( 'NONE', *, *, #9001, .F. ) ;
#5520 = ORIENTED_EDGE ( 'NONE', *, *, #6635, .T. ) ;
#5521 = DIRECTION ( 'NONE',  ( -0.000000000000000000, 1.000000000000000000, -0.000000000000000000 ) ) ;
#5522 = LINE ( 'NONE', #372, #7611 ) ;
#5523 = ORIENTED_EDGE ( 'NONE', *, *, #2969, .T. ) ;
#5524 = ORIENTED_EDGE ( 'NONE', *, *, #4890, .F. ) ;
#5525 = AXIS2_PLACEMENT_3D ( 'NONE', #8886, #5407, #8044 ) ;
#5526 = EDGE_CURVE ( 'NONE', #10815, #8198, #9418, .T. ) ;
#5527 = EDGE_CURVE ( 'NONE', #609, #3056, #6900, .T. ) ;
#5528 = CIRCLE ( 'NONE', #8642, 25.00000000000000711 ) ;
#5529 = LINE ( 'NONE', #8111, #1168 ) ;
#5530 = CARTESIAN_POINT ( 'NONE',  ( 42.74999999999999289, 17.49999999999999645, -2.617682533177465764E-15 ) ) ;
#5531 = DIRECTION ( 'NONE',  ( -1.734723475976806503E-15, 0.000000000000000000, 1.000000000000000000 ) ) ;
#5532 = FACE_BOUND ( 'NONE', #10028, .T. ) ;
#5533 = CARTESIAN_POINT ( 'NONE',  ( -27.28291891559792504, 19.49999999999999645, -22.53814889626740126 ) ) ;
#5534 = VERTEX_POINT ( 'NONE', #5185 ) ;
#5535 = ORIENTED_EDGE ( 'NONE', *, *, #7010, .T. ) ;
#5536 = DIRECTION ( 'NONE',  ( -1.000000000000000000, 0.000000000000000000, 2.168404344971009657E-15 ) ) ;
#5537 = DIRECTION ( 'NONE',  ( 0.000000000000000000, 1.000000000000000000, 0.000000000000000000 ) ) ;
#5538 = FACE_OUTER_BOUND ( 'NONE', #7968, .T. ) ;
#5539 = EDGE_CURVE ( 'NONE', #10920, #592, #2673, .T. ) ;
#5540 = CARTESIAN_POINT ( 'NONE',  ( -42.74999999999999289, 19.49999999999999645, -27.33493649053889740 ) ) ;
#5541 = AXIS2_PLACEMENT_3D ( 'NONE', #2469, #8763, #2644 ) ;
#5542 = ORIENTED_EDGE ( 'NONE', *, *, #10584, .F. ) ;
#5543 = EDGE_CURVE ( 'NONE', #5168, #2893, #10385, .T. ) ;
#5544 = EDGE_LOOP ( 'NONE', ( #374, #5924, #2926, #663 ) ) ;
#5545 = CARTESIAN_POINT ( 'NONE',  ( -12.75000000000000000, 4.500000000000000888, -12.75000000000000000 ) ) ;
#5546 = VECTOR ( 'NONE', #4922, 1000.000000000000000 ) ;
#5547 = DIRECTION ( 'NONE',  ( 0.000000000000000000, -1.000000000000000000, 0.000000000000000000 ) ) ;
#5548 = AXIS2_PLACEMENT_3D ( 'NONE', #3937, #4158, #5019 ) ;
#5549 = CARTESIAN_POINT ( 'NONE',  ( 41.75000000000007816, 1.361284592032115076E-61, 4.999999999999995559 ) ) ;
#5550 = DIRECTION ( 'NONE',  ( 0.000000000000000000, 0.000000000000000000, 1.000000000000000000 ) ) ;
#5551 = EDGE_CURVE ( 'NONE', #8017, #469, #4269, .T. ) ;
#5552 = CARTESIAN_POINT ( 'NONE',  ( -10.62825468289636177, 2.500000000000002220, 10.62825468289635644 ) ) ;
#5553 = DIRECTION ( 'NONE',  ( 0.000000000000000000, 1.000000000000000000, 0.000000000000000000 ) ) ;
#5554 = EDGE_CURVE ( 'NONE', #3415, #3021, #3985, .T. ) ;
#5555 = CARTESIAN_POINT ( 'NONE',  ( -42.74999999999999289, -34.48187929913332539, 7.853047599532400842E-15 ) ) ;
#5556 = CARTESIAN_POINT ( 'NONE',  ( 0.000000000000000000, 2.500000000000000000, 0.000000000000000000 ) ) ;
#5557 = ORIENTED_EDGE ( 'NONE', *, *, #5849, .T. ) ;
#5558 = EDGE_LOOP ( 'NONE', ( #3280, #7528, #9395, #4652 ) ) ;
#5559 = CIRCLE ( 'NONE', #2639, 27.33493649053890096 ) ;
#5560 = AXIS2_PLACEMENT_3D ( 'NONE', #8961, #3760, #1123 ) ;
#5561 = VERTEX_POINT ( 'NONE', #8560 ) ;
#5562 = ORIENTED_EDGE ( 'NONE', *, *, #5112, .F. ) ;
#5563 = DIRECTION ( 'NONE',  ( 0.000000000000000000, 1.000000000000000000, 0.000000000000000000 ) ) ;
#5564 = AXIS2_PLACEMENT_3D ( 'NONE', #5686, #4829, #3866 ) ;
#5565 = PLANE ( 'NONE',  #6921 ) ;
#5566 = ORIENTED_EDGE ( 'NONE', *, *, #8152, .F. ) ;
#5567 = VERTEX_POINT ( 'NONE', #7818 ) ;
#5568 = LINE ( 'NONE', #4879, #4027 ) ;
#5569 = CARTESIAN_POINT ( 'NONE',  ( 43.74999999999995026, 2.500000000000000000, -4.999999999999988454 ) ) ;
#5570 = EDGE_CURVE ( 'NONE', #2900, #11080, #7764, .T. ) ;
#5571 = EDGE_LOOP ( 'NONE', ( #1871, #6992, #3959 ) ) ;
#5572 = AXIS2_PLACEMENT_3D ( 'NONE', #2012, #10826, #3843 ) ;
#5573 =( GEOMETRIC_REPRESENTATION_CONTEXT ( 3 ) GLOBAL_UNCERTAINTY_ASSIGNED_CONTEXT ( ( #234 ) ) GLOBAL_UNIT_ASSIGNED_CONTEXT ( ( #7245, #8959, #4499 ) ) REPRESENTATION_CONTEXT ( 'NONE', 'WORKASPACE' ) );
#5574 = DIRECTION ( 'NONE',  ( -1.000000000000000000, 0.000000000000000000, 1.264284836150040893E-14 ) ) ;
#5575 = FACE_OUTER_BOUND ( 'NONE', #9850, .T. ) ;
#5576 = LINE ( 'NONE', #7350, #5816 ) ;
#5577 = CARTESIAN_POINT ( 'NONE',  ( -13.74999999999999822, 0.000000000000000000, -8.877416997969513446 ) ) ;
#5578 = EDGE_LOOP ( 'NONE', ( #5744, #8759, #7333 ) ) ;
#5579 = EDGE_LOOP ( 'NONE', ( #9800, #9823, #4019, #7053 ) ) ;
#5580 = LINE ( 'NONE', #8052, #8392 ) ;
#5581 = DIRECTION ( 'NONE',  ( 0.000000000000000000, 0.000000000000000000, -1.000000000000000000 ) ) ;
#5582 = VECTOR ( 'NONE', #8128, 1000.000000000000000 ) ;
#5583 = ORIENTED_EDGE ( 'NONE', *, *, #242, .T. ) ;
#5584 = ORIENTED_EDGE ( 'NONE', *, *, #1920, .T. ) ;
#5585 = ADVANCED_FACE ( 'NONE', ( #11206 ), #9362, .T. ) ;
#5586 = EDGE_CURVE ( 'NONE', #7056, #10460, #3358, .T. ) ;
#5587 = AXIS2_PLACEMENT_3D ( 'NONE', #8579, #11114, #10421 ) ;
#5588 = CARTESIAN_POINT ( 'NONE',  ( -42.74999999999954525, 0.000000000000000000, 43.75000000000000711 ) ) ;
#5589 = CARTESIAN_POINT ( 'NONE',  ( -27.33493649053846397, 17.49999999999999645, 41.75000000000032685 ) ) ;
#5590 = DIRECTION ( 'NONE',  ( 1.000000000000000000, 0.000000000000000000, -2.168404344971008868E-15 ) ) ;
#5591 = CARTESIAN_POINT ( 'NONE',  ( -22.98331580928449469, 19.49999999999999645, -27.95250199011685410 ) ) ;
#5592 = LINE ( 'NONE', #9078, #1349 ) ;
#5593 = ORIENTED_EDGE ( 'NONE', *, *, #4280, .T. ) ;
#5594 = EDGE_CURVE ( 'NONE', #9183, #6893, #2441, .T. ) ;
#5595 = ORIENTED_EDGE ( 'NONE', *, *, #2554, .T. ) ;
#5596 = DIRECTION ( 'NONE',  ( -2.168404344971009657E-15, 1.972152263052529514E-31, -1.000000000000000000 ) ) ;
#5597 = CARTESIAN_POINT ( 'NONE',  ( -2.499999999999992895, 0.000000000000000000, 3.872150616019648973E-16 ) ) ;
#5598 = FACE_OUTER_BOUND ( 'NONE', #2526, .T. ) ;
#5599 = EDGE_CURVE ( 'NONE', #8205, #287, #1528, .T. ) ;
#5600 = FACE_OUTER_BOUND ( 'NONE', #2616, .T. ) ;
#5601 = CIRCLE ( 'NONE', #658, 4.999999999999997335 ) ;
#5602 = VERTEX_POINT ( 'NONE', #8506 ) ;
#5603 = ORIENTED_EDGE ( 'NONE', *, *, #3916, .F. ) ;
#5604 = CARTESIAN_POINT ( 'NONE',  ( 39.27819584319912138, 24.95324863549492633, -0.9999999999999050759 ) ) ;
#5605 = CIRCLE ( 'NONE', #11280, 1.000000000000000888 ) ;
#5606 = LINE ( 'NONE', #2011, #9105 ) ;
#5607 = CARTESIAN_POINT ( 'NONE',  ( 46.04999999999999716, 0.000000000000000000, -0.7500000000000015543 ) ) ;
#5608 = CYLINDRICAL_SURFACE ( 'NONE', #3909, 0.7499999999999937828 ) ;
#5609 = CARTESIAN_POINT ( 'NONE',  ( -43.75000000000007816, 24.95324863549492633, -3.471804156800874175 ) ) ;
#5610 = CARTESIAN_POINT ( 'NONE',  ( 27.41116186243804265, 19.49999999999999645, -23.82411951180039011 ) ) ;
#5611 = B_SPLINE_CURVE_WITH_KNOTS ( 'NONE', 3,
 ( #5214, #11231, #744, #11179, #3327, #8815, #6812, #4, #7849, #1724, #5274, #10541, #9505, #7788 ),
 .UNSPECIFIED., .F., .F.,
 ( 4, 2, 2, 2, 2, 2, 4 ),
 ( 1.593998466687173912E-05, 0.001329593480692245347, 0.001986420228704932622, 0.002643246976717619247, 0.003300073724730305871, 0.003956900472742993363, 0.005270553968768366612 ),
 .UNSPECIFIED. ) ;
#5612 = DIRECTION ( 'NONE',  ( -1.000000000000000000, 0.000000000000000000, 9.151367022657275579E-15 ) ) ;
#5613 = CARTESIAN_POINT ( 'NONE',  ( 9.498499648987664301, 2.500000000000000444, 14.75000000000000000 ) ) ;
#5614 = EDGE_LOOP ( 'NONE', ( #473, #7352, #9347, #6660 ) ) ;
#5615 = ORIENTED_EDGE ( 'NONE', *, *, #11019, .T. ) ;
#5616 = CIRCLE ( 'NONE', #1604, 25.35466440282023370 ) ;
#5617 = EDGE_CURVE ( 'NONE', #7380, #11268, #1582, .T. ) ;
#5618 = VERTEX_POINT ( 'NONE', #722 ) ;
#5619 = ORIENTED_EDGE ( 'NONE', *, *, #2578, .F. ) ;
#5620 = EDGE_CURVE ( 'NONE', #2400, #7299, #2499, .T. ) ;
#5621 = CARTESIAN_POINT ( 'NONE',  ( 1.836970198721031413E-16, -34.48187929913332539, -44.25000000000000000 ) ) ;
#5622 = VECTOR ( 'NONE', #10514, 1000.000000000000000 ) ;
#5623 = AXIS2_PLACEMENT_3D ( 'NONE', #3097, #6636, #11005 ) ;
#5624 = DIRECTION ( 'NONE',  ( -0.000000000000000000, -1.000000000000000000, -0.000000000000000000 ) ) ;
#5625 = ORIENTED_EDGE ( 'NONE', *, *, #8078, .F. ) ;
#5626 = LINE ( 'NONE', #10038, #5303 ) ;
#5627 = CARTESIAN_POINT ( 'NONE',  ( 42.74999999999999289, 19.49999999999999645, -2.617682533177465764E-15 ) ) ;
#5628 = ORIENTED_EDGE ( 'NONE', *, *, #7700, .F. ) ;
#5629 = CIRCLE ( 'NONE', #2534, 27.33493649053890096 ) ;
#5630 = EDGE_CURVE ( 'NONE', #10964, #7753, #3069, .T. ) ;
#5631 = CIRCLE ( 'NONE', #10953, 25.00000000000000711 ) ;
#5632 = EDGE_CURVE ( 'NONE', #3397, #9751, #10197, .T. ) ;
#5633 = DIRECTION ( 'NONE',  ( 0.7071067811865473507, 0.000000000000000000, -0.7071067811865477948 ) ) ;
#5634 = CARTESIAN_POINT ( 'NONE',  ( -23.82411951180011300, 19.49999999999999645, 27.41116186243831621 ) ) ;
#5635 = DIRECTION ( 'NONE',  ( 0.000000000000000000, 0.000000000000000000, 1.000000000000000000 ) ) ;
#5636 = ADVANCED_FACE ( 'NONE', ( #1005 ), #10678, .F. ) ;
#5637 = VERTEX_POINT ( 'NONE', #9003 ) ;
#5638 = AXIS2_PLACEMENT_3D ( 'NONE', #8480, #7795, #3453 ) ;
#5639 = ORIENTED_EDGE ( 'NONE', *, *, #10092, .F. ) ;
#5640 = CARTESIAN_POINT ( 'NONE',  ( -15.33883813756184367, 19.49999999999999645, -18.92588048819943936 ) ) ;
#5641 = DIRECTION ( 'NONE',  ( -0.000000000000000000, -1.000000000000000000, 0.000000000000000000 ) ) ;
#5642 = CARTESIAN_POINT ( 'NONE',  ( 42.74999999999985079, -7.292596028743525438E-60, -43.74999999999970868 ) ) ;
#5643 = ORIENTED_EDGE ( 'NONE', *, *, #1884, .F. ) ;
#5644 = ORIENTED_EDGE ( 'NONE', *, *, #6336, .F. ) ;
#5645 = VECTOR ( 'NONE', #7823, 1000.000000000000000 ) ;
#5646 = LINE ( 'NONE', #1471, #8123 ) ;
#5647 = DIRECTION ( 'NONE',  ( 3.980570833268212630E-15, 0.000000000000000000, 1.000000000000000000 ) ) ;
#5648 = LINE ( 'NONE', #4959, #10959 ) ;
#5649 = DIRECTION ( 'NONE',  ( 0.000000000000000000, 1.000000000000000000, 0.000000000000000000 ) ) ;
#5650 = DIRECTION ( 'NONE',  ( -0.7071067811865476838, 0.000000000000000000, -0.7071067811865474617 ) ) ;
#5651 = EDGE_LOOP ( 'NONE', ( #9518, #9169, #8136, #10990, #8885, #11085, #2467, #5980 ) ) ;
#5652 = EDGE_LOOP ( 'NONE', ( #8081, #1894, #2279, #479, #6955, #8054, #1269, #5136, #3794, #4811, #7641, #9767, #613, #10505, #7983, #11183, #8139, #1214, #4331, #5673, #8444, #9653, #40, #4496, #5127, #5083, #1925, #8473, #8797, #9218, #7544, #1336, #10294, #10236, #5390, #3932, #764, #6419, #2736, #10983, #3621, #4993, #6514, #3286, #8879, #3853, #5835, #9219, #73, #3751, #10352, #1323, #2423, #460, #7531, #4060, #4798, #5123, #2077, #6611, #9226, #7225, #7120, #5936, #7495, #1743, #7571, #5247, #7020, #8992, #8988, #9386, #2990, #2323, #6767, #1953, #6728, #10999, #2152, #1178, #6846, #3580, #8674, #10743, #6590, #9145, #10791, #8682, #7810, #8509, #117, #3542, #9108, #3203, #895, #3702, #5440, #3733, #557, #4107, #4701, #8294, #3423, #4932, #7101, #5584, #8791, #3090, #9809 ) ) ;
#5653 = CARTESIAN_POINT ( 'NONE',  ( 41.74999999999992895, 27.36039051652360854, -2.361632442978588209 ) ) ;
#5654 = DIRECTION ( 'NONE',  ( 0.000000000000000000, 0.000000000000000000, 1.000000000000000000 ) ) ;
#5655 = DIRECTION ( 'NONE',  ( 0.7071067811865474617, 0.000000000000000000, 0.7071067811865476838 ) ) ;
#5656 = AXIS2_PLACEMENT_3D ( 'NONE', #3871, #11028, #7529 ) ;
#5657 = DIRECTION ( 'NONE',  ( 0.000000000000000000, 0.000000000000000000, 1.000000000000000000 ) ) ;
#5658 = ORIENTED_EDGE ( 'NONE', *, *, #3672, .T. ) ;
#5659 = ORIENTED_EDGE ( 'NONE', *, *, #8596, .F. ) ;
#5660 = CIRCLE ( 'NONE', #7127, 1.000000000000000888 ) ;
#5661 = LINE ( 'NONE', #392, #5375 ) ;
#5662 = DIRECTION ( 'NONE',  ( 8.326672684688672475E-15, 0.000000000000000000, -1.000000000000000000 ) ) ;
#5663 = CYLINDRICAL_SURFACE ( 'NONE', #3744, 27.33493649053890096 ) ;
#5664 = CARTESIAN_POINT ( 'NONE',  ( -23.82411951180011300, 19.49999999999999645, 27.41116186243831621 ) ) ;
#5665 = CARTESIAN_POINT ( 'NONE',  ( 22.98331580928430640, 17.49999999999999645, -27.95250199011703174 ) ) ;
#5666 = DIRECTION ( 'NONE',  ( 0.000000000000000000, 0.000000000000000000, 1.000000000000000000 ) ) ;
#5667 = EDGE_CURVE ( 'NONE', #287, #2847, #6351, .T. ) ;
#5668 = CYLINDRICAL_SURFACE ( 'NONE', #4233, 4.999999999999997335 ) ;
#5669 = CARTESIAN_POINT ( 'NONE',  ( 10.11975178147346277, 2.617681020863021679, 14.75000000000000178 ) ) ;
#5670 = ORIENTED_EDGE ( 'NONE', *, *, #10251, .T. ) ;
#5671 = ORIENTED_EDGE ( 'NONE', *, *, #9515, .F. ) ;
#5672 = EDGE_CURVE ( 'NONE', #4006, #3408, #3249, .T. ) ;
#5673 = ORIENTED_EDGE ( 'NONE', *, *, #6644, .F. ) ;
#5674 = ORIENTED_EDGE ( 'NONE', *, *, #9791, .F. ) ;
#5675 = DIRECTION ( 'NONE',  ( -0.7071067811865473507, 0.000000000000000000, -0.7071067811865477948 ) ) ;
#5676 = DIRECTION ( 'NONE',  ( 0.000000000000000000, 0.000000000000000000, 1.000000000000000000 ) ) ;
#5677 = ORIENTED_EDGE ( 'NONE', *, *, #8122, .F. ) ;
#5678 = DIRECTION ( 'NONE',  ( 0.000000000000000000, 1.000000000000000000, 0.000000000000000000 ) ) ;
#5679 = DIRECTION ( 'NONE',  ( -0.000000000000000000, -1.000000000000000000, 0.000000000000000000 ) ) ;
#5680 = ORIENTED_EDGE ( 'NONE', *, *, #4098, .F. ) ;
#5681 = EDGE_CURVE ( 'NONE', #3482, #1189, #9274, .T. ) ;
#5682 = ORIENTED_EDGE ( 'NONE', *, *, #9791, .T. ) ;
#5683 = EDGE_LOOP ( 'NONE', ( #2738, #6148, #11091, #8771, #4224, #3240 ) ) ;
#5684 = VECTOR ( 'NONE', #1550, 1000.000000000000000 ) ;
#5685 = EDGE_CURVE ( 'NONE', #19, #5469, #4341, .T. ) ;
#5686 = CARTESIAN_POINT ( 'NONE',  ( 1.000000000000900835, 17.49999999999999645, 85.49999999999998579 ) ) ;
#5687 = CARTESIAN_POINT ( 'NONE',  ( -42.74999999999999289, 0.000000000000000000, 7.853047599532400842E-15 ) ) ;
#5688 = FACE_OUTER_BOUND ( 'NONE', #6505, .T. ) ;
#5689 = VERTEX_POINT ( 'NONE', #1063 ) ;
#5690 = EDGE_CURVE ( 'NONE', #8967, #3939, #3644, .T. ) ;
#5691 = EDGE_LOOP ( 'NONE', ( #10927, #8160, #6263, #7802 ) ) ;
#5692 = DIRECTION ( 'NONE',  ( -0.000000000000000000, -1.000000000000000000, -0.000000000000000000 ) ) ;
#5693 = CARTESIAN_POINT ( 'NONE',  ( -14.74999999999999822, 2.616792734330353642, -10.11674757797266899 ) ) ;
#5694 = ORIENTED_EDGE ( 'NONE', *, *, #11105, .F. ) ;
#5695 = ORIENTED_EDGE ( 'NONE', *, *, #721, .F. ) ;
#5696 = EDGE_CURVE ( 'NONE', #2059, #5117, #10744, .T. ) ;
#5697 = EDGE_CURVE ( 'NONE', #6792, #10307, #2709, .T. ) ;
#5698 = AXIS2_PLACEMENT_3D ( 'NONE', #7388, #8248, #2122 ) ;
#5699 = LINE ( 'NONE', #375, #9217 ) ;
#5700 = LINE ( 'NONE', #5589, #7748 ) ;
#5701 = PLANE ( 'NONE',  #6168 ) ;
#5702 = AXIS2_PLACEMENT_3D ( 'NONE', #4349, #7845, #167 ) ;
#5703 = CARTESIAN_POINT ( 'NONE',  ( -26.18460386900040859, 47.49999999999998579, 26.18460386900039438 ) ) ;
#5704 = ORIENTED_EDGE ( 'NONE', *, *, #9534, .F. ) ;
#5705 = VERTEX_POINT ( 'NONE', #2734 ) ;
#5706 = CARTESIAN_POINT ( 'NONE',  ( -41.09999999999999432, 0.000000000000000000, 2.857883832488643083 ) ) ;
#5707 = CARTESIAN_POINT ( 'NONE',  ( 14.75000000000000000, 2.500000000000000000, -10.51393202250020664 ) ) ;
#5708 = CARTESIAN_POINT ( 'NONE',  ( 0.000000000000000000, 17.49999999999999645, 0.000000000000000000 ) ) ;
#5709 = ORIENTED_EDGE ( 'NONE', *, *, #4830, .T. ) ;
#5710 = DIRECTION ( 'NONE',  ( 0.000000000000000000, 1.000000000000000000, -0.000000000000000000 ) ) ;
#5711 = EDGE_CURVE ( 'NONE', #1855, #4125, #7238, .T. ) ;
#5712 = AXIS2_PLACEMENT_3D ( 'NONE', #9743, #4479, #8778 ) ;
#5713 = EDGE_CURVE ( 'NONE', #10952, #123, #7263, .T. ) ;
#5714 = ORIENTED_EDGE ( 'NONE', *, *, #7786, .T. ) ;
#5715 = ORIENTED_EDGE ( 'NONE', *, *, #5476, .F. ) ;
#5716 = CYLINDRICAL_SURFACE ( 'NONE', #8837, 4.999999999999997335 ) ;
#5717 = CARTESIAN_POINT ( 'NONE',  ( 0.000000000000000000, 2.500000000000000000, -42.74999999999999289 ) ) ;
#5718 = FACE_OUTER_BOUND ( 'NONE', #6777, .T. ) ;
#5719 = DIRECTION ( 'NONE',  ( -0.000000000000000000, -1.000000000000000000, -0.000000000000000000 ) ) ;
#5720 = CYLINDRICAL_SURFACE ( 'NONE', #10937, 25.00000000000000355 ) ;
#5721 = AXIS2_PLACEMENT_3D ( 'NONE', #10337, #5990, #3243 ) ;
#5722 = CARTESIAN_POINT ( 'NONE',  ( -3.471804156801020724, 24.95324863549492633, -43.74999999999992895 ) ) ;
#5723 = VECTOR ( 'NONE', #8869, 1000.000000000000000 ) ;
#5724 = DIRECTION ( 'NONE',  ( -5.663872149064275163E-15, -1.804112415015879378E-15, -1.000000000000000000 ) ) ;
#5725 = CARTESIAN_POINT ( 'NONE',  ( -2.168404344971008868E-15, 17.49999999999999645, -1.000000000000000000 ) ) ;
#5726 = ORIENTED_EDGE ( 'NONE', *, *, #10253, .F. ) ;
#5727 = EDGE_CURVE ( 'NONE', #8205, #10815, #5260, .T. ) ;
#5728 = CIRCLE ( 'NONE', #4459, 1.000000000000000888 ) ;
#5729 = VECTOR ( 'NONE', #8071, 1000.000000000000000 ) ;
#5730 = ORIENTED_EDGE ( 'NONE', *, *, #5873, .T. ) ;
#5731 = ORIENTED_EDGE ( 'NONE', *, *, #7219, .T. ) ;
#5732 = ADVANCED_FACE ( 'NONE', ( #6382 ), #10571, .T. ) ;
#5733 = LINE ( 'NONE', #7565, #2436 ) ;
#5734 = DIRECTION ( 'NONE',  ( 0.000000000000000000, 1.000000000000000000, 0.000000000000000000 ) ) ;
#5735 = EDGE_LOOP ( 'NONE', ( #4951, #8441, #3861, #8863 ) ) ;
#5736 = DIRECTION ( 'NONE',  ( 0.7071067811865473507, 0.000000000000000000, 0.7071067811865477948 ) ) ;
#5737 = CARTESIAN_POINT ( 'NONE',  ( -42.74999999999954525, 17.49999999999999645, 41.75000000000000000 ) ) ;
#5738 = AXIS2_PLACEMENT_3D ( 'NONE', #6103, #2440, #5073 ) ;
#5739 = EDGE_CURVE ( 'NONE', #9229, #11018, #4704, .T. ) ;
#5740 = VERTEX_POINT ( 'NONE', #9873 ) ;
#5741 = AXIS2_PLACEMENT_3D ( 'NONE', #6619, #4048, #4910 ) ;
#5742 = ORIENTED_EDGE ( 'NONE', *, *, #8944, .F. ) ;
#5743 = ORIENTED_EDGE ( 'NONE', *, *, #8557, .F. ) ;
#5744 = ORIENTED_EDGE ( 'NONE', *, *, #3072, .F. ) ;
#5745 = CIRCLE ( 'NONE', #5024, 25.00000000000000355 ) ;
#5746 = VECTOR ( 'NONE', #2044, 1000.000000000000000 ) ;
#5747 = CARTESIAN_POINT ( 'NONE',  ( 43.75000000000013500, 17.49999999999999645, -27.33493649053889740 ) ) ;
#5748 = DIRECTION ( 'NONE',  ( 4.814558332715257054E-15, -1.972152263052529514E-31, -1.000000000000000000 ) ) ;
#5749 = LINE ( 'NONE', #7468, #10748 ) ;
#5750 = EDGE_LOOP ( 'NONE', ( #7976, #11040, #8193, #2030 ) ) ;
#5751 = ORIENTED_EDGE ( 'NONE', *, *, #3944, .T. ) ;
#5752 = CARTESIAN_POINT ( 'NONE',  ( 41.75000000000014211, -7.292596028743525438E-60, -42.74999999999999289 ) ) ;
#5753 = CARTESIAN_POINT ( 'NONE',  ( 10.60660171779821859, 2.500000000000000000, 10.60660171779821503 ) ) ;
#5754 = ORIENTED_EDGE ( 'NONE', *, *, #10824, .F. ) ;
#5755 = ORIENTED_EDGE ( 'NONE', *, *, #10696, .T. ) ;
#5756 = VECTOR ( 'NONE', #2296, 1000.000000000000000 ) ;
#5757 = AXIS2_PLACEMENT_3D ( 'NONE', #1013, #7887, #35 ) ;
#5758 = EDGE_CURVE ( 'NONE', #6227, #2090, #1976, .T. ) ;
#5759 = DIRECTION ( 'NONE',  ( 0.000000000000000000, -1.000000000000000000, 0.000000000000000000 ) ) ;
#5760 = CARTESIAN_POINT ( 'NONE',  ( -2.857883832488646192, 0.000000000000000000, -41.09999999999999432 ) ) ;
#5761 = EDGE_CURVE ( 'NONE', #8548, #4970, #5077, .T. ) ;
#5762 = AXIS2_PLACEMENT_3D ( 'NONE', #5604, #6355, #6240 ) ;
#5763 = DIRECTION ( 'NONE',  ( -0.000000000000000000, -1.000000000000000000, -0.000000000000000000 ) ) ;
#5764 = DIRECTION ( 'NONE',  ( 0.000000000000000000, 1.000000000000000000, -0.000000000000000000 ) ) ;
#5765 = ORIENTED_EDGE ( 'NONE', *, *, #10187, .F. ) ;
#5766 = ORIENTED_EDGE ( 'NONE', *, *, #3431, .F. ) ;
#5767 = DIRECTION ( 'NONE',  ( 0.7071067811865474617, 0.000000000000000000, 0.7071067811865476838 ) ) ;
#5768 = CARTESIAN_POINT ( 'NONE',  ( 11.37366758490532703, 2.658948054506819147, -9.839535850691088825 ) ) ;
#5769 = DIRECTION ( 'NONE',  ( 0.000000000000000000, 0.000000000000000000, 1.000000000000000000 ) ) ;
#5770 = ORIENTED_EDGE ( 'NONE', *, *, #2010, .F. ) ;
#5771 = DIRECTION ( 'NONE',  ( 1.000000000000000000, 0.000000000000000000, -2.168404344971009657E-15 ) ) ;
#5772 = CIRCLE ( 'NONE', #7044, 25.00000000000000355 ) ;
#5773 = ORIENTED_EDGE ( 'NONE', *, *, #2612, .F. ) ;
#5774 = ORIENTED_EDGE ( 'NONE', *, *, #4195, .F. ) ;
#5775 = CARTESIAN_POINT ( 'NONE',  ( -68.08493649053889385, 17.49999999999999645, 1.000000000000147660 ) ) ;
#5776 = EDGE_CURVE ( 'NONE', #1999, #7335, #7635, .T. ) ;
#5777 = DIRECTION ( 'NONE',  ( 0.000000000000000000, 0.000000000000000000, 1.000000000000000000 ) ) ;
#5778 = FACE_OUTER_BOUND ( 'NONE', #1453, .T. ) ;
#5779 = DIRECTION ( 'NONE',  ( -5.659885683814143012E-15, 0.000000000000000000, -1.000000000000000000 ) ) ;
#5780 = DIRECTION ( 'NONE',  ( -1.387778780781445281E-15, 0.000000000000000000, 1.000000000000000000 ) ) ;
#5781 = VECTOR ( 'NONE', #4119, 1000.000000000000000 ) ;
#5782 = DIRECTION ( 'NONE',  ( -1.000000000000000000, 0.000000000000000000, 1.040773042068946910E-14 ) ) ;
#5783 = EDGE_LOOP ( 'NONE', ( #11195, #373, #9465, #7444, #2041, #4725, #8317 ) ) ;
#5784 = LINE ( 'NONE', #1439, #1121 ) ;
#5785 = VERTEX_POINT ( 'NONE', #1114 ) ;
#5786 = AXIS2_PLACEMENT_3D ( 'NONE', #4560, #34, #8738 ) ;
#5787 = ORIENTED_EDGE ( 'NONE', *, *, #8884, .T. ) ;
#5788 = ORIENTED_EDGE ( 'NONE', *, *, #3795, .T. ) ;
#5789 = DIRECTION ( 'NONE',  ( -8.306039671558391198E-15, 0.000000000000000000, 1.000000000000000000 ) ) ;
#5790 = CARTESIAN_POINT ( 'NONE',  ( 13.45668180764254807, 2.500000000000002220, -13.45668180764252853 ) ) ;
#5791 = FACE_OUTER_BOUND ( 'NONE', #872, .T. ) ;
#5792 = VERTEX_POINT ( 'NONE', #7297 ) ;
#5793 = EDGE_CURVE ( 'NONE', #9484, #10394, #4160, .T. ) ;
#5794 = DIRECTION ( 'NONE',  ( 0.000000000000000000, 1.000000000000000000, 0.000000000000000000 ) ) ;
#5795 = DIRECTION ( 'NONE',  ( -2.168404344971009657E-15, 1.972152263052529514E-31, -1.000000000000000000 ) ) ;
#5796 = VECTOR ( 'NONE', #8664, 1000.000000000000000 ) ;
#5797 = ORIENTED_EDGE ( 'NONE', *, *, #797, .F. ) ;
#5798 = EDGE_LOOP ( 'NONE', ( #784, #2882, #7574, #7519, #5273, #4069 ) ) ;
#5799 = EDGE_CURVE ( 'NONE', #10394, #9484, #2153, .T. ) ;
#5800 = ORIENTED_EDGE ( 'NONE', *, *, #10500, .F. ) ;
#5801 = EDGE_LOOP ( 'NONE', ( #5169, #8220, #2965, #9900 ) ) ;
#5802 = AXIS2_PLACEMENT_3D ( 'NONE', #2891, #8098, #8841 ) ;
#5803 = VECTOR ( 'NONE', #9343, 1000.000000000000000 ) ;
#5804 = EDGE_CURVE ( 'NONE', #4114, #8940, #5576, .T. ) ;
#5805 = EDGE_CURVE ( 'NONE', #1902, #4790, #1979, .T. ) ;
#5806 = DIRECTION ( 'NONE',  ( 0.000000000000000000, 1.000000000000000000, -0.000000000000000000 ) ) ;
#5807 = AXIS2_PLACEMENT_3D ( 'NONE', #3235, #534, #4037 ) ;
#5808 = CARTESIAN_POINT ( 'NONE',  ( 2.857883832488646192, 2.500000000000000000, -41.09999999999999432 ) ) ;
#5809 = PLANE ( 'NONE',  #10922 ) ;
#5810 = ORIENTED_EDGE ( 'NONE', *, *, #10127, .T. ) ;
#5811 = ORIENTED_EDGE ( 'NONE', *, *, #5446, .T. ) ;
#5812 = CARTESIAN_POINT ( 'NONE',  ( -85.49999999999998579, 17.49999999999999645, 1.000000000000005329 ) ) ;
#5813 = CARTESIAN_POINT ( 'NONE',  ( -17.41506350946108839, 17.49999999999999645, 0.9999999999998575584 ) ) ;
#5814 = ORIENTED_EDGE ( 'NONE', *, *, #10127, .F. ) ;
#5815 = EDGE_LOOP ( 'NONE', ( #6506, #7369, #6278, #2596, #9204, #131, #4255, #3489, #2661, #2434, #1530, #5615, #6376, #5644, #2765, #3911, #11323 ) ) ;
#5816 = VECTOR ( 'NONE', #3925, 999.9999999999998863 ) ;
#5817 = AXIS2_PLACEMENT_3D ( 'NONE', #10411, #7889, #9602 ) ;
#5818 = EDGE_CURVE ( 'NONE', #9934, #11049, #2204, .T. ) ;
#5819 = CARTESIAN_POINT ( 'NONE',  ( -27.41116186243804265, 19.49999999999999645, 23.82411951180038656 ) ) ;
#5820 = DIRECTION ( 'NONE',  ( -1.000000000000000000, 0.000000000000000000, 3.980570833268212630E-15 ) ) ;
#5821 = AXIS2_PLACEMENT_3D ( 'NONE', #10086, #4817, #4766 ) ;
#5822 = EDGE_CURVE ( 'NONE', #10883, #1289, #1613, .T. ) ;
#5823 = CARTESIAN_POINT ( 'NONE',  ( 4.898979485566374414, 0.000000000000000000, -41.75000000000009237 ) ) ;
#5824 = CARTESIAN_POINT ( 'NONE',  ( 0.000000000000000000, 2.500000000000000000, 14.75000000000000000 ) ) ;
#5825 = VERTEX_POINT ( 'NONE', #2320 ) ;
#5826 = ORIENTED_EDGE ( 'NONE', *, *, #5061, .T. ) ;
#5827 = LINE ( 'NONE', #8510, #1817 ) ;
#5828 = DIRECTION ( 'NONE',  ( -0.000000000000000000, -1.000000000000000000, 0.000000000000000000 ) ) ;
#5829 = PLANE ( 'NONE',  #10034 ) ;
#5830 = ORIENTED_EDGE ( 'NONE', *, *, #2028, .T. ) ;
#5831 = LINE ( 'NONE', #4434, #7533 ) ;
#5832 = AXIS2_PLACEMENT_3D ( 'NONE', #5937, #5249, #7885 ) ;
#5833 = EDGE_CURVE ( 'NONE', #8940, #7301, #9472, .T. ) ;
#5834 = VECTOR ( 'NONE', #8847, 1000.000000000000000 ) ;
#5835 = ORIENTED_EDGE ( 'NONE', *, *, #5112, .T. ) ;
#5836 = ORIENTED_EDGE ( 'NONE', *, *, #4716, .F. ) ;
#5837 = CARTESIAN_POINT ( 'NONE',  ( -11.22154409764475780, 2.690603419461960133, 9.991659337951681152 ) ) ;
#5838 = CARTESIAN_POINT ( 'NONE',  ( -12.75000000000000000, 2.500000000000000000, -13.74999999999999822 ) ) ;
#5839 = DIRECTION ( 'NONE',  ( -0.000000000000000000, -1.000000000000000000, -0.000000000000000000 ) ) ;
#5840 = CARTESIAN_POINT ( 'NONE',  ( 1.000000000000000000, 17.49999999999999645, -5.659885683814142223E-15 ) ) ;
#5841 = EDGE_CURVE ( 'NONE', #10095, #10979, #4534, .T. ) ;
#5842 = VECTOR ( 'NONE', #726, 1000.000000000000000 ) ;
#5843 = CYLINDRICAL_SURFACE ( 'NONE', #6499, 3.000000000000000888 ) ;
#5844 = CARTESIAN_POINT ( 'NONE',  ( 15.21413057346448205, 2.500000000000000000, 9.628165229955161664 ) ) ;
#5845 = EDGE_LOOP ( 'NONE', ( #1404, #1631, #6389, #4763, #2708, #314, #6962 ) ) ;
#5846 = AXIS2_PLACEMENT_3D ( 'NONE', #5844, #7675, #622 ) ;
#5847 = DIRECTION ( 'NONE',  ( -1.000000000000000000, 0.000000000000000000, -4.814558332715257054E-15 ) ) ;
#5848 = VERTEX_POINT ( 'NONE', #4772 ) ;
#5849 = EDGE_CURVE ( 'NONE', #1905, #5867, #2887, .T. ) ;
#5850 = EDGE_CURVE ( 'NONE', #4917, #8821, #9233, .T. ) ;
#5851 = ORIENTED_EDGE ( 'NONE', *, *, #4264, .F. ) ;
#5852 = VERTEX_POINT ( 'NONE', #2947 ) ;
#5853 = DIRECTION ( 'NONE',  ( 0.000000000000000000, 1.000000000000000000, 0.000000000000000000 ) ) ;
#5854 = DIRECTION ( 'NONE',  ( -2.168404344971008868E-15, 0.000000000000000000, -1.000000000000000000 ) ) ;
#5855 = DIRECTION ( 'NONE',  ( -4.814558332715257843E-15, 0.000000000000000000, 1.000000000000000000 ) ) ;
#5856 = ORIENTED_EDGE ( 'NONE', *, *, #10634, .T. ) ;
#5857 = AXIS2_PLACEMENT_3D ( 'NONE', #4080, #6651, #1220 ) ;
#5858 = DIRECTION ( 'NONE',  ( 0.000000000000000000, 1.000000000000000000, 0.000000000000000000 ) ) ;
#5859 = DIRECTION ( 'NONE',  ( 0.000000000000000000, 0.000000000000000000, 1.000000000000000000 ) ) ;
#5860 = ORIENTED_EDGE ( 'NONE', *, *, #627, .T. ) ;
#5861 = ORIENTED_EDGE ( 'NONE', *, *, #6784, .T. ) ;
#5862 = ORIENTED_EDGE ( 'NONE', *, *, #2764, .F. ) ;
#5863 = EDGE_CURVE ( 'NONE', #4776, #2956, #8553, .T. ) ;
#5864 = LINE ( 'NONE', #5170, #4983 ) ;
#5865 = CYLINDRICAL_SURFACE ( 'NONE', #4350, 0.7500000000000006661 ) ;
#5866 = DIRECTION ( 'NONE',  ( -1.387778780781445478E-15, 0.000000000000000000, 1.000000000000000000 ) ) ;
#5867 = VERTEX_POINT ( 'NONE', #7525 ) ;
#5868 = VERTEX_POINT ( 'NONE', #10912 ) ;
#5869 = DIRECTION ( 'NONE',  ( 0.000000000000000000, 0.000000000000000000, -1.000000000000000000 ) ) ;
#5870 = DIRECTION ( 'NONE',  ( 1.734723475976806306E-15, 0.000000000000000000, 1.000000000000000000 ) ) ;
#5871 = ORIENTED_EDGE ( 'NONE', *, *, #1444, .F. ) ;
#5872 = ORIENTED_EDGE ( 'NONE', *, *, #2915, .T. ) ;
#5873 = EDGE_CURVE ( 'NONE', #11076, #5513, #8918, .T. ) ;
#5874 = FACE_OUTER_BOUND ( 'NONE', #10323, .T. ) ;
#5875 = CARTESIAN_POINT ( 'NONE',  ( -12.74999999999999645, 4.500000000000000888, 12.75000000000000000 ) ) ;
#5876 = LINE ( 'NONE', #9313, #8025 ) ;
#5877 = CARTESIAN_POINT ( 'NONE',  ( 12.75000000000000000, 4.500000000000000888, -12.75000000000000000 ) ) ;
#5878 = EDGE_LOOP ( 'NONE', ( #7527, #5348, #10766, #3994 ) ) ;
#5879 = VERTEX_POINT ( 'NONE', #3061 ) ;
#5880 = PLANE ( 'NONE',  #6203 ) ;
#5881 = FACE_OUTER_BOUND ( 'NONE', #7846, .T. ) ;
#5882 = DIRECTION ( 'NONE',  ( 0.000000000000000000, 1.000000000000000000, 0.000000000000000000 ) ) ;
#5883 = ORIENTED_EDGE ( 'NONE', *, *, #9346, .F. ) ;
#5884 = EDGE_CURVE ( 'NONE', #9596, #191, #11024, .T. ) ;
#5885 = ADVANCED_FACE ( 'NONE', ( #6435 ), #476, .T. ) ;
#5886 = VECTOR ( 'NONE', #7004, 1000.000000000000000 ) ;
#5887 = VERTEX_POINT ( 'NONE', #1398 ) ;
#5888 = ORIENTED_EDGE ( 'NONE', *, *, #4222, .F. ) ;
#5889 = DIRECTION ( 'NONE',  ( -0.000000000000000000, -1.000000000000000000, 0.000000000000000000 ) ) ;
#5890 = DIRECTION ( 'NONE',  ( 0.000000000000000000, 0.000000000000000000, 1.000000000000000000 ) ) ;
#5891 = EDGE_CURVE ( 'NONE', #11217, #7605, #9925, .T. ) ;
#5892 = DIRECTION ( 'NONE',  ( 0.000000000000000000, 1.000000000000000000, 0.000000000000000000 ) ) ;
#5893 = DIRECTION ( 'NONE',  ( 0.000000000000000000, 0.000000000000000000, 1.000000000000000000 ) ) ;
#5894 = DIRECTION ( 'NONE',  ( 0.000000000000000000, 0.000000000000000000, 1.000000000000000000 ) ) ;
#5895 = CARTESIAN_POINT ( 'NONE',  ( -2.828427124746190291, 0.000000000000000000, -2.828427124746192511 ) ) ;
#5896 = CARTESIAN_POINT ( 'NONE',  ( 23.75650936579272354, 2.500000000000000000, 2.500000000000030642 ) ) ;
#5897 = CIRCLE ( 'NONE', #42, 27.33493649053890096 ) ;
#5898 = EDGE_CURVE ( 'NONE', #1358, #6407, #4891, .T. ) ;
#5899 = EDGE_CURVE ( 'NONE', #7153, #7056, #9281, .T. ) ;
#5900 = ORIENTED_EDGE ( 'NONE', *, *, #8335, .F. ) ;
#5901 = EDGE_CURVE ( 'NONE', #7323, #3785, #10854, .T. ) ;
#5902 = ORIENTED_EDGE ( 'NONE', *, *, #6390, .T. ) ;
#5903 = LINE ( 'NONE', #9921, #1334 ) ;
#5904 = AXIS2_PLACEMENT_3D ( 'NONE', #9913, #10960, #10901 ) ;
#5905 = DIRECTION ( 'NONE',  ( 0.000000000000000000, 1.000000000000000000, 0.000000000000000000 ) ) ;
#5906 = EDGE_CURVE ( 'NONE', #10178, #7872, #7646, .T. ) ;
#5907 = LINE ( 'NONE', #1557, #6377 ) ;
#5908 = ORIENTED_EDGE ( 'NONE', *, *, #9047, .T. ) ;
#5909 = EDGE_CURVE ( 'NONE', #5867, #6725, #3464, .T. ) ;
#5910 = FACE_OUTER_BOUND ( 'NONE', #4797, .T. ) ;
#5911 = DIRECTION ( 'NONE',  ( 0.000000000000000000, 0.000000000000000000, 1.000000000000000000 ) ) ;
#5912 = VERTEX_POINT ( 'NONE', #6830 ) ;
#5913 = CIRCLE ( 'NONE', #5177, 25.35466440282023370 ) ;
#5914 = VECTOR ( 'NONE', #4635, 1000.000000000000000 ) ;
#5915 = ORIENTED_EDGE ( 'NONE', *, *, #4508, .T. ) ;
#5916 = ORIENTED_EDGE ( 'NONE', *, *, #2869, .F. ) ;
#5917 = DIRECTION ( 'NONE',  ( 0.000000000000000000, 1.000000000000000000, 0.000000000000000000 ) ) ;
#5918 = VECTOR ( 'NONE', #10543, 999.9999999999998863 ) ;
#5919 = EDGE_CURVE ( 'NONE', #5567, #10096, #9091, .T. ) ;
#5920 = CARTESIAN_POINT ( 'NONE',  ( -14.74999999999999822, 2.525630649018185458, 9.710310837439525500 ) ) ;
#5921 = AXIS2_PLACEMENT_3D ( 'NONE', #5481, #267, #5425 ) ;
#5922 = CARTESIAN_POINT ( 'NONE',  ( 23.82411951180029419, 17.49999999999999645, -27.41116186243813146 ) ) ;
#5923 = ORIENTED_EDGE ( 'NONE', *, *, #5570, .F. ) ;
#5924 = ORIENTED_EDGE ( 'NONE', *, *, #6335, .F. ) ;
#5925 = PLANE ( 'NONE',  #9320 ) ;
#5926 = CARTESIAN_POINT ( 'NONE',  ( -12.75000000000000000, 2.500000000000000000, -12.75000000000000000 ) ) ;
#5927 = ORIENTED_EDGE ( 'NONE', *, *, #1181, .T. ) ;
#5928 = EDGE_LOOP ( 'NONE', ( #5900, #11063, #1237, #9910 ) ) ;
#5929 = AXIS2_PLACEMENT_3D ( 'NONE', #1411, #376, #7419 ) ;
#5930 = CIRCLE ( 'NONE', #3188, 25.00000000000000355 ) ;
#5931 = DIRECTION ( 'NONE',  ( 0.000000000000000000, 1.000000000000000000, -0.000000000000000000 ) ) ;
#5932 = DIRECTION ( 'NONE',  ( 0.000000000000000000, 1.000000000000000000, -0.000000000000000000 ) ) ;
#5933 = DIRECTION ( 'NONE',  ( -0.000000000000000000, 1.000000000000000000, -0.000000000000000000 ) ) ;
#5934 = LINE ( 'NONE', #7819, #10362 ) ;
#5935 = VERTEX_POINT ( 'NONE', #9463 ) ;
#5936 = ORIENTED_EDGE ( 'NONE', *, *, #8090, .T. ) ;
#5937 = CARTESIAN_POINT ( 'NONE',  ( -41.09999999999999432, 2.500000000000000000, 2.857883832488643083 ) ) ;
#5938 = PLANE ( 'NONE',  #2865 ) ;
#5939 = AXIS2_PLACEMENT_3D ( 'NONE', #7524, #9983, #9061 ) ;
#5940 = CARTESIAN_POINT ( 'NONE',  ( 16.04594491874827611, 0.7898818883216689457, -19.63298726938610628 ) ) ;
#5941 = ORIENTED_EDGE ( 'NONE', *, *, #1196, .T. ) ;
#5942 = CARTESIAN_POINT ( 'NONE',  ( -43.75000000000011369, 17.49999999999999645, 25.33493649053889740 ) ) ;
#5943 = ADVANCED_FACE ( 'NONE', ( #879 ), #5865, .F. ) ;
#5944 = EDGE_CURVE ( 'NONE', #6948, #10618, #2599, .T. ) ;
#5945 = VECTOR ( 'NONE', #10651, 1000.000000000000000 ) ;
#5946 = ORIENTED_EDGE ( 'NONE', *, *, #8263, .F. ) ;
#5947 = EDGE_CURVE ( 'NONE', #8592, #9575, #647, .T. ) ;
#5948 = CARTESIAN_POINT ( 'NONE',  ( 42.74999999999999289, 0.000000000000000000, -2.617682533177465764E-15 ) ) ;
#5949 = EDGE_CURVE ( 'NONE', #7695, #6705, #7692, .T. ) ;
#5950 = CARTESIAN_POINT ( 'NONE',  ( -42.74999999999999289, 17.49999999999999645, 2.617682533177465764E-15 ) ) ;
#5951 = ADVANCED_FACE ( 'NONE', ( #9351 ), #11249, .T. ) ;
#5952 = FACE_OUTER_BOUND ( 'NONE', #11022, .T. ) ;
#5953 = LINE ( 'NONE', #4066, #2988 ) ;
#5954 = CARTESIAN_POINT ( 'NONE',  ( 4.898979485566380632, 0.000000000000000000, 43.74999999999990052 ) ) ;
#5955 = LINE ( 'NONE', #9380, #1821 ) ;
#5956 = DIRECTION ( 'NONE',  ( 1.000000000000000000, -1.972152263052529514E-31, -5.659885683814143012E-15 ) ) ;
#5957 = VECTOR ( 'NONE', #54, 1000.000000000000000 ) ;
#5958 = EDGE_LOOP ( 'NONE', ( #7463, #6060, #4475 ) ) ;
#5959 = ORIENTED_EDGE ( 'NONE', *, *, #4699, .F. ) ;
#5960 = DIRECTION ( 'NONE',  ( -0.000000000000000000, -1.000000000000000000, -0.000000000000000000 ) ) ;
#5961 = AXIS2_PLACEMENT_3D ( 'NONE', #7487, #7259, #10875 ) ;
#5962 = FACE_OUTER_BOUND ( 'NONE', #5008, .T. ) ;
#5963 = DIRECTION ( 'NONE',  ( -9.151367022657275579E-15, -1.972152263052529514E-31, -1.000000000000000000 ) ) ;
#5964 = DIRECTION ( 'NONE',  ( 0.000000000000000000, -0.000000000000000000, 1.000000000000000000 ) ) ;
#5965 = DIRECTION ( 'NONE',  ( 0.7071067811865472397, 0.000000000000000000, 0.7071067811865479058 ) ) ;
#5966 = DIRECTION ( 'NONE',  ( 1.000000000000000000, 0.000000000000000000, -3.557752503352412152E-15 ) ) ;
#5967 = ORIENTED_EDGE ( 'NONE', *, *, #3433, .T. ) ;
#5968 = CARTESIAN_POINT ( 'NONE',  ( 70.08493649053890806, 17.49999999999999645, 0.9999999999998480105 ) ) ;
#5969 = CARTESIAN_POINT ( 'NONE',  ( -5.000000000000155431, 1.361284592032115076E-61, -41.74999999999993605 ) ) ;
#5970 = ORIENTED_EDGE ( 'NONE', *, *, #4830, .F. ) ;
#5971 = AXIS2_PLACEMENT_3D ( 'NONE', #8162, #10860, #5581 ) ;
#5972 = EDGE_CURVE ( 'NONE', #7644, #10938, #4143, .T. ) ;
#5973 = ORIENTED_EDGE ( 'NONE', *, *, #5488, .T. ) ;
#5974 = EDGE_LOOP ( 'NONE', ( #2069, #10832, #5227, #9249 ) ) ;
#5975 = DIRECTION ( 'NONE',  ( -0.7071067811865482389, 0.000000000000000000, 0.7071067811865469066 ) ) ;
#5976 = ADVANCED_FACE ( 'NONE', ( #10217 ), #1627, .F. ) ;
#5977 = VECTOR ( 'NONE', #6541, 1000.000000000000000 ) ;
#5978 = CARTESIAN_POINT ( 'NONE',  ( -1.393974221767205173E-14, 0.000000000000000000, -2.500000000000231815 ) ) ;
#5979 = CARTESIAN_POINT ( 'NONE',  ( -42.75000000000014921, 17.49999999999999645, -41.74999999999998579 ) ) ;
#5980 = ORIENTED_EDGE ( 'NONE', *, *, #5447, .F. ) ;
#5981 = VERTEX_POINT ( 'NONE', #2544 ) ;
#5982 = CARTESIAN_POINT ( 'NONE',  ( 3.471804156800717855, 24.95324863549492633, -43.75000000000008527 ) ) ;
#5983 = CARTESIAN_POINT ( 'NONE',  ( -37.75000000000000000, 2.500000000000000000, 0.9999999999999017453 ) ) ;
#5984 = ORIENTED_EDGE ( 'NONE', *, *, #7930, .F. ) ;
#5985 = ORIENTED_EDGE ( 'NONE', *, *, #8950, .F. ) ;
#5986 = EDGE_CURVE ( 'NONE', #5935, #6334, #6035, .T. ) ;
#5987 = AXIS2_PLACEMENT_3D ( 'NONE', #4909, #4845, #10925 ) ;
#5988 = AXIS2_PLACEMENT_3D ( 'NONE', #9630, #6247, #3394 ) ;
#5989 = ADVANCED_FACE ( 'NONE', ( #2380 ), #6090, .T. ) ;
#5990 = DIRECTION ( 'NONE',  ( -2.168404344971008868E-15, 0.000000000000000000, -1.000000000000000000 ) ) ;
#5991 = DIRECTION ( 'NONE',  ( -0.000000000000000000, -1.000000000000000000, -0.000000000000000000 ) ) ;
#5992 = CARTESIAN_POINT ( 'NONE',  ( 41.09999999999999432, -34.48187929913332539, 2.107883832488645304 ) ) ;
#5993 = CARTESIAN_POINT ( 'NONE',  ( -42.75000000000014921, 17.49999999999999645, -41.74999999999998579 ) ) ;
#5994 = ORIENTED_EDGE ( 'NONE', *, *, #8836, .T. ) ;
#5995 = AXIS2_PLACEMENT_3D ( 'NONE', #198, #1171, #83 ) ;
#5996 = ORIENTED_EDGE ( 'NONE', *, *, #10308, .F. ) ;
#5997 = CARTESIAN_POINT ( 'NONE',  ( -3.471804156801020724, 24.95324863549492633, -43.74999999999992895 ) ) ;
#5998 = FACE_OUTER_BOUND ( 'NONE', #4411, .T. ) ;
#5999 = AXIS2_PLACEMENT_3D ( 'NONE', #10776, #9852, #1099 ) ;
#6000 = FACE_OUTER_BOUND ( 'NONE', #6416, .T. ) ;
#6001 = ORIENTED_EDGE ( 'NONE', *, *, #2729, .T. ) ;
#6002 = CARTESIAN_POINT ( 'NONE',  ( 42.74999999999985079, 17.49999999999999645, -43.74999999999970868 ) ) ;
#6003 = AXIS2_PLACEMENT_3D ( 'NONE', #8266, #3004, #1462 ) ;
#6004 = AXIS2_PLACEMENT_3D ( 'NONE', #4688, #8184, #9788 ) ;
#6005 = VECTOR ( 'NONE', #2858, 1000.000000000000000 ) ;
#6006 = ORIENTED_EDGE ( 'NONE', *, *, #3948, .T. ) ;
#6007 = VECTOR ( 'NONE', #1264, 1000.000000000000000 ) ;
#6008 = FACE_OUTER_BOUND ( 'NONE', #256, .T. ) ;
#6009 = FACE_OUTER_BOUND ( 'NONE', #7830, .T. ) ;
#6010 = CARTESIAN_POINT ( 'NONE',  ( -42.74999999999999289, 17.49999999999999645, 25.35466440282023726 ) ) ;
#6011 = LINE ( 'NONE', #9497, #9208 ) ;
#6012 = CARTESIAN_POINT ( 'NONE',  ( 14.75000000000000000, 2.500000000000000000, 9.285898384862242949 ) ) ;
#6013 = DIRECTION ( 'NONE',  ( 0.000000000000000000, 1.000000000000000000, -0.000000000000000000 ) ) ;
#6014 = VECTOR ( 'NONE', #8256, 1000.000000000000000 ) ;
#6015 = DIRECTION ( 'NONE',  ( 0.000000000000000000, 1.000000000000000000, 0.000000000000000000 ) ) ;
#6016 = ORIENTED_EDGE ( 'NONE', *, *, #2133, .F. ) ;
#6017 = EDGE_LOOP ( 'NONE', ( #1302, #8149, #3852, #4605 ) ) ;
#6018 = FACE_OUTER_BOUND ( 'NONE', #1293, .T. ) ;
#6019 = CARTESIAN_POINT ( 'NONE',  ( 1.000000000000330402, 27.36039051652360854, 40.38836755702140380 ) ) ;
#6020 = DIRECTION ( 'NONE',  ( -2.168404344971008868E-15, -0.000000000000000000, -1.000000000000000000 ) ) ;
#6021 = AXIS2_PLACEMENT_3D ( 'NONE', #4851, #3999, #3139 ) ;
#6022 = DIRECTION ( 'NONE',  ( 2.168404344971009115E-16, 0.000000000000000000, -1.000000000000000000 ) ) ;
#6023 = CYLINDRICAL_SURFACE ( 'NONE', #8292, 25.00000000000000355 ) ;
#6024 = DIRECTION ( 'NONE',  ( 0.7071067811865473507, 0.000000000000000000, 0.7071067811865477948 ) ) ;
#6025 = ORIENTED_EDGE ( 'NONE', *, *, #8015, .T. ) ;
#6026 = CARTESIAN_POINT ( 'NONE',  ( -15.21413057346447317, 0.000000000000000000, -9.628165229955159887 ) ) ;
#6027 = CARTESIAN_POINT ( 'NONE',  ( 5.000000000000450306, 2.500000000000000000, 43.74999999999990052 ) ) ;
#6028 = ORIENTED_EDGE ( 'NONE', *, *, #2521, .T. ) ;
#6029 = VECTOR ( 'NONE', #2039, 1000.000000000000000 ) ;
#6030 = EDGE_CURVE ( 'NONE', #3166, #8105, #3234, .T. ) ;
#6031 = ORIENTED_EDGE ( 'NONE', *, *, #9894, .F. ) ;
#6032 = ORIENTED_EDGE ( 'NONE', *, *, #2479, .F. ) ;
#6033 = CARTESIAN_POINT ( 'NONE',  ( -8.877416997969516999, 2.500000000000000000, -13.74999999999999822 ) ) ;
#6034 = VECTOR ( 'NONE', #1161, 1000.000000000000000 ) ;
#6035 = LINE ( 'NONE', #5120, #3806 ) ;
#6036 = EDGE_CURVE ( 'NONE', #7891, #6406, #11141, .T. ) ;
#6037 = LINE ( 'NONE', #2429, #685 ) ;
#6038 = VERTEX_POINT ( 'NONE', #5171 ) ;
#6039 = ORIENTED_EDGE ( 'NONE', *, *, #10044, .F. ) ;
#6040 = CARTESIAN_POINT ( 'NONE',  ( -25.33493649053846397, 17.49999999999999645, 41.75000000000031264 ) ) ;
#6041 = CARTESIAN_POINT ( 'NONE',  ( -25.53436883186065742, 47.49999999999998579, 7.856699302196973989 ) ) ;
#6042 = ORIENTED_EDGE ( 'NONE', *, *, #4574, .F. ) ;
#6043 = CARTESIAN_POINT ( 'NONE',  ( 6.506509365792700450, 2.500000000000000000, -14.75000000000000000 ) ) ;
#6044 = ADVANCED_FACE ( 'NONE', ( #2428 ), #3290, .F. ) ;
#6045 = DIRECTION ( 'NONE',  ( 0.000000000000000000, 0.000000000000000000, 1.000000000000000000 ) ) ;
#6046 = EDGE_CURVE ( 'NONE', #4939, #4950, #2717, .T. ) ;
#6047 = LINE ( 'NONE', #10338, #437 ) ;
#6048 = DIRECTION ( 'NONE',  ( -0.7071067811865473507, 0.000000000000000000, -0.7071067811865477948 ) ) ;
#6049 = CARTESIAN_POINT ( 'NONE',  ( 4.504001642398092977E-13, 17.49999999999999645, 42.74999999999999289 ) ) ;
#6050 = ORIENTED_EDGE ( 'NONE', *, *, #2691, .T. ) ;
#6051 = EDGE_CURVE ( 'NONE', #566, #7532, #4907, .T. ) ;
#6052 = ORIENTED_EDGE ( 'NONE', *, *, #9242, .T. ) ;
#6053 = LINE ( 'NONE', #9539, #8210 ) ;
#6054 = DIRECTION ( 'NONE',  ( -0.000000000000000000, -1.000000000000000000, 0.000000000000000000 ) ) ;
#6055 = DIRECTION ( 'NONE',  ( 0.7071067811865481278, 0.000000000000000000, -0.7071067811865470176 ) ) ;
#6056 = ADVANCED_FACE ( 'NONE', ( #7921 ), #7055, .T. ) ;
#6057 = ORIENTED_EDGE ( 'NONE', *, *, #5143, .T. ) ;
#6058 = CYLINDRICAL_SURFACE ( 'NONE', #10204, 0.7500000000000006661 ) ;
#6059 = VERTEX_POINT ( 'NONE', #7171 ) ;
#6060 = ORIENTED_EDGE ( 'NONE', *, *, #7837, .T. ) ;
#6061 = CYLINDRICAL_SURFACE ( 'NONE', #9013, 27.33493649053890096 ) ;
#6062 = PLANE ( 'NONE',  #2141 ) ;
#6063 = LINE ( 'NONE', #5091, #2845 ) ;
#6064 = AXIS2_PLACEMENT_3D ( 'NONE', #2710, #7110, #6246 ) ;
#6065 = DIRECTION ( 'NONE',  ( 5.659885683814143012E-15, 0.000000000000000000, 1.000000000000000000 ) ) ;
#6066 = CARTESIAN_POINT ( 'NONE',  ( 12.75000000000000000, 9.500000000000000000, -12.75000000000000000 ) ) ;
#6067 = FACE_OUTER_BOUND ( 'NONE', #5544, .T. ) ;
#6068 = EDGE_CURVE ( 'NONE', #1635, #10671, #992, .T. ) ;
#6069 = LINE ( 'NONE', #8417, #10820 ) ;
#6070 = EDGE_CURVE ( 'NONE', #1902, #1270, #3738, .T. ) ;
#6071 = AXIS2_PLACEMENT_3D ( 'NONE', #7899, #4515, #11341 ) ;
#6072 = ORIENTED_EDGE ( 'NONE', *, *, #6116, .T. ) ;
#6073 = EDGE_LOOP ( 'NONE', ( #10480, #5593, #2026, #9043, #11138 ) ) ;
#6074 = LINE ( 'NONE', #3383, #10527 ) ;
#6075 = CARTESIAN_POINT ( 'NONE',  ( 23.82411951180066723, 19.49999999999999645, 27.41116186243776554 ) ) ;
#6076 = DIRECTION ( 'NONE',  ( 0.000000000000000000, 1.000000000000000000, 0.000000000000000000 ) ) ;
#6077 = CARTESIAN_POINT ( 'NONE',  ( 14.75000000000000000, 2.500000000000000000, 10.51393202250020487 ) ) ;
#6078 = CARTESIAN_POINT ( 'NONE',  ( 14.75000000000000000, 0.000000000000000000, 10.51393202250020487 ) ) ;
#6079 = LINE ( 'NONE', #4938, #8744 ) ;
#6080 = ORIENTED_EDGE ( 'NONE', *, *, #6036, .T. ) ;
#6081 = CARTESIAN_POINT ( 'NONE',  ( 15.43336124370724782, 17.49999999999999645, 1.000000000000146771 ) ) ;
#6082 = DIRECTION ( 'NONE',  ( 0.000000000000000000, 1.000000000000000000, 0.000000000000000000 ) ) ;
#6083 = ORIENTED_EDGE ( 'NONE', *, *, #9012, .T. ) ;
#6084 = ADVANCED_FACE ( 'NONE', ( #7980 ), #128, .F. ) ;
#6085 = EDGE_CURVE ( 'NONE', #10906, #3573, #6315, .T. ) ;
#6086 = ORIENTED_EDGE ( 'NONE', *, *, #7167, .F. ) ;
#6087 = VERTEX_POINT ( 'NONE', #6146 ) ;
#6088 = DIRECTION ( 'NONE',  ( -1.000000000000000000, 0.000000000000000000, 1.040773042068946910E-14 ) ) ;
#6089 = EDGE_CURVE ( 'NONE', #10522, #10821, #10559, .T. ) ;
#6090 = CYLINDRICAL_SURFACE ( 'NONE', #874, 2.000000000000000000 ) ;
#6091 = DIRECTION ( 'NONE',  ( 0.000000000000000000, 0.000000000000000000, -1.000000000000000000 ) ) ;
#6092 = EDGE_LOOP ( 'NONE', ( #7306, #1842, #752, #2770 ) ) ;
#6093 = EDGE_LOOP ( 'NONE', ( #10183, #4082, #1102, #484 ) ) ;
#6094 = CARTESIAN_POINT ( 'NONE',  ( -4.898979485566341552, 2.500000000000000000, -41.74999999999993605 ) ) ;
#6095 = DIRECTION ( 'NONE',  ( -0.7071067811865479058, 0.000000000000000000, -0.7071067811865472397 ) ) ;
#6096 = VECTOR ( 'NONE', #2366, 1000.000000000000114 ) ;
#6097 = ORIENTED_EDGE ( 'NONE', *, *, #1797, .F. ) ;
#6098 = VECTOR ( 'NONE', #7551, 1000.000000000000000 ) ;
#6099 = CARTESIAN_POINT ( 'NONE',  ( 42.74999999999999289, 19.49999999999999645, -2.617682533177465764E-15 ) ) ;
#6100 = AXIS2_PLACEMENT_3D ( 'NONE', #5948, #10353, #6118 ) ;
#6101 = VECTOR ( 'NONE', #7367, 1000.000000000000000 ) ;
#6102 = DIRECTION ( 'NONE',  ( 0.000000000000000000, 0.000000000000000000, -1.000000000000000000 ) ) ;
#6103 = CARTESIAN_POINT ( 'NONE',  ( 2.857883832488651077, 2.500000000000000000, 41.09999999999999432 ) ) ;
#6104 = CARTESIAN_POINT ( 'NONE',  ( -25.53436883186065032, 2.500000000000002220, 7.856699302196975765 ) ) ;
#6105 = DIRECTION ( 'NONE',  ( -1.000000000000000000, 0.000000000000000000, 5.659885683814142223E-15 ) ) ;
#6106 = EDGE_LOOP ( 'NONE', ( #7971, #1117, #10465, #578 ) ) ;
#6107 = ORIENTED_EDGE ( 'NONE', *, *, #6474, .T. ) ;
#6108 = DIRECTION ( 'NONE',  ( 0.000000000000000000, 1.000000000000000000, 0.000000000000000000 ) ) ;
#6109 = CARTESIAN_POINT ( 'NONE',  ( -14.75000000000000000, 2.500000000000000000, -8.877416997969513446 ) ) ;
#6110 = LINE ( 'NONE', #5191, #6127 ) ;
#6111 = ORIENTED_EDGE ( 'NONE', *, *, #9703, .F. ) ;
#6112 = LINE ( 'NONE', #39, #10014 ) ;
#6113 = ORIENTED_EDGE ( 'NONE', *, *, #7503, .F. ) ;
#6114 = CIRCLE ( 'NONE', #7570, 25.35466440282023370 ) ;
#6115 = VECTOR ( 'NONE', #97, 1000.000000000000000 ) ;
#6116 = EDGE_CURVE ( 'NONE', #2552, #2744, #8878, .T. ) ;
#6117 = VERTEX_POINT ( 'NONE', #186 ) ;
#6118 = DIRECTION ( 'NONE',  ( 0.000000000000000000, 0.000000000000000000, 1.000000000000000000 ) ) ;
#6119 = DIRECTION ( 'NONE',  ( 1.000000000000000000, 0.000000000000000000, 0.000000000000000000 ) ) ;
#6120 = LINE ( 'NONE', #1772, #3202 ) ;
#6121 = DIRECTION ( 'NONE',  ( -1.000000000000000000, 0.000000000000000000, 3.608844374130319986E-15 ) ) ;
#6122 = CARTESIAN_POINT ( 'NONE',  ( 4.504001642398092977E-13, 17.49999999999999645, 42.74999999999999289 ) ) ;
#6123 = CARTESIAN_POINT ( 'NONE',  ( -41.09999999999999432, -34.48187929913332539, -2.857883832488648856 ) ) ;
#6124 = CARTESIAN_POINT ( 'NONE',  ( 5.000000000000446754, 2.500000000000000000, 41.74999999999990052 ) ) ;
#6125 = CIRCLE ( 'NONE', #7959, 4.999999999999997335 ) ;
#6126 = ADVANCED_FACE ( 'NONE', ( #3632 ), #2824, .T. ) ;
#6127 = VECTOR ( 'NONE', #5139, 1000.000000000000000 ) ;
#6128 = EDGE_CURVE ( 'NONE', #1179, #7745, #1438, .T. ) ;
#6129 = ORIENTED_EDGE ( 'NONE', *, *, #8190, .F. ) ;
#6130 = ORIENTED_EDGE ( 'NONE', *, *, #6186, .T. ) ;
#6131 = DIRECTION ( 'NONE',  ( 1.000000000000000000, 0.000000000000000000, -9.159339953157539881E-15 ) ) ;
#6132 = LINE ( 'NONE', #6979, #1163 ) ;
#6133 = CARTESIAN_POINT ( 'NONE',  ( 4.298087183781943648E-15, 0.000000000000000000, 2.500000000000071498 ) ) ;
#6134 = DIRECTION ( 'NONE',  ( -0.000000000000000000, -1.000000000000000000, -0.000000000000000000 ) ) ;
#6135 = DIRECTION ( 'NONE',  ( -1.000000000000000000, -1.972152263052529514E-31, 1.264284836150040893E-14 ) ) ;
#6136 = CIRCLE ( 'NONE', #9417, 27.33493649053890096 ) ;
#6137 = DIRECTION ( 'NONE',  ( -0.000000000000000000, -1.000000000000000000, 0.000000000000000000 ) ) ;
#6138 = ORIENTED_EDGE ( 'NONE', *, *, #8315, .T. ) ;
#6139 = CYLINDRICAL_SURFACE ( 'NONE', #6603, 2.000000000000000000 ) ;
#6140 = DIRECTION ( 'NONE',  ( 0.000000000000000000, -0.000000000000000000, 1.000000000000000000 ) ) ;
#6141 = EDGE_LOOP ( 'NONE', ( #5434, #8164, #8251, #8547, #10265 ) ) ;
#6142 = VECTOR ( 'NONE', #8468, 1000.000000000000000 ) ;
#6143 = EDGE_LOOP ( 'NONE', ( #11087, #7581, #2093, #9058 ) ) ;
#6144 = ORIENTED_EDGE ( 'NONE', *, *, #3035, .F. ) ;
#6145 = DIRECTION ( 'NONE',  ( 1.000000000000000000, 0.000000000000000000, -2.168404344971009657E-15 ) ) ;
#6146 = CARTESIAN_POINT ( 'NONE',  ( 27.31663875629319804, 17.49999999999999645, 41.74999999999985079 ) ) ;
#6147 = ORIENTED_EDGE ( 'NONE', *, *, #6085, .T. ) ;
#6148 = ORIENTED_EDGE ( 'NONE', *, *, #1003, .F. ) ;
#6149 = CARTESIAN_POINT ( 'NONE',  ( 0.9999999999996962430, 17.49999999999999645, -85.49999999999998579 ) ) ;
#6150 = DIRECTION ( 'NONE',  ( -0.000000000000000000, -1.000000000000000000, -0.000000000000000000 ) ) ;
#6151 = AXIS2_PLACEMENT_3D ( 'NONE', #9182, #9879, #2040 ) ;
#6152 = ORIENTED_EDGE ( 'NONE', *, *, #5850, .F. ) ;
#6153 = DIRECTION ( 'NONE',  ( 1.000000000000000000, 0.000000000000000000, -2.168404344971009657E-15 ) ) ;
#6154 = CIRCLE ( 'NONE', #7804, 2.000000000000001776 ) ;
#6155 = CARTESIAN_POINT ( 'NONE',  ( -13.45668180764255517, 0.000000000000000000, 13.45668180764255162 ) ) ;
#6156 = CARTESIAN_POINT ( 'NONE',  ( 6.506509365792702226, 2.500000000000001332, -14.75000000000000000 ) ) ;
#6157 = AXIS2_PLACEMENT_3D ( 'NONE', #7994, #8049, #199 ) ;
#6158 = CARTESIAN_POINT ( 'NONE',  ( 42.74999999999999289, 17.49999999999999645, -2.617682533177465764E-15 ) ) ;
#6159 = CYLINDRICAL_SURFACE ( 'NONE', #3774, 4.999999999999997335 ) ;
#6160 = EDGE_LOOP ( 'NONE', ( #10128, #4071, #10255, #183 ) ) ;
#6161 = EDGE_CURVE ( 'NONE', #2934, #5295, #5342, .T. ) ;
#6162 = ORIENTED_EDGE ( 'NONE', *, *, #10897, .T. ) ;
#6163 = CARTESIAN_POINT ( 'NONE',  ( -2.499999999999992895, -34.48187929913332539, 3.872150616019648973E-16 ) ) ;
#6164 = CARTESIAN_POINT ( 'NONE',  ( -39.27819584319912138, 24.95324863549492633, 0.9999999999999050759 ) ) ;
#6165 = CARTESIAN_POINT ( 'NONE',  ( 41.09999999999999432, 0.000000000000000000, 2.857883832488643971 ) ) ;
#6166 = VERTEX_POINT ( 'NONE', #3517 ) ;
#6167 = ORIENTED_EDGE ( 'NONE', *, *, #11176, .T. ) ;
#6168 = AXIS2_PLACEMENT_3D ( 'NONE', #6502, #7420, #1354 ) ;
#6169 = CIRCLE ( 'NONE', #1596, 25.00000000000000711 ) ;
#6170 = EDGE_CURVE ( 'NONE', #3894, #971, #9861, .T. ) ;
#6171 = ADVANCED_FACE ( 'NONE', ( #2024 ), #2774, .F. ) ;
#6172 = LINE ( 'NONE', #157, #6115 ) ;
#6173 = FACE_BOUND ( 'NONE', #3734, .T. ) ;
#6174 = VECTOR ( 'NONE', #893, 1000.000000000000000 ) ;
#6175 = VECTOR ( 'NONE', #4804, 1000.000000000000000 ) ;
#6176 = LINE ( 'NONE', #8575, #2512 ) ;
#6177 = DIRECTION ( 'NONE',  ( -1.000000000000000000, -1.972152263052529514E-31, -8.306039671558391198E-15 ) ) ;
#6178 = CARTESIAN_POINT ( 'NONE',  ( -12.75000000000000000, 9.500000000000000000, -14.75000000000000000 ) ) ;
#6179 = DIRECTION ( 'NONE',  ( 0.000000000000000000, 1.000000000000000000, 0.000000000000000000 ) ) ;
#6180 = CARTESIAN_POINT ( 'NONE',  ( -42.74999999999999289, 17.49999999999999645, 2.617682533177465764E-15 ) ) ;
#6181 = DIRECTION ( 'NONE',  ( -0.000000000000000000, -1.000000000000000000, -0.000000000000000000 ) ) ;
#6182 = VECTOR ( 'NONE', #3175, 1000.000000000000000 ) ;
#6183 = AXIS2_PLACEMENT_3D ( 'NONE', #2978, #9958, #1898 ) ;
#6184 = CIRCLE ( 'NONE', #4352, 1.000000000000000888 ) ;
#6185 = EDGE_LOOP ( 'NONE', ( #7938, #9107 ) ) ;
#6186 = EDGE_CURVE ( 'NONE', #7706, #6450, #9803, .T. ) ;
#6187 = ORIENTED_EDGE ( 'NONE', *, *, #8275, .T. ) ;
#6188 = CARTESIAN_POINT ( 'NONE',  ( 43.75000000000014211, 17.49999999999999645, -42.74999999999999289 ) ) ;
#6189 = DIRECTION ( 'NONE',  ( 1.387778780781445281E-15, 0.000000000000000000, -1.000000000000000000 ) ) ;
#6190 = DIRECTION ( 'NONE',  ( -0.000000000000000000, -1.000000000000000000, 0.000000000000000000 ) ) ;
#6191 = DIRECTION ( 'NONE',  ( 0.000000000000000000, 0.000000000000000000, 1.000000000000000000 ) ) ;
#6192 = LINE ( 'NONE', #806, #3351 ) ;
#6193 = EDGE_CURVE ( 'NONE', #2910, #3874, #1912, .T. ) ;
#6194 = CIRCLE ( 'NONE', #1812, 1.000000000000000888 ) ;
#6195 = CIRCLE ( 'NONE', #11292, 25.00000000000000000 ) ;
#6196 = DIRECTION ( 'NONE',  ( 0.000000000000000000, 0.000000000000000000, 1.000000000000000000 ) ) ;
#6197 = ORIENTED_EDGE ( 'NONE', *, *, #138, .F. ) ;
#6198 = ADVANCED_FACE ( 'NONE', ( #8779 ), #6258, .T. ) ;
#6199 = CARTESIAN_POINT ( 'NONE',  ( 41.75000000000007816, -34.48187929913332539, 4.898979485566368197 ) ) ;
#6200 = DIRECTION ( 'NONE',  ( 0.000000000000000000, 0.000000000000000000, 1.000000000000000000 ) ) ;
#6201 = EDGE_CURVE ( 'NONE', #7002, #5935, #935, .T. ) ;
#6202 = EDGE_LOOP ( 'NONE', ( #3136, #1029, #2483, #2580, #2443, #7344, #10080 ) ) ;
#6203 = AXIS2_PLACEMENT_3D ( 'NONE', #3137, #665, #4108 ) ;
#6204 = CIRCLE ( 'NONE', #1265, 4.999999999999997335 ) ;
#6205 = ORIENTED_EDGE ( 'NONE', *, *, #10153, .T. ) ;
#6206 = EDGE_LOOP ( 'NONE', ( #7870, #4702, #604, #2776 ) ) ;
#6207 = DIRECTION ( 'NONE',  ( 0.000000000000000000, 0.000000000000000000, -1.000000000000000000 ) ) ;
#6208 = DIRECTION ( 'NONE',  ( -0.000000000000000000, -1.000000000000000000, -0.000000000000000000 ) ) ;
#6209 = ORIENTED_EDGE ( 'NONE', *, *, #3746, .T. ) ;
#6210 = VECTOR ( 'NONE', #8496, 1000.000000000000000 ) ;
#6211 = VERTEX_POINT ( 'NONE', #2076 ) ;
#6212 = LINE ( 'NONE', #5298, #3840 ) ;
#6213 = CARTESIAN_POINT ( 'NONE',  ( 43.74999999999995026, 1.361284592032115076E-61, -4.999999999999988454 ) ) ;
#6214 = ORIENTED_EDGE ( 'NONE', *, *, #7972, .F. ) ;
#6215 = DIRECTION ( 'NONE',  ( 1.000000000000000000, 0.000000000000000000, -2.090961332650616934E-15 ) ) ;
#6216 = ADVANCED_FACE ( 'NONE', ( #3855 ), #9914, .F. ) ;
#6217 = CIRCLE ( 'NONE', #570, 3.000000000000000888 ) ;
#6218 = CARTESIAN_POINT ( 'NONE',  ( -6.463203435596436286, 2.500000000000000000, 14.75000000000000000 ) ) ;
#6219 = DIRECTION ( 'NONE',  ( 0.7071067811865476838, 0.000000000000000000, 0.7071067811865474617 ) ) ;
#6220 = DIRECTION ( 'NONE',  ( -0.000000000000000000, 1.000000000000000000, -0.000000000000000000 ) ) ;
#6221 = DIRECTION ( 'NONE',  ( 1.000000000000000000, 0.000000000000000000, -3.553859168040306887E-15 ) ) ;
#6222 = ORIENTED_EDGE ( 'NONE', *, *, #76, .T. ) ;
#6223 = ORIENTED_EDGE ( 'NONE', *, *, #2818, .T. ) ;
#6224 = DIRECTION ( 'NONE',  ( 0.000000000000000000, 1.000000000000000000, 0.000000000000000000 ) ) ;
#6225 = CARTESIAN_POINT ( 'NONE',  ( -15.41506350946109016, 17.49999999999999645, 0.9999999999998532285 ) ) ;
#6226 = PLANE ( 'NONE',  #6673 ) ;
#6227 = VERTEX_POINT ( 'NONE', #1383 ) ;
#6228 = ORIENTED_EDGE ( 'NONE', *, *, #76, .F. ) ;
#6229 = ADVANCED_FACE ( 'NONE', ( #9111 ), #5565, .F. ) ;
#6230 = LINE ( 'NONE', #9884, #5746 ) ;
#6231 = CARTESIAN_POINT ( 'NONE',  ( -46.04999999999999716, 2.500000000000000000, -2.819749255036780494E-15 ) ) ;
#6232 = LINE ( 'NONE', #1881, #6527 ) ;
#6233 = DIRECTION ( 'NONE',  ( 0.000000000000000000, 0.000000000000000000, 1.000000000000000000 ) ) ;
#6234 = DIRECTION ( 'NONE',  ( 0.000000000000000000, 1.000000000000000000, 0.000000000000000000 ) ) ;
#6235 = CARTESIAN_POINT ( 'NONE',  ( -12.74999999999999645, 0.000000000000000000, 12.75000000000000000 ) ) ;
#6236 = EDGE_CURVE ( 'NONE', #8018, #8258, #6649, .T. ) ;
#6237 = DIRECTION ( 'NONE',  ( 0.000000000000000000, 0.000000000000000000, 1.000000000000000000 ) ) ;
#6238 = ORIENTED_EDGE ( 'NONE', *, *, #3860, .F. ) ;
#6239 = EDGE_LOOP ( 'NONE', ( #10052, #4424, #655 ) ) ;
#6240 = DIRECTION ( 'NONE',  ( 1.000000000000000000, 0.000000000000000000, -2.168404344971008079E-15 ) ) ;
#6241 = DIRECTION ( 'NONE',  ( 0.000000000000000000, -0.000000000000000000, 1.000000000000000000 ) ) ;
#6242 = DIRECTION ( 'NONE',  ( 0.000000000000000000, 0.000000000000000000, -1.000000000000000000 ) ) ;
#6243 = LINE ( 'NONE', #5217, #10881 ) ;
#6244 = CARTESIAN_POINT ( 'NONE',  ( 11.83452458429527354, 2.562687917084007783, 9.378678851301156527 ) ) ;
#6245 = VERTEX_POINT ( 'NONE', #8204 ) ;
#6246 = DIRECTION ( 'NONE',  ( 0.000000000000000000, 0.000000000000000000, -1.000000000000000000 ) ) ;
#6247 = DIRECTION ( 'NONE',  ( 1.000000000000000000, 0.000000000000000000, 0.000000000000000000 ) ) ;
#6248 = ORIENTED_EDGE ( 'NONE', *, *, #915, .T. ) ;
#6249 = VECTOR ( 'NONE', #5847, 1000.000000000000000 ) ;
#6250 = EDGE_CURVE ( 'NONE', #9104, #3788, #9975, .T. ) ;
#6251 = ADVANCED_FACE ( 'NONE', ( #7338 ), #521, .F. ) ;
#6252 = ORIENTED_EDGE ( 'NONE', *, *, #3476, .F. ) ;
#6253 = VERTEX_POINT ( 'NONE', #4876 ) ;
#6254 = EDGE_CURVE ( 'NONE', #8781, #2942, #3088, .T. ) ;
#6255 = VECTOR ( 'NONE', #6181, 1000.000000000000000 ) ;
#6256 = FACE_OUTER_BOUND ( 'NONE', #11158, .T. ) ;
#6257 = EDGE_CURVE ( 'NONE', #4790, #4135, #3799, .T. ) ;
#6258 = PLANE ( 'NONE',  #9291 ) ;
#6259 = VERTEX_POINT ( 'NONE', #464 ) ;
#6260 = ORIENTED_EDGE ( 'NONE', *, *, #6774, .T. ) ;
#6261 = CARTESIAN_POINT ( 'NONE',  ( 12.75000000000000000, 4.500000000000000888, -12.75000000000000000 ) ) ;
#6262 = CARTESIAN_POINT ( 'NONE',  ( 46.04999999999999716, 0.000000000000000000, -2.819749255036780099E-15 ) ) ;
#6263 = ORIENTED_EDGE ( 'NONE', *, *, #3600, .T. ) ;
#6264 = DIRECTION ( 'NONE',  ( 0.000000000000000000, 1.000000000000000000, 0.000000000000000000 ) ) ;
#6265 = AXIS2_PLACEMENT_3D ( 'NONE', #8600, #9296, #4141 ) ;
#6266 = EDGE_CURVE ( 'NONE', #6366, #4021, #2358, .T. ) ;
#6267 = DIRECTION ( 'NONE',  ( 0.000000000000000000, 1.000000000000000000, 0.000000000000000000 ) ) ;
#6268 = CARTESIAN_POINT ( 'NONE',  ( 5.419062086227037406E-15, -34.48187929913332539, 41.24999999999999289 ) ) ;
#6269 = CIRCLE ( 'NONE', #974, 1.500000000000001332 ) ;
#6270 = DIRECTION ( 'NONE',  ( 0.000000000000000000, 0.000000000000000000, 1.000000000000000000 ) ) ;
#6271 = CIRCLE ( 'NONE', #11032, 0.9999999999999991118 ) ;
#6272 = CARTESIAN_POINT ( 'NONE',  ( 4.504001642398092977E-13, 17.49999999999999645, 42.74999999999999289 ) ) ;
#6273 = VERTEX_POINT ( 'NONE', #11013 ) ;
#6274 = VERTEX_POINT ( 'NONE', #2936 ) ;
#6275 = DIRECTION ( 'NONE',  ( -0.7071067811865482389, 0.000000000000000000, 0.7071067811865469066 ) ) ;
#6276 = DIRECTION ( 'NONE',  ( -1.000000000000000000, -1.804112415015878984E-15, 2.168404344971008079E-15 ) ) ;
#6277 = LINE ( 'NONE', #8104, #2475 ) ;
#6278 = ORIENTED_EDGE ( 'NONE', *, *, #4201, .T. ) ;
#6279 = CIRCLE ( 'NONE', #1906, 27.33493649053890096 ) ;
#6280 = AXIS2_PLACEMENT_3D ( 'NONE', #5092, #8577, #679 ) ;
#6281 = CARTESIAN_POINT ( 'NONE',  ( 4.298087183781943648E-15, -34.48187929913332539, 2.500000000000071498 ) ) ;
#6282 = FACE_OUTER_BOUND ( 'NONE', #6715, .T. ) ;
#6283 = DIRECTION ( 'NONE',  ( -0.000000000000000000, -1.000000000000000000, 0.000000000000000000 ) ) ;
#6284 = DIRECTION ( 'NONE',  ( 1.000000000000000000, 8.326672684688674053E-16, -2.168404344971008868E-15 ) ) ;
#6285 = CARTESIAN_POINT ( 'NONE',  ( 11.45653160759578526, 0.000000000000000000, -15.45683200768929488 ) ) ;
#6286 = EDGE_LOOP ( 'NONE', ( #4214, #3895 ) ) ;
#6287 = ADVANCED_FACE ( 'NONE', ( #7397 ), #10902, .T. ) ;
#6288 = DIRECTION ( 'NONE',  ( 0.7071067811865474617, 0.000000000000000000, -0.7071067811865476838 ) ) ;
#6289 = DIRECTION ( 'NONE',  ( -0.000000000000000000, -1.000000000000000000, -0.000000000000000000 ) ) ;
#6290 = CIRCLE ( 'NONE', #9938, 0.9999999999999991118 ) ;
#6291 = CARTESIAN_POINT ( 'NONE',  ( 12.75000000000000000, 2.767949192431122807, -15.75000000000000000 ) ) ;
#6292 = ADVANCED_FACE ( 'NONE', ( #2192 ), #9164, .T. ) ;
#6293 = VECTOR ( 'NONE', #10987, 1000.000000000000000 ) ;
#6294 = ADVANCED_FACE ( 'NONE', ( #5791, #1328 ), #3110, .T. ) ;
#6295 = EDGE_CURVE ( 'NONE', #3785, #1097, #6194, .T. ) ;
#6296 = AXIS2_PLACEMENT_3D ( 'NONE', #7534, #2330, #11036 ) ;
#6297 = ORIENTED_EDGE ( 'NONE', *, *, #4531, .T. ) ;
#6298 = ORIENTED_EDGE ( 'NONE', *, *, #8219, .T. ) ;
#6299 = LINE ( 'NONE', #223, #9605 ) ;
#6300 = DIRECTION ( 'NONE',  ( -0.000000000000000000, -1.000000000000000000, -0.000000000000000000 ) ) ;
#6301 = DIRECTION ( 'NONE',  ( 0.000000000000000000, 1.000000000000000000, 0.000000000000000000 ) ) ;
#6302 = DIRECTION ( 'NONE',  ( 0.000000000000000000, 1.000000000000000000, 0.000000000000000000 ) ) ;
#6303 = DIRECTION ( 'NONE',  ( -3.980570833268212630E-15, 0.000000000000000000, -1.000000000000000000 ) ) ;
#6304 = ORIENTED_EDGE ( 'NONE', *, *, #1087, .T. ) ;
#6305 = DIRECTION ( 'NONE',  ( 1.000000000000000000, 0.000000000000000000, -3.557752503352412152E-15 ) ) ;
#6306 = CARTESIAN_POINT ( 'NONE',  ( -47.74999999999999289, 1.361284592032115076E-61, -0.9999999999998966382 ) ) ;
#6307 = AXIS2_PLACEMENT_3D ( 'NONE', #2203, #9175, #1338 ) ;
#6308 = VERTEX_POINT ( 'NONE', #6421 ) ;
#6309 = EDGE_CURVE ( 'NONE', #4135, #1270, #10402, .T. ) ;
#6310 = VERTEX_POINT ( 'NONE', #9283 ) ;
#6311 = VERTEX_POINT ( 'NONE', #4651 ) ;
#6312 = EDGE_CURVE ( 'NONE', #5887, #10979, #1254, .T. ) ;
#6313 = CIRCLE ( 'NONE', #6485, 27.33493649053890096 ) ;
#6314 = FACE_OUTER_BOUND ( 'NONE', #10872, .T. ) ;
#6315 = LINE ( 'NONE', #3682, #8735 ) ;
#6316 = ORIENTED_EDGE ( 'NONE', *, *, #9878, .F. ) ;
#6317 = ORIENTED_EDGE ( 'NONE', *, *, #8777, .T. ) ;
#6318 = DIRECTION ( 'NONE',  ( 0.000000000000000000, 0.000000000000000000, -1.000000000000000000 ) ) ;
#6319 = DIRECTION ( 'NONE',  ( 2.168404344971009657E-15, -1.972152263052529514E-31, 1.000000000000000000 ) ) ;
#6320 = ORIENTED_EDGE ( 'NONE', *, *, #8539, .F. ) ;
#6321 = DIRECTION ( 'NONE',  ( 0.000000000000000000, 0.000000000000000000, 1.000000000000000000 ) ) ;
#6322 = ADVANCED_FACE ( 'NONE', ( #2535 ), #4189, .T. ) ;
#6323 = CIRCLE ( 'NONE', #1381, 4.999999999999997335 ) ;
#6324 = CARTESIAN_POINT ( 'NONE',  ( 1.000000000000602629, -34.48187929913332539, 47.64897948556622964 ) ) ;
#6325 = CARTESIAN_POINT ( 'NONE',  ( 10.60660171779821681, 0.000000000000000000, 10.60660171779821326 ) ) ;
#6326 = VECTOR ( 'NONE', #1885, 1000.000000000000000 ) ;
#6327 = DIRECTION ( 'NONE',  ( 0.000000000000000000, 0.000000000000000000, 1.000000000000000000 ) ) ;
#6328 = CARTESIAN_POINT ( 'NONE',  ( -0.9999999999999599209, 17.49999999999999645, 17.41506350946110615 ) ) ;
#6329 = VERTEX_POINT ( 'NONE', #2416 ) ;
#6330 = EDGE_LOOP ( 'NONE', ( #9818, #2315, #11000, #6945 ) ) ;
#6331 = LINE ( 'NONE', #9821, #2365 ) ;
#6332 = EDGE_CURVE ( 'NONE', #8018, #609, #10315, .T. ) ;
#6333 = DIRECTION ( 'NONE',  ( 8.306039671558391198E-15, 0.000000000000000000, -1.000000000000000000 ) ) ;
#6334 = VERTEX_POINT ( 'NONE', #8591 ) ;
#6335 = EDGE_CURVE ( 'NONE', #9784, #10194, #4003, .T. ) ;
#6336 = EDGE_CURVE ( 'NONE', #7605, #10285, #4180, .T. ) ;
#6337 = EDGE_CURVE ( 'NONE', #7246, #3443, #7844, .T. ) ;
#6338 = CIRCLE ( 'NONE', #3599, 0.7499999999999984457 ) ;
#6339 = CIRCLE ( 'NONE', #4327, 1.000000000000000888 ) ;
#6340 = CARTESIAN_POINT ( 'NONE',  ( -42.75000000000014921, 17.49999999999999645, -41.74999999999998579 ) ) ;
#6341 = PLANE ( 'NONE',  #1167 ) ;
#6342 = DIRECTION ( 'NONE',  ( 0.000000000000000000, 0.000000000000000000, 1.000000000000000000 ) ) ;
#6343 = FACE_BOUND ( 'NONE', #412, .T. ) ;
#6344 = CARTESIAN_POINT ( 'NONE',  ( -41.75000000000004974, 17.49999999999999645, -27.33493649053890451 ) ) ;
#6345 = ORIENTED_EDGE ( 'NONE', *, *, #8190, .T. ) ;
#6346 = DIRECTION ( 'NONE',  ( -1.000000000000000000, 0.000000000000000000, 3.980570833268212630E-15 ) ) ;
#6347 = CIRCLE ( 'NONE', #8719, 4.000000000000000000 ) ;
#6348 = DIRECTION ( 'NONE',  ( -0.000000000000000000, 1.000000000000000000, -0.000000000000000000 ) ) ;
#6349 = AXIS2_PLACEMENT_3D ( 'NONE', #4091, #10051, #7580 ) ;
#6350 = DIRECTION ( 'NONE',  ( -0.7071067811865470176, 0.000000000000000000, -0.7071067811865480168 ) ) ;
#6351 = CIRCLE ( 'NONE', #8542, 27.33493649053890096 ) ;
#6352 = CIRCLE ( 'NONE', #1420, 1.000000000000000888 ) ;
#6353 = EDGE_LOOP ( 'NONE', ( #5766, #7766, #9747, #5927, #5314, #5455, #1347, #11162, #4339 ) ) ;
#6354 = ORIENTED_EDGE ( 'NONE', *, *, #5822, .F. ) ;
#6355 = DIRECTION ( 'NONE',  ( 2.168404344971008868E-15, 0.000000000000000000, 1.000000000000000000 ) ) ;
#6356 = DIRECTION ( 'NONE',  ( 0.7071067811865486830, 0.000000000000000000, -0.7071067811865463515 ) ) ;
#6357 = LINE ( 'NONE', #8868, #4478 ) ;
#6358 = CARTESIAN_POINT ( 'NONE',  ( -14.75000000000000000, 2.500000000000000000, 0.000000000000000000 ) ) ;
#6359 = CARTESIAN_POINT ( 'NONE',  ( -12.45209455274891930, 2.500000000000000444, -8.761108882847498336 ) ) ;
#6360 = VERTEX_POINT ( 'NONE', #4302 ) ;
#6361 = VECTOR ( 'NONE', #4212, 1000.000000000000000 ) ;
#6362 = DIRECTION ( 'NONE',  ( 0.000000000000000000, 0.000000000000000000, 1.000000000000000000 ) ) ;
#6363 = LINE ( 'NONE', #6306, #3625 ) ;
#6364 = AXIS2_PLACEMENT_3D ( 'NONE', #8414, #3209, #10192 ) ;
#6365 = ORIENTED_EDGE ( 'NONE', *, *, #6722, .F. ) ;
#6366 = VERTEX_POINT ( 'NONE', #748 ) ;
#6367 = ORIENTED_EDGE ( 'NONE', *, *, #541, .T. ) ;
#6368 = VECTOR ( 'NONE', #2881, 1000.000000000000000 ) ;
#6369 = CARTESIAN_POINT ( 'NONE',  ( -12.74999999999999645, 9.500000000000000000, 12.75000000000000000 ) ) ;
#6370 = CARTESIAN_POINT ( 'NONE',  ( -1.000000000000042188, 24.95324863549492633, -39.27819584319911428 ) ) ;
#6371 = ORIENTED_EDGE ( 'NONE', *, *, #9993, .F. ) ;
#6372 = ORIENTED_EDGE ( 'NONE', *, *, #1390, .F. ) ;
#6373 = DIRECTION ( 'NONE',  ( 2.168404344971009657E-15, -1.972152263052529514E-31, 1.000000000000000000 ) ) ;
#6374 = CARTESIAN_POINT ( 'NONE',  ( -19.63298726938604588, 17.49999999999999645, -16.04594491874832585 ) ) ;
#6375 = ADVANCED_FACE ( 'NONE', ( #11072 ), #6932, .F. ) ;
#6376 = ORIENTED_EDGE ( 'NONE', *, *, #7458, .T. ) ;
#6377 = VECTOR ( 'NONE', #694, 1000.000000000000000 ) ;
#6378 = EDGE_CURVE ( 'NONE', #4425, #823, #4242, .T. ) ;
#6379 = CARTESIAN_POINT ( 'NONE',  ( -42.74999999999999289, 17.49999999999999645, -25.35466440282023015 ) ) ;
#6380 = LINE ( 'NONE', #7991, #1000 ) ;
#6381 = AXIS2_PLACEMENT_3D ( 'NONE', #2000, #5485, #10816 ) ;
#6382 = FACE_OUTER_BOUND ( 'NONE', #4482, .T. ) ;
#6383 = CARTESIAN_POINT ( 'NONE',  ( -41.75000000000007816, 0.000000000000000000, -4.898979485566362868 ) ) ;
#6384 = ORIENTED_EDGE ( 'NONE', *, *, #7065, .F. ) ;
#6385 = ORIENTED_EDGE ( 'NONE', *, *, #7001, .F. ) ;
#6386 = CYLINDRICAL_SURFACE ( 'NONE', #8215, 1.000000000000000888 ) ;
#6387 = FACE_OUTER_BOUND ( 'NONE', #5571, .T. ) ;
#6388 = VERTEX_POINT ( 'NONE', #7736 ) ;
#6389 = ORIENTED_EDGE ( 'NONE', *, *, #4942, .T. ) ;
#6390 = EDGE_CURVE ( 'NONE', #6543, #11117, #10211, .T. ) ;
#6391 = AXIS2_PLACEMENT_3D ( 'NONE', #1055, #8943, #6425 ) ;
#6392 = EDGE_CURVE ( 'NONE', #8775, #9215, #10585, .T. ) ;
#6393 = CARTESIAN_POINT ( 'NONE',  ( -42.74999999999999289, 2.500000000000000000, -1.499999999999996225 ) ) ;
#6394 = LINE ( 'NONE', #8112, #3921 ) ;
#6395 = EDGE_CURVE ( 'NONE', #8562, #10095, #6079, .T. ) ;
#6396 = CARTESIAN_POINT ( 'NONE',  ( -0.9999999999993963717, 1.361284592032115076E-61, 47.75000000000000711 ) ) ;
#6397 = PLANE ( 'NONE',  #1198 ) ;
#6398 = LINE ( 'NONE', #1080, #7561 ) ;
#6399 = VERTEX_POINT ( 'NONE', #3331 ) ;
#6400 = AXIS2_PLACEMENT_3D ( 'NONE', #2589, #7627, #7686 ) ;
#6401 = ORIENTED_EDGE ( 'NONE', *, *, #11197, .F. ) ;
#6402 = CYLINDRICAL_SURFACE ( 'NONE', #5461, 25.00000000000000355 ) ;
#6403 = LINE ( 'NONE', #9252, #4492 ) ;
#6404 = LINE ( 'NONE', #7426, #9661 ) ;
#6405 = LINE ( 'NONE', #5489, #3143 ) ;
#6406 = VERTEX_POINT ( 'NONE', #3390 ) ;
#6407 = VERTEX_POINT ( 'NONE', #9511 ) ;
#6408 = DIRECTION ( 'NONE',  ( -0.000000000000000000, -1.000000000000000000, 0.000000000000000000 ) ) ;
#6409 = EDGE_CURVE ( 'NONE', #3443, #7246, #1622, .T. ) ;
#6410 = CARTESIAN_POINT ( 'NONE',  ( 41.09999999999999432, 0.000000000000000000, -3.607883832488646636 ) ) ;
#6411 = DIRECTION ( 'NONE',  ( 1.000000000000000000, 0.000000000000000000, -2.168404344971008079E-15 ) ) ;
#6412 = CARTESIAN_POINT ( 'NONE',  ( -43.74999999999955236, 0.000000000000000000, -42.75000000000000000 ) ) ;
#6413 = LINE ( 'NONE', #10946, #3995 ) ;
#6414 = CARTESIAN_POINT ( 'NONE',  ( -1.000000000000303757, 17.49999999999999645, -85.49999999999998579 ) ) ;
#6415 = CARTESIAN_POINT ( 'NONE',  ( 46.22180415680087151, 24.95324863549492633, 0.9999999999998998579 ) ) ;
#6416 = EDGE_LOOP ( 'NONE', ( #3199, #4825, #9227, #4558 ) ) ;
#6417 = EDGE_LOOP ( 'NONE', ( #1574, #4122, #3720, #9130 ) ) ;
#6418 = ORIENTED_EDGE ( 'NONE', *, *, #10459, .T. ) ;
#6419 = ORIENTED_EDGE ( 'NONE', *, *, #8948, .F. ) ;
#6420 = CARTESIAN_POINT ( 'NONE',  ( 14.75000000000000000, 2.500000000000000000, 0.000000000000000000 ) ) ;
#6421 = CARTESIAN_POINT ( 'NONE',  ( -6.463203435596437174, 2.500000000000000000, 14.75000000000000000 ) ) ;
#6422 = AXIS2_PLACEMENT_3D ( 'NONE', #3956, #1376, #5724 ) ;
#6423 = VERTEX_POINT ( 'NONE', #11290 ) ;
#6424 = EDGE_LOOP ( 'NONE', ( #952, #4097, #1014, #3698 ) ) ;
#6425 = DIRECTION ( 'NONE',  ( 0.000000000000000000, 0.000000000000000000, 1.000000000000000000 ) ) ;
#6426 = ADVANCED_FACE ( 'NONE', ( #11127 ), #633, .F. ) ;
#6427 = CARTESIAN_POINT ( 'NONE',  ( 15.33883813756172643, 17.49999999999999645, -19.92588048819955659 ) ) ;
#6428 = EDGE_LOOP ( 'NONE', ( #5042, #10617, #11011, #1007, #6837, #5682 ) ) ;
#6429 = EDGE_CURVE ( 'NONE', #10221, #4945, #2368, .T. ) ;
#6430 = CIRCLE ( 'NONE', #212, 25.00000000000000711 ) ;
#6431 = ADVANCED_FACE ( 'NONE', ( #9339 ), #4130, .F. ) ;
#6432 = EDGE_CURVE ( 'NONE', #1769, #4746, #5907, .T. ) ;
#6433 = DIRECTION ( 'NONE',  ( -0.000000000000000000, -1.000000000000000000, -0.000000000000000000 ) ) ;
#6434 = DIRECTION ( 'NONE',  ( 0.000000000000000000, 0.000000000000000000, 1.000000000000000000 ) ) ;
#6435 = FACE_OUTER_BOUND ( 'NONE', #10088, .T. ) ;
#6436 = DIRECTION ( 'NONE',  ( 0.000000000000000000, 0.000000000000000000, 1.000000000000000000 ) ) ;
#6437 = ORIENTED_EDGE ( 'NONE', *, *, #6085, .F. ) ;
#6438 = EDGE_LOOP ( 'NONE', ( #4422, #8481, #2322 ) ) ;
#6439 = FACE_OUTER_BOUND ( 'NONE', #2660, .T. ) ;
#6440 = DIRECTION ( 'NONE',  ( 1.000000000000000000, 0.000000000000000000, -2.168404344971009657E-15 ) ) ;
#6441 = ORIENTED_EDGE ( 'NONE', *, *, #4627, .T. ) ;
#6442 = ORIENTED_EDGE ( 'NONE', *, *, #9854, .F. ) ;
#6443 = VECTOR ( 'NONE', #9462, 1000.000000000000000 ) ;
#6444 = AXIS2_PLACEMENT_3D ( 'NONE', #2822, #8877, #3631 ) ;
#6445 = DIRECTION ( 'NONE',  ( -1.000000000000000000, 0.000000000000000000, 1.039958424056858815E-14 ) ) ;
#6446 = CARTESIAN_POINT ( 'NONE',  ( 2.499999999999834355, -34.48187929913332539, -9.951427083169871692E-15 ) ) ;
#6447 = CARTESIAN_POINT ( 'NONE',  ( -47.74999999999999289, 1.361284592032115076E-61, 1.000000000000103473 ) ) ;
#6448 = DIRECTION ( 'NONE',  ( -0.000000000000000000, -1.000000000000000000, 0.000000000000000000 ) ) ;
#6449 = DIRECTION ( 'NONE',  ( 0.000000000000000000, 0.000000000000000000, 1.000000000000000000 ) ) ;
#6450 = VERTEX_POINT ( 'NONE', #6818 ) ;
#6451 = ORIENTED_EDGE ( 'NONE', *, *, #7406, .F. ) ;
#6452 = DIRECTION ( 'NONE',  ( 9.151367022657275579E-15, 0.000000000000000000, 1.000000000000000000 ) ) ;
#6453 = CARTESIAN_POINT ( 'NONE',  ( 9.991659337951666942, 2.690603419461955248, -11.22154409764474714 ) ) ;
#6454 = LINE ( 'NONE', #7319, #2719 ) ;
#6455 = CARTESIAN_POINT ( 'NONE',  ( 42.74999999999999289, 0.000000000000000000, -2.617682533177465764E-15 ) ) ;
#6456 = AXIS2_PLACEMENT_3D ( 'NONE', #4957, #5931, #10230 ) ;
#6457 = CIRCLE ( 'NONE', #11035, 27.33493649053890096 ) ;
#6458 = ADVANCED_FACE ( 'NONE', ( #1193 ), #384, .T. ) ;
#6459 = ORIENTED_EDGE ( 'NONE', *, *, #5630, .F. ) ;
#6460 = VERTEX_POINT ( 'NONE', #2648 ) ;
#6461 = DIRECTION ( 'NONE',  ( 0.000000000000000000, 0.000000000000000000, 1.000000000000000000 ) ) ;
#6462 = DIRECTION ( 'NONE',  ( 0.000000000000000000, 0.000000000000000000, 1.000000000000000000 ) ) ;
#6463 = VECTOR ( 'NONE', #9943, 1000.000000000000114 ) ;
#6464 = CARTESIAN_POINT ( 'NONE',  ( -2.499999999999998224, 0.000000000000000000, -38.41987298107780191 ) ) ;
#6465 = CARTESIAN_POINT ( 'NONE',  ( -2.500000000000030198, 0.000000000000000000, -2.500000000000015099 ) ) ;
#6466 = CARTESIAN_POINT ( 'NONE',  ( 14.74999999999999822, 2.616792734330355419, 10.11674757797266899 ) ) ;
#6467 = DIRECTION ( 'NONE',  ( 0.000000000000000000, 1.000000000000000000, -0.000000000000000000 ) ) ;
#6468 = FACE_OUTER_BOUND ( 'NONE', #3230, .T. ) ;
#6469 = PLANE ( 'NONE',  #3440 ) ;
#6470 = ORIENTED_EDGE ( 'NONE', *, *, #9756, .T. ) ;
#6471 = ORIENTED_EDGE ( 'NONE', *, *, #1645, .F. ) ;
#6472 = EDGE_CURVE ( 'NONE', #7057, #2218, #3814, .T. ) ;
#6473 = VECTOR ( 'NONE', #3244, 1000.000000000000000 ) ;
#6474 = EDGE_CURVE ( 'NONE', #4294, #5156, #7909, .T. ) ;
#6475 = VECTOR ( 'NONE', #3478, 1000.000000000000000 ) ;
#6476 = VERTEX_POINT ( 'NONE', #5220 ) ;
#6477 = ORIENTED_EDGE ( 'NONE', *, *, #5799, .T. ) ;
#6478 = CARTESIAN_POINT ( 'NONE',  ( -41.09999999999999432, 0.000000000000000000, 2.107883832488644416 ) ) ;
#6479 = VECTOR ( 'NONE', #10677, 1000.000000000000000 ) ;
#6480 = DIRECTION ( 'NONE',  ( 0.000000000000000000, 1.000000000000000000, -0.000000000000000000 ) ) ;
#6481 = ORIENTED_EDGE ( 'NONE', *, *, #8601, .F. ) ;
#6482 = DIRECTION ( 'NONE',  ( 0.000000000000000000, -0.000000000000000000, 1.000000000000000000 ) ) ;
#6483 = DIRECTION ( 'NONE',  ( 0.000000000000000000, 1.000000000000000000, -0.000000000000000000 ) ) ;
#6484 = ORIENTED_EDGE ( 'NONE', *, *, #2605, .F. ) ;
#6485 = AXIS2_PLACEMENT_3D ( 'NONE', #1900, #9959, #8925 ) ;
#6486 = CARTESIAN_POINT ( 'NONE',  ( 1.000000000000603739, 1.361284592032115076E-61, 47.74999999999997868 ) ) ;
#6487 = CARTESIAN_POINT ( 'NONE',  ( 47.74999999999999289, 1.361284592032115076E-61, 0.9999999999998966382 ) ) ;
#6488 = DIRECTION ( 'NONE',  ( -1.387778780781446464E-15, 0.000000000000000000, 1.000000000000000000 ) ) ;
#6489 = CARTESIAN_POINT ( 'NONE',  ( 2.857883832488651077, 2.500000000000000000, 41.09999999999999432 ) ) ;
#6490 = ORIENTED_EDGE ( 'NONE', *, *, #1088, .F. ) ;
#6491 = EDGE_LOOP ( 'NONE', ( #8564, #1624, #8726, #7358 ) ) ;
#6492 = CARTESIAN_POINT ( 'NONE',  ( -10.33527201114170424, 0.000000000000000000, -15.92123735465101397 ) ) ;
#6493 = DIRECTION ( 'NONE',  ( 0.000000000000000000, 0.000000000000000000, 1.000000000000000000 ) ) ;
#6494 = AXIS2_PLACEMENT_3D ( 'NONE', #859, #10427, #4296 ) ;
#6495 = FACE_OUTER_BOUND ( 'NONE', #8293, .T. ) ;
#6496 = VERTEX_POINT ( 'NONE', #9946 ) ;
#6497 = ORIENTED_EDGE ( 'NONE', *, *, #8998, .F. ) ;
#6498 = B_SPLINE_CURVE_WITH_KNOTS ( 'NONE', 3,
 ( #7853, #3448, #4240, #1727 ),
 .UNSPECIFIED., .F., .F.,
 ( 4, 4 ),
 ( 0.000000000000000000, 1.000000000000000000 ),
 .UNSPECIFIED. ) ;
#6499 = AXIS2_PLACEMENT_3D ( 'NONE', #3318, #9435, #7781 ) ;
#6500 = CARTESIAN_POINT ( 'NONE',  ( -24.41336361528519916, -34.48187929913332539, 2.499999999999898304 ) ) ;
#6501 = DIRECTION ( 'NONE',  ( 1.000000000000000000, 0.000000000000000000, -3.553859168040306887E-15 ) ) ;
#6502 = CARTESIAN_POINT ( 'NONE',  ( 0.000000000000000000, 17.49999999999999645, 0.000000000000000000 ) ) ;
#6503 = CARTESIAN_POINT ( 'NONE',  ( -43.75000000000007816, 2.500000000000000000, -4.898979485566328229 ) ) ;
#6504 = DIRECTION ( 'NONE',  ( -1.264284836150040893E-14, 0.000000000000000000, -1.000000000000000000 ) ) ;
#6505 = EDGE_LOOP ( 'NONE', ( #4540, #2089, #10445, #6384 ) ) ;
#6506 = ORIENTED_EDGE ( 'NONE', *, *, #5667, .F. ) ;
#6507 = CARTESIAN_POINT ( 'NONE',  ( 1.000000000000603739, 2.500000000000000000, 47.74999999999997868 ) ) ;
#6508 = DIRECTION ( 'NONE',  ( 0.7071067811865473507, 0.000000000000000000, -0.7071067811865477948 ) ) ;
#6509 = CARTESIAN_POINT ( 'NONE',  ( 10.51393202250021019, 2.500000000000000000, 14.75000000000000000 ) ) ;
#6510 = CYLINDRICAL_SURFACE ( 'NONE', #766, 3.000000000000000888 ) ;
#6511 = VECTOR ( 'NONE', #1533, 1000.000000000000000 ) ;
#6512 = EDGE_CURVE ( 'NONE', #4929, #6976, #8386, .T. ) ;
#6513 = EDGE_LOOP ( 'NONE', ( #184, #10213, #586, #1446, #2617 ) ) ;
#6514 = ORIENTED_EDGE ( 'NONE', *, *, #7856, .F. ) ;
#6515 = CARTESIAN_POINT ( 'NONE',  ( 10.33527201114170957, 0.000000000000000000, 15.92123735465102108 ) ) ;
#6516 = AXIS2_PLACEMENT_3D ( 'NONE', #4820, #8316, #7229 ) ;
#6517 = LINE ( 'NONE', #9265, #7284 ) ;
#6518 = CARTESIAN_POINT ( 'NONE',  ( 5.419062086227037406E-15, 0.000000000000000000, 41.24999999999999289 ) ) ;
#6519 = LINE ( 'NONE', #6412, #5179 ) ;
#6520 = VECTOR ( 'NONE', #1924, 1000.000000000000000 ) ;
#6521 = DIRECTION ( 'NONE',  ( 0.000000000000000000, 1.000000000000000000, -0.000000000000000000 ) ) ;
#6522 = CARTESIAN_POINT ( 'NONE',  ( 27.33493649053875529, 17.49999999999999645, -41.75000000000014211 ) ) ;
#6523 = CARTESIAN_POINT ( 'NONE',  ( 4.504001642398092977E-13, 17.49999999999999645, 42.74999999999999289 ) ) ;
#6524 = CARTESIAN_POINT ( 'NONE',  ( -36.43765219620534168, 2.500000000000002220, 18.75998266654164226 ) ) ;
#6525 = VERTEX_POINT ( 'NONE', #1729 ) ;
#6526 = ORIENTED_EDGE ( 'NONE', *, *, #6070, .T. ) ;
#6527 = VECTOR ( 'NONE', #5370, 1000.000000000000000 ) ;
#6528 = CIRCLE ( 'NONE', #8536, 27.33493649053890096 ) ;
#6529 = EDGE_CURVE ( 'NONE', #3598, #2059, #2052, .T. ) ;
#6530 = ORIENTED_EDGE ( 'NONE', *, *, #1225, .F. ) ;
#6531 = ADVANCED_FACE ( 'NONE', ( #1130 ), #1250, .F. ) ;
#6532 = ORIENTED_EDGE ( 'NONE', *, *, #7945, .F. ) ;
#6533 = LINE ( 'NONE', #8203, #3158 ) ;
#6534 = VECTOR ( 'NONE', #6617, 1000.000000000000000 ) ;
#6535 = EDGE_CURVE ( 'NONE', #7448, #6259, #5095, .T. ) ;
#6536 = VECTOR ( 'NONE', #8932, 1000.000000000000000 ) ;
#6537 = ADVANCED_FACE ( 'NONE', ( #4678 ), #6402, .F. ) ;
#6538 = CARTESIAN_POINT ( 'NONE',  ( 5.235365066354933894E-15, -34.48187929913332539, 42.74999999999999289 ) ) ;
#6539 = ORIENTED_EDGE ( 'NONE', *, *, #8219, .F. ) ;
#6540 = CARTESIAN_POINT ( 'NONE',  ( 43.75000000000014211, -7.292596028743525438E-60, -42.74999999999999289 ) ) ;
#6541 = DIRECTION ( 'NONE',  ( 0.000000000000000000, -1.000000000000000000, 0.000000000000000000 ) ) ;
#6542 = VERTEX_POINT ( 'NONE', #8767 ) ;
#6543 = VERTEX_POINT ( 'NONE', #9627 ) ;
#6544 = AXIS2_PLACEMENT_3D ( 'NONE', #3723, #3669, #6462 ) ;
#6545 = VECTOR ( 'NONE', #331, 1000.000000000000000 ) ;
#6546 = ORIENTED_EDGE ( 'NONE', *, *, #1424, .F. ) ;
#6547 = VERTEX_POINT ( 'NONE', #1790 ) ;
#6548 = AXIS2_PLACEMENT_3D ( 'NONE', #7639, #8659, #6091 ) ;
#6549 = CARTESIAN_POINT ( 'NONE',  ( -10.60660171779821148, 0.000000000000000000, -10.60660171779820615 ) ) ;
#6550 = DIRECTION ( 'NONE',  ( 0.000000000000000000, 0.000000000000000000, 1.000000000000000000 ) ) ;
#6551 = LINE ( 'NONE', #8327, #1042 ) ;
#6552 = ORIENTED_EDGE ( 'NONE', *, *, #1133, .T. ) ;
#6553 = AXIS2_PLACEMENT_3D ( 'NONE', #4620, #6137, #10874 ) ;
#6554 = ORIENTED_EDGE ( 'NONE', *, *, #5527, .T. ) ;
#6555 = DIRECTION ( 'NONE',  ( 0.000000000000000000, 1.000000000000000000, -0.000000000000000000 ) ) ;
#6556 = CARTESIAN_POINT ( 'NONE',  ( 42.74999999999999289, 19.49999999999999645, -2.617682533177465764E-15 ) ) ;
#6557 = CIRCLE ( 'NONE', #8533, 4.999999999999997335 ) ;
#6558 = ORIENTED_EDGE ( 'NONE', *, *, #6472, .F. ) ;
#6559 = ORIENTED_EDGE ( 'NONE', *, *, #8015, .F. ) ;
#6560 = EDGE_CURVE ( 'NONE', #2933, #9655, #4362, .T. ) ;
#6561 = AXIS2_PLACEMENT_3D ( 'NONE', #6957, #4392, #8737 ) ;
#6562 = VECTOR ( 'NONE', #552, 1000.000000000000000 ) ;
#6563 = CARTESIAN_POINT ( 'NONE',  ( -27.33493649053905372, 17.49999999999999645, -43.75000000000004263 ) ) ;
#6564 = DIRECTION ( 'NONE',  ( -0.000000000000000000, -1.000000000000000000, 0.000000000000000000 ) ) ;
#6565 = DIRECTION ( 'NONE',  ( 0.000000000000000000, 1.000000000000000000, 0.000000000000000000 ) ) ;
#6566 = DIRECTION ( 'NONE',  ( 0.000000000000000000, 1.000000000000000000, -0.000000000000000000 ) ) ;
#6567 = VERTEX_POINT ( 'NONE', #4740 ) ;
#6568 = ORIENTED_EDGE ( 'NONE', *, *, #8663, .T. ) ;
#6569 = DIRECTION ( 'NONE',  ( -1.000000000000000000, 1.972152263052529514E-31, 5.659885683814143012E-15 ) ) ;
#6570 = CARTESIAN_POINT ( 'NONE',  ( 43.75000000000013500, 17.49999999999999645, -27.33493649053889740 ) ) ;
#6571 = CARTESIAN_POINT ( 'NONE',  ( -10.51393202250020309, 2.767949192431122807, 14.75000000000000000 ) ) ;
#6572 = ORIENTED_EDGE ( 'NONE', *, *, #5739, .T. ) ;
#6573 = AXIS2_PLACEMENT_3D ( 'NONE', #4094, #9181, #10859 ) ;
#6574 = CARTESIAN_POINT ( 'NONE',  ( 42.74999999999999289, 17.49999999999999645, -2.617682533177465764E-15 ) ) ;
#6575 = ADVANCED_FACE ( 'NONE', ( #5282 ), #7857, .F. ) ;
#6576 = EDGE_CURVE ( 'NONE', #1521, #5567, #3459, .T. ) ;
#6577 = EDGE_LOOP ( 'NONE', ( #7353, #900 ) ) ;
#6578 = ORIENTED_EDGE ( 'NONE', *, *, #6337, .T. ) ;
#6579 = AXIS2_PLACEMENT_3D ( 'NONE', #3162, #3051, #9977 ) ;
#6580 = LINE ( 'NONE', #10017, #4631 ) ;
#6581 = ADVANCED_FACE ( 'NONE', ( #3565 ), #9891, .T. ) ;
#6582 = CARTESIAN_POINT ( 'NONE',  ( 23.11701273061411754, 19.49999999999999645, 26.70405508125121941 ) ) ;
#6583 = LINE ( 'NONE', #7608, #5028 ) ;
#6584 = CYLINDRICAL_SURFACE ( 'NONE', #3724, 1.000000000000000888 ) ;
#6585 = LINE ( 'NONE', #10021, #6731 ) ;
#6586 = DIRECTION ( 'NONE',  ( 4.814558332715257054E-15, -1.972152263052529514E-31, -1.000000000000000000 ) ) ;
#6587 = CARTESIAN_POINT ( 'NONE',  ( -1.393974221767205173E-14, -34.48187929913332539, -2.500000000000231815 ) ) ;
#6588 = FACE_OUTER_BOUND ( 'NONE', #7728, .T. ) ;
#6589 = ORIENTED_EDGE ( 'NONE', *, *, #5056, .F. ) ;
#6590 = ORIENTED_EDGE ( 'NONE', *, *, #7141, .T. ) ;
#6591 = ORIENTED_EDGE ( 'NONE', *, *, #1839, .F. ) ;
#6592 = FACE_OUTER_BOUND ( 'NONE', #4770, .T. ) ;
#6593 = CARTESIAN_POINT ( 'NONE',  ( -12.74999999999999645, 9.500000000000000000, 12.75000000000000000 ) ) ;
#6594 = VERTEX_POINT ( 'NONE', #7258 ) ;
#6595 = CARTESIAN_POINT ( 'NONE',  ( 15.21413057346448205, 2.500000000000000000, 9.628165229955161664 ) ) ;
#6596 = CARTESIAN_POINT ( 'NONE',  ( -42.74999999999996447, 17.49999999999999645, -27.33493649053889740 ) ) ;
#6597 = VERTEX_POINT ( 'NONE', #865 ) ;
#6598 = EDGE_CURVE ( 'NONE', #2375, #6253, #10779, .T. ) ;
#6599 = VERTEX_POINT ( 'NONE', #270 ) ;
#6600 = ADVANCED_FACE ( 'NONE', ( #3768 ), #10759, .T. ) ;
#6601 = ORIENTED_EDGE ( 'NONE', *, *, #6576, .F. ) ;
#6602 = ORIENTED_EDGE ( 'NONE', *, *, #9590, .T. ) ;
#6603 = AXIS2_PLACEMENT_3D ( 'NONE', #3507, #1037, #1794 ) ;
#6604 = LINE ( 'NONE', #3002, #625 ) ;
#6605 = DIRECTION ( 'NONE',  ( -0.7071067811865470176, 0.000000000000000000, 0.7071067811865480168 ) ) ;
#6606 = CARTESIAN_POINT ( 'NONE',  ( 42.74999999999999289, 17.49999999999999645, -2.617682533177465764E-15 ) ) ;
#6607 = ORIENTED_EDGE ( 'NONE', *, *, #2198, .F. ) ;
#6608 = ORIENTED_EDGE ( 'NONE', *, *, #620, .F. ) ;
#6609 = CARTESIAN_POINT ( 'NONE',  ( 12.75000000000000178, 4.500000000000000888, 8.749999999999998224 ) ) ;
#6610 = DIRECTION ( 'NONE',  ( -0.7071067811865475727, 0.000000000000000000, -0.7071067811865475727 ) ) ;
#6611 = ORIENTED_EDGE ( 'NONE', *, *, #2517, .T. ) ;
#6612 = ORIENTED_EDGE ( 'NONE', *, *, #587, .T. ) ;
#6613 = VECTOR ( 'NONE', #4854, 1000.000000000000000 ) ;
#6614 = ADVANCED_FACE ( 'NONE', ( #11102 ), #4163, .T. ) ;
#6615 = CARTESIAN_POINT ( 'NONE',  ( 1.000000000000885958, 17.49999999999999645, 70.08493649053889385 ) ) ;
#6616 = DIRECTION ( 'NONE',  ( 0.000000000000000000, 0.000000000000000000, -1.000000000000000000 ) ) ;
#6617 = DIRECTION ( 'NONE',  ( 0.000000000000000000, 1.000000000000000000, 0.000000000000000000 ) ) ;
#6618 = CIRCLE ( 'NONE', #1326, 1.000000000000000888 ) ;
#6619 = CARTESIAN_POINT ( 'NONE',  ( -2.857883832488640863, 2.500000000000000000, 41.09999999999999432 ) ) ;
#6620 = VERTEX_POINT ( 'NONE', #9251 ) ;
#6621 = ORIENTED_EDGE ( 'NONE', *, *, #11328, .T. ) ;
#6622 = DIRECTION ( 'NONE',  ( -8.326672684688672475E-15, 0.000000000000000000, 1.000000000000000000 ) ) ;
#6623 = CARTESIAN_POINT ( 'NONE',  ( 10.29865620677393245, 2.736604364876169981, -10.91454722882248696 ) ) ;
#6624 = FACE_OUTER_BOUND ( 'NONE', #9483, .T. ) ;
#6625 = ORIENTED_EDGE ( 'NONE', *, *, #10354, .T. ) ;
#6626 = DIRECTION ( 'NONE',  ( -0.000000000000000000, 1.000000000000000000, -0.000000000000000000 ) ) ;
#6627 = VECTOR ( 'NONE', #2471, 999.9999999999998863 ) ;
#6628 = ORIENTED_EDGE ( 'NONE', *, *, #6512, .T. ) ;
#6629 = VERTEX_POINT ( 'NONE', #8343 ) ;
#6630 = EDGE_CURVE ( 'NONE', #10026, #10662, #7663, .T. ) ;
#6631 = CARTESIAN_POINT ( 'NONE',  ( -9.378678851301151198, 2.562687917084008671, 11.83452458429527532 ) ) ;
#6632 = DIRECTION ( 'NONE',  ( 0.7071067811865473507, -0.000000000000000000, -0.7071067811865477948 ) ) ;
#6633 = CARTESIAN_POINT ( 'NONE',  ( -2.499999999999992895, -34.48187929913332539, 3.872150616019648973E-16 ) ) ;
#6634 =( LENGTH_UNIT ( ) NAMED_UNIT ( * ) SI_UNIT ( .MILLI., .METRE. ) );
#6635 = EDGE_CURVE ( 'NONE', #9010, #9934, #3824, .T. ) ;
#6636 = DIRECTION ( 'NONE',  ( -0.000000000000000000, -1.000000000000000000, 0.000000000000000000 ) ) ;
#6637 = CIRCLE ( 'NONE', #6456, 4.999999999999997335 ) ;
#6638 = DIRECTION ( 'NONE',  ( 1.000000000000000000, 0.000000000000000000, -9.151367022657275579E-15 ) ) ;
#6639 = CIRCLE ( 'NONE', #9382, 25.00000000000000355 ) ;
#6640 = ORIENTED_EDGE ( 'NONE', *, *, #10962, .T. ) ;
#6641 = CARTESIAN_POINT ( 'NONE',  ( 42.74999999999999289, 19.49999999999999645, -2.617682533177465764E-15 ) ) ;
#6642 = VERTEX_POINT ( 'NONE', #6507 ) ;
#6643 = ADVANCED_FACE ( 'NONE', ( #9195 ), #10005, .F. ) ;
#6644 = EDGE_CURVE ( 'NONE', #8309, #4894, #4791, .T. ) ;
#6645 = VECTOR ( 'NONE', #10428, 1000.000000000000000 ) ;
#6646 = EDGE_LOOP ( 'NONE', ( #2264, #3731, #7888, #9365, #4519, #10448, #2252 ) ) ;
#6647 = ORIENTED_EDGE ( 'NONE', *, *, #5944, .F. ) ;
#6648 = CARTESIAN_POINT ( 'NONE',  ( 41.75000000000007816, 24.95324863549492633, 3.471804156800871510 ) ) ;
#6649 = LINE ( 'NONE', #3966, #10763 ) ;
#6650 = ORIENTED_EDGE ( 'NONE', *, *, #4308, .F. ) ;
#6651 = DIRECTION ( 'NONE',  ( 0.000000000000000000, 1.000000000000000000, 0.000000000000000000 ) ) ;
#6652 = DIRECTION ( 'NONE',  ( 0.000000000000000000, 0.000000000000000000, -1.000000000000000000 ) ) ;
#6653 = CIRCLE ( 'NONE', #11241, 27.33493649053890096 ) ;
#6654 = ORIENTED_EDGE ( 'NONE', *, *, #2782, .T. ) ;
#6655 = AXIS2_PLACEMENT_3D ( 'NONE', #10000, #2162, #1022 ) ;
#6656 = ORIENTED_EDGE ( 'NONE', *, *, #3887, .F. ) ;
#6657 = EDGE_CURVE ( 'NONE', #5449, #6360, #7848, .T. ) ;
#6658 = EDGE_CURVE ( 'NONE', #1072, #3793, #4914, .T. ) ;
#6659 = ORIENTED_EDGE ( 'NONE', *, *, #10170, .T. ) ;
#6660 = ORIENTED_EDGE ( 'NONE', *, *, #7476, .F. ) ;
#6661 = VECTOR ( 'NONE', #7348, 1000.000000000000000 ) ;
#6662 = CARTESIAN_POINT ( 'NONE',  ( 5.235365066354933894E-15, 2.500000000000000000, 42.74999999999999289 ) ) ;
#6663 = CARTESIAN_POINT ( 'NONE',  ( -42.74999999999999289, 0.000000000000000000, 7.853047599532400842E-15 ) ) ;
#6664 = DIRECTION ( 'NONE',  ( 0.000000000000000000, 1.000000000000000000, -0.000000000000000000 ) ) ;
#6665 = ORIENTED_EDGE ( 'NONE', *, *, #7677, .T. ) ;
#6666 = ADVANCED_FACE ( 'NONE', ( #5022 ), #5880, .F. ) ;
#6667 = VERTEX_POINT ( 'NONE', #3195 ) ;
#6668 = CYLINDRICAL_SURFACE ( 'NONE', #11152, 1.000000000000000888 ) ;
#6669 = CARTESIAN_POINT ( 'NONE',  ( 4.504001642398092977E-13, 17.49999999999999645, 42.74999999999999289 ) ) ;
#6670 = ORIENTED_EDGE ( 'NONE', *, *, #2484, .T. ) ;
#6671 = ORIENTED_EDGE ( 'NONE', *, *, #833, .T. ) ;
#6672 = CIRCLE ( 'NONE', #8137, 3.000000000000000888 ) ;
#6673 = AXIS2_PLACEMENT_3D ( 'NONE', #6906, #2505, #8795 ) ;
#6674 = EDGE_CURVE ( 'NONE', #7883, #8428, #9310, .T. ) ;
#6675 = DIRECTION ( 'NONE',  ( -0.7071067811865473507, 0.000000000000000000, -0.7071067811865477948 ) ) ;
#6676 = FACE_OUTER_BOUND ( 'NONE', #8286, .T. ) ;
#6677 = EDGE_CURVE ( 'NONE', #10342, #2552, #8287, .T. ) ;
#6678 = VECTOR ( 'NONE', #5960, 1000.000000000000000 ) ;
#6679 = CARTESIAN_POINT ( 'NONE',  ( -41.74999999999995026, -34.48187929913332539, 4.898979485566351322 ) ) ;
#6680 = CYLINDRICAL_SURFACE ( 'NONE', #3919, 1.500000000000003997 ) ;
#6681 = EDGE_LOOP ( 'NONE', ( #5671, #8708, #11133, #4016 ) ) ;
#6682 = EDGE_CURVE ( 'NONE', #2186, #7282, #9141, .T. ) ;
#6683 = ORIENTED_EDGE ( 'NONE', *, *, #7416, .T. ) ;
#6684 = DIRECTION ( 'NONE',  ( -0.000000000000000000, -1.000000000000000000, 0.000000000000000000 ) ) ;
#6685 = FACE_OUTER_BOUND ( 'NONE', #10366, .T. ) ;
#6686 = LINE ( 'NONE', #10933, #6562 ) ;
#6687 = EDGE_CURVE ( 'NONE', #7160, #10095, #8399, .T. ) ;
#6688 = ORIENTED_EDGE ( 'NONE', *, *, #4435, .T. ) ;
#6689 = CARTESIAN_POINT ( 'NONE',  ( -42.74999999999999289, 17.49999999999999645, 2.617682533177465764E-15 ) ) ;
#6690 = AXIS2_PLACEMENT_3D ( 'NONE', #7955, #9779, #6288 ) ;
#6691 = ORIENTED_EDGE ( 'NONE', *, *, #697, .F. ) ;
#6692 = ORIENTED_EDGE ( 'NONE', *, *, #169, .F. ) ;
#6693 = CARTESIAN_POINT ( 'NONE',  ( -10.45393097618918254, 2.750343138893432293, 10.75927245940725285 ) ) ;
#6694 = CARTESIAN_POINT ( 'NONE',  ( -41.75000000000007816, 24.95324863549492633, -3.471804156800871510 ) ) ;
#6695 = DIRECTION ( 'NONE',  ( 0.000000000000000000, 0.000000000000000000, -1.000000000000000000 ) ) ;
#6696 = CARTESIAN_POINT ( 'NONE',  ( 2.857883832488646192, 2.500000000000000000, -40.34999999999999432 ) ) ;
#6697 = DIRECTION ( 'NONE',  ( -0.000000000000000000, -1.000000000000000000, 0.000000000000000000 ) ) ;
#6698 = AXIS2_PLACEMENT_3D ( 'NONE', #3128, #6610, #1291 ) ;
#6699 = DIRECTION ( 'NONE',  ( 0.000000000000000000, 0.000000000000000000, 1.000000000000000000 ) ) ;
#6700 = ORIENTED_EDGE ( 'NONE', *, *, #4063, .F. ) ;
#6701 = VECTOR ( 'NONE', #2036, 1000.000000000000000 ) ;
#6702 = DIRECTION ( 'NONE',  ( 0.7071067811865475727, 0.000000000000000000, 0.7071067811865474617 ) ) ;
#6703 = EDGE_LOOP ( 'NONE', ( #3115, #1914, #10070, #10785 ) ) ;
#6704 = CIRCLE ( 'NONE', #1775, 0.7499999999999984457 ) ;
#6705 = VERTEX_POINT ( 'NONE', #435 ) ;
#6706 = ORIENTED_EDGE ( 'NONE', *, *, #10032, .T. ) ;
#6707 = TOROIDAL_SURFACE ( 'NONE', #487, 4.000000000000000000, 2.000000000000000000 ) ;
#6708 = DIRECTION ( 'NONE',  ( 1.000000000000000000, 0.000000000000000000, 4.814558332715257054E-15 ) ) ;
#6709 = CARTESIAN_POINT ( 'NONE',  ( -41.75000000000004974, 17.49999999999999645, -25.33493649053890451 ) ) ;
#6710 = DIRECTION ( 'NONE',  ( 0.000000000000000000, 0.000000000000000000, 1.000000000000000000 ) ) ;
#6711 = VERTEX_POINT ( 'NONE', #4051 ) ;
#6712 = DIRECTION ( 'NONE',  ( 0.000000000000000000, 0.000000000000000000, 1.000000000000000000 ) ) ;
#6713 = DIRECTION ( 'NONE',  ( 0.000000000000000000, 0.000000000000000000, -1.000000000000000000 ) ) ;
#6714 = ORIENTED_EDGE ( 'NONE', *, *, #4044, .F. ) ;
#6715 = EDGE_LOOP ( 'NONE', ( #5100, #421, #10693, #6032 ) ) ;
#6716 = ORIENTED_EDGE ( 'NONE', *, *, #1751, .T. ) ;
#6717 = CIRCLE ( 'NONE', #9827, 0.7500000000000006661 ) ;
#6718 = CIRCLE ( 'NONE', #8729, 25.35466440282023370 ) ;
#6719 = DIRECTION ( 'NONE',  ( 1.000000000000000000, 0.000000000000000000, -2.168404344971009657E-15 ) ) ;
#6720 = ADVANCED_FACE ( 'NONE', ( #11042 ), #8454, .T. ) ;
#6721 = CARTESIAN_POINT ( 'NONE',  ( 0.000000000000000000, 2.500000000000000000, -14.75000000000000000 ) ) ;
#6722 = EDGE_CURVE ( 'NONE', #1978, #2653, #10594, .T. ) ;
#6723 = CARTESIAN_POINT ( 'NONE',  ( -15.41506350946109194, 17.49999999999999645, -1.000000000000146771 ) ) ;
#6724 = VERTEX_POINT ( 'NONE', #2337 ) ;
#6725 = VERTEX_POINT ( 'NONE', #9367 ) ;
#6726 = PLANE ( 'NONE',  #10786 ) ;
#6727 = CARTESIAN_POINT ( 'NONE',  ( -41.74999999999955236, -7.292596028743525438E-60, -42.74999999999999289 ) ) ;
#6728 = ORIENTED_EDGE ( 'NONE', *, *, #2133, .T. ) ;
#6729 = ORIENTED_EDGE ( 'NONE', *, *, #11338, .F. ) ;
#6730 = VECTOR ( 'NONE', #1105, 1000.000000000000000 ) ;
#6731 = VECTOR ( 'NONE', #2235, 1000.000000000000000 ) ;
#6732 = EDGE_CURVE ( 'NONE', #7154, #8792, #5827, .T. ) ;
#6733 = DIRECTION ( 'NONE',  ( 0.000000000000000000, 0.000000000000000000, 1.000000000000000000 ) ) ;
#6734 = CARTESIAN_POINT ( 'NONE',  ( 23.11701273061411754, 0.7898818883216689457, 26.70405508125121941 ) ) ;
#6735 = VECTOR ( 'NONE', #4632, 1000.000000000000000 ) ;
#6736 = DIRECTION ( 'NONE',  ( 1.323076993872123698E-15, 0.000000000000000000, -1.000000000000000000 ) ) ;
#6737 = DIRECTION ( 'NONE',  ( 0.000000000000000000, 0.000000000000000000, -1.000000000000000000 ) ) ;
#6738 = ORIENTED_EDGE ( 'NONE', *, *, #3258, .T. ) ;
#6739 = AXIS2_PLACEMENT_3D ( 'NONE', #3902, #6467, #5666 ) ;
#6740 = ORIENTED_EDGE ( 'NONE', *, *, #10747, .T. ) ;
#6741 = DIRECTION ( 'NONE',  ( -0.000000000000000000, -1.000000000000000000, -0.000000000000000000 ) ) ;
#6742 = CARTESIAN_POINT ( 'NONE',  ( -0.9999999999999071854, 17.49999999999999645, -15.43336124370723539 ) ) ;
#6743 = CARTESIAN_POINT ( 'NONE',  ( -1.518785097687213895E-13, 17.49999999999999645, -42.74999999999999289 ) ) ;
#6744 = ORIENTED_EDGE ( 'NONE', *, *, #6989, .T. ) ;
#6745 = ADVANCED_FACE ( 'NONE', ( #4963 ), #606, .T. ) ;
#6746 = EDGE_CURVE ( 'NONE', #4582, #6366, #10286, .T. ) ;
#6747 = AXIS2_PLACEMENT_3D ( 'NONE', #3997, #1418, #7486 ) ;
#6748 = AXIS2_PLACEMENT_3D ( 'NONE', #7554, #682, #10193 ) ;
#6749 = ADVANCED_FACE ( 'NONE', ( #7941 ), #2618, .F. ) ;
#6750 = ORIENTED_EDGE ( 'NONE', *, *, #7829, .T. ) ;
#6751 = ORIENTED_EDGE ( 'NONE', *, *, #6644, .T. ) ;
#6752 = DIRECTION ( 'NONE',  ( 0.000000000000000000, 0.000000000000000000, -1.000000000000000000 ) ) ;
#6753 = CARTESIAN_POINT ( 'NONE',  ( 12.75000000000000000, 9.500000000000000000, -12.75000000000000000 ) ) ;
#6754 = CARTESIAN_POINT ( 'NONE',  ( -42.74999999999999289, 19.49999999999999645, 2.617682533177465764E-15 ) ) ;
#6755 = CARTESIAN_POINT ( 'NONE',  ( -14.79749800988294872, 19.49999999999999645, -19.76668419071543070 ) ) ;
#6756 = CIRCLE ( 'NONE', #4194, 1.000000000000000888 ) ;
#6757 = DIRECTION ( 'NONE',  ( 0.000000000000000000, 1.000000000000000000, 0.000000000000000000 ) ) ;
#6758 = FACE_OUTER_BOUND ( 'NONE', #3800, .T. ) ;
#6759 = CARTESIAN_POINT ( 'NONE',  ( 42.74999999999999289, 19.49999999999999645, 25.35466440282023015 ) ) ;
#6760 = AXIS2_PLACEMENT_3D ( 'NONE', #8482, #2420, #10318 ) ;
#6761 = EDGE_CURVE ( 'NONE', #7335, #4282, #6847, .T. ) ;
#6762 = ORIENTED_EDGE ( 'NONE', *, *, #2864, .T. ) ;
#6763 = ORIENTED_EDGE ( 'NONE', *, *, #5696, .F. ) ;
#6764 = CARTESIAN_POINT ( 'NONE',  ( 5.235365066354933894E-15, -34.48187929913332539, 44.25000000000000000 ) ) ;
#6765 = LINE ( 'NONE', #4988, #7361 ) ;
#6766 = DIRECTION ( 'NONE',  ( 0.000000000000000000, 0.000000000000000000, -1.000000000000000000 ) ) ;
#6767 = ORIENTED_EDGE ( 'NONE', *, *, #442, .T. ) ;
#6768 = CARTESIAN_POINT ( 'NONE',  ( 46.04999999999999716, -34.48187929913332539, -2.819749255036780099E-15 ) ) ;
#6769 = CARTESIAN_POINT ( 'NONE',  ( 0.000000000000000000, -34.48187929913332539, -41.24999999999999289 ) ) ;
#6770 = ORIENTED_EDGE ( 'NONE', *, *, #657, .T. ) ;
#6771 = ORIENTED_EDGE ( 'NONE', *, *, #5181, .F. ) ;
#6772 = EDGE_LOOP ( 'NONE', ( #10894, #4311, #1607, #11282, #1509, #5444, #6401 ) ) ;
#6773 = DIRECTION ( 'NONE',  ( 0.000000000000000000, 0.000000000000000000, 1.000000000000000000 ) ) ;
#6774 = EDGE_CURVE ( 'NONE', #9933, #2128, #1084, .T. ) ;
#6775 = DIRECTION ( 'NONE',  ( 0.000000000000000000, 0.000000000000000000, -1.000000000000000000 ) ) ;
#6776 = PLANE ( 'NONE',  #8196 ) ;
#6777 = EDGE_LOOP ( 'NONE', ( #7038, #9070, #3789, #9420 ) ) ;
#6778 = ORIENTED_EDGE ( 'NONE', *, *, #121, .T. ) ;
#6779 = DIRECTION ( 'NONE',  ( -1.264613413987092214E-14, 0.000000000000000000, -1.000000000000000000 ) ) ;
#6780 = EDGE_CURVE ( 'NONE', #10516, #2919, #3537, .T. ) ;
#6781 = CARTESIAN_POINT ( 'NONE',  ( -2.500000000000010214, 0.000000000000000000, 38.41987298107780902 ) ) ;
#6782 = EDGE_LOOP ( 'NONE', ( #1680, #4043, #8423, #5403, #6437, #9139, #10539 ) ) ;
#6783 = ORIENTED_EDGE ( 'NONE', *, *, #5244, .T. ) ;
#6784 = EDGE_CURVE ( 'NONE', #2950, #5637, #897, .T. ) ;
#6785 = ADVANCED_FACE ( 'NONE', ( #10518 ), #6904, .T. ) ;
#6786 = ADVANCED_FACE ( 'NONE', ( #9485 ), #8565, .T. ) ;
#6787 = FACE_OUTER_BOUND ( 'NONE', #7689, .T. ) ;
#6788 = CARTESIAN_POINT ( 'NONE',  ( 42.74999999999999289, 17.49999999999999645, -2.617682533177465764E-15 ) ) ;
#6789 = CARTESIAN_POINT ( 'NONE',  ( 43.74999999999993605, 24.95324863549492633, -3.471804156800864405 ) ) ;
#6790 = DIRECTION ( 'NONE',  ( 0.000000000000000000, 0.000000000000000000, 1.000000000000000000 ) ) ;
#6791 = EDGE_LOOP ( 'NONE', ( #994, #540, #8894, #10573, #1257 ) ) ;
#6792 = VERTEX_POINT ( 'NONE', #7707 ) ;
#6793 = CARTESIAN_POINT ( 'NONE',  ( -0.9999999999999185096, 17.49999999999999645, -17.41506350946108483 ) ) ;
#6794 = DIRECTION ( 'NONE',  ( 0.000000000000000000, 1.000000000000000000, 0.000000000000000000 ) ) ;
#6795 = CARTESIAN_POINT ( 'NONE',  ( 4.504001642398092977E-13, 19.49999999999999645, 17.39533559717976274 ) ) ;
#6796 = ORIENTED_EDGE ( 'NONE', *, *, #4699, .T. ) ;
#6797 = CIRCLE ( 'NONE', #7152, 25.35466440282023370 ) ;
#6798 = CARTESIAN_POINT ( 'NONE',  ( -2.857883832488640863, -34.48187929913332539, 41.09999999999999432 ) ) ;
#6799 = VECTOR ( 'NONE', #3142, 1000.000000000000000 ) ;
#6800 = ORIENTED_EDGE ( 'NONE', *, *, #4385, .T. ) ;
#6801 = DIRECTION ( 'NONE',  ( 0.7071067811865481278, 0.000000000000000000, 0.7071067811865470176 ) ) ;
#6802 = FACE_OUTER_BOUND ( 'NONE', #5750, .T. ) ;
#6803 = DIRECTION ( 'NONE',  ( 0.000000000000000000, -0.000000000000000000, 1.000000000000000000 ) ) ;
#6804 = CARTESIAN_POINT ( 'NONE',  ( 0.000000000000000000, 17.49999999999999645, 0.000000000000000000 ) ) ;
#6805 = CARTESIAN_POINT ( 'NONE',  ( 37.75000000000000000, 2.500000000000000000, 1.000000000000098144 ) ) ;
#6806 = DIRECTION ( 'NONE',  ( -0.7071067811865477948, 0.000000000000000000, 0.7071067811865473507 ) ) ;
#6807 = EDGE_CURVE ( 'NONE', #7154, #10898, #5464, .T. ) ;
#6808 = LINE ( 'NONE', #3377, #6249 ) ;
#6809 = VECTOR ( 'NONE', #990, 1000.000000000000000 ) ;
#6810 = ORIENTED_EDGE ( 'NONE', *, *, #6429, .T. ) ;
#6811 = ORIENTED_EDGE ( 'NONE', *, *, #1856, .F. ) ;
#6812 = CARTESIAN_POINT ( 'NONE',  ( -10.45393097618917544, 2.750343138893425188, -10.75927245940724397 ) ) ;
#6813 = CIRCLE ( 'NONE', #1364, 0.7499999999999984457 ) ;
#6814 = CARTESIAN_POINT ( 'NONE',  ( -41.75000000000007816, 24.95324863549492633, -3.471804156800871510 ) ) ;
#6815 = AXIS2_PLACEMENT_3D ( 'NONE', #6420, #8369, #8590 ) ;
#6816 = CARTESIAN_POINT ( 'NONE',  ( -41.75000000000014211, 2.500000000000000000, 42.74999999999999289 ) ) ;
#6817 = CARTESIAN_POINT ( 'NONE',  ( -27.59881743137351151, 47.49999999999998579, 27.59881743137348664 ) ) ;
#6818 = CARTESIAN_POINT ( 'NONE',  ( -26.70405508125148941, 19.49999999999999645, -23.11701273061383688 ) ) ;
#6819 = EDGE_CURVE ( 'NONE', #988, #2623, #9597, .T. ) ;
#6820 = EDGE_LOOP ( 'NONE', ( #688, #2831, #1799, #3974 ) ) ;
#6821 = CARTESIAN_POINT ( 'NONE',  ( 15.33883813756172643, 17.49999999999999645, -18.92588048819955659 ) ) ;
#6822 = DIRECTION ( 'NONE',  ( 0.000000000000000000, 1.000000000000000000, 0.000000000000000000 ) ) ;
#6823 = EDGE_CURVE ( 'NONE', #11049, #434, #8571, .T. ) ;
#6824 = ORIENTED_EDGE ( 'NONE', *, *, #721, .T. ) ;
#6825 = VECTOR ( 'NONE', #7032, 1000.000000000000000 ) ;
#6826 = ORIENTED_EDGE ( 'NONE', *, *, #7863, .F. ) ;
#6827 = VERTEX_POINT ( 'NONE', #33 ) ;
#6828 = DIRECTION ( 'NONE',  ( -1.000000000000000000, 0.000000000000000000, 2.220446049250312292E-15 ) ) ;
#6829 = AXIS2_PLACEMENT_3D ( 'NONE', #7668, #4226, #11218 ) ;
#6830 = CARTESIAN_POINT ( 'NONE',  ( -14.75000000000000000, 2.500000000000000000, 10.51393202250021019 ) ) ;
#6831 = CIRCLE ( 'NONE', #9757, 0.7499999999999984457 ) ;
#6832 = DIRECTION ( 'NONE',  ( 0.000000000000000000, 1.000000000000000000, -0.000000000000000000 ) ) ;
#6833 = ORIENTED_EDGE ( 'NONE', *, *, #9160, .F. ) ;
#6834 = EDGE_LOOP ( 'NONE', ( #6833, #2018, #7890 ) ) ;
#6835 = LINE ( 'NONE', #2491, #2555 ) ;
#6836 = DIRECTION ( 'NONE',  ( -0.000000000000000000, -1.000000000000000000, 0.000000000000000000 ) ) ;
#6837 = ORIENTED_EDGE ( 'NONE', *, *, #1164, .T. ) ;
#6838 = ORIENTED_EDGE ( 'NONE', *, *, #6254, .T. ) ;
#6839 = CIRCLE ( 'NONE', #1911, 27.33493649053890096 ) ;
#6840 = AXIS2_PLACEMENT_3D ( 'NONE', #7082, #7142, #2748 ) ;
#6841 = CYLINDRICAL_SURFACE ( 'NONE', #5721, 25.00000000000000355 ) ;
#6842 = PLANE ( 'NONE',  #1361 ) ;
#6843 = CARTESIAN_POINT ( 'NONE',  ( 38.41987298107780902, -34.48187929913332539, 2.500000000000005773 ) ) ;
#6844 = CARTESIAN_POINT ( 'NONE',  ( 5.235365066354933894E-15, -34.48187929913332539, 42.74999999999999289 ) ) ;
#6845 = VERTEX_POINT ( 'NONE', #11265 ) ;
#6846 = ORIENTED_EDGE ( 'NONE', *, *, #7503, .T. ) ;
#6847 = LINE ( 'NONE', #5079, #5842 ) ;
#6848 = CARTESIAN_POINT ( 'NONE',  ( 7.778174593052015418, 0.000000000000000000, 7.778174593052014529 ) ) ;
#6849 = CIRCLE ( 'NONE', #2095, 1.000000000000000888 ) ;
#6850 = CARTESIAN_POINT ( 'NONE',  ( 42.74999999999999289, 17.49999999999999645, -2.617682533177465764E-15 ) ) ;
#6851 = ORIENTED_EDGE ( 'NONE', *, *, #4507, .F. ) ;
#6852 = DIRECTION ( 'NONE',  ( -1.264613413987092056E-14, 0.000000000000000000, -1.000000000000000000 ) ) ;
#6853 = AXIS2_PLACEMENT_3D ( 'NONE', #2979, #280, #8244 ) ;
#6854 = VERTEX_POINT ( 'NONE', #8618 ) ;
#6855 = DIRECTION ( 'NONE',  ( 0.7071067811865474617, 0.000000000000000000, 0.7071067811865474617 ) ) ;
#6856 = CIRCLE ( 'NONE', #8322, 25.35466440282023370 ) ;
#6857 = DIRECTION ( 'NONE',  ( -0.000000000000000000, -1.000000000000000000, -0.000000000000000000 ) ) ;
#6858 = CARTESIAN_POINT ( 'NONE',  ( 0.000000000000000000, 19.49999999999999645, 0.000000000000000000 ) ) ;
#6859 = CARTESIAN_POINT ( 'NONE',  ( -6.133173666733496158E-15, 47.49999999999998579, -6.133173666733496158E-15 ) ) ;
#6860 = LINE ( 'NONE', #2407, #4670 ) ;
#6861 = DIRECTION ( 'NONE',  ( 0.000000000000000000, 1.000000000000000000, 0.000000000000000000 ) ) ;
#6862 = EDGE_CURVE ( 'NONE', #10376, #6274, #776, .T. ) ;
#6863 = CARTESIAN_POINT ( 'NONE',  ( -0.9999999999993963717, 2.500000000000000000, 47.75000000000000711 ) ) ;
#6864 = VECTOR ( 'NONE', #7610, 1000.000000000000000 ) ;
#6865 = ADVANCED_FACE ( 'NONE', ( #4273 ), #7768, .F. ) ;
#6866 = ORIENTED_EDGE ( 'NONE', *, *, #8405, .F. ) ;
#6867 = EDGE_LOOP ( 'NONE', ( #5704, #7624, #2038, #1946, #5396, #10439, #4576, #4248 ) ) ;
#6868 = DIRECTION ( 'NONE',  ( -1.000000000000000000, 0.000000000000000000, 1.040773042068946910E-14 ) ) ;
#6869 = CIRCLE ( 'NONE', #3589, 1.000000000000000888 ) ;
#6870 = CARTESIAN_POINT ( 'NONE',  ( -12.75000000000000000, 9.500000000000000000, -13.74999999999999822 ) ) ;
#6871 = DIRECTION ( 'NONE',  ( 0.000000000000000000, 0.000000000000000000, 1.000000000000000000 ) ) ;
#6872 = LINE ( 'NONE', #8589, #2835 ) ;
#6873 = DIRECTION ( 'NONE',  ( 0.000000000000000000, 1.000000000000000000, 0.000000000000000000 ) ) ;
#6874 = DIRECTION ( 'NONE',  ( -0.7071067811865483499, 0.000000000000000000, 0.7071067811865467956 ) ) ;
#6875 = ORIENTED_EDGE ( 'NONE', *, *, #1025, .T. ) ;
#6876 = PLANE ( 'NONE',  #6760 ) ;
#6877 = DIRECTION ( 'NONE',  ( -9.151367022657275579E-15, -1.972152263052529514E-31, -1.000000000000000000 ) ) ;
#6878 = ORIENTED_EDGE ( 'NONE', *, *, #5713, .F. ) ;
#6879 = EDGE_CURVE ( 'NONE', #2382, #8996, #2179, .T. ) ;
#6880 = CIRCLE ( 'NONE', #5971, 27.33493649053890096 ) ;
#6881 = EDGE_CURVE ( 'NONE', #10737, #10596, #6053, .T. ) ;
#6882 = VERTEX_POINT ( 'NONE', #6793 ) ;
#6883 = ORIENTED_EDGE ( 'NONE', *, *, #7774, .T. ) ;
#6884 = EDGE_CURVE ( 'NONE', #6948, #3382, #5189, .T. ) ;
#6885 = ADVANCED_FACE ( 'NONE', ( #2843 ), #1175, .F. ) ;
#6886 = DIRECTION ( 'NONE',  ( 0.7071067811865477948, 0.000000000000000000, -0.7071067811865473507 ) ) ;
#6887 = AXIS2_PLACEMENT_3D ( 'NONE', #6727, #11148, #4041 ) ;
#6888 = DIRECTION ( 'NONE',  ( 0.000000000000000000, 0.000000000000000000, 1.000000000000000000 ) ) ;
#6889 = DIRECTION ( 'NONE',  ( 0.000000000000000000, 1.000000000000000000, 0.000000000000000000 ) ) ;
#6890 = ORIENTED_EDGE ( 'NONE', *, *, #7572, .F. ) ;
#6891 = ORIENTED_EDGE ( 'NONE', *, *, #5384, .T. ) ;
#6892 = CARTESIAN_POINT ( 'NONE',  ( -12.75000000000000000, 0.000000000000000000, -13.74999999999999822 ) ) ;
#6893 = VERTEX_POINT ( 'NONE', #10682 ) ;
#6894 = DIRECTION ( 'NONE',  ( 0.000000000000000000, 0.000000000000000000, 1.000000000000000000 ) ) ;
#6895 = AXIS2_PLACEMENT_3D ( 'NONE', #5147, #5201, #9495 ) ;
#6896 = AXIS2_PLACEMENT_3D ( 'NONE', #3803, #300, #7291 ) ;
#6897 = EDGE_CURVE ( 'NONE', #10516, #4271, #2951, .T. ) ;
#6898 = DIRECTION ( 'NONE',  ( -0.000000000000000000, -1.000000000000000000, -0.000000000000000000 ) ) ;
#6899 = DIRECTION ( 'NONE',  ( 1.000000000000000000, -1.972152263052529514E-31, -1.264284836150040893E-14 ) ) ;
#6900 = LINE ( 'NONE', #10456, #7451 ) ;
#6901 = DIRECTION ( 'NONE',  ( 0.000000000000000000, 1.000000000000000000, 0.000000000000000000 ) ) ;
#6902 = ORIENTED_EDGE ( 'NONE', *, *, #1993, .T. ) ;
#6903 = ORIENTED_EDGE ( 'NONE', *, *, #68, .T. ) ;
#6904 = CYLINDRICAL_SURFACE ( 'NONE', #7478, 2.000000000000000000 ) ;
#6905 = DIRECTION ( 'NONE',  ( 0.000000000000000000, 0.000000000000000000, 1.000000000000000000 ) ) ;
#6906 = CARTESIAN_POINT ( 'NONE',  ( 1.486905836551403652E-14, -34.48187929913332539, 2.499999999999752642 ) ) ;
#6907 = ORIENTED_EDGE ( 'NONE', *, *, #5465, .F. ) ;
#6908 = EDGE_CURVE ( 'NONE', #5785, #5879, #5580, .T. ) ;
#6909 = AXIS2_PLACEMENT_3D ( 'NONE', #739, #4014, #8359 ) ;
#6910 = LINE ( 'NONE', #1377, #4529 ) ;
#6911 = ORIENTED_EDGE ( 'NONE', *, *, #1514, .T. ) ;
#6912 = AXIS2_PLACEMENT_3D ( 'NONE', #5717, #10132, #5777 ) ;
#6913 = ORIENTED_EDGE ( 'NONE', *, *, #6429, .F. ) ;
#6914 = FACE_BOUND ( 'NONE', #8101, .T. ) ;
#6915 = CARTESIAN_POINT ( 'NONE',  ( -12.74999999999999645, 0.000000000000000000, 11.75000000000000000 ) ) ;
#6916 = FACE_OUTER_BOUND ( 'NONE', #1156, .T. ) ;
#6917 = DIRECTION ( 'NONE',  ( -0.000000000000000000, -1.000000000000000000, -0.000000000000000000 ) ) ;
#6918 = EDGE_CURVE ( 'NONE', #6423, #11018, #7136, .T. ) ;
#6919 = DIRECTION ( 'NONE',  ( -0.000000000000000000, -1.000000000000000000, -0.000000000000000000 ) ) ;
#6920 = CARTESIAN_POINT ( 'NONE',  ( -22.64906996306767084, 2.500000000000002220, 7.092720776963610696 ) ) ;
#6921 = AXIS2_PLACEMENT_3D ( 'NONE', #1277, #3049, #3913 ) ;
#6922 = CARTESIAN_POINT ( 'NONE',  ( 27.28291891559792859, 17.49999999999999645, 22.53814889626740836 ) ) ;
#6923 = EDGE_CURVE ( 'NONE', #10767, #8540, #6331, .T. ) ;
#6924 = ADVANCED_FACE ( 'NONE', ( #7302 ), #9877, .F. ) ;
#6925 = ORIENTED_EDGE ( 'NONE', *, *, #7794, .T. ) ;
#6926 = EDGE_LOOP ( 'NONE', ( #3458, #3752, #10554, #4235, #3490, #7944, #8433 ) ) ;
#6927 = DIRECTION ( 'NONE',  ( 0.000000000000000000, 0.000000000000000000, 1.000000000000000000 ) ) ;
#6928 = CARTESIAN_POINT ( 'NONE',  ( 41.75000000000007816, 2.500000000000000000, 4.999999999999995559 ) ) ;
#6929 = CARTESIAN_POINT ( 'NONE',  ( 14.75000000000000178, 2.617681020863021679, -10.11975178147346099 ) ) ;
#6930 = LINE ( 'NONE', #9509, #10325 ) ;
#6931 = DIRECTION ( 'NONE',  ( 0.000000000000000000, 0.000000000000000000, 1.000000000000000000 ) ) ;
#6932 = PLANE ( 'NONE',  #8024 ) ;
#6933 = ORIENTED_EDGE ( 'NONE', *, *, #4853, .T. ) ;
#6934 = CARTESIAN_POINT ( 'NONE',  ( -1.518785097687213895E-13, 19.49999999999999645, -42.74999999999999289 ) ) ;
#6935 = CARTESIAN_POINT ( 'NONE',  ( 12.75000000000000000, 0.000000000000000000, -11.75000000000000000 ) ) ;
#6936 = ORIENTED_EDGE ( 'NONE', *, *, #2010, .T. ) ;
#6937 = AXIS2_PLACEMENT_3D ( 'NONE', #5404, #4542, #2027 ) ;
#6938 = ORIENTED_EDGE ( 'NONE', *, *, #11297, .T. ) ;
#6939 = ORIENTED_EDGE ( 'NONE', *, *, #9517, .F. ) ;
#6940 = CARTESIAN_POINT ( 'NONE',  ( 43.75000000000014211, 0.000000000000000000, -42.74999999999999289 ) ) ;
#6941 = CIRCLE ( 'NONE', #4398, 2.000000000000000000 ) ;
#6942 = CARTESIAN_POINT ( 'NONE',  ( -14.75000000000000000, 2.500000000000000000, 9.285898384862246502 ) ) ;
#6943 = DIRECTION ( 'NONE',  ( 0.000000000000000000, 1.000000000000000000, -0.000000000000000000 ) ) ;
#6944 = ORIENTED_EDGE ( 'NONE', *, *, #3322, .T. ) ;
#6945 = ORIENTED_EDGE ( 'NONE', *, *, #10437, .T. ) ;
#6946 = DIRECTION ( 'NONE',  ( 0.000000000000000000, 0.000000000000000000, 1.000000000000000000 ) ) ;
#6947 = LINE ( 'NONE', #6041, #1041 ) ;
#6948 = VERTEX_POINT ( 'NONE', #7243 ) ;
#6949 = CARTESIAN_POINT ( 'NONE',  ( 12.75000000000000178, 9.500000000000000000, 12.75000000000000000 ) ) ;
#6950 = ADVANCED_FACE ( 'NONE', ( #6439 ), #4664, .F. ) ;
#6951 = FACE_OUTER_BOUND ( 'NONE', #3339, .T. ) ;
#6952 = FACE_OUTER_BOUND ( 'NONE', #5026, .T. ) ;
#6953 = CARTESIAN_POINT ( 'NONE',  ( 42.74999999999999289, 19.49999999999999645, 27.33493649053889740 ) ) ;
#6954 = LINE ( 'NONE', #1583, #65 ) ;
#6955 = ORIENTED_EDGE ( 'NONE', *, *, #4716, .T. ) ;
#6956 = ORIENTED_EDGE ( 'NONE', *, *, #3460, .F. ) ;
#6957 = CARTESIAN_POINT ( 'NONE',  ( -27.41116186243804265, 17.49999999999999645, 23.82411951180038656 ) ) ;
#6958 = DIRECTION ( 'NONE',  ( 9.151367022657275579E-15, 0.000000000000000000, 1.000000000000000000 ) ) ;
#6959 = CARTESIAN_POINT ( 'NONE',  ( 8.877416997969529433, 2.500000000000000000, 14.75000000000000000 ) ) ;
#6960 = ORIENTED_EDGE ( 'NONE', *, *, #11242, .T. ) ;
#6961 = DIRECTION ( 'NONE',  ( 0.000000000000000000, 0.000000000000000000, 1.000000000000000000 ) ) ;
#6962 = ORIENTED_EDGE ( 'NONE', *, *, #7209, .F. ) ;
#6963 = ADVANCED_FACE ( 'NONE', ( #3816 ), #257, .T. ) ;
#6964 = EDGE_LOOP ( 'NONE', ( #4074, #585, #9055 ) ) ;
#6965 = FACE_BOUND ( 'NONE', #9628, .T. ) ;
#6966 = CARTESIAN_POINT ( 'NONE',  ( -2.857883832488646192, -34.48187929913332539, -41.09999999999999432 ) ) ;
#6967 = CARTESIAN_POINT ( 'NONE',  ( -42.74999999999999289, -34.48187929913332539, 7.853047599532400842E-15 ) ) ;
#6968 = VECTOR ( 'NONE', #7161, 1000.000000000000000 ) ;
#6969 = DIRECTION ( 'NONE',  ( 0.7071067811865474617, 0.000000000000000000, -0.7071067811865474617 ) ) ;
#6970 = DIRECTION ( 'NONE',  ( 0.000000000000000000, 1.000000000000000000, 0.000000000000000000 ) ) ;
#6971 = CARTESIAN_POINT ( 'NONE',  ( 19.63298726938604943, 19.49999999999999645, 16.04594491874832940 ) ) ;
#6972 = DIRECTION ( 'NONE',  ( -0.000000000000000000, -1.000000000000000000, 0.000000000000000000 ) ) ;
#6973 = AXIS2_PLACEMENT_3D ( 'NONE', #217, #2859, #6237 ) ;
#6974 = EDGE_CURVE ( 'NONE', #2363, #11330, #7187, .T. ) ;
#6975 = ORIENTED_EDGE ( 'NONE', *, *, #5863, .F. ) ;
#6976 = VERTEX_POINT ( 'NONE', #202 ) ;
#6977 = DIRECTION ( 'NONE',  ( -9.151367022657275579E-15, -1.972152263052529514E-31, -1.000000000000000000 ) ) ;
#6978 = EDGE_CURVE ( 'NONE', #5509, #1872, #10220, .T. ) ;
#6979 = CARTESIAN_POINT ( 'NONE',  ( 4.999999999999846345, 2.500000000000000000, -41.75000000000009237 ) ) ;
#6980 = CARTESIAN_POINT ( 'NONE',  ( 43.75000000000011369, 17.49999999999999645, -25.33493649053889740 ) ) ;
#6981 = CARTESIAN_POINT ( 'NONE',  ( 2.499999999999834355, 0.000000000000000000, -9.951427083169871692E-15 ) ) ;
#6982 = CARTESIAN_POINT ( 'NONE',  ( 10.91285088009364657, 2.736797311526159682, 10.30035255550278350 ) ) ;
#6983 = DIRECTION ( 'NONE',  ( -0.000000000000000000, -1.000000000000000000, 0.000000000000000000 ) ) ;
#6984 = AXIS2_PLACEMENT_3D ( 'NONE', #8092, #3638, #2727 ) ;
#6985 = ORIENTED_EDGE ( 'NONE', *, *, #5301, .F. ) ;
#6986 = DIRECTION ( 'NONE',  ( 0.000000000000000000, 1.000000000000000000, 0.000000000000000000 ) ) ;
#6987 = DIRECTION ( 'NONE',  ( -0.000000000000000000, -1.000000000000000000, 0.000000000000000000 ) ) ;
#6988 = ORIENTED_EDGE ( 'NONE', *, *, #3039, .F. ) ;
#6989 = EDGE_CURVE ( 'NONE', #1764, #8241, #8031, .T. ) ;
#6990 = VECTOR ( 'NONE', #5506, 1000.000000000000000 ) ;
#6991 = VERTEX_POINT ( 'NONE', #4726 ) ;
#6992 = ORIENTED_EDGE ( 'NONE', *, *, #2608, .T. ) ;
#6993 = CARTESIAN_POINT ( 'NONE',  ( -43.74999999999955236, 17.49999999999999645, -42.75000000000000000 ) ) ;
#6994 = DIRECTION ( 'NONE',  ( 0.000000000000000000, -1.000000000000000000, 0.000000000000000000 ) ) ;
#6995 = DIRECTION ( 'NONE',  ( 0.000000000000000000, -1.000000000000000000, 0.000000000000000000 ) ) ;
#6996 = ORIENTED_EDGE ( 'NONE', *, *, #7128, .T. ) ;
#6997 = ORIENTED_EDGE ( 'NONE', *, *, #2668, .T. ) ;
#6998 = CARTESIAN_POINT ( 'NONE',  ( 0.9999999999997302158, -34.48187929913332539, -47.64897948556640728 ) ) ;
#6999 = DIRECTION ( 'NONE',  ( 0.000000000000000000, -0.000000000000000000, 1.000000000000000000 ) ) ;
#7000 = AXIS2_PLACEMENT_3D ( 'NONE', #7879, #142, #5304 ) ;
#7001 = EDGE_CURVE ( 'NONE', #7706, #5534, #4497, .T. ) ;
#7002 = VERTEX_POINT ( 'NONE', #9008 ) ;
#7003 = AXIS2_PLACEMENT_3D ( 'NONE', #8704, #5161, #7966 ) ;
#7004 = DIRECTION ( 'NONE',  ( 3.608844374130319986E-15, 0.000000000000000000, 1.000000000000000000 ) ) ;
#7005 = EDGE_CURVE ( 'NONE', #1459, #3241, #5470, .T. ) ;
#7006 = CIRCLE ( 'NONE', #8296, 3.000000000000000888 ) ;
#7007 = AXIS2_PLACEMENT_3D ( 'NONE', #5824, #2216, #8451 ) ;
#7008 = LINE ( 'NONE', #6218, #4624 ) ;
#7009 = DIRECTION ( 'NONE',  ( 0.000000000000000000, 1.000000000000000000, 0.000000000000000000 ) ) ;
#7010 = EDGE_CURVE ( 'NONE', #6792, #1103, #7074, .T. ) ;
#7011 = CARTESIAN_POINT ( 'NONE',  ( 47.74999999999999289, 2.500000000000000000, -1.000000000000103473 ) ) ;
#7012 = DIRECTION ( 'NONE',  ( -0.000000000000000000, 1.000000000000000000, -0.000000000000000000 ) ) ;
#7013 = ORIENTED_EDGE ( 'NONE', *, *, #227, .T. ) ;
#7014 = ORIENTED_EDGE ( 'NONE', *, *, #10733, .F. ) ;
#7015 = CARTESIAN_POINT ( 'NONE',  ( 14.79749800988282438, 19.49999999999999645, -19.76668419071554794 ) ) ;
#7016 = LINE ( 'NONE', #1824, #4682 ) ;
#7017 = CARTESIAN_POINT ( 'NONE',  ( 27.33493649053935926, 17.49999999999999645, 43.74999999999985079 ) ) ;
#7018 = EDGE_LOOP ( 'NONE', ( #6591, #4878, #10950, #5360, #1781 ) ) ;
#7019 = DIRECTION ( 'NONE',  ( 0.000000000000000000, 1.000000000000000000, -0.000000000000000000 ) ) ;
#7020 = ORIENTED_EDGE ( 'NONE', *, *, #6332, .T. ) ;
#7021 = AXIS2_PLACEMENT_3D ( 'NONE', #1184, #4672, #9669 ) ;
#7022 = AXIS2_PLACEMENT_3D ( 'NONE', #544, #4325, #4154 ) ;
#7023 = ADVANCED_FACE ( 'NONE', ( #8957 ), #6386, .T. ) ;
#7024 = EDGE_CURVE ( 'NONE', #6227, #2113, #5115, .T. ) ;
#7025 = DIRECTION ( 'NONE',  ( 1.000000000000000000, 0.000000000000000000, -3.557752503352412152E-15 ) ) ;
#7026 = FACE_BOUND ( 'NONE', #11296, .T. ) ;
#7027 = EDGE_CURVE ( 'NONE', #5879, #2934, #902, .T. ) ;
#7028 = VECTOR ( 'NONE', #10973, 1000.000000000000000 ) ;
#7029 = EDGE_CURVE ( 'NONE', #11310, #1475, #9864, .T. ) ;
#7030 = CARTESIAN_POINT ( 'NONE',  ( -2.857883832488646192, 0.000000000000000000, -40.34999999999999432 ) ) ;
#7031 = FACE_OUTER_BOUND ( 'NONE', #7987, .T. ) ;
#7032 = DIRECTION ( 'NONE',  ( 1.323076993872123698E-15, 0.000000000000000000, -1.000000000000000000 ) ) ;
#7033 = CARTESIAN_POINT ( 'NONE',  ( -2.500000000000011546, -34.48187929913332539, 38.41987298107780902 ) ) ;
#7034 = DIRECTION ( 'NONE',  ( 0.000000000000000000, 0.000000000000000000, 1.000000000000000000 ) ) ;
#7035 = CARTESIAN_POINT ( 'NONE',  ( 42.74999999999996447, 17.49999999999999645, 27.33493649053889740 ) ) ;
#7036 = AXIS2_PLACEMENT_3D ( 'NONE', #805, #57, #7734 ) ;
#7037 = VERTEX_POINT ( 'NONE', #7584 ) ;
#7038 = ORIENTED_EDGE ( 'NONE', *, *, #5620, .F. ) ;
#7039 = DIRECTION ( 'NONE',  ( 0.000000000000000000, 1.000000000000000000, 0.000000000000000000 ) ) ;
#7040 = CYLINDRICAL_SURFACE ( 'NONE', #3174, 25.00000000000000711 ) ;
#7041 = CARTESIAN_POINT ( 'NONE',  ( 27.33493649053935570, 17.49999999999999645, 42.74999999999993605 ) ) ;
#7042 = CYLINDRICAL_SURFACE ( 'NONE', #1551, 1.000000000000000888 ) ;
#7043 = DIRECTION ( 'NONE',  ( 0.000000000000000000, 0.000000000000000000, 1.000000000000000000 ) ) ;
#7044 = AXIS2_PLACEMENT_3D ( 'NONE', #972, #7729, #5157 ) ;
#7045 = DIRECTION ( 'NONE',  ( 1.000000000000000000, 0.000000000000000000, -2.168404344971008474E-15 ) ) ;
#7046 = VERTEX_POINT ( 'NONE', #2324 ) ;
#7047 = LINE ( 'NONE', #2872, #389 ) ;
#7048 = DIRECTION ( 'NONE',  ( 0.000000000000000000, 1.000000000000000000, 0.000000000000000000 ) ) ;
#7049 = ORIENTED_EDGE ( 'NONE', *, *, #513, .F. ) ;
#7050 = EDGE_CURVE ( 'NONE', #724, #6399, #1466, .T. ) ;
#7051 = VECTOR ( 'NONE', #3998, 1000.000000000000000 ) ;
#7052 = ORIENTED_EDGE ( 'NONE', *, *, #9276, .T. ) ;
#7053 = ORIENTED_EDGE ( 'NONE', *, *, #5594, .T. ) ;
#7054 = LINE ( 'NONE', #9802, #9363 ) ;
#7055 = PLANE ( 'NONE',  #3450 ) ;
#7056 = VERTEX_POINT ( 'NONE', #4895 ) ;
#7057 = VERTEX_POINT ( 'NONE', #4835 ) ;
#7058 = DIRECTION ( 'NONE',  ( 0.000000000000000000, 1.000000000000000000, -0.000000000000000000 ) ) ;
#7059 = EDGE_CURVE ( 'NONE', #1103, #9421, #1638, .T. ) ;
#7060 = DIRECTION ( 'NONE',  ( 0.000000000000000000, 1.000000000000000000, 0.000000000000000000 ) ) ;
#7061 = AXIS2_PLACEMENT_3D ( 'NONE', #3009, #7585, #8389 ) ;
#7062 = ORIENTED_EDGE ( 'NONE', *, *, #3108, .F. ) ;
#7063 = CARTESIAN_POINT ( 'NONE',  ( 12.75000000000000000, 2.500000000000000000, -13.74999999999999822 ) ) ;
#7064 = CIRCLE ( 'NONE', #8525, 25.00000000000000711 ) ;
#7065 = EDGE_CURVE ( 'NONE', #3874, #10376, #6756, .T. ) ;
#7066 = EDGE_CURVE ( 'NONE', #237, #7153, #480, .T. ) ;
#7067 = FACE_OUTER_BOUND ( 'NONE', #3030, .T. ) ;
#7068 = CARTESIAN_POINT ( 'NONE',  ( 12.75000000000000000, 9.500000000000000000, -12.75000000000000000 ) ) ;
#7069 = AXIS2_PLACEMENT_3D ( 'NONE', #1516, #8493, #10159 ) ;
#7070 = DIRECTION ( 'NONE',  ( -0.000000000000000000, -1.000000000000000000, -0.000000000000000000 ) ) ;
#7071 = DIRECTION ( 'NONE',  ( 0.000000000000000000, 1.000000000000000000, -0.000000000000000000 ) ) ;
#7072 = VERTEX_POINT ( 'NONE', #9303 ) ;
#7073 = ORIENTED_EDGE ( 'NONE', *, *, #6722, .T. ) ;
#7074 = LINE ( 'NONE', #10577, #6029 ) ;
#7075 = FACE_OUTER_BOUND ( 'NONE', #800, .T. ) ;
#7076 = CARTESIAN_POINT ( 'NONE',  ( 2.168404344971008868E-15, 2.500000000000000000, 1.000000000000000000 ) ) ;
#7077 = EDGE_LOOP ( 'NONE', ( #6530, #1686, #2877, #6671 ) ) ;
#7078 = ORIENTED_EDGE ( 'NONE', *, *, #6046, .F. ) ;
#7079 = AXIS2_PLACEMENT_3D ( 'NONE', #4615, #8113, #5531 ) ;
#7080 = AXIS2_PLACEMENT_3D ( 'NONE', #119, #10379, #4366 ) ;
#7081 = AXIS2_PLACEMENT_3D ( 'NONE', #4253, #5439, #5121 ) ;
#7082 = CARTESIAN_POINT ( 'NONE',  ( 42.74999999999999289, 17.49999999999999645, -2.617682533177465764E-15 ) ) ;
#7083 = DIRECTION ( 'NONE',  ( -0.7071067811865481278, -0.000000000000000000, 0.7071067811865470176 ) ) ;
#7084 = AXIS2_PLACEMENT_3D ( 'NONE', #3749, #253, #1818 ) ;
#7085 = CIRCLE ( 'NONE', #4901, 0.7499999999999984457 ) ;
#7086 = EDGE_CURVE ( 'NONE', #10240, #4337, #2920, .T. ) ;
#7087 = CARTESIAN_POINT ( 'NONE',  ( -14.87163903779514129, 2.500000000000000000, 14.87100157748993645 ) ) ;
#7088 = FACE_BOUND ( 'NONE', #10063, .T. ) ;
#7089 = CARTESIAN_POINT ( 'NONE',  ( -2.361632442978727653, 27.36039051652360854, -43.74999999999992184 ) ) ;
#7090 = EDGE_CURVE ( 'NONE', #11300, #8956, #4384, .T. ) ;
#7091 = DIRECTION ( 'NONE',  ( 0.000000000000000000, 0.000000000000000000, 1.000000000000000000 ) ) ;
#7092 = DIRECTION ( 'NONE',  ( -0.000000000000000000, -1.000000000000000000, -0.000000000000000000 ) ) ;
#7093 = EDGE_CURVE ( 'NONE', #9162, #10596, #9989, .T. ) ;
#7094 = DIRECTION ( 'NONE',  ( 0.000000000000000000, 1.000000000000000000, 0.000000000000000000 ) ) ;
#7095 = VECTOR ( 'NONE', #10441, 999.9999999999998863 ) ;
#7096 = EDGE_CURVE ( 'NONE', #11018, #5494, #10054, .T. ) ;
#7097 = AXIS2_PLACEMENT_3D ( 'NONE', #4175, #7607, #5662 ) ;
#7098 = CIRCLE ( 'NONE', #1427, 27.33493649053890096 ) ;
#7099 = ADVANCED_FACE ( 'NONE', ( #594 ), #6726, .F. ) ;
#7100 = ORIENTED_EDGE ( 'NONE', *, *, #4017, .F. ) ;
#7101 = ORIENTED_EDGE ( 'NONE', *, *, #2669, .F. ) ;
#7102 = CARTESIAN_POINT ( 'NONE',  ( 46.04999999999999716, 2.500000000000000000, 0.7499999999999958922 ) ) ;
#7103 = FACE_OUTER_BOUND ( 'NONE', #7220, .T. ) ;
#7104 = CARTESIAN_POINT ( 'NONE',  ( 1.000000000000000000, 17.49999999999999645, -5.659885683814142223E-15 ) ) ;
#7105 = FACE_OUTER_BOUND ( 'NONE', #2989, .T. ) ;
#7106 = CARTESIAN_POINT ( 'NONE',  ( 12.75000000000000000, 0.000000000000000000, -12.75000000000000000 ) ) ;
#7107 = VECTOR ( 'NONE', #2992, 1000.000000000000000 ) ;
#7108 = AXIS2_PLACEMENT_3D ( 'NONE', #6753, #7498, #5032 ) ;
#7109 = EDGE_LOOP ( 'NONE', ( #8508, #6907, #4642, #6298 ) ) ;
#7110 = DIRECTION ( 'NONE',  ( 1.000000000000000000, 0.000000000000000000, 0.000000000000000000 ) ) ;
#7111 = CARTESIAN_POINT ( 'NONE',  ( 13.12825468289635644, 2.500000000000002220, 13.12825468289637953 ) ) ;
#7112 = ORIENTED_EDGE ( 'NONE', *, *, #9340, .T. ) ;
#7113 = EDGE_CURVE ( 'NONE', #9575, #6547, #911, .T. ) ;
#7114 = AXIS2_PLACEMENT_3D ( 'NONE', #6163, #3307, #10407 ) ;
#7115 = B_SPLINE_CURVE_WITH_KNOTS ( 'NONE', 3,
 ( #5265, #1194, #7425, #5768, #1251, #10931, #4915, #8288, #6623, #6453, #1419, #3941, #4850, #10993 ),
 .UNSPECIFIED., .F., .F.,
 ( 4, 2, 2, 2, 2, 2, 4 ),
 ( 1.593998466686925901E-05, 0.001329593480692237107, 0.001986420228704924816, 0.002643246976717612742, 0.003300073724730300233, 0.003956900472742988159, 0.005270553968768370949 ),
 .UNSPECIFIED. ) ;
#7116 = ORIENTED_EDGE ( 'NONE', *, *, #10575, .T. ) ;
#7117 = ORIENTED_EDGE ( 'NONE', *, *, #2687, .T. ) ;
#7118 = CARTESIAN_POINT ( 'NONE',  ( -46.04999999999999716, 0.000000000000000000, -2.819749255036780494E-15 ) ) ;
#7119 = CARTESIAN_POINT ( 'NONE',  ( 10.33527201114170957, 85.69355547949508889, 15.92123735465102108 ) ) ;
#7120 = ORIENTED_EDGE ( 'NONE', *, *, #1443, .T. ) ;
#7121 = VECTOR ( 'NONE', #7754, 1000.000000000000000 ) ;
#7122 = ORIENTED_EDGE ( 'NONE', *, *, #644, .F. ) ;
#7123 = CARTESIAN_POINT ( 'NONE',  ( -42.74999999999999289, 19.49999999999999645, 2.617682533177465764E-15 ) ) ;
#7124 = DIRECTION ( 'NONE',  ( -0.000000000000000000, -1.000000000000000000, 0.000000000000000000 ) ) ;
#7125 = ORIENTED_EDGE ( 'NONE', *, *, #5408, .T. ) ;
#7126 = CARTESIAN_POINT ( 'NONE',  ( -6.506509365792717325, 0.000000000000000000, 14.75000000000000355 ) ) ;
#7127 = AXIS2_PLACEMENT_3D ( 'NONE', #6026, #11, #4991 ) ;
#7128 = EDGE_CURVE ( 'NONE', #9640, #3261, #1519, .T. ) ;
#7129 = CARTESIAN_POINT ( 'NONE',  ( -4.999999999999537259, 2.500000000000000000, 43.75000000000012790 ) ) ;
#7130 = DIRECTION ( 'NONE',  ( -1.387778780781445478E-15, 0.000000000000000000, 1.000000000000000000 ) ) ;
#7131 = ADVANCED_FACE ( 'NONE', ( #2148 ), #6668, .F. ) ;
#7132 = DIRECTION ( 'NONE',  ( 0.000000000000000000, 0.000000000000000000, -1.000000000000000000 ) ) ;
#7133 = DIRECTION ( 'NONE',  ( 0.000000000000000000, 1.000000000000000000, -0.000000000000000000 ) ) ;
#7134 = ORIENTED_EDGE ( 'NONE', *, *, #4348, .T. ) ;
#7135 = EDGE_LOOP ( 'NONE', ( #8513, #5029, #707, #4354, #3461 ) ) ;
#7136 = LINE ( 'NONE', #9068, #892 ) ;
#7137 = LINE ( 'NONE', #8846, #4136 ) ;
#7138 = CARTESIAN_POINT ( 'NONE',  ( 0.000000000000000000, 0.000000000000000000, 0.000000000000000000 ) ) ;
#7139 = ORIENTED_EDGE ( 'NONE', *, *, #9738, .T. ) ;
#7140 = ADVANCED_FACE ( 'NONE', ( #7411 ), #537, .T. ) ;
#7141 = EDGE_CURVE ( 'NONE', #6460, #5482, #352, .T. ) ;
#7142 = DIRECTION ( 'NONE',  ( 0.000000000000000000, 1.000000000000000000, -0.000000000000000000 ) ) ;
#7143 = CARTESIAN_POINT ( 'NONE',  ( -14.75000000000000000, 0.000000000000000000, -10.51393202250020664 ) ) ;
#7144 = CARTESIAN_POINT ( 'NONE',  ( 4.898979485566342440, -34.48187929913332539, 41.74999999999990052 ) ) ;
#7145 = FACE_BOUND ( 'NONE', #7230, .T. ) ;
#7146 = LINE ( 'NONE', #1939, #5377 ) ;
#7147 = ORIENTED_EDGE ( 'NONE', *, *, #10082, .T. ) ;
#7148 = PLANE ( 'NONE',  #6690 ) ;
#7149 = CARTESIAN_POINT ( 'NONE',  ( -14.75000000000000000, 2.500000000000000000, 10.51393202250021019 ) ) ;
#7150 = CYLINDRICAL_SURFACE ( 'NONE', #5702, 3.000000000000000888 ) ;
#7151 = EDGE_CURVE ( 'NONE', #8864, #6567, #2374, .T. ) ;
#7152 = AXIS2_PLACEMENT_3D ( 'NONE', #6523, #285, #9965 ) ;
#7153 = VERTEX_POINT ( 'NONE', #3929 ) ;
#7154 = VERTEX_POINT ( 'NONE', #10917 ) ;
#7155 = CARTESIAN_POINT ( 'NONE',  ( -18.40642927594838341, 47.49999999999998579, 33.96277846205242668 ) ) ;
#7156 = CYLINDRICAL_SURFACE ( 'NONE', #6004, 27.33493649053890096 ) ;
#7157 = CARTESIAN_POINT ( 'NONE',  ( 2.168404344971008868E-15, 17.49999999999999645, 1.000000000000000000 ) ) ;
#7158 = LINE ( 'NONE', #6465, #5367 ) ;
#7159 = EDGE_CURVE ( 'NONE', #10, #801, #2208, .T. ) ;
#7160 = VERTEX_POINT ( 'NONE', #6094 ) ;
#7161 = DIRECTION ( 'NONE',  ( -2.168404344971008868E-15, 0.000000000000000000, -1.000000000000000000 ) ) ;
#7162 = DIRECTION ( 'NONE',  ( -1.000000000000000000, 1.972152263052529514E-31, -1.323076993872123698E-15 ) ) ;
#7163 = VERTEX_POINT ( 'NONE', #10446 ) ;
#7164 = CIRCLE ( 'NONE', #9172, 4.999999999999997335 ) ;
#7165 = ORIENTED_EDGE ( 'NONE', *, *, #4507, .T. ) ;
#7166 = ORIENTED_EDGE ( 'NONE', *, *, #4448, .T. ) ;
#7167 = EDGE_CURVE ( 'NONE', #8398, #10140, #8662, .T. ) ;
#7168 = VECTOR ( 'NONE', #9895, 1000.000000000000000 ) ;
#7169 = FACE_OUTER_BOUND ( 'NONE', #2015, .T. ) ;
#7170 = EDGE_CURVE ( 'NONE', #6827, #4282, #4318, .T. ) ;
#7171 = CARTESIAN_POINT ( 'NONE',  ( -43.74999999999995026, 0.000000000000000000, 4.898979485566371750 ) ) ;
#7172 = ORIENTED_EDGE ( 'NONE', *, *, #4998, .T. ) ;
#7173 = EDGE_LOOP ( 'NONE', ( #749, #249, #8716 ) ) ;
#7174 = CARTESIAN_POINT ( 'NONE',  ( -16.04594491874839335, 17.49999999999999645, -19.63298726938598193 ) ) ;
#7175 = CARTESIAN_POINT ( 'NONE',  ( 42.75000000000044054, 17.49999999999999645, 41.74999999999968736 ) ) ;
#7176 = ORIENTED_EDGE ( 'NONE', *, *, #701, .T. ) ;
#7177 = PLANE ( 'NONE',  #9912 ) ;
#7178 = AXIS2_PLACEMENT_3D ( 'NONE', #2317, #7577, #645 ) ;
#7179 = DIRECTION ( 'NONE',  ( 0.000000000000000000, 1.000000000000000000, -0.000000000000000000 ) ) ;
#7180 = LINE ( 'NONE', #948, #2823 ) ;
#7181 = VECTOR ( 'NONE', #8730, 1000.000000000000000 ) ;
#7182 = CARTESIAN_POINT ( 'NONE',  ( -15.33883813756160563, 19.49999999999999645, 18.92588048819967739 ) ) ;
#7183 = VECTOR ( 'NONE', #3564, 1000.000000000000000 ) ;
#7184 = CARTESIAN_POINT ( 'NONE',  ( 43.75000000000013500, 17.49999999999999645, -27.31663875629274685 ) ) ;
#7185 = ORIENTED_EDGE ( 'NONE', *, *, #6116, .F. ) ;
#7186 = EDGE_LOOP ( 'NONE', ( #1091, #4038, #8899, #3325 ) ) ;
#7187 = LINE ( 'NONE', #10801, #9855 ) ;
#7188 = DIRECTION ( 'NONE',  ( 0.000000000000000000, 0.000000000000000000, 1.000000000000000000 ) ) ;
#7189 = DIRECTION ( 'NONE',  ( 1.000000000000000000, 0.000000000000000000, 4.814558332715257054E-15 ) ) ;
#7190 = VERTEX_POINT ( 'NONE', #652 ) ;
#7191 = VECTOR ( 'NONE', #5104, 1000.000000000000000 ) ;
#7192 = VECTOR ( 'NONE', #8926, 1000.000000000000000 ) ;
#7193 = CARTESIAN_POINT ( 'NONE',  ( -42.74999999999999289, 17.49999999999999645, 2.617682533177465764E-15 ) ) ;
#7194 = CARTESIAN_POINT ( 'NONE',  ( -2.500000000000082157, 2.500000000000002220, 18.75650936579264183 ) ) ;
#7195 = DIRECTION ( 'NONE',  ( -0.7071067811865472397, 0.000000000000000000, -0.7071067811865479058 ) ) ;
#7196 = FACE_BOUND ( 'NONE', #3906, .T. ) ;
#7197 = DIRECTION ( 'NONE',  ( 0.000000000000000000, 1.000000000000000000, 0.000000000000000000 ) ) ;
#7198 = VERTEX_POINT ( 'NONE', #2603 ) ;
#7199 = CARTESIAN_POINT ( 'NONE',  ( -1.518785097687213895E-13, 17.49999999999999645, -42.74999999999999289 ) ) ;
#7200 = AXIS2_PLACEMENT_3D ( 'NONE', #9997, #2157, #8337 ) ;
#7201 = LINE ( 'NONE', #10698, #6005 ) ;
#7202 = AXIS2_PLACEMENT_3D ( 'NONE', #1474, #5764, #6790 ) ;
#7203 = DIRECTION ( 'NONE',  ( 0.000000000000000000, 1.000000000000000000, 0.000000000000000000 ) ) ;
#7204 = CIRCLE ( 'NONE', #1180, 27.33493649053890096 ) ;
#7205 = VECTOR ( 'NONE', #9074, 1000.000000000000000 ) ;
#7206 = VERTEX_POINT ( 'NONE', #1744 ) ;
#7207 = EDGE_LOOP ( 'NONE', ( #4530, #3472, #4185 ) ) ;
#7208 = CARTESIAN_POINT ( 'NONE',  ( -14.75000000000000355, 0.000000000000000000, 6.506509365792711996 ) ) ;
#7209 = EDGE_CURVE ( 'NONE', #9146, #6597, #1271, .T. ) ;
#7210 = DIRECTION ( 'NONE',  ( 0.000000000000000000, 0.000000000000000000, 1.000000000000000000 ) ) ;
#7211 = DIRECTION ( 'NONE',  ( 0.7071067811865470176, 0.000000000000000000, 0.7071067811865481278 ) ) ;
#7212 = CARTESIAN_POINT ( 'NONE',  ( 0.000000000000000000, 2.500000000000000000, -45.29999999999999005 ) ) ;
#7213 = DIRECTION ( 'NONE',  ( 1.000000000000000000, 0.000000000000000000, 4.718447854656913719E-15 ) ) ;
#7214 = EDGE_LOOP ( 'NONE', ( #8627, #6706, #6052, #3296 ) ) ;
#7215 = DIRECTION ( 'NONE',  ( 0.000000000000000000, 0.000000000000000000, 1.000000000000000000 ) ) ;
#7216 = DIRECTION ( 'NONE',  ( 0.000000000000000000, 1.000000000000000000, 0.000000000000000000 ) ) ;
#7217 = ORIENTED_EDGE ( 'NONE', *, *, #10170, .F. ) ;
#7218 = AXIS2_PLACEMENT_3D ( 'NONE', #5642, #3650, #7189 ) ;
#7219 = EDGE_CURVE ( 'NONE', #9778, #1097, #7673, .T. ) ;
#7220 = EDGE_LOOP ( 'NONE', ( #5643, #9011, #8074 ) ) ;
#7221 = ORIENTED_EDGE ( 'NONE', *, *, #10304, .T. ) ;
#7222 = CARTESIAN_POINT ( 'NONE',  ( 70.06663875629273264, 17.49999999999999645, -1.000000000000152545 ) ) ;
#7223 = EDGE_CURVE ( 'NONE', #9634, #5509, #883, .T. ) ;
#7224 = CARTESIAN_POINT ( 'NONE',  ( -18.92588048819949265, 19.49999999999999645, 15.33883813756177794 ) ) ;
#7225 = ORIENTED_EDGE ( 'NONE', *, *, #9384, .F. ) ;
#7226 = EDGE_CURVE ( 'NONE', #7872, #3056, #4206, .T. ) ;
#7227 = ORIENTED_EDGE ( 'NONE', *, *, #5586, .T. ) ;
#7228 = CYLINDRICAL_SURFACE ( 'NONE', #2753, 27.33493649053890096 ) ;
#7229 = DIRECTION ( 'NONE',  ( 1.000000000000000000, 8.326672684688673067E-16, -2.168404344971008474E-15 ) ) ;
#7230 = EDGE_LOOP ( 'NONE', ( #1039, #2700 ) ) ;
#7231 = ADVANCED_FACE ( 'NONE', ( #10332 ), #10273, .F. ) ;
#7232 = VECTOR ( 'NONE', #6919, 1000.000000000000000 ) ;
#7233 = EDGE_CURVE ( 'NONE', #5117, #9778, #9641, .T. ) ;
#7234 = EDGE_CURVE ( 'NONE', #2816, #3050, #11147, .T. ) ;
#7235 = DIRECTION ( 'NONE',  ( -3.608844374130319986E-15, 0.000000000000000000, -1.000000000000000000 ) ) ;
#7236 = CARTESIAN_POINT ( 'NONE',  ( -43.74999999999995026, 2.500000000000000000, 4.898979485566371750 ) ) ;
#7237 = AXIS2_PLACEMENT_3D ( 'NONE', #9329, #5151, #8632 ) ;
#7238 = LINE ( 'NONE', #5306, #867 ) ;
#7239 = CARTESIAN_POINT ( 'NONE',  ( -42.74999999999999289, 17.49999999999999645, 2.617682533177465764E-15 ) ) ;
#7240 = ORIENTED_EDGE ( 'NONE', *, *, #4404, .T. ) ;
#7241 = CIRCLE ( 'NONE', #116, 1.500000000000003997 ) ;
#7242 = ORIENTED_EDGE ( 'NONE', *, *, #8201, .T. ) ;
#7243 = CARTESIAN_POINT ( 'NONE',  ( 8.170310216782979751, 0.000000000000000000, 13.04289321881345032 ) ) ;
#7244 = PLANE ( 'NONE',  #8348 ) ;
#7245 =( LENGTH_UNIT ( ) NAMED_UNIT ( * ) SI_UNIT ( .MILLI., .METRE. ) );
#7246 = VERTEX_POINT ( 'NONE', #7873 ) ;
#7247 = ORIENTED_EDGE ( 'NONE', *, *, #8709, .T. ) ;
#7248 = AXIS2_PLACEMENT_3D ( 'NONE', #2398, #3363, #3252 ) ;
#7249 = ADVANCED_FACE ( 'NONE', ( #714 ), #10049, .F. ) ;
#7250 = CARTESIAN_POINT ( 'NONE',  ( 41.09999999999999432, 2.500000000000000000, 3.607883832488642195 ) ) ;
#7251 = DIRECTION ( 'NONE',  ( 0.000000000000000000, 1.000000000000000000, -0.000000000000000000 ) ) ;
#7252 = DIRECTION ( 'NONE',  ( 0.7071067811865473507, 0.000000000000000000, -0.7071067811865477948 ) ) ;
#7253 = ADVANCED_FACE ( 'NONE', ( #7811 ), #3522, .F. ) ;
#7254 = CARTESIAN_POINT ( 'NONE',  ( 40.38836755702141801, 27.36039051652360854, 1.000000000000092593 ) ) ;
#7255 = DIRECTION ( 'NONE',  ( -0.000000000000000000, 1.000000000000000000, 0.000000000000000000 ) ) ;
#7256 = ORIENTED_EDGE ( 'NONE', *, *, #7151, .F. ) ;
#7257 = ORIENTED_EDGE ( 'NONE', *, *, #6674, .F. ) ;
#7258 = CARTESIAN_POINT ( 'NONE',  ( -1.518785097687213895E-13, 19.49999999999999645, -70.08493649053890806 ) ) ;
#7259 = DIRECTION ( 'NONE',  ( -2.168404344971009657E-15, 1.972152263052529514E-31, -1.000000000000000000 ) ) ;
#7260 = VECTOR ( 'NONE', #9238, 1000.000000000000000 ) ;
#7261 = CARTESIAN_POINT ( 'NONE',  ( -41.09999999999999432, 2.500000000000000000, 3.607883832488641307 ) ) ;
#7262 = CARTESIAN_POINT ( 'NONE',  ( 12.75000000000000178, 9.500000000000000000, 12.75000000000000000 ) ) ;
#7263 = CIRCLE ( 'NONE', #2335, 1.500000000000003997 ) ;
#7264 = VECTOR ( 'NONE', #1455, 1000.000000000000000 ) ;
#7265 = EDGE_LOOP ( 'NONE', ( #7122, #8034, #10444, #6778, #7359, #8616, #1417 ) ) ;
#7266 = ORIENTED_EDGE ( 'NONE', *, *, #9028, .F. ) ;
#7267 = DIRECTION ( 'NONE',  ( -0.000000000000000000, -1.000000000000000000, 0.000000000000000000 ) ) ;
#7268 = ADVANCED_FACE ( 'NONE', ( #2432 ), #5925, .T. ) ;
#7269 = DIRECTION ( 'NONE',  ( 0.000000000000000000, 1.000000000000000000, -0.000000000000000000 ) ) ;
#7270 = CYLINDRICAL_SURFACE ( 'NONE', #4112, 25.00000000000000711 ) ;
#7271 = DIRECTION ( 'NONE',  ( 0.7071067811865481278, 0.000000000000000000, 0.7071067811865470176 ) ) ;
#7272 = EDGE_CURVE ( 'NONE', #9784, #5689, #3346, .T. ) ;
#7273 = LINE ( 'NONE', #9905, #4364 ) ;
#7274 = ORIENTED_EDGE ( 'NONE', *, *, #5863, .T. ) ;
#7275 = CARTESIAN_POINT ( 'NONE',  ( -0.9999999999999071854, 17.49999999999999645, -15.41506350946108661 ) ) ;
#7276 = CARTESIAN_POINT ( 'NONE',  ( -27.33493649053906083, 17.49999999999999645, -41.75000000000004263 ) ) ;
#7277 = ORIENTED_EDGE ( 'NONE', *, *, #4636, .T. ) ;
#7278 = AXIS2_PLACEMENT_3D ( 'NONE', #6415, #8135, #10831 ) ;
#7279 = ORIENTED_EDGE ( 'NONE', *, *, #8836, .F. ) ;
#7280 = EDGE_CURVE ( 'NONE', #4425, #2933, #6835, .T. ) ;
#7281 = ORIENTED_EDGE ( 'NONE', *, *, #1440, .F. ) ;
#7282 = VERTEX_POINT ( 'NONE', #825 ) ;
#7283 = AXIS2_PLACEMENT_3D ( 'NONE', #9, #5596, #5536 ) ;
#7284 = VECTOR ( 'NONE', #506, 1000.000000000000000 ) ;
#7285 = CARTESIAN_POINT ( 'NONE',  ( 42.74999999999999289, 0.000000000000000000, -1.500000000000006439 ) ) ;
#7286 = CIRCLE ( 'NONE', #6739, 2.000000000000000000 ) ;
#7287 = CARTESIAN_POINT ( 'NONE',  ( -1.518785097687213895E-13, 17.49999999999999645, -42.74999999999999289 ) ) ;
#7288 = ORIENTED_EDGE ( 'NONE', *, *, #3672, .F. ) ;
#7289 = VERTEX_POINT ( 'NONE', #2662 ) ;
#7290 = CARTESIAN_POINT ( 'NONE',  ( -12.74999999999999645, 2.500000000000000000, 12.75000000000000000 ) ) ;
#7291 = DIRECTION ( 'NONE',  ( 1.264284836150040893E-14, 0.000000000000000000, 1.000000000000000000 ) ) ;
#7292 = ORIENTED_EDGE ( 'NONE', *, *, #3677, .T. ) ;
#7293 = VECTOR ( 'NONE', #839, 1000.000000000000000 ) ;
#7294 = CARTESIAN_POINT ( 'NONE',  ( -1.000000000000270228, 1.361284592032115076E-61, -47.74999999999998579 ) ) ;
#7295 = DIRECTION ( 'NONE',  ( 1.000000000000000000, 0.000000000000000000, 8.306039671558391198E-15 ) ) ;
#7296 = AXIS2_PLACEMENT_3D ( 'NONE', #7354, #1290, #3181 ) ;
#7297 = CARTESIAN_POINT ( 'NONE',  ( -25.83105047840713908, 8.271806125530276749E-22, 10.27470129230307805 ) ) ;
#7298 = DIRECTION ( 'NONE',  ( 8.306039671558391198E-15, 0.000000000000000000, -1.000000000000000000 ) ) ;
#7299 = VERTEX_POINT ( 'NONE', #11253 ) ;
#7300 = EDGE_CURVE ( 'NONE', #4337, #3815, #10392, .T. ) ;
#7301 = VERTEX_POINT ( 'NONE', #4483 ) ;
#7302 = FACE_OUTER_BOUND ( 'NONE', #7558, .T. ) ;
#7303 = LINE ( 'NONE', #7473, #9808 ) ;
#7304 = DIRECTION ( 'NONE',  ( 0.000000000000000000, 0.000000000000000000, 1.000000000000000000 ) ) ;
#7305 = EDGE_LOOP ( 'NONE', ( #10903, #5272, #597 ) ) ;
#7306 = ORIENTED_EDGE ( 'NONE', *, *, #5384, .F. ) ;
#7307 = AXIS2_PLACEMENT_3D ( 'NONE', #11196, #9468, #4380 ) ;
#7308 = DIRECTION ( 'NONE',  ( -1.000000000000000000, 1.972152263052529514E-31, 1.264284836150040893E-14 ) ) ;
#7309 = CYLINDRICAL_SURFACE ( 'NONE', #10494, 2.000000000000000000 ) ;
#7310 = DIRECTION ( 'NONE',  ( 0.7071067811865477948, 0.000000000000000000, 0.7071067811865473507 ) ) ;
#7311 = EDGE_CURVE ( 'NONE', #8241, #3928, #5475, .T. ) ;
#7312 = DIRECTION ( 'NONE',  ( -1.000000000000000000, 0.000000000000000000, 2.168404344971009657E-15 ) ) ;
#7313 = PLANE ( 'NONE',  #1907 ) ;
#7314 = ORIENTED_EDGE ( 'NONE', *, *, #8463, .F. ) ;
#7315 = CIRCLE ( 'NONE', #8408, 1.000000000000000888 ) ;
#7316 = VERTEX_POINT ( 'NONE', #132 ) ;
#7317 = DIRECTION ( 'NONE',  ( -8.306039671558391198E-15, 0.000000000000000000, 1.000000000000000000 ) ) ;
#7318 = CARTESIAN_POINT ( 'NONE',  ( -19.63298726938604588, 19.49999999999999645, 16.04594491874832940 ) ) ;
#7319 = CARTESIAN_POINT ( 'NONE',  ( -26.18460386900040859, 0.000000000000000000, 26.18460386900039794 ) ) ;
#7320 = EDGE_CURVE ( 'NONE', #873, #1358, #8994, .T. ) ;
#7321 = LINE ( 'NONE', #7427, #6613 ) ;
#7322 = ADVANCED_FACE ( 'NONE', ( #10668 ), #996, .T. ) ;
#7323 = VERTEX_POINT ( 'NONE', #7174 ) ;
#7324 = ORIENTED_EDGE ( 'NONE', *, *, #8663, .F. ) ;
#7325 = DIRECTION ( 'NONE',  ( -0.7071067811865463515, -0.000000000000000000, -0.7071067811865487940 ) ) ;
#7326 = CARTESIAN_POINT ( 'NONE',  ( -12.74999999999999645, 9.500000000000000000, 11.75000000000000000 ) ) ;
#7327 = DIRECTION ( 'NONE',  ( 1.000000000000000000, 1.972152263052529514E-31, -1.264284836150040893E-14 ) ) ;
#7328 = CARTESIAN_POINT ( 'NONE',  ( 8.761108882847500112, 2.500000000000000000, 12.45209455274892996 ) ) ;
#7329 = LINE ( 'NONE', #9962, #8006 ) ;
#7330 = CARTESIAN_POINT ( 'NONE',  ( -41.75000000000004974, 17.49999999999999645, -27.33493649053890451 ) ) ;
#7331 = CARTESIAN_POINT ( 'NONE',  ( 0.9999999999998198108, 2.500000000000000000, -1.264284836149813070E-14 ) ) ;
#7332 = DIRECTION ( 'NONE',  ( 1.000000000000000000, -1.972152263052529514E-31, -5.659885683814143012E-15 ) ) ;
#7333 = ORIENTED_EDGE ( 'NONE', *, *, #2198, .T. ) ;
#7334 = ORIENTED_EDGE ( 'NONE', *, *, #7209, .T. ) ;
#7335 = VERTEX_POINT ( 'NONE', #7925 ) ;
#7336 = ORIENTED_EDGE ( 'NONE', *, *, #1148, .F. ) ;
#7337 = CARTESIAN_POINT ( 'NONE',  ( 0.000000000000000000, -34.48187929913332539, -42.74999999999999289 ) ) ;
#7338 = FACE_OUTER_BOUND ( 'NONE', #554, .T. ) ;
#7339 = AXIS2_PLACEMENT_3D ( 'NONE', #1903, #9735, #981 ) ;
#7340 = VERTEX_POINT ( 'NONE', #2829 ) ;
#7341 = EDGE_LOOP ( 'NONE', ( #808, #5742, #3391, #8373, #6031, #3305, #7928, #5116 ) ) ;
#7342 = PLANE ( 'NONE',  #6579 ) ;
#7343 = LINE ( 'NONE', #2138, #127 ) ;
#7344 = ORIENTED_EDGE ( 'NONE', *, *, #4543, .T. ) ;
#7345 = ORIENTED_EDGE ( 'NONE', *, *, #10663, .T. ) ;
#7346 = EDGE_CURVE ( 'NONE', #9357, #9322, #3477, .T. ) ;
#7347 = DIRECTION ( 'NONE',  ( 0.000000000000000000, 1.000000000000000000, 0.000000000000000000 ) ) ;
#7348 = DIRECTION ( 'NONE',  ( -0.000000000000000000, -1.000000000000000000, -0.000000000000000000 ) ) ;
#7349 = EDGE_CURVE ( 'NONE', #1999, #10410, #9866, .T. ) ;
#7350 = CARTESIAN_POINT ( 'NONE',  ( -22.53814889626739770, 19.49999999999999645, 27.28291891559792859 ) ) ;
#7351 = CYLINDRICAL_SURFACE ( 'NONE', #5257, 1.000000000000000888 ) ;
#7352 = ORIENTED_EDGE ( 'NONE', *, *, #2028, .F. ) ;
#7353 = ORIENTED_EDGE ( 'NONE', *, *, #9502, .F. ) ;
#7354 = CARTESIAN_POINT ( 'NONE',  ( -29.06990273779339162, 2.500000000000002220, 4.321165396264235348 ) ) ;
#7355 = EDGE_CURVE ( 'NONE', #4532, #9699, #7862, .T. ) ;
#7356 = CARTESIAN_POINT ( 'NONE',  ( -14.75000000000000000, 2.500000000000001332, 6.506509365792716437 ) ) ;
#7357 = DIRECTION ( 'NONE',  ( 0.000000000000000000, 1.000000000000000000, 0.000000000000000000 ) ) ;
#7358 = ORIENTED_EDGE ( 'NONE', *, *, #937, .F. ) ;
#7359 = ORIENTED_EDGE ( 'NONE', *, *, #11237, .F. ) ;
#7360 = CIRCLE ( 'NONE', #7178, 27.33493649053890096 ) ;
#7361 = VECTOR ( 'NONE', #8479, 1000.000000000000000 ) ;
#7362 = LINE ( 'NONE', #6500, #1545 ) ;
#7363 = DIRECTION ( 'NONE',  ( 0.7071067811865474617, 0.000000000000000000, 0.7071067811865476838 ) ) ;
#7364 = CARTESIAN_POINT ( 'NONE',  ( -12.75000000000000000, 9.500000000000000000, -12.75000000000000000 ) ) ;
#7365 = DIRECTION ( 'NONE',  ( -0.000000000000000000, -1.000000000000000000, 0.000000000000000000 ) ) ;
#7366 = DIRECTION ( 'NONE',  ( 1.000000000000000000, 1.972152263052529514E-31, -5.659885683814143012E-15 ) ) ;
#7367 = DIRECTION ( 'NONE',  ( 0.000000000000000000, 1.000000000000000000, 0.000000000000000000 ) ) ;
#7368 = ORIENTED_EDGE ( 'NONE', *, *, #7355, .F. ) ;
#7369 = ORIENTED_EDGE ( 'NONE', *, *, #5001, .T. ) ;
#7370 = DIRECTION ( 'NONE',  ( -0.000000000000000000, -1.000000000000000000, 0.000000000000000000 ) ) ;
#7371 = DIRECTION ( 'NONE',  ( 0.000000000000000000, 0.000000000000000000, 1.000000000000000000 ) ) ;
#7372 = DIRECTION ( 'NONE',  ( 0.000000000000000000, 0.000000000000000000, -1.000000000000000000 ) ) ;
#7373 = ADVANCED_FACE ( 'NONE', ( #8041 ), #7228, .T. ) ;
#7374 = CARTESIAN_POINT ( 'NONE',  ( 68.08493649053889385, 17.49999999999999645, 0.9999999999998523403 ) ) ;
#7375 = AXIS2_PLACEMENT_3D ( 'NONE', #1526, #8502, #659 ) ;
#7376 = VECTOR ( 'NONE', #1599, 1000.000000000000000 ) ;
#7377 = EDGE_CURVE ( 'NONE', #494, #5469, #6212, .T. ) ;
#7378 = EDGE_CURVE ( 'NONE', #10381, #8776, #2568, .T. ) ;
#7379 = EDGE_CURVE ( 'NONE', #2567, #9528, #3686, .T. ) ;
#7380 = VERTEX_POINT ( 'NONE', #1966 ) ;
#7381 = ORIENTED_EDGE ( 'NONE', *, *, #626, .T. ) ;
#7382 = CARTESIAN_POINT ( 'NONE',  ( 4.298087183781943648E-15, 2.500000000000000000, 2.500000000000071498 ) ) ;
#7383 = CARTESIAN_POINT ( 'NONE',  ( -18.75650936579284789, -34.48187929913332539, 2.499999999999864109 ) ) ;
#7384 = CARTESIAN_POINT ( 'NONE',  ( 0.9999999999999665823, 2.500000000000000000, -37.75000000000000711 ) ) ;
#7385 = PLANE ( 'NONE',  #4997 ) ;
#7386 = CARTESIAN_POINT ( 'NONE',  ( 14.74999999999999822, 2.499999999999999556, 9.498828840021623421 ) ) ;
#7387 = CARTESIAN_POINT ( 'NONE',  ( -14.87089537001563855, 0.000000000000000000, 14.87089537001564032 ) ) ;
#7388 = CARTESIAN_POINT ( 'NONE',  ( 41.74999999999955236, -7.292596028743525438E-60, 42.74999999999999289 ) ) ;
#7389 = DIRECTION ( 'NONE',  ( 0.000000000000000000, 0.000000000000000000, 1.000000000000000000 ) ) ;
#7390 = VERTEX_POINT ( 'NONE', #1108 ) ;
#7391 = ORIENTED_EDGE ( 'NONE', *, *, #6761, .T. ) ;
#7392 = VECTOR ( 'NONE', #9311, 1000.000000000000000 ) ;
#7393 = ORIENTED_EDGE ( 'NONE', *, *, #7979, .F. ) ;
#7394 = ORIENTED_EDGE ( 'NONE', *, *, #7904, .F. ) ;
#7395 = CARTESIAN_POINT ( 'NONE',  ( 27.31663875629320515, 17.49999999999999645, 43.74999999999985079 ) ) ;
#7396 = AXIS2_PLACEMENT_3D ( 'NONE', #5277, #10372, #7965 ) ;
#7397 = FACE_OUTER_BOUND ( 'NONE', #3979, .T. ) ;
#7398 = EDGE_CURVE ( 'NONE', #10156, #5009, #6941, .T. ) ;
#7399 = ORIENTED_EDGE ( 'NONE', *, *, #5491, .F. ) ;
#7400 = PLANE ( 'NONE',  #542 ) ;
#7401 = CARTESIAN_POINT ( 'NONE',  ( -12.74999999999999645, 4.500000000000000888, 14.75000000000000000 ) ) ;
#7402 = VERTEX_POINT ( 'NONE', #8088 ) ;
#7403 = AXIS2_PLACEMENT_3D ( 'NONE', #9209, #7499, #1313 ) ;
#7404 = CIRCLE ( 'NONE', #5757, 0.7500000000000006661 ) ;
#7405 = CARTESIAN_POINT ( 'NONE',  ( -2.500000000000030198, 2.500000000000000000, -2.500000000000015099 ) ) ;
#7406 = EDGE_CURVE ( 'NONE', #1165, #11310, #247, .T. ) ;
#7407 = DIRECTION ( 'NONE',  ( 0.000000000000000000, 0.000000000000000000, 1.000000000000000000 ) ) ;
#7408 = CARTESIAN_POINT ( 'NONE',  ( -41.75000000000007816, 27.36039051652360854, -2.361632442978578439 ) ) ;
#7409 = EDGE_LOOP ( 'NONE', ( #1067, #7875, #6016, #3064 ) ) ;
#7410 = ORIENTED_EDGE ( 'NONE', *, *, #5256, .T. ) ;
#7411 = FACE_OUTER_BOUND ( 'NONE', #7601, .T. ) ;
#7412 = EDGE_CURVE ( 'NONE', #3939, #11238, #74, .T. ) ;
#7413 = DIRECTION ( 'NONE',  ( 0.000000000000000000, 1.000000000000000000, 0.000000000000000000 ) ) ;
#7414 = ORIENTED_EDGE ( 'NONE', *, *, #10496, .T. ) ;
#7415 = ORIENTED_EDGE ( 'NONE', *, *, #6128, .T. ) ;
#7416 = EDGE_CURVE ( 'NONE', #8258, #3056, #2940, .T. ) ;
#7417 = CIRCLE ( 'NONE', #3954, 27.33493649053890096 ) ;
#7418 = CARTESIAN_POINT ( 'NONE',  ( 42.74999999999985079, 17.49999999999999645, -43.74999999999970868 ) ) ;
#7419 = DIRECTION ( 'NONE',  ( 0.000000000000000000, 0.000000000000000000, 1.000000000000000000 ) ) ;
#7420 = DIRECTION ( 'NONE',  ( 0.000000000000000000, 1.000000000000000000, 0.000000000000000000 ) ) ;
#7421 = FACE_OUTER_BOUND ( 'NONE', #4557, .T. ) ;
#7422 = VERTEX_POINT ( 'NONE', #10725 ) ;
#7423 = ORIENTED_EDGE ( 'NONE', *, *, #289, .T. ) ;
#7424 = DIRECTION ( 'NONE',  ( 0.000000000000000000, 1.000000000000000000, 0.000000000000000000 ) ) ;
#7425 = CARTESIAN_POINT ( 'NONE',  ( 11.83452458429526644, 2.562687917084007783, -9.378678851301154751 ) ) ;
#7426 = CARTESIAN_POINT ( 'NONE',  ( -25.83105047840713908, -2.499999999985152987E-05, 10.27470129230307805 ) ) ;
#7427 = CARTESIAN_POINT ( 'NONE',  ( 1.000000000000900835, 17.49999999999999645, 85.49999999999998579 ) ) ;
#7428 = CIRCLE ( 'NONE', #853, 2.000000000000000000 ) ;
#7429 = ORIENTED_EDGE ( 'NONE', *, *, #2462, .F. ) ;
#7430 = ORIENTED_EDGE ( 'NONE', *, *, #1409, .T. ) ;
#7431 = DIRECTION ( 'NONE',  ( 0.000000000000000000, -1.000000000000000000, 0.000000000000000000 ) ) ;
#7432 = VECTOR ( 'NONE', #9305, 1000.000000000000000 ) ;
#7433 = DIRECTION ( 'NONE',  ( -2.168404344971008868E-15, 0.000000000000000000, -1.000000000000000000 ) ) ;
#7434 = DIRECTION ( 'NONE',  ( 0.000000000000000000, 1.000000000000000000, 0.000000000000000000 ) ) ;
#7435 = CARTESIAN_POINT ( 'NONE',  ( -2.857883832488646192, 0.000000000000000000, -41.09999999999999432 ) ) ;
#7436 = EDGE_CURVE ( 'NONE', #11081, #4917, #8832, .T. ) ;
#7437 = AXIS2_PLACEMENT_3D ( 'NONE', #1064, #5359, #9064 ) ;
#7438 = DIRECTION ( 'NONE',  ( -3.469446951953611033E-15, 0.000000000000000000, 1.000000000000000000 ) ) ;
#7439 = DIRECTION ( 'NONE',  ( -0.000000000000000000, -1.000000000000000000, -0.000000000000000000 ) ) ;
#7440 = ADVANCED_FACE ( 'NONE', ( #3802 ), #3582, .T. ) ;
#7441 = DIRECTION ( 'NONE',  ( -5.575896887068303672E-15, 0.000000000000000000, -1.000000000000000000 ) ) ;
#7442 = DIRECTION ( 'NONE',  ( -1.000000000000000000, -1.972152263052529514E-31, 1.264284836150040893E-14 ) ) ;
#7443 = ORIENTED_EDGE ( 'NONE', *, *, #1295, .T. ) ;
#7444 = ORIENTED_EDGE ( 'NONE', *, *, #5841, .T. ) ;
#7445 = EDGE_CURVE ( 'NONE', #5167, #10468, #7315, .T. ) ;
#7446 = CIRCLE ( 'NONE', #6895, 5.000000000000000888 ) ;
#7447 = AXIS2_PLACEMENT_3D ( 'NONE', #5285, #4307, #9736 ) ;
#7448 = VERTEX_POINT ( 'NONE', #1280 ) ;
#7449 = EDGE_LOOP ( 'NONE', ( #2266, #9576, #180, #2918, #6985 ) ) ;
#7450 = CARTESIAN_POINT ( 'NONE',  ( 12.75000000000000178, 0.000000000000000000, 11.75000000000000000 ) ) ;
#7451 = VECTOR ( 'NONE', #3531, 1000.000000000000000 ) ;
#7452 = CIRCLE ( 'NONE', #4705, 25.00000000000000711 ) ;
#7453 = CARTESIAN_POINT ( 'NONE',  ( -12.74999999999999645, 9.500000000000000000, 14.75000000000000000 ) ) ;
#7454 = AXIS2_PLACEMENT_3D ( 'NONE', #5321, #7956, #1715 ) ;
#7455 = EDGE_LOOP ( 'NONE', ( #9400, #1137, #2874, #3665, #9488, #8138 ) ) ;
#7456 = DIRECTION ( 'NONE',  ( 0.000000000000000000, 0.000000000000000000, 1.000000000000000000 ) ) ;
#7457 = CARTESIAN_POINT ( 'NONE',  ( 2.168404344971008868E-15, 0.000000000000000000, 1.000000000000000000 ) ) ;
#7458 = EDGE_CURVE ( 'NONE', #592, #10285, #4569, .T. ) ;
#7459 = ORIENTED_EDGE ( 'NONE', *, *, #10745, .T. ) ;
#7460 = ORIENTED_EDGE ( 'NONE', *, *, #1543, .T. ) ;
#7461 = VECTOR ( 'NONE', #3342, 1000.000000000000000 ) ;
#7462 = AXIS2_PLACEMENT_3D ( 'NONE', #1033, #6356, #1202 ) ;
#7463 = ORIENTED_EDGE ( 'NONE', *, *, #6266, .F. ) ;
#7464 = ORIENTED_EDGE ( 'NONE', *, *, #2201, .F. ) ;
#7465 = AXIS2_PLACEMENT_3D ( 'NONE', #3846, #7439, #4637 ) ;
#7466 = CARTESIAN_POINT ( 'NONE',  ( -38.41987298107778770, -34.48187929913332539, 2.499999999999981348 ) ) ;
#7467 = CARTESIAN_POINT ( 'NONE',  ( -1.000000000000000000, 17.49999999999999645, 1.264284836150040893E-14 ) ) ;
#7468 = CARTESIAN_POINT ( 'NONE',  ( 4.999999999999846345, 1.361284592032115076E-61, -41.75000000000009237 ) ) ;
#7469 = ORIENTED_EDGE ( 'NONE', *, *, #5209, .F. ) ;
#7470 = AXIS2_PLACEMENT_3D ( 'NONE', #3222, #5047, #7566 ) ;
#7471 = VERTEX_POINT ( 'NONE', #10089 ) ;
#7472 = DIRECTION ( 'NONE',  ( -0.000000000000000000, -1.000000000000000000, 0.000000000000000000 ) ) ;
#7473 = CARTESIAN_POINT ( 'NONE',  ( -0.9999999999990992761, 17.49999999999999645, 85.50000000000000000 ) ) ;
#7474 = ORIENTED_EDGE ( 'NONE', *, *, #10961, .T. ) ;
#7475 = ORIENTED_EDGE ( 'NONE', *, *, #6254, .F. ) ;
#7476 = EDGE_CURVE ( 'NONE', #4316, #4929, #11074, .T. ) ;
#7477 = ADVANCED_FACE ( 'NONE', ( #10151 ), #7400, .T. ) ;
#7478 = AXIS2_PLACEMENT_3D ( 'NONE', #3484, #11210, #10461 ) ;
#7479 = EDGE_CURVE ( 'NONE', #3813, #5887, #10793, .T. ) ;
#7480 = CARTESIAN_POINT ( 'NONE',  ( -12.75000000000000000, 9.500000000000000000, -12.75000000000000000 ) ) ;
#7481 = CARTESIAN_POINT ( 'NONE',  ( -15.41506350946109016, 17.49999999999999645, 0.9999999999998532285 ) ) ;
#7482 = CARTESIAN_POINT ( 'NONE',  ( 42.74999999999983658, -7.292596028743525438E-60, -41.74999999999970157 ) ) ;
#7483 = CARTESIAN_POINT ( 'NONE',  ( 12.75000000000000000, 4.500000000000000888, -16.75000000000000000 ) ) ;
#7484 = VERTEX_POINT ( 'NONE', #9224 ) ;
#7485 = ORIENTED_EDGE ( 'NONE', *, *, #6312, .T. ) ;
#7486 = DIRECTION ( 'NONE',  ( 2.664535259100377275E-15, 0.000000000000000000, 1.000000000000000000 ) ) ;
#7487 = CARTESIAN_POINT ( 'NONE',  ( -42.74999999999954525, -7.292596028743525438E-60, 43.75000000000000711 ) ) ;
#7488 = DIRECTION ( 'NONE',  ( -0.000000000000000000, -1.000000000000000000, 0.000000000000000000 ) ) ;
#7489 = EDGE_CURVE ( 'NONE', #3006, #8592, #3113, .T. ) ;
#7490 = EDGE_LOOP ( 'NONE', ( #9944, #120, #7399, #1841 ) ) ;
#7491 = ADVANCED_FACE ( 'NONE', ( #4028 ), #8207, .F. ) ;
#7492 = VECTOR ( 'NONE', #3470, 1000.000000000000000 ) ;
#7493 = DIRECTION ( 'NONE',  ( 0.7071067811865479058, -0.000000000000000000, 0.7071067811865472397 ) ) ;
#7494 = ORIENTED_EDGE ( 'NONE', *, *, #9171, .T. ) ;
#7495 = ORIENTED_EDGE ( 'NONE', *, *, #6395, .T. ) ;
#7496 = AXIS2_PLACEMENT_3D ( 'NONE', #6934, #5110, #8534 ) ;
#7497 = CARTESIAN_POINT ( 'NONE',  ( -11.83545880536770767, 2.562492193388280715, 9.377744630228725953 ) ) ;
#7498 = DIRECTION ( 'NONE',  ( -0.000000000000000000, -1.000000000000000000, -0.000000000000000000 ) ) ;
#7499 = DIRECTION ( 'NONE',  ( 0.000000000000000000, 1.000000000000000000, 0.000000000000000000 ) ) ;
#7500 = FILL_AREA_STYLE ('',( #11057 ) ) ;
#7501 = CARTESIAN_POINT ( 'NONE',  ( 42.74999999999999289, 0.000000000000000000, 1.500000000000001332 ) ) ;
#7502 = DIRECTION ( 'NONE',  ( 2.168404344971009657E-15, 1.972152263052529514E-31, 1.000000000000000000 ) ) ;
#7503 = EDGE_CURVE ( 'NONE', #10347, #5602, #410, .T. ) ;
#7504 = CARTESIAN_POINT ( 'NONE',  ( 41.74999999999995026, 2.500000000000000000, -5.000000000000006217 ) ) ;
#7505 = EDGE_CURVE ( 'NONE', #640, #191, #4200, .T. ) ;
#7506 = ORIENTED_EDGE ( 'NONE', *, *, #9490, .T. ) ;
#7507 = ORIENTED_EDGE ( 'NONE', *, *, #1390, .T. ) ;
#7508 = EDGE_LOOP ( 'NONE', ( #4000, #2114, #5088, #9262 ) ) ;
#7509 = EDGE_CURVE ( 'NONE', #5494, #2207, #10612, .T. ) ;
#7510 = PLANE ( 'NONE',  #10293 ) ;
#7511 = CARTESIAN_POINT ( 'NONE',  ( -1.518785097687213895E-13, 17.49999999999999645, -42.74999999999999289 ) ) ;
#7512 = EDGE_LOOP ( 'NONE', ( #5836, #3028, #10144, #4525 ) ) ;
#7513 = DIRECTION ( 'NONE',  ( 1.323076993872123698E-15, 0.000000000000000000, -1.000000000000000000 ) ) ;
#7514 = FACE_OUTER_BOUND ( 'NONE', #9868, .T. ) ;
#7515 = ORIENTED_EDGE ( 'NONE', *, *, #5002, .T. ) ;
#7516 = EDGE_CURVE ( 'NONE', #2113, #8527, #5568, .T. ) ;
#7517 = EDGE_LOOP ( 'NONE', ( #6890, #8921, #2360, #2021, #5122 ) ) ;
#7518 = EDGE_CURVE ( 'NONE', #7316, #3135, #8227, .T. ) ;
#7519 = ORIENTED_EDGE ( 'NONE', *, *, #10975, .F. ) ;
#7520 = ORIENTED_EDGE ( 'NONE', *, *, #3245, .T. ) ;
#7521 = ADVANCED_FACE ( 'NONE', ( #9114 ), #7342, .T. ) ;
#7522 = EDGE_CURVE ( 'NONE', #9387, #1998, #8045, .T. ) ;
#7523 = AXIS2_PLACEMENT_3D ( 'NONE', #2237, #9039, #3786 ) ;
#7524 = CARTESIAN_POINT ( 'NONE',  ( 3.471804156801326258, 24.95324863549492633, 43.74999999999990763 ) ) ;
#7525 = CARTESIAN_POINT ( 'NONE',  ( 27.95250199011694292, 17.49999999999999645, -22.98331580928440587 ) ) ;
#7526 = DIRECTION ( 'NONE',  ( -5.947623346206202627E-15, 0.000000000000000000, -1.000000000000000000 ) ) ;
#7527 = ORIENTED_EDGE ( 'NONE', *, *, #10476, .F. ) ;
#7528 = ORIENTED_EDGE ( 'NONE', *, *, #3227, .F. ) ;
#7529 = DIRECTION ( 'NONE',  ( 0.7071067811865474617, 0.000000000000000000, -0.7071067811865474617 ) ) ;
#7530 = DIRECTION ( 'NONE',  ( -1.000000000000000000, -1.972152263052529514E-31, 5.659885683814143012E-15 ) ) ;
#7531 = ORIENTED_EDGE ( 'NONE', *, *, #1215, .T. ) ;
#7532 = VERTEX_POINT ( 'NONE', #360 ) ;
#7533 = VECTOR ( 'NONE', #5128, 1000.000000000000000 ) ;
#7534 = CARTESIAN_POINT ( 'NONE',  ( 42.74999999999999289, 2.500000000000000000, -2.617682533177465764E-15 ) ) ;
#7535 = FACE_OUTER_BOUND ( 'NONE', #261, .T. ) ;
#7536 = DIRECTION ( 'NONE',  ( 0.000000000000000000, 1.000000000000000000, 0.000000000000000000 ) ) ;
#7537 = CIRCLE ( 'NONE', #3526, 1.000000000000000888 ) ;
#7538 = CARTESIAN_POINT ( 'NONE',  ( 47.74999999999999289, 1.361284592032115076E-61, 0.9999999999998966382 ) ) ;
#7539 = ORIENTED_EDGE ( 'NONE', *, *, #10058, .T. ) ;
#7540 = ORIENTED_EDGE ( 'NONE', *, *, #219, .T. ) ;
#7541 = DIRECTION ( 'NONE',  ( 0.000000000000000000, 1.000000000000000000, -0.000000000000000000 ) ) ;
#7542 = CARTESIAN_POINT ( 'NONE',  ( -0.9999999999993968158, 2.500000000000000000, 47.64897948556647833 ) ) ;
#7543 = LINE ( 'NONE', #7017, #10773 ) ;
#7544 = ORIENTED_EDGE ( 'NONE', *, *, #193, .T. ) ;
#7545 = DIRECTION ( 'NONE',  ( 0.000000000000000000, 0.000000000000000000, 1.000000000000000000 ) ) ;
#7546 = ORIENTED_EDGE ( 'NONE', *, *, #10291, .T. ) ;
#7547 = ORIENTED_EDGE ( 'NONE', *, *, #11298, .T. ) ;
#7548 = CARTESIAN_POINT ( 'NONE',  ( -15.46708108440192930, 19.49999999999999645, 20.21185110373244953 ) ) ;
#7549 = CARTESIAN_POINT ( 'NONE',  ( -22.64906996306766729, -1.734723475976807094E-15, 7.092720776963609808 ) ) ;
#7550 = DIRECTION ( 'NONE',  ( 2.168404344971008868E-15, 0.000000000000000000, 1.000000000000000000 ) ) ;
#7551 = DIRECTION ( 'NONE',  ( -0.000000000000000000, -1.000000000000000000, -0.000000000000000000 ) ) ;
#7552 = LINE ( 'NONE', #9037, #11303 ) ;
#7553 = CIRCLE ( 'NONE', #11034, 3.000000000000000888 ) ;
#7554 = CARTESIAN_POINT ( 'NONE',  ( 42.74999999999999289, 2.500000000000000000, -2.617682533177465764E-15 ) ) ;
#7555 = AXIS2_PLACEMENT_3D ( 'NONE', #7089, #9672, #965 ) ;
#7556 = EDGE_LOOP ( 'NONE', ( #6913, #10845, #2466, #2251 ) ) ;
#7557 = FACE_OUTER_BOUND ( 'NONE', #10916, .T. ) ;
#7558 = EDGE_LOOP ( 'NONE', ( #1009, #6810, #6490, #5674 ) ) ;
#7559 = AXIS2_PLACEMENT_3D ( 'NONE', #5422, #3826, #8906 ) ;
#7560 = ADVANCED_FACE ( 'NONE', ( #10841 ), #2995, .T. ) ;
#7561 = VECTOR ( 'NONE', #381, 1000.000000000000000 ) ;
#7562 = EDGE_LOOP ( 'NONE', ( #11333, #8895, #6625, #6042 ) ) ;
#7563 = ORIENTED_EDGE ( 'NONE', *, *, #10314, .F. ) ;
#7564 = DIRECTION ( 'NONE',  ( 0.000000000000000000, 0.000000000000000000, 1.000000000000000000 ) ) ;
#7565 = CARTESIAN_POINT ( 'NONE',  ( -28.28494219777432050, 2.499999999999998668, 0.9999999999998812061 ) ) ;
#7566 = DIRECTION ( 'NONE',  ( -1.776356839400251254E-15, 0.000000000000000000, 1.000000000000000000 ) ) ;
#7567 = VERTEX_POINT ( 'NONE', #2137 ) ;
#7568 = DIRECTION ( 'NONE',  ( 0.000000000000000000, 1.000000000000000000, -0.000000000000000000 ) ) ;
#7569 = DIRECTION ( 'NONE',  ( -1.000000000000000000, 0.000000000000000000, 2.168404344971009657E-15 ) ) ;
#7570 = AXIS2_PLACEMENT_3D ( 'NONE', #8394, #3190, #6616 ) ;
#7571 = ORIENTED_EDGE ( 'NONE', *, *, #8503, .T. ) ;
#7572 = EDGE_CURVE ( 'NONE', #2478, #11129, #5626, .T. ) ;
#7573 = AXIS2_PLACEMENT_3D ( 'NONE', #3601, #4505, #960 ) ;
#7574 = ORIENTED_EDGE ( 'NONE', *, *, #735, .T. ) ;
#7575 = ORIENTED_EDGE ( 'NONE', *, *, #7973, .T. ) ;
#7576 = AXIS2_PLACEMENT_3D ( 'NONE', #8840, #5409, #2731 ) ;
#7577 = DIRECTION ( 'NONE',  ( 0.000000000000000000, 1.000000000000000000, -0.000000000000000000 ) ) ;
#7578 = EDGE_CURVE ( 'NONE', #4730, #1147, #467, .T. ) ;
#7579 = CARTESIAN_POINT ( 'NONE',  ( 15.41506350946109016, 17.49999999999999645, -0.9999999999998532285 ) ) ;
#7580 = DIRECTION ( 'NONE',  ( 0.000000000000000000, 0.000000000000000000, 1.000000000000000000 ) ) ;
#7581 = ORIENTED_EDGE ( 'NONE', *, *, #5841, .F. ) ;
#7582 = ADVANCED_FACE ( 'NONE', ( #1454 ), #7797, .F. ) ;
#7583 = VERTEX_POINT ( 'NONE', #3281 ) ;
#7584 = CARTESIAN_POINT ( 'NONE',  ( -1.518785097687213895E-13, 17.49999999999999645, -68.10466440282023370 ) ) ;
#7585 = DIRECTION ( 'NONE',  ( 0.000000000000000000, 1.000000000000000000, -0.000000000000000000 ) ) ;
#7586 = VERTEX_POINT ( 'NONE', #1506 ) ;
#7587 = ORIENTED_EDGE ( 'NONE', *, *, #4501, .F. ) ;
#7588 = EDGE_CURVE ( 'NONE', #4495, #3874, #5483, .T. ) ;
#7589 = AXIS2_PLACEMENT_3D ( 'NONE', #10246, #10943, #4176 ) ;
#7590 = VECTOR ( 'NONE', #3701, 1000.000000000000000 ) ;
#7591 = DIRECTION ( 'NONE',  ( -0.000000000000000000, 1.000000000000000000, 0.000000000000000000 ) ) ;
#7592 = CARTESIAN_POINT ( 'NONE',  ( 1.486905836551403652E-14, 2.500000000000000000, 2.499999999999752642 ) ) ;
#7593 = CIRCLE ( 'NONE', #1749, 27.33493649053890096 ) ;
#7594 = DIRECTION ( 'NONE',  ( 0.000000000000000000, 0.000000000000000000, 1.000000000000000000 ) ) ;
#7595 = LINE ( 'NONE', #5703, #8658 ) ;
#7596 = ORIENTED_EDGE ( 'NONE', *, *, #7774, .F. ) ;
#7597 = ORIENTED_EDGE ( 'NONE', *, *, #6560, .T. ) ;
#7598 = CARTESIAN_POINT ( 'NONE',  ( -1.000000000000000000, -7.292596028743525438E-60, 5.659885683814142223E-15 ) ) ;
#7599 = LINE ( 'NONE', #10408, #10536 ) ;
#7600 = PLANE ( 'NONE',  #3821 ) ;
#7601 = EDGE_LOOP ( 'NONE', ( #8038, #7507, #276, #760 ) ) ;
#7602 = ADVANCED_FACE ( 'NONE', ( #1618 ), #11239, .F. ) ;
#7603 = CIRCLE ( 'NONE', #471, 25.00000000000000355 ) ;
#7604 = EDGE_LOOP ( 'NONE', ( #10892, #8079 ) ) ;
#7605 = VERTEX_POINT ( 'NONE', #6081 ) ;
#7606 = CARTESIAN_POINT ( 'NONE',  ( -42.74999999999999289, 17.49999999999999645, 2.617682533177465764E-15 ) ) ;
#7607 = DIRECTION ( 'NONE',  ( 1.000000000000000000, 0.000000000000000000, 8.306039671558391198E-15 ) ) ;
#7608 = CARTESIAN_POINT ( 'NONE',  ( -47.74999999999999289, 2.500000000000000000, -0.9999999999998966382 ) ) ;
#7609 = PRESENTATION_STYLE_ASSIGNMENT (( #10247 ) ) ;
#7610 = DIRECTION ( 'NONE',  ( 0.7071067811865470176, 0.000000000000000000, -0.7071067811865480168 ) ) ;
#7611 = VECTOR ( 'NONE', #9009, 1000.000000000000000 ) ;
#7612 = DIRECTION ( 'NONE',  ( 0.000000000000000000, 0.000000000000000000, 1.000000000000000000 ) ) ;
#7613 = DIRECTION ( 'NONE',  ( -0.7071067811865474617, 0.000000000000000000, 0.7071067811865476838 ) ) ;
#7614 = ORIENTED_EDGE ( 'NONE', *, *, #9461, .F. ) ;
#7615 = EDGE_CURVE ( 'NONE', #10671, #6542, #3289, .T. ) ;
#7616 = VECTOR ( 'NONE', #940, 1000.000000000000000 ) ;
#7617 = ORIENTED_EDGE ( 'NONE', *, *, #6529, .T. ) ;
#7618 = ORIENTED_EDGE ( 'NONE', *, *, #5408, .F. ) ;
#7619 = VECTOR ( 'NONE', #2786, 1000.000000000000000 ) ;
#7620 = ADVANCED_FACE ( 'NONE', ( #868 ), #6876, .F. ) ;
#7621 = LINE ( 'NONE', #6764, #2253 ) ;
#7622 = CARTESIAN_POINT ( 'NONE',  ( 2.499999999999965361, 2.500000000000000000, -2.500000000000015099 ) ) ;
#7623 = CARTESIAN_POINT ( 'NONE',  ( 42.74999999999999289, 17.49999999999999645, -2.617682533177465764E-15 ) ) ;
#7624 = ORIENTED_EDGE ( 'NONE', *, *, #11176, .F. ) ;
#7625 = ADVANCED_FACE ( 'NONE', ( #5910 ), #10378, .T. ) ;
#7626 = AXIS2_PLACEMENT_3D ( 'NONE', #3018, #4784, #11097 ) ;
#7627 = DIRECTION ( 'NONE',  ( -2.168404344971009657E-15, 1.972152263052529514E-31, -1.000000000000000000 ) ) ;
#7628 = FACE_OUTER_BOUND ( 'NONE', #8617, .T. ) ;
#7629 = AXIS2_PLACEMENT_3D ( 'NONE', #8483, #6822, #6652 ) ;
#7630 = EDGE_CURVE ( 'NONE', #4945, #222, #5660, .T. ) ;
#7631 = ORIENTED_EDGE ( 'NONE', *, *, #3864, .T. ) ;
#7632 = ORIENTED_EDGE ( 'NONE', *, *, #427, .F. ) ;
#7633 = EDGE_LOOP ( 'NONE', ( #6111, #2074, #382, #9348 ) ) ;
#7634 = ORIENTED_EDGE ( 'NONE', *, *, #9340, .F. ) ;
#7635 = CIRCLE ( 'NONE', #9088, 27.33493649053890096 ) ;
#7636 = AXIS2_PLACEMENT_3D ( 'NONE', #1726, #804, #9683 ) ;
#7637 = FACE_OUTER_BOUND ( 'NONE', #1664, .T. ) ;
#7638 = DIRECTION ( 'NONE',  ( 1.264284836150040893E-14, 0.000000000000000000, 1.000000000000000000 ) ) ;
#7639 = CARTESIAN_POINT ( 'NONE',  ( -42.74999999999999289, 17.49999999999999645, 2.617682533177465764E-15 ) ) ;
#7640 = VERTEX_POINT ( 'NONE', #4191 ) ;
#7641 = ORIENTED_EDGE ( 'NONE', *, *, #10143, .T. ) ;
#7642 = CARTESIAN_POINT ( 'NONE',  ( -19.63298726938604588, 0.7898818883216689457, 16.04594491874832940 ) ) ;
#7643 = CYLINDRICAL_SURFACE ( 'NONE', #5255, 25.00000000000000711 ) ;
#7644 = VERTEX_POINT ( 'NONE', #5049 ) ;
#7645 = ORIENTED_EDGE ( 'NONE', *, *, #8276, .F. ) ;
#7646 = CIRCLE ( 'NONE', #3256, 4.999999999999997335 ) ;
#7647 = AXIS2_PLACEMENT_3D ( 'NONE', #4923, #9149, #5890 ) ;
#7648 = VECTOR ( 'NONE', #9780, 1000.000000000000000 ) ;
#7649 = CARTESIAN_POINT ( 'NONE',  ( 5.235365066354933894E-15, 2.500000000000000000, 42.74999999999999289 ) ) ;
#7650 = PLANE ( 'NONE',  #7758 ) ;
#7651 = VECTOR ( 'NONE', #1452, 1000.000000000000000 ) ;
#7652 = EDGE_CURVE ( 'NONE', #10225, #10919, #9392, .T. ) ;
#7653 = VECTOR ( 'NONE', #101, 1000.000000000000000 ) ;
#7654 = CARTESIAN_POINT ( 'NONE',  ( 2.499999999999928502, 85.69355547949508889, 23.75650936579278749 ) ) ;
#7655 = DIRECTION ( 'NONE',  ( 0.000000000000000000, -1.000000000000000000, 0.000000000000000000 ) ) ;
#7656 = EDGE_LOOP ( 'NONE', ( #5505, #1620, #8082, #6902, #7597, #6824, #8723 ) ) ;
#7657 = ORIENTED_EDGE ( 'NONE', *, *, #5132, .F. ) ;
#7658 = CARTESIAN_POINT ( 'NONE',  ( -12.75000000000000000, 4.500000000000000888, -12.75000000000000000 ) ) ;
#7659 = DIRECTION ( 'NONE',  ( -1.734723475976806503E-15, 0.000000000000000000, 1.000000000000000000 ) ) ;
#7660 = CARTESIAN_POINT ( 'NONE',  ( -5.000000000000144773, 1.361284592032115076E-61, -43.74999999999993605 ) ) ;
#7661 = ORIENTED_EDGE ( 'NONE', *, *, #3809, .F. ) ;
#7662 = DIRECTION ( 'NONE',  ( 0.000000000000000000, 0.000000000000000000, -1.000000000000000000 ) ) ;
#7663 = CIRCLE ( 'NONE', #5287, 2.000000000000000000 ) ;
#7664 = AXIS2_PLACEMENT_3D ( 'NONE', #5708, #2221, #11104 ) ;
#7665 = AXIS2_PLACEMENT_3D ( 'NONE', #6235, #6013, #913 ) ;
#7666 = EDGE_CURVE ( 'NONE', #5534, #8526, #1470, .T. ) ;
#7667 = ORIENTED_EDGE ( 'NONE', *, *, #2110, .F. ) ;
#7668 = CARTESIAN_POINT ( 'NONE',  ( -42.75000000000014921, -7.292596028743525438E-60, -43.74999999999999289 ) ) ;
#7669 = ADVANCED_FACE ( 'NONE', ( #4132 ), #11184, .T. ) ;
#7670 = CARTESIAN_POINT ( 'NONE',  ( -10.31912211600114659, 2.684116356481444754, -14.74999999999999822 ) ) ;
#7671 = DIRECTION ( 'NONE',  ( 0.000000000000000000, 0.000000000000000000, 1.000000000000000000 ) ) ;
#7672 = CARTESIAN_POINT ( 'NONE',  ( -18.75998266654167068, 0.000000000000000000, 36.43765219620534168 ) ) ;
#7673 = CIRCLE ( 'NONE', #8403, 27.33493649053890096 ) ;
#7674 = CARTESIAN_POINT ( 'NONE',  ( 12.75000000000000000, 4.500000000000000888, -8.749999999999998224 ) ) ;
#7675 = DIRECTION ( 'NONE',  ( -0.000000000000000000, -1.000000000000000000, -0.000000000000000000 ) ) ;
#7676 = PRODUCT_DEFINITION_SHAPE ( 'NONE', 'NONE',  #4564 ) ;
#7677 = EDGE_CURVE ( 'NONE', #5054, #3119, #11130, .T. ) ;
#7678 = DIRECTION ( 'NONE',  ( 1.000000000000000000, 0.000000000000000000, -2.168404344971009657E-15 ) ) ;
#7679 = VECTOR ( 'NONE', #2476, 1000.000000000000000 ) ;
#7680 = VERTEX_POINT ( 'NONE', #5968 ) ;
#7681 = ORIENTED_EDGE ( 'NONE', *, *, #8225, .T. ) ;
#7682 = DIRECTION ( 'NONE',  ( -1.000000000000000000, 0.000000000000000000, 2.168404344971009657E-15 ) ) ;
#7683 = CYLINDRICAL_SURFACE ( 'NONE', #4440, 0.9999999999999991118 ) ;
#7684 = DIRECTION ( 'NONE',  ( 5.659885683814143012E-15, 0.000000000000000000, 1.000000000000000000 ) ) ;
#7685 = ORIENTED_EDGE ( 'NONE', *, *, #11093, .F. ) ;
#7686 = DIRECTION ( 'NONE',  ( -1.000000000000000000, 0.000000000000000000, 2.168404344971009657E-15 ) ) ;
#7687 = CARTESIAN_POINT ( 'NONE',  ( 43.75000000000007816, 24.95324863549492633, 3.471804156800874175 ) ) ;
#7688 = ORIENTED_EDGE ( 'NONE', *, *, #1562, .F. ) ;
#7689 = EDGE_LOOP ( 'NONE', ( #3116, #2799, #3260 ) ) ;
#7690 = EDGE_LOOP ( 'NONE', ( #1120, #9451, #7443, #1876 ) ) ;
#7691 = DIRECTION ( 'NONE',  ( -2.168404344971008868E-15, 0.000000000000000000, -1.000000000000000000 ) ) ;
#7692 = LINE ( 'NONE', #9405, #7461 ) ;
#7693 = CARTESIAN_POINT ( 'NONE',  ( -1.518785097687213895E-13, 17.49999999999999645, -42.74999999999999289 ) ) ;
#7694 = ORIENTED_EDGE ( 'NONE', *, *, #6535, .T. ) ;
#7695 = VERTEX_POINT ( 'NONE', #11293 ) ;
#7696 = DIRECTION ( 'NONE',  ( 0.000000000000000000, 1.000000000000000000, 0.000000000000000000 ) ) ;
#7697 = FACE_OUTER_BOUND ( 'NONE', #7656, .T. ) ;
#7698 = ORIENTED_EDGE ( 'NONE', *, *, #3323, .F. ) ;
#7699 = ORIENTED_EDGE ( 'NONE', *, *, #350, .F. ) ;
#7700 = EDGE_CURVE ( 'NONE', #1757, #10898, #10424, .T. ) ;
#7701 = DIRECTION ( 'NONE',  ( 0.000000000000000000, 1.000000000000000000, -0.000000000000000000 ) ) ;
#7702 = CARTESIAN_POINT ( 'NONE',  ( -22.53814889626739770, 0.7898818883216689457, 27.28291891559792859 ) ) ;
#7703 = CARTESIAN_POINT ( 'NONE',  ( 13.04289321881345209, 0.000000000000000000, 8.170310216782977975 ) ) ;
#7704 = CARTESIAN_POINT ( 'NONE',  ( -43.74999999999955236, 17.49999999999999645, -42.75000000000000000 ) ) ;
#7705 = EDGE_LOOP ( 'NONE', ( #2292, #3647, #9618, #1665 ) ) ;
#7706 = VERTEX_POINT ( 'NONE', #10208 ) ;
#7707 = CARTESIAN_POINT ( 'NONE',  ( 12.75000000000000178, 9.500000000000000000, 10.75000000000000000 ) ) ;
#7708 = CARTESIAN_POINT ( 'NONE',  ( -10.62825468289636177, 85.69355547949508889, 10.62825468289635644 ) ) ;
#7709 = LINE ( 'NONE', #9487, #5400 ) ;
#7710 = VERTEX_POINT ( 'NONE', #9453 ) ;
#7711 = CIRCLE ( 'NONE', #2781, 25.00000000000000711 ) ;
#7712 = DIRECTION ( 'NONE',  ( 0.000000000000000000, 0.000000000000000000, 1.000000000000000000 ) ) ;
#7713 = EDGE_CURVE ( 'NONE', #801, #19, #809, .T. ) ;
#7714 = VECTOR ( 'NONE', #3836, 1000.000000000000000 ) ;
#7715 = ORIENTED_EDGE ( 'NONE', *, *, #6089, .F. ) ;
#7716 = DIRECTION ( 'NONE',  ( 1.734723475976807094E-15, 0.000000000000000000, 1.000000000000000000 ) ) ;
#7717 = CARTESIAN_POINT ( 'NONE',  ( -15.46708108440192930, 17.49999999999999645, 20.21185110373244953 ) ) ;
#7718 = FACE_BOUND ( 'NONE', #4443, .T. ) ;
#7719 = EDGE_CURVE ( 'NONE', #2861, #7706, #1279, .T. ) ;
#7720 = CARTESIAN_POINT ( 'NONE',  ( 43.75000000000014211, 17.49999999999999645, -42.74999999999999289 ) ) ;
#7721 = DIRECTION ( 'NONE',  ( 0.000000000000000000, 1.000000000000000000, 0.000000000000000000 ) ) ;
#7722 = ADVANCED_FACE ( 'NONE', ( #4306 ), #9342, .F. ) ;
#7723 = LINE ( 'NONE', #8581, #9898 ) ;
#7724 = CIRCLE ( 'NONE', #584, 25.35466440282023370 ) ;
#7725 = EDGE_CURVE ( 'NONE', #1309, #5981, #6217, .T. ) ;
#7726 = EDGE_CURVE ( 'NONE', #1179, #10138, #118, .T. ) ;
#7727 = ORIENTED_EDGE ( 'NONE', *, *, #6535, .F. ) ;
#7728 = EDGE_LOOP ( 'NONE', ( #9678, #23, #10778, #290, #6320, #8181, #2050, #11027 ) ) ;
#7729 = DIRECTION ( 'NONE',  ( 1.000000000000000000, -1.972152263052529514E-31, -5.659885683814143012E-15 ) ) ;
#7730 = VECTOR ( 'NONE', #5354, 999.9999999999998863 ) ;
#7731 = DIRECTION ( 'NONE',  ( 1.000000000000000000, 0.000000000000000000, 1.323076993872124684E-15 ) ) ;
#7732 = DIRECTION ( 'NONE',  ( 0.000000000000000000, 1.000000000000000000, -0.000000000000000000 ) ) ;
#7733 = VECTOR ( 'NONE', #747, 1000.000000000000000 ) ;
#7734 = DIRECTION ( 'NONE',  ( 0.000000000000000000, 0.000000000000000000, -1.000000000000000000 ) ) ;
#7735 = DIRECTION ( 'NONE',  ( 0.7071067811865473507, 0.000000000000000000, -0.7071067811865477948 ) ) ;
#7736 = CARTESIAN_POINT ( 'NONE',  ( -23.11701273061356332, 17.49999999999999645, 26.70405508125176297 ) ) ;
#7737 = ORIENTED_EDGE ( 'NONE', *, *, #5207, .T. ) ;
#7738 = DIRECTION ( 'NONE',  ( 0.000000000000000000, 1.000000000000000000, -0.000000000000000000 ) ) ;
#7739 = DIRECTION ( 'NONE',  ( 0.000000000000000000, 0.000000000000000000, 1.000000000000000000 ) ) ;
#7740 = ORIENTED_EDGE ( 'NONE', *, *, #8426, .T. ) ;
#7741 = CIRCLE ( 'NONE', #2808, 1.000000000000000888 ) ;
#7742 = EDGE_CURVE ( 'NONE', #1798, #11121, #26, .T. ) ;
#7743 = AXIS2_PLACEMENT_3D ( 'NONE', #7435, #619, #5893 ) ;
#7744 = ORIENTED_EDGE ( 'NONE', *, *, #304, .F. ) ;
#7745 = VERTEX_POINT ( 'NONE', #1149 ) ;
#7746 = ADVANCED_FACE ( 'NONE', ( #4583 ), #2766, .T. ) ;
#7747 = CARTESIAN_POINT ( 'NONE',  ( 0.9999999999997298827, 2.500000000000000000, -47.75000000000000000 ) ) ;
#7748 = VECTOR ( 'NONE', #1472, 1000.000000000000000 ) ;
#7749 = DIRECTION ( 'NONE',  ( 1.000000000000000000, -0.000000000000000000, -5.575896887068303672E-15 ) ) ;
#7750 = VECTOR ( 'NONE', #6504, 1000.000000000000000 ) ;
#7751 = DIRECTION ( 'NONE',  ( 0.000000000000000000, 0.000000000000000000, 1.000000000000000000 ) ) ;
#7752 = EDGE_LOOP ( 'NONE', ( #5382, #8224 ) ) ;
#7753 = VERTEX_POINT ( 'NONE', #4472 ) ;
#7754 = DIRECTION ( 'NONE',  ( 1.000000000000000000, -0.000000000000000000, -5.575896887068303672E-15 ) ) ;
#7755 = CARTESIAN_POINT ( 'NONE',  ( -1.000000000000048406, 27.36039051652360854, -40.38836755702141090 ) ) ;
#7756 = ORIENTED_EDGE ( 'NONE', *, *, #4503, .T. ) ;
#7757 = DIRECTION ( 'NONE',  ( -0.000000000000000000, -1.000000000000000000, -0.000000000000000000 ) ) ;
#7758 = AXIS2_PLACEMENT_3D ( 'NONE', #891, #1753, #2498 ) ;
#7759 = AXIS2_PLACEMENT_3D ( 'NONE', #10688, #8056, #208 ) ;
#7760 = ADVANCED_FACE ( 'NONE', ( #10713 ), #6139, .T. ) ;
#7761 = DIRECTION ( 'NONE',  ( -0.000000000000000000, 1.000000000000000000, -0.000000000000000000 ) ) ;
#7762 = DIRECTION ( 'NONE',  ( 0.000000000000000000, 1.000000000000000000, -0.000000000000000000 ) ) ;
#7763 = ADVANCED_FACE ( 'NONE', ( #8076 ), #9688, .F. ) ;
#7764 = LINE ( 'NONE', #7654, #11301 ) ;
#7765 = DIRECTION ( 'NONE',  ( 0.7071067811865473507, 0.000000000000000000, -0.7071067811865477948 ) ) ;
#7766 = ORIENTED_EDGE ( 'NONE', *, *, #5526, .T. ) ;
#7767 = ORIENTED_EDGE ( 'NONE', *, *, #686, .F. ) ;
#7768 = PLANE ( 'NONE',  #7114 ) ;
#7769 = CARTESIAN_POINT ( 'NONE',  ( 14.75000000000000000, 2.767949192431122807, -10.51393202250020664 ) ) ;
#7770 = VECTOR ( 'NONE', #7, 1000.000000000000000 ) ;
#7771 = DIRECTION ( 'NONE',  ( 0.7071067811865470176, 0.000000000000000000, 0.7071067811865481278 ) ) ;
#7772 = VERTEX_POINT ( 'NONE', #178 ) ;
#7773 = DIRECTION ( 'NONE',  ( -2.168404344971008868E-15, 0.000000000000000000, -1.000000000000000000 ) ) ;
#7774 = EDGE_CURVE ( 'NONE', #6547, #9471, #7969, .T. ) ;
#7775 = AXIS2_PLACEMENT_3D ( 'NONE', #1094, #4634, #9845 ) ;
#7776 = ORIENTED_EDGE ( 'NONE', *, *, #9255, .F. ) ;
#7777 = FACE_BOUND ( 'NONE', #9909, .T. ) ;
#7778 = CARTESIAN_POINT ( 'NONE',  ( 23.11701273061411754, 17.49999999999999645, 26.70405508125121941 ) ) ;
#7779 = DIRECTION ( 'NONE',  ( 0.000000000000000000, 1.000000000000000000, 0.000000000000000000 ) ) ;
#7780 = PLANE ( 'NONE',  #10855 ) ;
#7781 = DIRECTION ( 'NONE',  ( 0.000000000000000000, 0.000000000000000000, -1.000000000000000000 ) ) ;
#7782 = DIRECTION ( 'NONE',  ( -0.000000000000000000, -1.000000000000000000, 0.000000000000000000 ) ) ;
#7783 = DIRECTION ( 'NONE',  ( -0.000000000000000000, -1.000000000000000000, 0.000000000000000000 ) ) ;
#7784 = AXIS2_PLACEMENT_3D ( 'NONE', #3500, #6977, #6131 ) ;
#7785 = VERTEX_POINT ( 'NONE', #61 ) ;
#7786 = EDGE_CURVE ( 'NONE', #7471, #10, #2814, .T. ) ;
#7787 = ORIENTED_EDGE ( 'NONE', *, *, #8596, .T. ) ;
#7788 = CARTESIAN_POINT ( 'NONE',  ( -12.45209455274891930, 2.500000000000000444, -8.761108882847498336 ) ) ;
#7789 = CIRCLE ( 'NONE', #2860, 1.000000000000000888 ) ;
#7790 = DIRECTION ( 'NONE',  ( 0.000000000000000000, 1.000000000000000000, -0.000000000000000000 ) ) ;
#7791 = DIRECTION ( 'NONE',  ( 0.000000000000000000, 0.000000000000000000, 1.000000000000000000 ) ) ;
#7792 = LINE ( 'NONE', #6077, #11257 ) ;
#7793 = CARTESIAN_POINT ( 'NONE',  ( 9.991659337951681152, 2.690603419461957468, 11.22154409764475247 ) ) ;
#7794 = EDGE_CURVE ( 'NONE', #3236, #11061, #1407, .T. ) ;
#7795 = DIRECTION ( 'NONE',  ( 0.000000000000000000, 1.000000000000000000, -0.000000000000000000 ) ) ;
#7796 = EDGE_LOOP ( 'NONE', ( #10057, #8329, #8484, #4193 ) ) ;
#7797 = CYLINDRICAL_SURFACE ( 'NONE', #11343, 0.7499999999999986677 ) ;
#7798 = DIRECTION ( 'NONE',  ( -0.000000000000000000, -1.000000000000000000, -0.000000000000000000 ) ) ;
#7799 = ORIENTED_EDGE ( 'NONE', *, *, #1678, .T. ) ;
#7800 = AXIS2_PLACEMENT_3D ( 'NONE', #10519, #203, #3538 ) ;
#7801 = ORIENTED_EDGE ( 'NONE', *, *, #4225, .T. ) ;
#7802 = ORIENTED_EDGE ( 'NONE', *, *, #3155, .T. ) ;
#7803 = DIRECTION ( 'NONE',  ( 0.000000000000000000, 1.000000000000000000, -0.000000000000000000 ) ) ;
#7804 = AXIS2_PLACEMENT_3D ( 'NONE', #7874, #10447, #22 ) ;
#7805 = EDGE_CURVE ( 'NONE', #3365, #11030, #231, .T. ) ;
#7806 = DIRECTION ( 'NONE',  ( 2.168404344971009657E-15, -1.972152263052529514E-31, 1.000000000000000000 ) ) ;
#7807 = CARTESIAN_POINT ( 'NONE',  ( 2.857883832488646192, -34.48187929913332539, -41.85000000000000142 ) ) ;
#7808 = ORIENTED_EDGE ( 'NONE', *, *, #703, .T. ) ;
#7809 = CIRCLE ( 'NONE', #8903, 25.35466440282023370 ) ;
#7810 = ORIENTED_EDGE ( 'NONE', *, *, #3705, .T. ) ;
#7811 = FACE_OUTER_BOUND ( 'NONE', #8713, .T. ) ;
#7812 = CARTESIAN_POINT ( 'NONE',  ( -1.000000000000000000, 17.49999999999999645, 1.264284836150040893E-14 ) ) ;
#7813 = ORIENTED_EDGE ( 'NONE', *, *, #568, .T. ) ;
#7814 = DIRECTION ( 'NONE',  ( 5.659885683814143012E-15, 0.000000000000000000, 1.000000000000000000 ) ) ;
#7815 = VECTOR ( 'NONE', #2613, 1000.000000000000000 ) ;
#7816 = CYLINDRICAL_SURFACE ( 'NONE', #10659, 25.00000000000000355 ) ;
#7817 = CARTESIAN_POINT ( 'NONE',  ( -38.41987298107782323, 2.500000000000000000, -2.500000000000017319 ) ) ;
#7818 = CARTESIAN_POINT ( 'NONE',  ( -14.75000000000000000, 2.767949192431122363, 10.51393202250021019 ) ) ;
#7819 = CARTESIAN_POINT ( 'NONE',  ( -14.75000000000000000, 0.000000000000000000, 0.000000000000000000 ) ) ;
#7820 = ORIENTED_EDGE ( 'NONE', *, *, #7851, .F. ) ;
#7821 = VECTOR ( 'NONE', #7638, 1000.000000000000000 ) ;
#7822 = ORIENTED_EDGE ( 'NONE', *, *, #7725, .T. ) ;
#7823 = DIRECTION ( 'NONE',  ( -2.168404344971008868E-15, 0.000000000000000000, -1.000000000000000000 ) ) ;
#7824 = CARTESIAN_POINT ( 'NONE',  ( -10.62825468289636177, 0.000000000000000000, 10.62825468289635644 ) ) ;
#7825 = VECTOR ( 'NONE', #1205, 1000.000000000000000 ) ;
#7826 = DIRECTION ( 'NONE',  ( 0.000000000000000000, 1.000000000000000000, 0.000000000000000000 ) ) ;
#7827 = EDGE_LOOP ( 'NONE', ( #4898, #10667, #7393, #5916 ) ) ;
#7828 = CARTESIAN_POINT ( 'NONE',  ( -42.74999999999999289, 19.49999999999999645, -25.35466440282023015 ) ) ;
#7829 = EDGE_CURVE ( 'NONE', #2539, #1211, #8257, .T. ) ;
#7830 = EDGE_LOOP ( 'NONE', ( #1081, #8584, #8914, #6700 ) ) ;
#7831 = EDGE_CURVE ( 'NONE', #6705, #526, #1954, .T. ) ;
#7832 = AXIS2_PLACEMENT_3D ( 'NONE', #10158, #9985, #9124 ) ;
#7833 = VECTOR ( 'NONE', #5547, 1000.000000000000000 ) ;
#7834 = ORIENTED_EDGE ( 'NONE', *, *, #10794, .F. ) ;
#7835 = AXIS2_PLACEMENT_3D ( 'NONE', #5610, #8980, #4755 ) ;
#7836 = FACE_BOUND ( 'NONE', #1679, .T. ) ;
#7837 = EDGE_CURVE ( 'NONE', #6366, #5343, #8931, .T. ) ;
#7838 = DIRECTION ( 'NONE',  ( -0.000000000000000000, -1.000000000000000000, 0.000000000000000000 ) ) ;
#7839 = EDGE_CURVE ( 'NONE', #1769, #8552, #3729, .T. ) ;
#7840 = DIRECTION ( 'NONE',  ( 0.000000000000000000, 1.000000000000000000, -0.000000000000000000 ) ) ;
#7841 = DIRECTION ( 'NONE',  ( 0.000000000000000000, 1.000000000000000000, 0.000000000000000000 ) ) ;
#7842 = DIRECTION ( 'NONE',  ( -8.306039671558391198E-15, 0.000000000000000000, 1.000000000000000000 ) ) ;
#7843 = CARTESIAN_POINT ( 'NONE',  ( -13.74999999999999822, 2.500000000000000000, -8.877416997969513446 ) ) ;
#7844 = CIRCLE ( 'NONE', #4361, 0.7500000000000006661 ) ;
#7845 = DIRECTION ( 'NONE',  ( -0.000000000000000000, -1.000000000000000000, -0.000000000000000000 ) ) ;
#7846 = EDGE_LOOP ( 'NONE', ( #11109, #7147, #10045, #10084 ) ) ;
#7847 = EDGE_LOOP ( 'NONE', ( #6451, #9020, #1342, #10219 ) ) ;
#7848 = CIRCLE ( 'NONE', #6747, 4.999999999999997335 ) ;
#7849 = CARTESIAN_POINT ( 'NONE',  ( -10.91454722882248518, 2.736604364876168649, -10.29865620677393423 ) ) ;
#7850 = CARTESIAN_POINT ( 'NONE',  ( -0.9999999999991391331, 17.49999999999999645, 68.08493649053890806 ) ) ;
#7851 = EDGE_CURVE ( 'NONE', #1964, #2313, #5337, .T. ) ;
#7852 = DIRECTION ( 'NONE',  ( 6.938893903907222067E-15, 0.000000000000000000, 1.000000000000000000 ) ) ;
#7853 = CARTESIAN_POINT ( 'NONE',  ( -13.48119349357087593, 1.500000000000000000, 13.43217012171423086 ) ) ;
#7854 = DIRECTION ( 'NONE',  ( 8.326672684688672475E-15, 0.000000000000000000, -1.000000000000000000 ) ) ;
#7855 = AXIS2_PLACEMENT_3D ( 'NONE', #2461, #5037, #3269 ) ;
#7856 = EDGE_CURVE ( 'NONE', #10737, #1343, #7047, .T. ) ;
#7857 = CYLINDRICAL_SURFACE ( 'NONE', #1990, 0.7499999999999984457 ) ;
#7858 = ORIENTED_EDGE ( 'NONE', *, *, #4648, .F. ) ;
#7859 = DIRECTION ( 'NONE',  ( 0.000000000000000000, 0.000000000000000000, 1.000000000000000000 ) ) ;
#7860 = CARTESIAN_POINT ( 'NONE',  ( -18.92588048819949265, 19.49999999999999645, 15.33883813756177794 ) ) ;
#7861 = ORIENTED_EDGE ( 'NONE', *, *, #8501, .F. ) ;
#7862 = CIRCLE ( 'NONE', #8761, 25.00000000000000711 ) ;
#7863 = EDGE_CURVE ( 'NONE', #2861, #6273, #2411, .T. ) ;
#7864 = ORIENTED_EDGE ( 'NONE', *, *, #555, .T. ) ;
#7865 = ORIENTED_EDGE ( 'NONE', *, *, #11202, .F. ) ;
#7866 = CARTESIAN_POINT ( 'NONE',  ( 4.504001642398092977E-13, 17.49999999999999645, 42.74999999999999289 ) ) ;
#7867 = AXIS2_PLACEMENT_3D ( 'NONE', #9513, #699, #1673 ) ;
#7868 = DIRECTION ( 'NONE',  ( -5.663872149064272008E-15, 0.000000000000000000, -1.000000000000000000 ) ) ;
#7869 = LINE ( 'NONE', #18, #5271 ) ;
#7870 = ORIENTED_EDGE ( 'NONE', *, *, #11202, .T. ) ;
#7871 = EDGE_CURVE ( 'NONE', #988, #9737, #9531, .T. ) ;
#7872 = VERTEX_POINT ( 'NONE', #4868 ) ;
#7873 = CARTESIAN_POINT ( 'NONE',  ( -2.857883832488646192, 2.500000000000000000, -41.85000000000000142 ) ) ;
#7874 = CARTESIAN_POINT ( 'NONE',  ( 12.75000000000000178, 4.500000000000000888, 16.75000000000000000 ) ) ;
#7875 = ORIENTED_EDGE ( 'NONE', *, *, #3795, .F. ) ;
#7876 = CARTESIAN_POINT ( 'NONE',  ( -42.74999999999954525, 17.49999999999999645, 43.75000000000000711 ) ) ;
#7877 = EDGE_CURVE ( 'NONE', #11330, #6227, #3904, .T. ) ;
#7878 = EDGE_CURVE ( 'NONE', #2363, #2090, #10948, .T. ) ;
#7879 = CARTESIAN_POINT ( 'NONE',  ( 42.74999999999999289, 0.000000000000000000, -2.617682533177465764E-15 ) ) ;
#7880 = PLANE ( 'NONE',  #3732 ) ;
#7881 = CARTESIAN_POINT ( 'NONE',  ( -41.74999999999995026, 0.000000000000000000, 4.898979485566351322 ) ) ;
#7882 = CARTESIAN_POINT ( 'NONE',  ( -13.74999999999999822, 2.500000000000000000, -8.877416997969513446 ) ) ;
#7883 = VERTEX_POINT ( 'NONE', #7504 ) ;
#7884 = ORIENTED_EDGE ( 'NONE', *, *, #6884, .T. ) ;
#7885 = DIRECTION ( 'NONE',  ( 0.000000000000000000, 0.000000000000000000, 1.000000000000000000 ) ) ;
#7886 = CARTESIAN_POINT ( 'NONE',  ( 13.12825468289635644, 85.69355547949508889, 13.12825468289637953 ) ) ;
#7887 = DIRECTION ( 'NONE',  ( -0.000000000000000000, -1.000000000000000000, 0.000000000000000000 ) ) ;
#7888 = ORIENTED_EDGE ( 'NONE', *, *, #10266, .T. ) ;
#7889 = DIRECTION ( 'NONE',  ( 0.000000000000000000, 1.000000000000000000, -0.000000000000000000 ) ) ;
#7890 = ORIENTED_EDGE ( 'NONE', *, *, #169, .T. ) ;
#7891 = VERTEX_POINT ( 'NONE', #7275 ) ;
#7892 = FACE_BOUND ( 'NONE', #10093, .T. ) ;
#7893 = CARTESIAN_POINT ( 'NONE',  ( 8.877416997969529433, 2.500000000000000000, 14.75000000000000000 ) ) ;
#7894 = DIRECTION ( 'NONE',  ( 0.000000000000000000, 1.000000000000000000, 0.000000000000000000 ) ) ;
#7895 = CIRCLE ( 'NONE', #3141, 25.35466440282023370 ) ;
#7896 = LINE ( 'NONE', #1773, #2626 ) ;
#7897 = CARTESIAN_POINT ( 'NONE',  ( -68.08493649053889385, 17.49999999999999645, -0.9999999999998523403 ) ) ;
#7898 = CARTESIAN_POINT ( 'NONE',  ( 27.41116186243804620, 19.49999999999999645, 23.82411951180039011 ) ) ;
#7899 = CARTESIAN_POINT ( 'NONE',  ( 42.74999999999999289, 19.49999999999999645, -2.617682533177465764E-15 ) ) ;
#7900 = CIRCLE ( 'NONE', #2597, 3.000000000000000888 ) ;
#7901 = VERTEX_POINT ( 'NONE', #10890 ) ;
#7902 = ORIENTED_EDGE ( 'NONE', *, *, #3446, .T. ) ;
#7903 = DIRECTION ( 'NONE',  ( -5.659885683814143012E-15, 0.000000000000000000, -1.000000000000000000 ) ) ;
#7904 = EDGE_CURVE ( 'NONE', #8516, #7745, #9213, .T. ) ;
#7905 = CARTESIAN_POINT ( 'NONE',  ( -27.59881743137350796, 2.500000000000002220, 27.59881743137348664 ) ) ;
#7906 = DIRECTION ( 'NONE',  ( 0.000000000000000000, -0.000000000000000000, 1.000000000000000000 ) ) ;
#7907 = CARTESIAN_POINT ( 'NONE',  ( -42.75000000000014921, 0.000000000000000000, -43.74999999999999289 ) ) ;
#7908 = DIRECTION ( 'NONE',  ( -5.663872149064273586E-15, 8.326672684688672081E-16, -1.000000000000000000 ) ) ;
#7909 = LINE ( 'NONE', #9082, #3639 ) ;
#7910 = AXIS2_PLACEMENT_3D ( 'NONE', #6662, #5806, #5055 ) ;
#7911 = ORIENTED_EDGE ( 'NONE', *, *, #5818, .F. ) ;
#7912 = DIRECTION ( 'NONE',  ( 0.000000000000000000, 1.000000000000000000, 0.000000000000000000 ) ) ;
#7913 = CARTESIAN_POINT ( 'NONE',  ( 41.74999999999955236, 17.49999999999999645, 42.74999999999999289 ) ) ;
#7914 = ORIENTED_EDGE ( 'NONE', *, *, #343, .T. ) ;
#7915 = EDGE_CURVE ( 'NONE', #7163, #624, #6797, .T. ) ;
#7916 = EDGE_CURVE ( 'NONE', #2478, #11186, #946, .T. ) ;
#7917 = AXIS2_PLACEMENT_3D ( 'NONE', #4765, #293, #3796 ) ;
#7918 = VERTEX_POINT ( 'NONE', #514 ) ;
#7919 = VERTEX_POINT ( 'NONE', #9906 ) ;
#7920 = CARTESIAN_POINT ( 'NONE',  ( -4.321165396264175840, 0.000000000000000000, 29.06990273779332767 ) ) ;
#7921 = FACE_OUTER_BOUND ( 'NONE', #10972, .T. ) ;
#7922 = ADVANCED_FACE ( 'NONE', ( #6468 ), #8191, .T. ) ;
#7923 = ORIENTED_EDGE ( 'NONE', *, *, #4586, .F. ) ;
#7924 = ORIENTED_EDGE ( 'NONE', *, *, #10146, .T. ) ;
#7925 = CARTESIAN_POINT ( 'NONE',  ( -27.33493649053905727, 17.49999999999999645, -42.75000000000012790 ) ) ;
#7926 = PLANE ( 'NONE',  #5057 ) ;
#7927 = VECTOR ( 'NONE', #1815, 1000.000000000000000 ) ;
#7928 = ORIENTED_EDGE ( 'NONE', *, *, #2593, .T. ) ;
#7929 = LINE ( 'NONE', #3585, #8446 ) ;
#7930 = EDGE_CURVE ( 'NONE', #3255, #2128, #1317, .T. ) ;
#7931 = ADVANCED_FACE ( 'NONE', ( #11007 ), #3152, .T. ) ;
#7932 = CIRCLE ( 'NONE', #8838, 0.7499999999999986677 ) ;
#7933 = LINE ( 'NONE', #6324, #7181 ) ;
#7934 = EDGE_CURVE ( 'NONE', #5012, #5879, #10078, .T. ) ;
#7935 = CARTESIAN_POINT ( 'NONE',  ( -26.70405508125149296, 0.7898818883216689457, 23.11701273061383688 ) ) ;
#7936 = DIRECTION ( 'NONE',  ( 0.000000000000000000, 0.000000000000000000, 1.000000000000000000 ) ) ;
#7937 = DIRECTION ( 'NONE',  ( 0.000000000000000000, 0.000000000000000000, 1.000000000000000000 ) ) ;
#7938 = ORIENTED_EDGE ( 'NONE', *, *, #3185, .F. ) ;
#7939 = EDGE_CURVE ( 'NONE', #4776, #9193, #5784, .T. ) ;
#7940 = ORIENTED_EDGE ( 'NONE', *, *, #2507, .F. ) ;
#7941 = FACE_OUTER_BOUND ( 'NONE', #7186, .T. ) ;
#7942 = CARTESIAN_POINT ( 'NONE',  ( -22.98331580928412166, 17.49999999999999645, 27.95250199011720937 ) ) ;
#7943 = CARTESIAN_POINT ( 'NONE',  ( -14.79749800988294872, 19.49999999999999645, -19.76668419071542715 ) ) ;
#7944 = ORIENTED_EDGE ( 'NONE', *, *, #3451, .T. ) ;
#7945 = EDGE_CURVE ( 'NONE', #7640, #5449, #9102, .T. ) ;
#7946 = ORIENTED_EDGE ( 'NONE', *, *, #9344, .T. ) ;
#7947 = CIRCLE ( 'NONE', #9578, 1.500000000000003997 ) ;
#7948 = AXIS2_PLACEMENT_3D ( 'NONE', #3355, #6898, #6102 ) ;
#7949 = CARTESIAN_POINT ( 'NONE',  ( 10.62825468289635644, 85.69355547949508889, -10.62825468289633690 ) ) ;
#7950 = DIRECTION ( 'NONE',  ( 0.000000000000000000, 1.000000000000000000, -0.000000000000000000 ) ) ;
#7951 = VECTOR ( 'NONE', #9814, 1000.000000000000000 ) ;
#7952 = LINE ( 'NONE', #8169, #7653 ) ;
#7953 = FACE_OUTER_BOUND ( 'NONE', #6964, .T. ) ;
#7954 = CARTESIAN_POINT ( 'NONE',  ( -15.43336124370724072, 17.49999999999999645, 0.9999999999998532285 ) ) ;
#7955 = CARTESIAN_POINT ( 'NONE',  ( 7.778174593052015418, 47.49999999999998579, 7.778174593052014529 ) ) ;
#7956 = DIRECTION ( 'NONE',  ( 0.000000000000000000, 1.000000000000000000, 0.000000000000000000 ) ) ;
#7957 = ADVANCED_FACE ( 'NONE', ( #10024 ), #4931, .T. ) ;
#7958 = CARTESIAN_POINT ( 'NONE',  ( -42.74999999999999289, 19.49999999999999645, 2.617682533177465764E-15 ) ) ;
#7959 = AXIS2_PLACEMENT_3D ( 'NONE', #2867, #4751, #5497 ) ;
#7960 = ORIENTED_EDGE ( 'NONE', *, *, #4408, .T. ) ;
#7961 = ORIENTED_EDGE ( 'NONE', *, *, #2547, .F. ) ;
#7962 = DIRECTION ( 'NONE',  ( -0.000000000000000000, -1.000000000000000000, -0.000000000000000000 ) ) ;
#7963 = DIRECTION ( 'NONE',  ( -1.387778780781445281E-15, 0.000000000000000000, 1.000000000000000000 ) ) ;
#7964 = DIRECTION ( 'NONE',  ( 0.000000000000000000, 0.000000000000000000, 1.000000000000000000 ) ) ;
#7965 = DIRECTION ( 'NONE',  ( 0.000000000000000000, 0.000000000000000000, 1.000000000000000000 ) ) ;
#7966 = DIRECTION ( 'NONE',  ( 0.000000000000000000, 0.000000000000000000, 1.000000000000000000 ) ) ;
#7967 = AXIS2_PLACEMENT_3D ( 'NONE', #9077, #10754, #8231 ) ;
#7968 = EDGE_LOOP ( 'NONE', ( #6750, #8875, #4982, #10654, #8406, #605, #10083, #773 ) ) ;
#7969 = LINE ( 'NONE', #3567, #1495 ) ;
#7970 = FACE_OUTER_BOUND ( 'NONE', #6438, .T. ) ;
#7971 = ORIENTED_EDGE ( 'NONE', *, *, #10124, .F. ) ;
#7972 = EDGE_CURVE ( 'NONE', #3788, #1521, #9719, .T. ) ;
#7973 = EDGE_CURVE ( 'NONE', #5054, #9528, #2927, .T. ) ;
#7974 = VECTOR ( 'NONE', #1023, 1000.000000000000000 ) ;
#7975 = ORIENTED_EDGE ( 'NONE', *, *, #8349, .T. ) ;
#7976 = ORIENTED_EDGE ( 'NONE', *, *, #2280, .F. ) ;
#7977 = CYLINDRICAL_SURFACE ( 'NONE', #1696, 25.00000000000000711 ) ;
#7978 = ADVANCED_FACE ( 'NONE', ( #2066 ), #5668, .T. ) ;
#7979 = EDGE_CURVE ( 'NONE', #10390, #10920, #8802, .T. ) ;
#7980 = FACE_OUTER_BOUND ( 'NONE', #5801, .T. ) ;
#7981 = EDGE_CURVE ( 'NONE', #1147, #5740, #3271, .T. ) ;
#7982 = ORIENTED_EDGE ( 'NONE', *, *, #5947, .T. ) ;
#7983 = ORIENTED_EDGE ( 'NONE', *, *, #318, .T. ) ;
#7984 = DIRECTION ( 'NONE',  ( -1.000000000000000000, 0.000000000000000000, -4.814558332715257054E-15 ) ) ;
#7985 = DIRECTION ( 'NONE',  ( -1.000000000000000000, 0.000000000000000000, 0.000000000000000000 ) ) ;
#7986 = VECTOR ( 'NONE', #8897, 1000.000000000000000 ) ;
#7987 = EDGE_LOOP ( 'NONE', ( #9442, #3178, #932, #2883 ) ) ;
#7988 = CARTESIAN_POINT ( 'NONE',  ( 4.504001642398092977E-13, 17.49999999999999645, 42.74999999999999289 ) ) ;
#7989 = VECTOR ( 'NONE', #10508, 1000.000000000000000 ) ;
#7990 = LINE ( 'NONE', #6155, #7730 ) ;
#7991 = CARTESIAN_POINT ( 'NONE',  ( -13.12825468289635111, 2.500000000000002220, -13.12825468289637243 ) ) ;
#7992 = AXIS2_PLACEMENT_3D ( 'NONE', #7408, #1399, #5866 ) ;
#7993 = DIRECTION ( 'NONE',  ( 0.000000000000000000, 1.000000000000000000, -0.000000000000000000 ) ) ;
#7994 = CARTESIAN_POINT ( 'NONE',  ( 41.09999999999999432, 2.500000000000000000, 2.857883832488643971 ) ) ;
#7995 = ORIENTED_EDGE ( 'NONE', *, *, #3809, .T. ) ;
#7996 = ORIENTED_EDGE ( 'NONE', *, *, #10305, .F. ) ;
#7997 = DIRECTION ( 'NONE',  ( 1.000000000000000000, -1.972152263052529514E-31, -1.264284836150040893E-14 ) ) ;
#7998 = LINE ( 'NONE', #4498, #4324 ) ;
#7999 = EDGE_LOOP ( 'NONE', ( #6471, #8532, #10598, #2058 ) ) ;
#8000 = CIRCLE ( 'NONE', #7079, 3.000000000000000888 ) ;
#8001 = AXIS2_PLACEMENT_3D ( 'NONE', #3226, #5111, #6713 ) ;
#8002 = EDGE_CURVE ( 'NONE', #222, #941, #2520, .T. ) ;
#8003 = DIRECTION ( 'NONE',  ( -0.7071067811865469066, 0.000000000000000000, -0.7071067811865482389 ) ) ;
#8004 = CARTESIAN_POINT ( 'NONE',  ( 2.168404344971008868E-15, 17.49999999999999645, 1.000000000000000000 ) ) ;
#8005 = VECTOR ( 'NONE', #5933, 1000.000000000000000 ) ;
#8006 = VECTOR ( 'NONE', #4865, 1000.000000000000000 ) ;
#8007 = CYLINDRICAL_SURFACE ( 'NONE', #9080, 25.35466440282023370 ) ;
#8008 = CARTESIAN_POINT ( 'NONE',  ( 0.000000000000000000, 2.500000000000000000, 0.000000000000000000 ) ) ;
#8009 = PLANE ( 'NONE',  #4633 ) ;
#8010 = LINE ( 'NONE', #7033, #107 ) ;
#8011 = LINE ( 'NONE', #8806, #9677 ) ;
#8012 = CARTESIAN_POINT ( 'NONE',  ( -2.499999999999997780, 0.000000000000000000, -29.41336361528509968 ) ) ;
#8013 = AXIS2_PLACEMENT_3D ( 'NONE', #2087, #5748, #1285 ) ;
#8014 = VECTOR ( 'NONE', #4116, 1000.000000000000000 ) ;
#8015 = EDGE_CURVE ( 'NONE', #6259, #9357, #2577, .T. ) ;
#8016 = EDGE_CURVE ( 'NONE', #6329, #3820, #6069, .T. ) ;
#8017 = VERTEX_POINT ( 'NONE', #9500 ) ;
#8018 = VERTEX_POINT ( 'NONE', #5038 ) ;
#8019 = CARTESIAN_POINT ( 'NONE',  ( -19.63298726938604588, 19.49999999999999645, -16.04594491874832585 ) ) ;
#8020 = CARTESIAN_POINT ( 'NONE',  ( 43.74999999999955236, 17.49999999999999645, 42.75000000000000000 ) ) ;
#8021 = DIRECTION ( 'NONE',  ( 0.7071067811865474617, -0.000000000000000000, -0.7071067811865476838 ) ) ;
#8022 = CARTESIAN_POINT ( 'NONE',  ( 1.000000000000040190, 17.49999999999999645, 17.41506350946107773 ) ) ;
#8023 = LINE ( 'NONE', #10487, #1525 ) ;
#8024 = AXIS2_PLACEMENT_3D ( 'NONE', #10432, #6024, #4989 ) ;
#8025 = VECTOR ( 'NONE', #6736, 1000.000000000000000 ) ;
#8026 = EDGE_LOOP ( 'NONE', ( #10909, #7134, #6205, #9865, #6659 ) ) ;
#8027 = CARTESIAN_POINT ( 'NONE',  ( -47.64897948556636464, -34.48187929913332539, -0.9999999999998966382 ) ) ;
#8028 = CARTESIAN_POINT ( 'NONE',  ( 1.000000000000900835, 17.49999999999999645, 85.49999999999998579 ) ) ;
#8029 = ORIENTED_EDGE ( 'NONE', *, *, #5685, .F. ) ;
#8030 = EDGE_CURVE ( 'NONE', #5785, #5167, #10195, .T. ) ;
#8031 = CIRCLE ( 'NONE', #3096, 2.000000000000000000 ) ;
#8032 = VECTOR ( 'NONE', #4166, 1000.000000000000000 ) ;
#8033 = ORIENTED_EDGE ( 'NONE', *, *, #7398, .F. ) ;
#8034 = ORIENTED_EDGE ( 'NONE', *, *, #3400, .T. ) ;
#8035 = CIRCLE ( 'NONE', #10043, 2.000000000000000000 ) ;
#8036 = DIRECTION ( 'NONE',  ( 1.323076993872123698E-15, 0.000000000000000000, -1.000000000000000000 ) ) ;
#8037 = DIRECTION ( 'NONE',  ( -2.168404344971009657E-15, -1.972152263052529514E-31, -1.000000000000000000 ) ) ;
#8038 = ORIENTED_EDGE ( 'NONE', *, *, #7934, .F. ) ;
#8039 = AXIS2_PLACEMENT_3D ( 'NONE', #4952, #9128, #11088 ) ;
#8040 = ORIENTED_EDGE ( 'NONE', *, *, #3823, .T. ) ;
#8041 = FACE_OUTER_BOUND ( 'NONE', #1036, .T. ) ;
#8042 = DIRECTION ( 'NONE',  ( 3.608844374130319986E-15, 0.000000000000000000, 1.000000000000000000 ) ) ;
#8043 = EDGE_LOOP ( 'NONE', ( #2482, #2376, #8746, #5872 ) ) ;
#8044 = DIRECTION ( 'NONE',  ( 1.264613413987092056E-14, -1.804112415015878984E-15, 1.000000000000000000 ) ) ;
#8045 = CIRCLE ( 'NONE', #5857, 25.35466440282023370 ) ;
#8046 = DIRECTION ( 'NONE',  ( 0.000000000000000000, 0.000000000000000000, 1.000000000000000000 ) ) ;
#8047 = DIRECTION ( 'NONE',  ( -0.7071067811865481278, 0.000000000000000000, 0.7071067811865470176 ) ) ;
#8048 = DIRECTION ( 'NONE',  ( 0.000000000000000000, 1.000000000000000000, -0.000000000000000000 ) ) ;
#8049 = DIRECTION ( 'NONE',  ( 0.000000000000000000, 1.000000000000000000, -0.000000000000000000 ) ) ;
#8050 = ORIENTED_EDGE ( 'NONE', *, *, #5899, .T. ) ;
#8051 = ORIENTED_EDGE ( 'NONE', *, *, #5228, .T. ) ;
#8052 = CARTESIAN_POINT ( 'NONE',  ( 26.70405508125149652, 0.7898818883216689457, 23.11701273061384043 ) ) ;
#8053 = DIRECTION ( 'NONE',  ( 0.000000000000000000, -0.000000000000000000, 1.000000000000000000 ) ) ;
#8054 = ORIENTED_EDGE ( 'NONE', *, *, #8500, .T. ) ;
#8055 = EDGE_CURVE ( 'NONE', #9737, #10166, #9383, .T. ) ;
#8056 = DIRECTION ( 'NONE',  ( -2.168404344971009657E-15, 1.972152263052529514E-31, -1.000000000000000000 ) ) ;
#8057 = CARTESIAN_POINT ( 'NONE',  ( 42.74999999999999289, 2.500000000000000000, -2.617682533177465764E-15 ) ) ;
#8058 = CARTESIAN_POINT ( 'NONE',  ( -27.59881743137351151, 0.000000000000000000, 27.59881743137348664 ) ) ;
#8059 = FACE_BOUND ( 'NONE', #4911, .T. ) ;
#8060 = DIRECTION ( 'NONE',  ( -0.7071067811865463515, 0.000000000000000000, -0.7071067811865487940 ) ) ;
#8061 = EDGE_LOOP ( 'NONE', ( #569, #2444 ) ) ;
#8062 = CARTESIAN_POINT ( 'NONE',  ( -26.18460386900040859, 0.000000000000000000, 26.18460386900039794 ) ) ;
#8063 = CARTESIAN_POINT ( 'NONE',  ( -43.75000000000004974, 17.49999999999999645, -27.33493649053890451 ) ) ;
#8064 = ADVANCED_FACE ( 'NONE', ( #7557 ), #1662, .T. ) ;
#8065 = LINE ( 'NONE', #8917, #6255 ) ;
#8066 = ORIENTED_EDGE ( 'NONE', *, *, #11078, .T. ) ;
#8067 = EDGE_CURVE ( 'NONE', #643, #2243, #1603, .T. ) ;
#8068 = EDGE_LOOP ( 'NONE', ( #2806, #1646, #8397 ) ) ;
#8069 = CARTESIAN_POINT ( 'NONE',  ( -42.75000000000022737, 17.49999999999999645, 27.33493649053890451 ) ) ;
#8070 = DIRECTION ( 'NONE',  ( 2.168404344971008868E-16, 0.000000000000000000, -1.000000000000000000 ) ) ;
#8071 = DIRECTION ( 'NONE',  ( 1.000000000000000000, 0.000000000000000000, -2.168404344971009657E-15 ) ) ;
#8072 = EDGE_CURVE ( 'NONE', #1872, #8996, #4181, .T. ) ;
#8073 = CARTESIAN_POINT ( 'NONE',  ( 14.75000000000000000, 0.000000000000000000, -6.506509365792686239 ) ) ;
#8074 = ORIENTED_EDGE ( 'NONE', *, *, #1793, .T. ) ;
#8075 = ADVANCED_FACE ( 'NONE', ( #3212 ), #11175, .F. ) ;
#8076 = FACE_OUTER_BOUND ( 'NONE', #6428, .T. ) ;
#8077 = CARTESIAN_POINT ( 'NONE',  ( -41.09999999999999432, -34.48187929913332539, 2.857883832488643083 ) ) ;
#8078 = EDGE_CURVE ( 'NONE', #4971, #2336, #7723, .T. ) ;
#8079 = ORIENTED_EDGE ( 'NONE', *, *, #294, .T. ) ;
#8080 = VECTOR ( 'NONE', #2055, 999.9999999999998863 ) ;
#8081 = ORIENTED_EDGE ( 'NONE', *, *, #5323, .F. ) ;
#8082 = ORIENTED_EDGE ( 'NONE', *, *, #2809, .T. ) ;
#8083 = CIRCLE ( 'NONE', #2245, 27.33493649053890096 ) ;
#8084 = CARTESIAN_POINT ( 'NONE',  ( 9.184850993605157066E-17, -34.48187929913332539, -46.79999999999999716 ) ) ;
#8085 = CARTESIAN_POINT ( 'NONE',  ( 41.75000000000014211, 17.49999999999999645, -42.74999999999999289 ) ) ;
#8086 = ORIENTED_EDGE ( 'NONE', *, *, #5353, .T. ) ;
#8087 = ORIENTED_EDGE ( 'NONE', *, *, #7509, .T. ) ;
#8088 = CARTESIAN_POINT ( 'NONE',  ( -18.40642927594838341, 2.500000000000002220, 33.96277846205242668 ) ) ;
#8089 = CARTESIAN_POINT ( 'NONE',  ( 23.82411951180029419, 19.49999999999999645, -27.41116186243813146 ) ) ;
#8090 = EDGE_CURVE ( 'NONE', #7919, #8562, #6808, .T. ) ;
#8091 = VERTEX_POINT ( 'NONE', #5896 ) ;
#8092 = CARTESIAN_POINT ( 'NONE',  ( 42.75000000000045475, -7.292596028743525438E-60, 43.74999999999969447 ) ) ;
#8093 = AXIS2_PLACEMENT_3D ( 'NONE', #5388, #1728, #5218 ) ;
#8094 = EDGE_CURVE ( 'NONE', #11217, #494, #7895, .T. ) ;
#8095 = CARTESIAN_POINT ( 'NONE',  ( 42.74999999999999289, 19.49999999999999645, -2.617682533177465764E-15 ) ) ;
#8096 = DIRECTION ( 'NONE',  ( 1.000000000000000000, 0.000000000000000000, -1.719234873512728234E-15 ) ) ;
#8097 = AXIS2_PLACEMENT_3D ( 'NONE', #3528, #251, #2889 ) ;
#8098 = DIRECTION ( 'NONE',  ( 2.168404344971009657E-15, -1.972152263052529514E-31, 1.000000000000000000 ) ) ;
#8099 = DIRECTION ( 'NONE',  ( 0.000000000000000000, 0.000000000000000000, -1.000000000000000000 ) ) ;
#8100 = ORIENTED_EDGE ( 'NONE', *, *, #9171, .F. ) ;
#8101 = EDGE_LOOP ( 'NONE', ( #6459, #5715 ) ) ;
#8102 = DIRECTION ( 'NONE',  ( -0.000000000000000000, -1.000000000000000000, -0.000000000000000000 ) ) ;
#8103 = DIRECTION ( 'NONE',  ( -5.663872149064273586E-15, 0.000000000000000000, -1.000000000000000000 ) ) ;
#8104 = CARTESIAN_POINT ( 'NONE',  ( -8.838834764831821289, 0.000000000000000000, -8.838834764831833724 ) ) ;
#8105 = VERTEX_POINT ( 'NONE', #6863 ) ;
#8106 = EDGE_LOOP ( 'NONE', ( #11132, #713, #9277, #5814 ) ) ;
#8107 = EDGE_CURVE ( 'NONE', #3983, #4282, #7711, .T. ) ;
#8108 = AXIS2_PLACEMENT_3D ( 'NONE', #3370, #8747, #44 ) ;
#8109 = VECTOR ( 'NONE', #10813, 999.9999999999998863 ) ;
#8110 = EDGE_CURVE ( 'NONE', #4730, #6308, #795, .T. ) ;
#8111 = CARTESIAN_POINT ( 'NONE',  ( -41.75000000000007816, 1.361284592032115076E-61, -4.999999999999995559 ) ) ;
#8112 = CARTESIAN_POINT ( 'NONE',  ( 14.75000000000000000, 2.500000000000000000, -10.51393202250020664 ) ) ;
#8113 = DIRECTION ( 'NONE',  ( -0.000000000000000000, -1.000000000000000000, 0.000000000000000000 ) ) ;
#8114 = CARTESIAN_POINT ( 'NONE',  ( 42.75000000000022737, 17.49999999999999645, -27.33493649053890451 ) ) ;
#8115 = FACE_OUTER_BOUND ( 'NONE', #7207, .T. ) ;
#8116 = ORIENTED_EDGE ( 'NONE', *, *, #95, .F. ) ;
#8117 = ORIENTED_EDGE ( 'NONE', *, *, #4967, .F. ) ;
#8118 = DIRECTION ( 'NONE',  ( -1.000000000000000000, 0.000000000000000000, -0.000000000000000000 ) ) ;
#8119 = CARTESIAN_POINT ( 'NONE',  ( -27.33493649053844976, 17.49999999999999645, 42.75000000000024869 ) ) ;
#8120 = VECTOR ( 'NONE', #7083, 1000.000000000000000 ) ;
#8121 = DIRECTION ( 'NONE',  ( 1.000000000000000000, 0.000000000000000000, -2.168404344971008868E-15 ) ) ;
#8122 = EDGE_CURVE ( 'NONE', #7390, #4582, #10081, .T. ) ;
#8123 = VECTOR ( 'NONE', #9134, 1000.000000000000000 ) ;
#8124 = FACE_OUTER_BOUND ( 'NONE', #4697, .T. ) ;
#8125 = VECTOR ( 'NONE', #5633, 999.9999999999998863 ) ;
#8126 = ORIENTED_EDGE ( 'NONE', *, *, #796, .F. ) ;
#8127 = ORIENTED_EDGE ( 'NONE', *, *, #5947, .F. ) ;
#8128 = DIRECTION ( 'NONE',  ( 0.000000000000000000, -1.000000000000000000, 0.000000000000000000 ) ) ;
#8129 = CARTESIAN_POINT ( 'NONE',  ( -22.64906996306767084, 47.49999999999998579, 7.092720776963610696 ) ) ;
#8130 = DIRECTION ( 'NONE',  ( 0.7071067811865481278, 0.000000000000000000, -0.7071067811865470176 ) ) ;
#8131 = LINE ( 'NONE', #4803, #5914 ) ;
#8132 = DIRECTION ( 'NONE',  ( 0.000000000000000000, 1.000000000000000000, -0.000000000000000000 ) ) ;
#8133 = VERTEX_POINT ( 'NONE', #740 ) ;
#8134 = DIRECTION ( 'NONE',  ( 1.387778780781445478E-15, 0.000000000000000000, -1.000000000000000000 ) ) ;
#8135 = DIRECTION ( 'NONE',  ( -2.168404344971008868E-15, 0.000000000000000000, -1.000000000000000000 ) ) ;
#8136 = ORIENTED_EDGE ( 'NONE', *, *, #2286, .T. ) ;
#8137 = AXIS2_PLACEMENT_3D ( 'NONE', #9496, #1657, #2689 ) ;
#8138 = ORIENTED_EDGE ( 'NONE', *, *, #4450, .T. ) ;
#8139 = ORIENTED_EDGE ( 'NONE', *, *, #1867, .T. ) ;
#8140 = ORIENTED_EDGE ( 'NONE', *, *, #10597, .F. ) ;
#8141 = EDGE_CURVE ( 'NONE', #1320, #2400, #5154, .T. ) ;
#8142 = CIRCLE ( 'NONE', #9973, 3.000000000000000888 ) ;
#8143 = DIRECTION ( 'NONE',  ( 0.000000000000000000, -0.000000000000000000, 1.000000000000000000 ) ) ;
#8144 = DIRECTION ( 'NONE',  ( 0.000000000000000000, 0.000000000000000000, 1.000000000000000000 ) ) ;
#8145 = ORIENTED_EDGE ( 'NONE', *, *, #4714, .T. ) ;
#8146 = ORIENTED_EDGE ( 'NONE', *, *, #6432, .T. ) ;
#8147 = DIRECTION ( 'NONE',  ( -1.000000000000000000, 0.000000000000000000, 5.947623346206202627E-15 ) ) ;
#8148 = DIRECTION ( 'NONE',  ( -2.168404344971008868E-16, 0.000000000000000000, 1.000000000000000000 ) ) ;
#8149 = ORIENTED_EDGE ( 'NONE', *, *, #3775, .F. ) ;
#8150 = CIRCLE ( 'NONE', #4320, 25.35466440282023370 ) ;
#8151 = ADVANCED_FACE ( 'NONE', ( #10363 ), #11279, .T. ) ;
#8152 = EDGE_CURVE ( 'NONE', #5406, #5825, #3515, .T. ) ;
#8153 = LINE ( 'NONE', #4187, #8469 ) ;
#8154 = CARTESIAN_POINT ( 'NONE',  ( 45.11163244297857489, 27.36039051652360854, 0.9999999999999021894 ) ) ;
#8155 = CIRCLE ( 'NONE', #6151, 25.00000000000000355 ) ;
#8156 = DIRECTION ( 'NONE',  ( 0.000000000000000000, 1.000000000000000000, 0.000000000000000000 ) ) ;
#8157 = CARTESIAN_POINT ( 'NONE',  ( -1.000000000000000000, 17.49999999999999645, 5.659885683814142223E-15 ) ) ;
#8158 = ORIENTED_EDGE ( 'NONE', *, *, #767, .T. ) ;
#8159 = AXIS2_PLACEMENT_3D ( 'NONE', #1977, #7133, #4722 ) ;
#8160 = ORIENTED_EDGE ( 'NONE', *, *, #9617, .F. ) ;
#8161 = DIRECTION ( 'NONE',  ( 0.000000000000000000, 1.000000000000000000, 0.000000000000000000 ) ) ;
#8162 = CARTESIAN_POINT ( 'NONE',  ( -42.74999999999999289, 17.49999999999999645, 2.617682533177465764E-15 ) ) ;
#8163 = SHAPE_DEFINITION_REPRESENTATION ( #7676, #9244 ) ;
#8164 = ORIENTED_EDGE ( 'NONE', *, *, #5727, .F. ) ;
#8165 = ORIENTED_EDGE ( 'NONE', *, *, #2480, .T. ) ;
#8166 = AXIS2_PLACEMENT_3D ( 'NONE', #11029, #5064, #1520 ) ;
#8167 = CARTESIAN_POINT ( 'NONE',  ( 17.41506350946108839, 17.49999999999999645, -0.9999999999998575584 ) ) ;
#8168 = CARTESIAN_POINT ( 'NONE',  ( -12.74999999999999645, 9.500000000000000000, 12.75000000000000000 ) ) ;
#8169 = CARTESIAN_POINT ( 'NONE',  ( 0.000000000000000000, 2.500000000000000000, -14.75000000000000000 ) ) ;
#8170 = CARTESIAN_POINT ( 'NONE',  ( 85.49999999999998579, 17.49999999999999645, -1.000000000000005329 ) ) ;
#8171 = DIRECTION ( 'NONE',  ( 0.000000000000000000, -0.000000000000000000, 1.000000000000000000 ) ) ;
#8172 = ORIENTED_EDGE ( 'NONE', *, *, #10942, .F. ) ;
#8173 = ORIENTED_EDGE ( 'NONE', *, *, #5395, .T. ) ;
#8174 = CARTESIAN_POINT ( 'NONE',  ( -37.75000000000000000, 2.500000000000000000, 0.9999999999999017453 ) ) ;
#8175 = FACE_OUTER_BOUND ( 'NONE', #11299, .T. ) ;
#8176 = CIRCLE ( 'NONE', #3242, 25.00000000000000711 ) ;
#8177 = CARTESIAN_POINT ( 'NONE',  ( -2.499999999999992895, 0.000000000000000000, 3.872150616019648973E-16 ) ) ;
#8178 = DIRECTION ( 'NONE',  ( 0.000000000000000000, 0.000000000000000000, -1.000000000000000000 ) ) ;
#8179 = VECTOR ( 'NONE', #3480, 1000.000000000000000 ) ;
#8180 = VECTOR ( 'NONE', #5105, 1000.000000000000000 ) ;
#8181 = ORIENTED_EDGE ( 'NONE', *, *, #3527, .F. ) ;
#8182 = ORIENTED_EDGE ( 'NONE', *, *, #845, .F. ) ;
#8183 = FACE_OUTER_BOUND ( 'NONE', #8328, .T. ) ;
#8184 = DIRECTION ( 'NONE',  ( -0.000000000000000000, -1.000000000000000000, -0.000000000000000000 ) ) ;
#8185 = DIRECTION ( 'NONE',  ( 1.000000000000000000, -0.000000000000000000, 2.168404344971008868E-16 ) ) ;
#8186 = LINE ( 'NONE', #10298, #5182 ) ;
#8187 = LINE ( 'NONE', #2584, #8180 ) ;
#8188 = FACE_OUTER_BOUND ( 'NONE', #3524, .T. ) ;
#8189 = AXIS2_PLACEMENT_3D ( 'NONE', #5634, #9298, #366 ) ;
#8190 = EDGE_CURVE ( 'NONE', #1103, #4815, #2962, .T. ) ;
#8191 = PLANE ( 'NONE',  #5698 ) ;
#8192 = DIRECTION ( 'NONE',  ( -1.000000000000000000, 0.000000000000000000, 2.220446049250312292E-15 ) ) ;
#8193 = ORIENTED_EDGE ( 'NONE', *, *, #481, .T. ) ;
#8194 = AXIS2_PLACEMENT_3D ( 'NONE', #4067, #3036, #8302 ) ;
#8195 = ORIENTED_EDGE ( 'NONE', *, *, #8318, .T. ) ;
#8196 = AXIS2_PLACEMENT_3D ( 'NONE', #2488, #9581, #1741 ) ;
#8197 = ADVANCED_FACE ( 'NONE', ( #106, #4407 ), #9723, .T. ) ;
#8198 = VERTEX_POINT ( 'NONE', #7035 ) ;
#8199 = VERTEX_POINT ( 'NONE', #6291 ) ;
#8200 = VECTOR ( 'NONE', #7317, 1000.000000000000000 ) ;
#8201 = EDGE_CURVE ( 'NONE', #10971, #2701, #1779, .T. ) ;
#8202 = CIRCLE ( 'NONE', #10397, 4.999999999999997335 ) ;
#8203 = CARTESIAN_POINT ( 'NONE',  ( 47.64897948556632912, -34.48187929913332539, -1.000000000000103473 ) ) ;
#8204 = CARTESIAN_POINT ( 'NONE',  ( -41.09999999999999432, 0.000000000000000000, -2.107883832488650633 ) ) ;
#8205 = VERTEX_POINT ( 'NONE', #5322 ) ;
#8206 = VERTEX_POINT ( 'NONE', #10699 ) ;
#8207 = CYLINDRICAL_SURFACE ( 'NONE', #5119, 0.7499999999999984457 ) ;
#8208 = CYLINDRICAL_SURFACE ( 'NONE', #10558, 25.00000000000000355 ) ;
#8209 = ORIENTED_EDGE ( 'NONE', *, *, #1745, .F. ) ;
#8210 = VECTOR ( 'NONE', #953, 999.9999999999998863 ) ;
#8211 = CIRCLE ( 'NONE', #8572, 0.7499999999999984457 ) ;
#8212 = DIRECTION ( 'NONE',  ( 0.000000000000000000, 0.000000000000000000, -1.000000000000000000 ) ) ;
#8213 = ADVANCED_FACE ( 'NONE', ( #9838 ), #2802, .T. ) ;
#8214 = LINE ( 'NONE', #365, #6661 ) ;
#8215 = AXIS2_PLACEMENT_3D ( 'NONE', #2739, #6224, #9711 ) ;
#8216 = DIRECTION ( 'NONE',  ( -0.000000000000000000, -1.000000000000000000, 0.000000000000000000 ) ) ;
#8217 = DIRECTION ( 'NONE',  ( 0.000000000000000000, 1.000000000000000000, 0.000000000000000000 ) ) ;
#8218 = ORIENTED_EDGE ( 'NONE', *, *, #5328, .T. ) ;
#8219 = EDGE_CURVE ( 'NONE', #10662, #10026, #2225, .T. ) ;
#8220 = ORIENTED_EDGE ( 'NONE', *, *, #1751, .F. ) ;
#8221 = DIRECTION ( 'NONE',  ( 1.000000000000000000, 0.000000000000000000, -2.168404344971009657E-15 ) ) ;
#8222 = DIRECTION ( 'NONE',  ( 0.000000000000000000, 1.000000000000000000, -0.000000000000000000 ) ) ;
#8223 = ORIENTED_EDGE ( 'NONE', *, *, #4762, .F. ) ;
#8224 = ORIENTED_EDGE ( 'NONE', *, *, #3527, .T. ) ;
#8225 = EDGE_CURVE ( 'NONE', #3540, #214, #3497, .T. ) ;
#8226 = EDGE_CURVE ( 'NONE', #4162, #6310, #7164, .T. ) ;
#8227 = CIRCLE ( 'NONE', #358, 27.33493649053890096 ) ;
#8228 = DIRECTION ( 'NONE',  ( 0.000000000000000000, 1.000000000000000000, 0.000000000000000000 ) ) ;
#8229 = CARTESIAN_POINT ( 'NONE',  ( -0.9999999999991140420, 17.49999999999999645, 70.06663875629276106 ) ) ;
#8230 = CARTESIAN_POINT ( 'NONE',  ( 43.75000000000004974, 17.49999999999999645, 25.33493649053890451 ) ) ;
#8231 = DIRECTION ( 'NONE',  ( 0.000000000000000000, 0.000000000000000000, -1.000000000000000000 ) ) ;
#8232 = LINE ( 'NONE', #2909, #8109 ) ;
#8233 = ORIENTED_EDGE ( 'NONE', *, *, #5332, .T. ) ;
#8234 = VERTEX_POINT ( 'NONE', #6124 ) ;
#8235 = CARTESIAN_POINT ( 'NONE',  ( 15.95668180764253918, 85.69355547949508889, 15.95668180764257116 ) ) ;
#8236 = DIRECTION ( 'NONE',  ( 1.000000000000000000, 0.000000000000000000, -2.090961332650616934E-15 ) ) ;
#8237 = DIRECTION ( 'NONE',  ( -0.000000000000000000, -1.000000000000000000, -0.000000000000000000 ) ) ;
#8238 = CARTESIAN_POINT ( 'NONE',  ( 42.74999999999983658, 0.000000000000000000, -41.74999999999970157 ) ) ;
#8239 = EDGE_CURVE ( 'NONE', #10642, #4061, #9615, .T. ) ;
#8240 = ORIENTED_EDGE ( 'NONE', *, *, #4002, .T. ) ;
#8241 = VERTEX_POINT ( 'NONE', #5267 ) ;
#8242 = DIRECTION ( 'NONE',  ( 0.000000000000000000, 0.000000000000000000, 1.000000000000000000 ) ) ;
#8243 = CARTESIAN_POINT ( 'NONE',  ( 12.75000000000000178, 4.500000000000000888, 14.75000000000000000 ) ) ;
#8244 = DIRECTION ( 'NONE',  ( 0.000000000000000000, 0.000000000000000000, 1.000000000000000000 ) ) ;
#8245 = LINE ( 'NONE', #1314, #8471 ) ;
#8246 = CARTESIAN_POINT ( 'NONE',  ( -46.04999999999999716, 2.500000000000000000, 0.7499999999999958922 ) ) ;
#8247 = CARTESIAN_POINT ( 'NONE',  ( 12.75000000000000178, 9.500000000000000000, 12.75000000000000000 ) ) ;
#8248 = DIRECTION ( 'NONE',  ( -1.000000000000000000, 1.972152263052529514E-31, -8.306039671558391198E-15 ) ) ;
#8249 = CYLINDRICAL_SURFACE ( 'NONE', #10380, 0.7499999999999984457 ) ;
#8250 = ORIENTED_EDGE ( 'NONE', *, *, #6378, .T. ) ;
#8251 = ORIENTED_EDGE ( 'NONE', *, *, #5599, .T. ) ;
#8252 = EDGE_CURVE ( 'NONE', #2994, #4779, #1085, .T. ) ;
#8253 = ORIENTED_EDGE ( 'NONE', *, *, #10251, .F. ) ;
#8254 = VERTEX_POINT ( 'NONE', #3664 ) ;
#8255 = DIRECTION ( 'NONE',  ( 0.000000000000000000, 0.000000000000000000, 1.000000000000000000 ) ) ;
#8256 = DIRECTION ( 'NONE',  ( 0.000000000000000000, 1.000000000000000000, 0.000000000000000000 ) ) ;
#8257 = CIRCLE ( 'NONE', #10451, 25.35466440282023370 ) ;
#8258 = VERTEX_POINT ( 'NONE', #8012 ) ;
#8259 = DIRECTION ( 'NONE',  ( -0.000000000000000000, 1.000000000000000000, -0.000000000000000000 ) ) ;
#8260 = DIRECTION ( 'NONE',  ( 0.000000000000000000, 0.000000000000000000, 1.000000000000000000 ) ) ;
#8261 = ADVANCED_FACE ( 'NONE', ( #5208 ), #7150, .T. ) ;
#8262 = ORIENTED_EDGE ( 'NONE', *, *, #7349, .T. ) ;
#8263 = EDGE_CURVE ( 'NONE', #11137, #2642, #3610, .T. ) ;
#8264 = AXIS2_PLACEMENT_3D ( 'NONE', #6574, #5710, #5657 ) ;
#8265 = DIRECTION ( 'NONE',  ( -2.168404344971008868E-15, 0.000000000000000000, -1.000000000000000000 ) ) ;
#8266 = CARTESIAN_POINT ( 'NONE',  ( 4.504001642398092977E-13, 17.49999999999999645, 42.74999999999999289 ) ) ;
#8267 = FACE_OUTER_BOUND ( 'NONE', #7077, .T. ) ;
#8268 = ORIENTED_EDGE ( 'NONE', *, *, #3663, .T. ) ;
#8269 = EDGE_LOOP ( 'NONE', ( #2130, #7767, #7116, #8920, #10862, #1465, #4363 ) ) ;
#8270 = DIRECTION ( 'NONE',  ( 0.000000000000000000, 1.000000000000000000, 0.000000000000000000 ) ) ;
#8271 = CYLINDRICAL_SURFACE ( 'NONE', #4502, 25.00000000000000711 ) ;
#8272 = EDGE_LOOP ( 'NONE', ( #4943, #2602, #2775, #483, #4073, #2342 ) ) ;
#8273 = ORIENTED_EDGE ( 'NONE', *, *, #6161, .T. ) ;
#8274 = CIRCLE ( 'NONE', #959, 1.000000000000000888 ) ;
#8275 = EDGE_CURVE ( 'NONE', #92, #4894, #9781, .T. ) ;
#8276 = EDGE_CURVE ( 'NONE', #8091, #6423, #8065, .T. ) ;
#8277 = AXIS2_PLACEMENT_3D ( 'NONE', #9939, #7308, #319 ) ;
#8278 = VECTOR ( 'NONE', #8, 1000.000000000000000 ) ;
#8279 = LINE ( 'NONE', #6563, #617 ) ;
#8280 = FACE_OUTER_BOUND ( 'NONE', #3767, .T. ) ;
#8281 = EDGE_CURVE ( 'NONE', #10263, #10256, #6430, .T. ) ;
#8282 = CARTESIAN_POINT ( 'NONE',  ( -41.09999999999999432, 0.000000000000000000, -3.607883832488647524 ) ) ;
#8283 = DIRECTION ( 'NONE',  ( 0.000000000000000000, 1.000000000000000000, 0.000000000000000000 ) ) ;
#8284 = EDGE_LOOP ( 'NONE', ( #2841, #5743, #3743, #2006, #6939, #7475, #10661 ) ) ;
#8285 = EDGE_CURVE ( 'NONE', #4723, #10207, #9676, .T. ) ;
#8286 = EDGE_LOOP ( 'NONE', ( #3111, #6028, #9278, #9319 ) ) ;
#8287 = LINE ( 'NONE', #2397, #10042 ) ;
#8288 = CARTESIAN_POINT ( 'NONE',  ( 10.45217512716699915, 2.750244646217967048, -10.76102830842941849 ) ) ;
#8289 = CARTESIAN_POINT ( 'NONE',  ( -12.75000000000000000, 2.500000000000000000, -12.75000000000000000 ) ) ;
#8290 = LINE ( 'NONE', #8238, #1877 ) ;
#8291 = VECTOR ( 'NONE', #1693, 1000.000000000000000 ) ;
#8292 = AXIS2_PLACEMENT_3D ( 'NONE', #58, #9510, #7854 ) ;
#8293 = EDGE_LOOP ( 'NONE', ( #2364, #7946, #10524, #3107 ) ) ;
#8294 = ORIENTED_EDGE ( 'NONE', *, *, #1353, .F. ) ;
#8295 = CARTESIAN_POINT ( 'NONE',  ( 42.74999999999999289, 19.49999999999999645, -25.35466440282023726 ) ) ;
#8296 = AXIS2_PLACEMENT_3D ( 'NONE', #55, #11286, #10369 ) ;
#8297 = EDGE_CURVE ( 'NONE', #8527, #1379, #7321, .T. ) ;
#8298 = CARTESIAN_POINT ( 'NONE',  ( -43.74999999999992895, 27.36039051652360854, 2.361632442978571778 ) ) ;
#8299 = AXIS2_PLACEMENT_3D ( 'NONE', #5877, #9364, #8507 ) ;
#8300 = CARTESIAN_POINT ( 'NONE',  ( -41.74999999999995026, 1.361284592032115076E-61, 5.000000000000006217 ) ) ;
#8301 = CARTESIAN_POINT ( 'NONE',  ( -31.84145811849277408, -2.499999999985152987E-05, 14.16378858882910485 ) ) ;
#8302 = DIRECTION ( 'NONE',  ( -0.7070005298201677002, 0.000000000000000000, -0.7072130165897698717 ) ) ;
#8303 = CARTESIAN_POINT ( 'NONE',  ( 0.9999999999996146416, 17.49999999999999645, -68.08493649053889385 ) ) ;
#8304 = DIRECTION ( 'NONE',  ( 0.000000000000000000, 0.000000000000000000, -1.000000000000000000 ) ) ;
#8305 = DIRECTION ( 'NONE',  ( 0.000000000000000000, 0.000000000000000000, 1.000000000000000000 ) ) ;
#8306 = ORIENTED_EDGE ( 'NONE', *, *, #8697, .F. ) ;
#8307 = ORIENTED_EDGE ( 'NONE', *, *, #7346, .T. ) ;
#8308 = CIRCLE ( 'NONE', #4099, 4.999999999999997335 ) ;
#8309 = VERTEX_POINT ( 'NONE', #1197 ) ;
#8310 = ORIENTED_EDGE ( 'NONE', *, *, #3165, .T. ) ;
#8311 = DIRECTION ( 'NONE',  ( 0.000000000000000000, 1.000000000000000000, 0.000000000000000000 ) ) ;
#8312 = CARTESIAN_POINT ( 'NONE',  ( 27.41116186243804620, 19.49999999999999645, 23.82411951180039011 ) ) ;
#8313 = ORIENTED_EDGE ( 'NONE', *, *, #11163, .T. ) ;
#8314 = DIRECTION ( 'NONE',  ( -1.000000000000000000, -0.000000000000000000, 5.659885683814142223E-15 ) ) ;
#8315 = EDGE_CURVE ( 'NONE', #10968, #1905, #4744, .T. ) ;
#8316 = DIRECTION ( 'NONE',  ( -2.168404344971009657E-15, -1.972152263052529514E-31, -1.000000000000000000 ) ) ;
#8317 = ORIENTED_EDGE ( 'NONE', *, *, #8107, .F. ) ;
#8318 = EDGE_CURVE ( 'NONE', #10964, #1851, #3026, .T. ) ;
#8319 = VECTOR ( 'NONE', #3670, 1000.000000000000000 ) ;
#8320 = VERTEX_POINT ( 'NONE', #3087 ) ;
#8321 = ORIENTED_EDGE ( 'NONE', *, *, #3529, .F. ) ;
#8322 = AXIS2_PLACEMENT_3D ( 'NONE', #6850, #3539, #8620 ) ;
#8323 = EDGE_CURVE ( 'NONE', #8722, #1872, #9200, .T. ) ;
#8324 = EDGE_CURVE ( 'NONE', #9071, #4588, #9359, .T. ) ;
#8325 = LINE ( 'NONE', #7466, #7028 ) ;
#8326 = DIRECTION ( 'NONE',  ( 2.168404344971008868E-15, 0.000000000000000000, 1.000000000000000000 ) ) ;
#8327 = CARTESIAN_POINT ( 'NONE',  ( -70.08493649053890806, 17.49999999999999645, -0.9999999999998480105 ) ) ;
#8328 = EDGE_LOOP ( 'NONE', ( #1730, #6470, #8250, #8680 ) ) ;
#8329 = ORIENTED_EDGE ( 'NONE', *, *, #5758, .T. ) ;
#8330 = CARTESIAN_POINT ( 'NONE',  ( 15.33883813756172643, 17.49999999999999645, -18.92588048819955659 ) ) ;
#8331 = DIRECTION ( 'NONE',  ( -0.000000000000000000, -1.000000000000000000, -0.000000000000000000 ) ) ;
#8332 = ORIENTED_EDGE ( 'NONE', *, *, #1677, .F. ) ;
#8333 = VERTEX_POINT ( 'NONE', #332 ) ;
#8334 = AXIS2_PLACEMENT_3D ( 'NONE', #681, #3375, #5036 ) ;
#8335 = EDGE_CURVE ( 'NONE', #624, #3980, #2224, .T. ) ;
#8336 = CARTESIAN_POINT ( 'NONE',  ( 41.74999999999995026, 1.361284592032115076E-61, -5.000000000000006217 ) ) ;
#8337 = DIRECTION ( 'NONE',  ( -1.000000000000000000, 0.000000000000000000, 2.168404344971008868E-15 ) ) ;
#8338 = ADVANCED_FACE ( 'NONE', ( #5600 ), #9086, .F. ) ;
#8339 = FACE_OUTER_BOUND ( 'NONE', #7018, .T. ) ;
#8340 = CARTESIAN_POINT ( 'NONE',  ( -14.87089537001563855, 47.49999999999998579, 14.87089537001564032 ) ) ;
#8341 = ORIENTED_EDGE ( 'NONE', *, *, #6236, .F. ) ;
#8342 = ORIENTED_EDGE ( 'NONE', *, *, #10187, .T. ) ;
#8343 = CARTESIAN_POINT ( 'NONE',  ( 2.857883832488646192, 0.000000000000000000, -41.85000000000000142 ) ) ;
#8344 = PLANE ( 'NONE',  #9059 ) ;
#8345 = CARTESIAN_POINT ( 'NONE',  ( 15.41506350946109016, 17.49999999999999645, -0.9999999999998532285 ) ) ;
#8346 = ORIENTED_EDGE ( 'NONE', *, *, #1409, .F. ) ;
#8347 = DIRECTION ( 'NONE',  ( 0.000000000000000000, 0.000000000000000000, 1.000000000000000000 ) ) ;
#8348 = AXIS2_PLACEMENT_3D ( 'NONE', #10918, #3066, #6493 ) ;
#8349 = EDGE_CURVE ( 'NONE', #9334, #3839, #500, .T. ) ;
#8350 = ORIENTED_EDGE ( 'NONE', *, *, #8078, .T. ) ;
#8351 = ORIENTED_EDGE ( 'NONE', *, *, #465, .T. ) ;
#8352 = CARTESIAN_POINT ( 'NONE',  ( -9.839535850691094154, 2.658948054506823588, 11.37366758490534480 ) ) ;
#8353 = CIRCLE ( 'NONE', #6516, 25.00000000000000355 ) ;
#8354 = CARTESIAN_POINT ( 'NONE',  ( -1.000000000000303757, 17.49999999999999645, -85.49999999999998579 ) ) ;
#8355 = PLANE ( 'NONE',  #9228 ) ;
#8356 = LINE ( 'NONE', #3208, #7376 ) ;
#8357 = AXIS2_PLACEMENT_3D ( 'NONE', #9352, #2145, #8439 ) ;
#8358 = FACE_OUTER_BOUND ( 'NONE', #2726, .T. ) ;
#8359 = DIRECTION ( 'NONE',  ( 0.000000000000000000, 0.000000000000000000, 1.000000000000000000 ) ) ;
#8360 = DIRECTION ( 'NONE',  ( 0.000000000000000000, 1.000000000000000000, -0.000000000000000000 ) ) ;
#8361 = ADVANCED_FACE ( 'NONE', ( #10069 ), #6510, .T. ) ;
#8362 = ORIENTED_EDGE ( 'NONE', *, *, #2952, .T. ) ;
#8363 = EDGE_CURVE ( 'NONE', #8722, #1872, #10466, .T. ) ;
#8364 = AXIS2_PLACEMENT_3D ( 'NONE', #8911, #2852, #3709 ) ;
#8365 = AXIS2_PLACEMENT_3D ( 'NONE', #3114, #4880, #5859 ) ;
#8366 = EDGE_CURVE ( 'NONE', #6496, #1672, #10879, .T. ) ;
#8367 = ORIENTED_EDGE ( 'NONE', *, *, #10975, .T. ) ;
#8368 = ORIENTED_EDGE ( 'NONE', *, *, #845, .T. ) ;
#8369 = DIRECTION ( 'NONE',  ( 1.000000000000000000, 0.000000000000000000, 0.000000000000000000 ) ) ;
#8370 = VECTOR ( 'NONE', #3413, 1000.000000000000000 ) ;
#8371 = TOROIDAL_SURFACE ( 'NONE', #10386, 4.000000000000000000, 2.000000000000000000 ) ;
#8372 = DIRECTION ( 'NONE',  ( 0.000000000000000000, 0.000000000000000000, 1.000000000000000000 ) ) ;
#8373 = ORIENTED_EDGE ( 'NONE', *, *, #10997, .F. ) ;
#8374 = DIRECTION ( 'NONE',  ( -8.673617379884043361E-15, 0.000000000000000000, 1.000000000000000000 ) ) ;
#8375 = DIRECTION ( 'NONE',  ( 0.000000000000000000, 1.000000000000000000, 0.000000000000000000 ) ) ;
#8376 = ORIENTED_EDGE ( 'NONE', *, *, #2773, .T. ) ;
#8377 = ORIENTED_EDGE ( 'NONE', *, *, #1867, .F. ) ;
#8378 = AXIS2_PLACEMENT_3D ( 'NONE', #1567, #8037, #5507 ) ;
#8379 = AXIS2_PLACEMENT_3D ( 'NONE', #4415, #5159, #7791 ) ;
#8380 = ORIENTED_EDGE ( 'NONE', *, *, #864, .F. ) ;
#8381 = EDGE_LOOP ( 'NONE', ( #9411, #2413, #1174, #3045 ) ) ;
#8382 = DIRECTION ( 'NONE',  ( 1.323076993872123698E-15, 0.000000000000000000, -1.000000000000000000 ) ) ;
#8383 = DIRECTION ( 'NONE',  ( -0.000000000000000000, -1.000000000000000000, 0.000000000000000000 ) ) ;
#8384 = CYLINDRICAL_SURFACE ( 'NONE', #5807, 27.33493649053890451 ) ;
#8385 = ORIENTED_EDGE ( 'NONE', *, *, #9883, .T. ) ;
#8386 = CIRCLE ( 'NONE', #10031, 1.000000000000000888 ) ;
#8387 = ORIENTED_EDGE ( 'NONE', *, *, #7518, .F. ) ;
#8388 = DIRECTION ( 'NONE',  ( 0.000000000000000000, 0.000000000000000000, -1.000000000000000000 ) ) ;
#8389 = DIRECTION ( 'NONE',  ( 0.000000000000000000, 0.000000000000000000, 1.000000000000000000 ) ) ;
#8390 = VERTEX_POINT ( 'NONE', #1306 ) ;
#8391 = ORIENTED_EDGE ( 'NONE', *, *, #11278, .F. ) ;
#8392 = VECTOR ( 'NONE', #5521, 1000.000000000000000 ) ;
#8393 = DIRECTION ( 'NONE',  ( 0.000000000000000000, 0.000000000000000000, 1.000000000000000000 ) ) ;
#8394 = CARTESIAN_POINT ( 'NONE',  ( -42.74999999999999289, 17.49999999999999645, 2.617682533177465764E-15 ) ) ;
#8395 = CYLINDRICAL_SURFACE ( 'NONE', #501, 1.000000000000000888 ) ;
#8396 = DIRECTION ( 'NONE',  ( 0.000000000000000000, -1.000000000000000000, 0.000000000000000000 ) ) ;
#8397 = ORIENTED_EDGE ( 'NONE', *, *, #2733, .F. ) ;
#8398 = VERTEX_POINT ( 'NONE', #388 ) ;
#8399 = LINE ( 'NONE', #550, #10969 ) ;
#8400 = CARTESIAN_POINT ( 'NONE',  ( -15.33883813756184367, 17.49999999999999645, -18.92588048819943936 ) ) ;
#8401 = CARTESIAN_POINT ( 'NONE',  ( 14.75000000000000000, 2.500000000000000000, -6.506509365792685351 ) ) ;
#8402 = ORIENTED_EDGE ( 'NONE', *, *, #5586, .F. ) ;
#8403 = AXIS2_PLACEMENT_3D ( 'NONE', #10507, #5234, #8724 ) ;
#8404 = LINE ( 'NONE', #11046, #5340 ) ;
#8405 = EDGE_CURVE ( 'NONE', #6724, #2861, #4795, .T. ) ;
#8406 = ORIENTED_EDGE ( 'NONE', *, *, #6312, .F. ) ;
#8407 = ORIENTED_EDGE ( 'NONE', *, *, #427, .T. ) ;
#8408 = AXIS2_PLACEMENT_3D ( 'NONE', #5346, #3225, #7456 ) ;
#8409 = DIRECTION ( 'NONE',  ( -1.323076993872123698E-15, 0.000000000000000000, 1.000000000000000000 ) ) ;
#8410 = CARTESIAN_POINT ( 'NONE',  ( 0.000000000000000000, 17.49999999999999645, 0.000000000000000000 ) ) ;
#8411 = EDGE_CURVE ( 'NONE', #3983, #2653, #8290, .T. ) ;
#8412 = LINE ( 'NONE', #4802, #1185 ) ;
#8413 = LINE ( 'NONE', #1373, #2438 ) ;
#8414 = CARTESIAN_POINT ( 'NONE',  ( -1.518785097687213895E-13, 17.49999999999999645, -42.74999999999999289 ) ) ;
#8415 = CARTESIAN_POINT ( 'NONE',  ( 85.49999999999998579, -7.292596028743525438E-60, -1.000000000000005329 ) ) ;
#8416 = ORIENTED_EDGE ( 'NONE', *, *, #11237, .T. ) ;
#8417 = CARTESIAN_POINT ( 'NONE',  ( -22.64906996306767084, 0.000000000000000000, 7.092720776963610696 ) ) ;
#8418 = ORIENTED_EDGE ( 'NONE', *, *, #9937, .T. ) ;
#8419 = EDGE_CURVE ( 'NONE', #7323, #9457, #6405, .T. ) ;
#8420 = EDGE_CURVE ( 'NONE', #8105, #6642, #2004, .T. ) ;
#8421 = ORIENTED_EDGE ( 'NONE', *, *, #5906, .T. ) ;
#8422 = ADVANCED_FACE ( 'NONE', ( #8124 ), #273, .T. ) ;
#8423 = ORIENTED_EDGE ( 'NONE', *, *, #6051, .T. ) ;
#8424 = CARTESIAN_POINT ( 'NONE',  ( -10.33527201114170424, 2.500000000000002220, -15.92123735465101397 ) ) ;
#8425 = DIRECTION ( 'NONE',  ( -1.000000000000000000, 0.000000000000000000, 1.039958424056858815E-14 ) ) ;
#8426 = EDGE_CURVE ( 'NONE', #8935, #4006, #2917, .T. ) ;
#8427 = CARTESIAN_POINT ( 'NONE',  ( 1.000000000000000000, -7.292596028743525438E-60, -5.659885683814142223E-15 ) ) ;
#8428 = VERTEX_POINT ( 'NONE', #8610 ) ;
#8429 = DIRECTION ( 'NONE',  ( 1.000000000000000000, 1.972152263052529514E-31, 1.323076993872123698E-15 ) ) ;
#8430 = DIRECTION ( 'NONE',  ( 0.000000000000000000, 0.000000000000000000, 1.000000000000000000 ) ) ;
#8431 = ORIENTED_EDGE ( 'NONE', *, *, #2277, .T. ) ;
#8432 = VERTEX_POINT ( 'NONE', #10122 ) ;
#8433 = ORIENTED_EDGE ( 'NONE', *, *, #4601, .F. ) ;
#8434 = ORIENTED_EDGE ( 'NONE', *, *, #1272, .F. ) ;
#8435 = VECTOR ( 'NONE', #3101, 1000.000000000000000 ) ;
#8436 = CARTESIAN_POINT ( 'NONE',  ( 4.504001642398092977E-13, 17.49999999999999645, 42.74999999999999289 ) ) ;
#8437 = EDGE_CURVE ( 'NONE', #8018, #4629, #78, .T. ) ;
#8438 = CARTESIAN_POINT ( 'NONE',  ( 85.49999999999998579, 17.49999999999999645, 0.9999999999999947820 ) ) ;
#8439 = DIRECTION ( 'NONE',  ( 0.000000000000000000, 0.000000000000000000, -1.000000000000000000 ) ) ;
#8440 = ORIENTED_EDGE ( 'NONE', *, *, #1387, .F. ) ;
#8441 = ORIENTED_EDGE ( 'NONE', *, *, #8684, .F. ) ;
#8442 = CARTESIAN_POINT ( 'NONE',  ( -5.227403331626358135E-15, 2.500000000000000000, -2.499999999999912514 ) ) ;
#8443 = CARTESIAN_POINT ( 'NONE',  ( -12.74999999999999645, 2.500000000000000000, 12.75000000000000000 ) ) ;
#8444 = ORIENTED_EDGE ( 'NONE', *, *, #1858, .F. ) ;
#8445 = ORIENTED_EDGE ( 'NONE', *, *, #8152, .T. ) ;
#8446 = VECTOR ( 'NONE', #8727, 1000.000000000000000 ) ;
#8447 = DIRECTION ( 'NONE',  ( 0.000000000000000000, 0.000000000000000000, 1.000000000000000000 ) ) ;
#8448 = LINE ( 'NONE', #7592, #10876 ) ;
#8449 = PLANE ( 'NONE',  #7626 ) ;
#8450 = AXIS2_PLACEMENT_3D ( 'NONE', #10566, #4546, #6215 ) ;
#8451 = DIRECTION ( 'NONE',  ( -1.000000000000000000, 0.000000000000000000, -0.000000000000000000 ) ) ;
#8452 = ORIENTED_EDGE ( 'NONE', *, *, #7972, .T. ) ;
#8453 = ORIENTED_EDGE ( 'NONE', *, *, #5672, .F. ) ;
#8454 = PLANE ( 'NONE',  #4378 ) ;
#8455 = DIRECTION ( 'NONE',  ( 1.000000000000000000, 0.000000000000000000, 4.718447854656914508E-15 ) ) ;
#8456 = DIRECTION ( 'NONE',  ( 0.000000000000000000, 1.000000000000000000, 0.000000000000000000 ) ) ;
#8457 = ORIENTED_EDGE ( 'NONE', *, *, #6746, .F. ) ;
#8458 = ADVANCED_FACE ( 'NONE', ( #4262 ), #828, .T. ) ;
#8459 = EDGE_CURVE ( 'NONE', #11076, #3615, #5831, .T. ) ;
#8460 = VECTOR ( 'NONE', #2706, 1000.000000000000000 ) ;
#8461 = ORIENTED_EDGE ( 'NONE', *, *, #689, .T. ) ;
#8462 = ORIENTED_EDGE ( 'NONE', *, *, #689, .F. ) ;
#8463 = EDGE_CURVE ( 'NONE', #7289, #9162, #7929, .T. ) ;
#8464 = CYLINDRICAL_SURFACE ( 'NONE', #8650, 0.7500000000000006661 ) ;
#8465 = EDGE_CURVE ( 'NONE', #4774, #2037, #7900, .T. ) ;
#8466 = CARTESIAN_POINT ( 'NONE',  ( 27.41116186243804620, 17.49999999999999645, 23.82411951180039011 ) ) ;
#8467 = CARTESIAN_POINT ( 'NONE',  ( -14.75000000000000355, 0.000000000000000000, 6.463203435596430957 ) ) ;
#8468 = DIRECTION ( 'NONE',  ( 1.000000000000000000, 0.000000000000000000, -5.659885683814142223E-15 ) ) ;
#8469 = VECTOR ( 'NONE', #3220, 1000.000000000000000 ) ;
#8470 = CARTESIAN_POINT ( 'NONE',  ( 19.76668419071548755, 17.49999999999999645, -14.79749800988289010 ) ) ;
#8471 = VECTOR ( 'NONE', #1143, 1000.000000000000000 ) ;
#8472 = DIRECTION ( 'NONE',  ( 1.000000000000000000, -0.000000000000000000, 0.000000000000000000 ) ) ;
#8473 = ORIENTED_EDGE ( 'NONE', *, *, #11197, .T. ) ;
#8474 = AXIS2_PLACEMENT_3D ( 'NONE', #5385, #1032, #8866 ) ;
#8475 = AXIS2_PLACEMENT_3D ( 'NONE', #7483, #10989, #6737 ) ;
#8476 = VERTEX_POINT ( 'NONE', #3473 ) ;
#8477 = ORIENTED_EDGE ( 'NONE', *, *, #2818, .F. ) ;
#8478 = CARTESIAN_POINT ( 'NONE',  ( 0.000000000000000000, 2.500000000000000000, -42.74999999999999289 ) ) ;
#8479 = DIRECTION ( 'NONE',  ( 1.000000000000000000, 0.000000000000000000, -2.168404344971009657E-15 ) ) ;
#8480 = CARTESIAN_POINT ( 'NONE',  ( -42.74999999999999289, 2.500000000000000000, 7.853047599532400842E-15 ) ) ;
#8481 = ORIENTED_EDGE ( 'NONE', *, *, #1190, .F. ) ;
#8482 = CARTESIAN_POINT ( 'NONE',  ( -41.75000000000014211, -7.292596028743525438E-60, 42.74999999999999289 ) ) ;
#8483 = CARTESIAN_POINT ( 'NONE',  ( -42.74999999999999289, 17.49999999999999645, 2.617682533177465764E-15 ) ) ;
#8484 = ORIENTED_EDGE ( 'NONE', *, *, #7878, .F. ) ;
#8485 = VECTOR ( 'NONE', #1830, 1000.000000000000000 ) ;
#8486 = EDGE_LOOP ( 'NONE', ( #6057, #8784, #8599, #5595, #7052, #3830, #5680 ) ) ;
#8487 = EDGE_CURVE ( 'NONE', #10906, #956, #4426, .T. ) ;
#8488 = ORIENTED_EDGE ( 'NONE', *, *, #1040, .F. ) ;
#8489 = ORIENTED_EDGE ( 'NONE', *, *, #5799, .F. ) ;
#8490 = VECTOR ( 'NONE', #2646, 1000.000000000000000 ) ;
#8491 = DIRECTION ( 'NONE',  ( -0.000000000000000000, -1.000000000000000000, -0.000000000000000000 ) ) ;
#8492 = CARTESIAN_POINT ( 'NONE',  ( -14.75000000000000178, 2.617681020863021679, 10.11975178147346277 ) ) ;
#8493 = DIRECTION ( 'NONE',  ( -0.000000000000000000, -1.000000000000000000, 0.000000000000000000 ) ) ;
#8494 = VERTEX_POINT ( 'NONE', #942 ) ;
#8495 = ORIENTED_EDGE ( 'NONE', *, *, #7300, .T. ) ;
#8496 = DIRECTION ( 'NONE',  ( 5.659885683814143012E-15, 0.000000000000000000, 1.000000000000000000 ) ) ;
#8497 = DIRECTION ( 'NONE',  ( -1.000000000000000000, 0.000000000000000000, 1.040773042068946910E-14 ) ) ;
#8498 = VERTEX_POINT ( 'NONE', #1423 ) ;
#8499 = ORIENTED_EDGE ( 'NONE', *, *, #5594, .F. ) ;
#8500 = EDGE_CURVE ( 'NONE', #643, #4955, #2344, .T. ) ;
#8501 = EDGE_CURVE ( 'NONE', #10307, #6792, #957, .T. ) ;
#8502 = DIRECTION ( 'NONE',  ( 0.000000000000000000, 1.000000000000000000, -0.000000000000000000 ) ) ;
#8503 = EDGE_CURVE ( 'NONE', #7160, #4629, #8809, .T. ) ;
#8504 = DIRECTION ( 'NONE',  ( 0.000000000000000000, 0.000000000000000000, 1.000000000000000000 ) ) ;
#8505 = VECTOR ( 'NONE', #5102, 1000.000000000000000 ) ;
#8506 = CARTESIAN_POINT ( 'NONE',  ( -41.74999999999995026, 2.500000000000000000, 5.000000000000006217 ) ) ;
#8507 = DIRECTION ( 'NONE',  ( 0.000000000000000000, 0.000000000000000000, 1.000000000000000000 ) ) ;
#8508 = ORIENTED_EDGE ( 'NONE', *, *, #9590, .F. ) ;
#8509 = ORIENTED_EDGE ( 'NONE', *, *, #9798, .T. ) ;
#8510 = CARTESIAN_POINT ( 'NONE',  ( -0.9999999999990992761, 17.49999999999999645, 85.50000000000000000 ) ) ;
#8511 = LINE ( 'NONE', #666, #3229 ) ;
#8512 = LINE ( 'NONE', #5940, #8032 ) ;
#8513 = ORIENTED_EDGE ( 'NONE', *, *, #4264, .T. ) ;
#8514 = DIRECTION ( 'NONE',  ( -0.000000000000000000, 1.000000000000000000, -0.000000000000000000 ) ) ;
#8515 = AXIS2_PLACEMENT_3D ( 'NONE', #330, #10066, #8236 ) ;
#8516 = VERTEX_POINT ( 'NONE', #2607 ) ;
#8517 = CYLINDRICAL_SURFACE ( 'NONE', #8108, 25.00000000000000711 ) ;
#8518 = CARTESIAN_POINT ( 'NONE',  ( -13.74999999999999822, 0.000000000000000000, -8.877416997969513446 ) ) ;
#8519 = DIRECTION ( 'NONE',  ( 1.000000000000000000, 0.000000000000000000, 1.323076993872124684E-15 ) ) ;
#8520 = LINE ( 'NONE', #3316, #6098 ) ;
#8521 = FACE_OUTER_BOUND ( 'NONE', #7455, .T. ) ;
#8522 = AXIS2_PLACEMENT_3D ( 'NONE', #1701, #5080, #6905 ) ;
#8523 = PLANE ( 'NONE',  #8937 ) ;
#8524 = CARTESIAN_POINT ( 'NONE',  ( 0.000000000000000000, -34.48187929913332539, -45.29999999999999005 ) ) ;
#8525 = AXIS2_PLACEMENT_3D ( 'NONE', #9867, #411, #10843 ) ;
#8526 = VERTEX_POINT ( 'NONE', #765 ) ;
#8527 = VERTEX_POINT ( 'NONE', #3525 ) ;
#8528 = DIRECTION ( 'NONE',  ( 0.000000000000000000, 1.000000000000000000, 0.000000000000000000 ) ) ;
#8529 = FACE_OUTER_BOUND ( 'NONE', #6106, .T. ) ;
#8530 = EDGE_CURVE ( 'NONE', #7301, #3231, #8404, .T. ) ;
#8531 = CARTESIAN_POINT ( 'NONE',  ( 0.9999999999996962430, -7.292596028743525438E-60, -85.49999999999998579 ) ) ;
#8532 = ORIENTED_EDGE ( 'NONE', *, *, #7851, .T. ) ;
#8533 = AXIS2_PLACEMENT_3D ( 'NONE', #8629, #3547, #786 ) ;
#8534 = DIRECTION ( 'NONE',  ( 0.000000000000000000, 0.000000000000000000, -1.000000000000000000 ) ) ;
#8535 = DIRECTION ( 'NONE',  ( -1.000000000000000000, 0.000000000000000000, 2.168404344971009657E-15 ) ) ;
#8536 = AXIS2_PLACEMENT_3D ( 'NONE', #5627, #4769, #8260 ) ;
#8537 = EDGE_LOOP ( 'NONE', ( #10804, #2561, #2828, #5224 ) ) ;
#8538 = ADVANCED_FACE ( 'NONE', ( #3200 ), #4383, .T. ) ;
#8539 = EDGE_CURVE ( 'NONE', #5117, #5173, #7724, .T. ) ;
#8540 = VERTEX_POINT ( 'NONE', #11256 ) ;
#8541 = EDGE_LOOP ( 'NONE', ( #10331, #3739, #10728, #10458 ) ) ;
#8542 = AXIS2_PLACEMENT_3D ( 'NONE', #6158, #10735, #144 ) ;
#8543 = AXIS2_PLACEMENT_3D ( 'NONE', #1374, #6697, #344 ) ;
#8544 = LINE ( 'NONE', #9520, #10653 ) ;
#8545 = CARTESIAN_POINT ( 'NONE',  ( -14.87355443611925487, 1.500000000000000000, 14.86908557955058896 ) ) ;
#8546 = CYLINDRICAL_SURFACE ( 'NONE', #5071, 1.500000000000003997 ) ;
#8547 = ORIENTED_EDGE ( 'NONE', *, *, #5667, .T. ) ;
#8548 = VERTEX_POINT ( 'NONE', #4322 ) ;
#8549 = DIRECTION ( 'NONE',  ( 0.000000000000000000, 1.000000000000000000, 0.000000000000000000 ) ) ;
#8550 = DIRECTION ( 'NONE',  ( 5.663872149064273586E-15, 0.000000000000000000, 1.000000000000000000 ) ) ;
#8551 = ORIENTED_EDGE ( 'NONE', *, *, #4648, .T. ) ;
#8552 = VERTEX_POINT ( 'NONE', #3409 ) ;
#8553 = CIRCLE ( 'NONE', #6003, 27.33493649053890096 ) ;
#8554 = VECTOR ( 'NONE', #113, 1000.000000000000000 ) ;
#8555 = EDGE_CURVE ( 'NONE', #1558, #6599, #1748, .T. ) ;
#8556 = CARTESIAN_POINT ( 'NONE',  ( -12.74999999999999645, 9.500000000000000000, 12.75000000000000000 ) ) ;
#8557 = EDGE_CURVE ( 'NONE', #7390, #9784, #1691, .T. ) ;
#8558 = CARTESIAN_POINT ( 'NONE',  ( 1.000000000000570211, 27.36039051652360854, 45.11163244297856068 ) ) ;
#8559 = CIRCLE ( 'NONE', #10377, 27.33493649053890096 ) ;
#8560 = CARTESIAN_POINT ( 'NONE',  ( 1.836970198721031413E-16, 2.500000000000000000, -44.25000000000000000 ) ) ;
#8561 = CYLINDRICAL_SURFACE ( 'NONE', #1166, 27.33493649053890451 ) ;
#8562 = VERTEX_POINT ( 'NONE', #2666 ) ;
#8563 = EDGE_CURVE ( 'NONE', #9007, #930, #5302, .T. ) ;
#8564 = ORIENTED_EDGE ( 'NONE', *, *, #6201, .T. ) ;
#8565 = CYLINDRICAL_SURFACE ( 'NONE', #4186, 25.00000000000000711 ) ;
#8566 = CARTESIAN_POINT ( 'NONE',  ( -14.82843563089468653, 0.000000000000000000, 14.91335510913659235 ) ) ;
#8567 = CARTESIAN_POINT ( 'NONE',  ( 5.235365066354933894E-15, -34.48187929913332539, 42.74999999999999289 ) ) ;
#8568 = EDGE_CURVE ( 'NONE', #9315, #8206, #9644, .T. ) ;
#8569 = ORIENTED_EDGE ( 'NONE', *, *, #3735, .F. ) ;
#8570 = FACE_OUTER_BOUND ( 'NONE', #11230, .T. ) ;
#8571 = CIRCLE ( 'NONE', #5832, 0.7499999999999984457 ) ;
#8572 = AXIS2_PLACEMENT_3D ( 'NONE', #2299, #3210, #6699 ) ;
#8573 = ORIENTED_EDGE ( 'NONE', *, *, #6819, .F. ) ;
#8574 = FACE_OUTER_BOUND ( 'NONE', #3499, .T. ) ;
#8575 = CARTESIAN_POINT ( 'NONE',  ( -5.227403331626358135E-15, 2.500000000000000000, -2.499999999999912514 ) ) ;
#8576 = DIRECTION ( 'NONE',  ( 0.000000000000000000, 1.000000000000000000, -0.000000000000000000 ) ) ;
#8577 = DIRECTION ( 'NONE',  ( 0.000000000000000000, 1.000000000000000000, 0.000000000000000000 ) ) ;
#8578 = VECTOR ( 'NONE', #2897, 1000.000000000000000 ) ;
#8579 = CARTESIAN_POINT ( 'NONE',  ( -12.74999999999999645, 0.000000000000000000, 12.75000000000000000 ) ) ;
#8580 = DIRECTION ( 'NONE',  ( 0.000000000000000000, 1.000000000000000000, -0.000000000000000000 ) ) ;
#8581 = CARTESIAN_POINT ( 'NONE',  ( -14.87089537001563855, 0.000000000000000000, 14.87089537001564032 ) ) ;
#8582 = ADVANCED_FACE ( 'NONE', ( #10622 ), #1058, .T. ) ;
#8583 = AXIS2_PLACEMENT_3D ( 'NONE', #4940, #7568, #10965 ) ;
#8584 = ORIENTED_EDGE ( 'NONE', *, *, #525, .T. ) ;
#8585 = VERTEX_POINT ( 'NONE', #5349 ) ;
#8586 = CARTESIAN_POINT ( 'NONE',  ( 4.898979485566340664, 0.000000000000000000, 41.74999999999990052 ) ) ;
#8587 = LINE ( 'NONE', #9446, #9385 ) ;
#8588 = CARTESIAN_POINT ( 'NONE',  ( 14.74999999999999822, 2.525630649018185458, -9.710310837439521947 ) ) ;
#8589 = CARTESIAN_POINT ( 'NONE',  ( 15.95668180764253918, 2.500000000000002220, 15.95668180764257116 ) ) ;
#8590 = DIRECTION ( 'NONE',  ( 0.000000000000000000, 0.000000000000000000, -1.000000000000000000 ) ) ;
#8591 = CARTESIAN_POINT ( 'NONE',  ( 2.499999999999952038, 0.000000000000000000, 29.41336361528513166 ) ) ;
#8592 = VERTEX_POINT ( 'NONE', #10673 ) ;
#8593 = DIRECTION ( 'NONE',  ( 0.7071067811865481278, 0.000000000000000000, -0.7071067811865470176 ) ) ;
#8594 = CARTESIAN_POINT ( 'NONE',  ( -43.74999999999955236, 2.500000000000000000, -42.75000000000000000 ) ) ;
#8595 = EDGE_LOOP ( 'NONE', ( #4442, #2976, #10391, #4946, #8488, #11068 ) ) ;
#8596 = EDGE_CURVE ( 'NONE', #6117, #8967, #9704, .T. ) ;
#8597 = EDGE_CURVE ( 'NONE', #1589, #8527, #5897, .T. ) ;
#8598 = VERTEX_POINT ( 'NONE', #7126 ) ;
#8599 = ORIENTED_EDGE ( 'NONE', *, *, #5551, .T. ) ;
#8600 = CARTESIAN_POINT ( 'NONE',  ( 12.75000000000000000, 2.500000000000000000, -12.75000000000000000 ) ) ;
#8601 = EDGE_CURVE ( 'NONE', #10671, #11178, #8274, .T. ) ;
#8602 = CARTESIAN_POINT ( 'NONE',  ( -12.74999999999999645, 9.500000000000000000, 12.75000000000000000 ) ) ;
#8603 = CARTESIAN_POINT ( 'NONE',  ( 14.79749800988282438, 17.49999999999999645, -19.76668419071554794 ) ) ;
#8604 = ORIENTED_EDGE ( 'NONE', *, *, #8426, .F. ) ;
#8605 = ORIENTED_EDGE ( 'NONE', *, *, #4057, .T. ) ;
#8606 = CARTESIAN_POINT ( 'NONE',  ( 12.75000000000000000, 4.500000000000000888, -12.75000000000000000 ) ) ;
#8607 = DIRECTION ( 'NONE',  ( -0.000000000000000000, -1.000000000000000000, -0.000000000000000000 ) ) ;
#8608 = ORIENTED_EDGE ( 'NONE', *, *, #2230, .T. ) ;
#8609 = ORIENTED_EDGE ( 'NONE', *, *, #9473, .F. ) ;
#8610 = CARTESIAN_POINT ( 'NONE',  ( 41.75000000000011369, 17.49999999999999645, -25.33493649053891161 ) ) ;
#8611 = VECTOR ( 'NONE', #1718, 1000.000000000000000 ) ;
#8612 = LINE ( 'NONE', #3300, #6475 ) ;
#8613 = CARTESIAN_POINT ( 'NONE',  ( 1.000000000000000000, 17.49999999999999645, -5.659885683814142223E-15 ) ) ;
#8614 = CARTESIAN_POINT ( 'NONE',  ( -43.74999999999993605, 24.95324863549492633, 3.471804156800864405 ) ) ;
#8615 = CARTESIAN_POINT ( 'NONE',  ( -14.75000000000000000, 2.500000000000000000, 9.285898384862246502 ) ) ;
#8616 = ORIENTED_EDGE ( 'NONE', *, *, #6897, .F. ) ;
#8617 = EDGE_LOOP ( 'NONE', ( #6640, #2305, #8686, #9354, #9516, #5468, #535, #9336 ) ) ;
#8618 = CARTESIAN_POINT ( 'NONE',  ( -43.75000000000007816, 2.500000000000000000, -4.999999999999999112 ) ) ;
#8619 = CARTESIAN_POINT ( 'NONE',  ( -13.74999999999999822, 2.500000000000000000, -7.877416997969514334 ) ) ;
#8620 = DIRECTION ( 'NONE',  ( 0.000000000000000000, 0.000000000000000000, 1.000000000000000000 ) ) ;
#8621 = ORIENTED_EDGE ( 'NONE', *, *, #6677, .T. ) ;
#8622 = VECTOR ( 'NONE', #10477, 1000.000000000000000 ) ;
#8623 = CARTESIAN_POINT ( 'NONE',  ( -46.04999999999999716, 0.000000000000000000, -2.819749255036780494E-15 ) ) ;
#8624 = EDGE_CURVE ( 'NONE', #1358, #9596, #8083, .T. ) ;
#8625 = EDGE_CURVE ( 'NONE', #8946, #1644, #1919, .T. ) ;
#8626 = CIRCLE ( 'NONE', #6265, 4.000000000000000000 ) ;
#8627 = ORIENTED_EDGE ( 'NONE', *, *, #3511, .F. ) ;
#8628 = FACE_BOUND ( 'NONE', #6577, .T. ) ;
#8629 = CARTESIAN_POINT ( 'NONE',  ( 5.235365066354933894E-15, 0.000000000000000000, 42.74999999999999289 ) ) ;
#8630 = DIRECTION ( 'NONE',  ( -0.000000000000000000, -1.000000000000000000, -0.000000000000000000 ) ) ;
#8631 = CARTESIAN_POINT ( 'NONE',  ( -41.75000000000014211, 17.49999999999999645, 42.74999999999999289 ) ) ;
#8632 = DIRECTION ( 'NONE',  ( 3.469446951953611033E-15, 0.000000000000000000, 1.000000000000000000 ) ) ;
#8633 = DIRECTION ( 'NONE',  ( -1.000000000000000000, 0.000000000000000000, 1.040773042068946910E-14 ) ) ;
#8634 = DIRECTION ( 'NONE',  ( 0.000000000000000000, 0.000000000000000000, -1.000000000000000000 ) ) ;
#8635 = AXIS2_PLACEMENT_3D ( 'NONE', #7364, #1566, #10868 ) ;
#8636 = ADVANCED_FACE ( 'NONE', ( #9810 ), #5460, .F. ) ;
#8637 = ORIENTED_EDGE ( 'NONE', *, *, #10794, .T. ) ;
#8638 = ORIENTED_EDGE ( 'NONE', *, *, #1988, .F. ) ;
#8639 = PLANE ( 'NONE',  #3586 ) ;
#8640 = CYLINDRICAL_SURFACE ( 'NONE', #10864, 25.00000000000000711 ) ;
#8641 = DIRECTION ( 'NONE',  ( -2.168404344971008868E-15, 0.000000000000000000, -1.000000000000000000 ) ) ;
#8642 = AXIS2_PLACEMENT_3D ( 'NONE', #6648, #2367, #10202 ) ;
#8643 = DIRECTION ( 'NONE',  ( -1.000000000000000000, 0.000000000000000000, 2.168404344971009657E-15 ) ) ;
#8644 = CARTESIAN_POINT ( 'NONE',  ( 10.75927245940724930, 2.750343138893428740, 10.45393097618918077 ) ) ;
#8645 = DIRECTION ( 'NONE',  ( 0.000000000000000000, 1.000000000000000000, -0.000000000000000000 ) ) ;
#8646 = ORIENTED_EDGE ( 'NONE', *, *, #2389, .T. ) ;
#8647 = DIRECTION ( 'NONE',  ( 1.000000000000000000, 0.000000000000000000, 1.323076993872124684E-15 ) ) ;
#8648 = CARTESIAN_POINT ( 'NONE',  ( -85.49999999999998579, 17.49999999999999645, 1.000000000000005329 ) ) ;
#8649 = ORIENTED_EDGE ( 'NONE', *, *, #2340, .F. ) ;
#8650 = AXIS2_PLACEMENT_3D ( 'NONE', #3263, #3896, #559 ) ;
#8651 = AXIS2_PLACEMENT_3D ( 'NONE', #4403, #47, #4345 ) ;
#8652 = EDGE_LOOP ( 'NONE', ( #7324, #3506, #4893, #5967, #536 ) ) ;
#8653 = ORIENTED_EDGE ( 'NONE', *, *, #8539, .T. ) ;
#8654 = CARTESIAN_POINT ( 'NONE',  ( 42.75000000000044054, 17.49999999999999645, 41.74999999999968736 ) ) ;
#8655 = EDGE_CURVE ( 'NONE', #7072, #9503, #7537, .T. ) ;
#8656 = AXIS2_PLACEMENT_3D ( 'NONE', #6446, #5820, #5647 ) ;
#8657 = DIRECTION ( 'NONE',  ( 0.000000000000000000, 1.000000000000000000, 0.000000000000000000 ) ) ;
#8658 = VECTOR ( 'NONE', #7655, 1000.000000000000000 ) ;
#8659 = DIRECTION ( 'NONE',  ( 0.000000000000000000, 1.000000000000000000, 0.000000000000000000 ) ) ;
#8660 = ORIENTED_EDGE ( 'NONE', *, *, #10143, .F. ) ;
#8661 = ORIENTED_EDGE ( 'NONE', *, *, #4857, .T. ) ;
#8662 = LINE ( 'NONE', #6149, #6210 ) ;
#8663 = EDGE_CURVE ( 'NONE', #2363, #8792, #406, .T. ) ;
#8664 = DIRECTION ( 'NONE',  ( -1.000000000000000000, 0.000000000000000000, -8.306039671558391198E-15 ) ) ;
#8665 = VERTEX_POINT ( 'NONE', #192 ) ;
#8666 = CARTESIAN_POINT ( 'NONE',  ( -2.499999999999992895, 2.500000000000000000, 3.872150616019648973E-16 ) ) ;
#8667 = ADVANCED_FACE ( 'NONE', ( #3690 ), #7177, .T. ) ;
#8668 = EDGE_CURVE ( 'NONE', #971, #11080, #5864, .T. ) ;
#8669 = AXIS2_PLACEMENT_3D ( 'NONE', #1991, #3545, #7025 ) ;
#8670 = LINE ( 'NONE', #2497, #2084 ) ;
#8671 = DIRECTION ( 'NONE',  ( 0.000000000000000000, -0.000000000000000000, 1.000000000000000000 ) ) ;
#8672 = CARTESIAN_POINT ( 'NONE',  ( 19.63298726938604943, 0.7898818883216689457, 16.04594491874832940 ) ) ;
#8673 = CARTESIAN_POINT ( 'NONE',  ( 8.877416997969529433, 2.500000000000000000, 13.74999999999999822 ) ) ;
#8674 = ORIENTED_EDGE ( 'NONE', *, *, #6392, .T. ) ;
#8675 = VERTEX_POINT ( 'NONE', #3880 ) ;
#8676 = CARTESIAN_POINT ( 'NONE',  ( 8.170310216782979751, 0.000000000000000000, 13.04289321881345032 ) ) ;
#8677 = DIRECTION ( 'NONE',  ( 0.7071067811865470176, 0.000000000000000000, 0.7071067811865480168 ) ) ;
#8678 = VECTOR ( 'NONE', #5839, 1000.000000000000000 ) ;
#8679 = CARTESIAN_POINT ( 'NONE',  ( -13.74999999999999822, 0.000000000000000000, -8.877416997969513446 ) ) ;
#8680 = ORIENTED_EDGE ( 'NONE', *, *, #3388, .F. ) ;
#8681 = FACE_OUTER_BOUND ( 'NONE', #9456, .T. ) ;
#8682 = ORIENTED_EDGE ( 'NONE', *, *, #9550, .T. ) ;
#8683 = EDGE_CURVE ( 'NONE', #4917, #7605, #7360, .T. ) ;
#8684 = EDGE_CURVE ( 'NONE', #6166, #4518, #10216, .T. ) ;
#8685 = VECTOR ( 'NONE', #2807, 1000.000000000000000 ) ;
#8686 = ORIENTED_EDGE ( 'NONE', *, *, #4548, .F. ) ;
#8687 = DIRECTION ( 'NONE',  ( 0.000000000000000000, 1.000000000000000000, -0.000000000000000000 ) ) ;
#8688 = CARTESIAN_POINT ( 'NONE',  ( 0.000000000000000000, 2.500000000000000000, 14.75000000000000000 ) ) ;
#8689 = CARTESIAN_POINT ( 'NONE',  ( -1.518785097687213895E-13, 17.49999999999999645, -42.74999999999999289 ) ) ;
#8690 = CYLINDRICAL_SURFACE ( 'NONE', #7555, 25.00000000000000355 ) ;
#8691 = CARTESIAN_POINT ( 'NONE',  ( -41.75000000000007816, 1.361284592032115076E-61, -4.999999999999995559 ) ) ;
#8692 = CARTESIAN_POINT ( 'NONE',  ( 12.75000000000000000, 9.500000000000000000, -11.75000000000000000 ) ) ;
#8693 = ADVANCED_FACE ( 'NONE', ( #11139 ), #377, .T. ) ;
#8694 = DIRECTION ( 'NONE',  ( 0.7071067811865480168, 0.000000000000000000, -0.7071067811865470176 ) ) ;
#8695 = AXIS2_PLACEMENT_3D ( 'NONE', #8751, #6346, #1082 ) ;
#8696 = ORIENTED_EDGE ( 'NONE', *, *, #5690, .T. ) ;
#8697 = EDGE_CURVE ( 'NONE', #11146, #1189, #3172, .T. ) ;
#8698 = ORIENTED_EDGE ( 'NONE', *, *, #5395, .F. ) ;
#8699 = DIRECTION ( 'NONE',  ( 0.000000000000000000, 0.000000000000000000, 1.000000000000000000 ) ) ;
#8700 = CIRCLE ( 'NONE', #10542, 25.35466440282023370 ) ;
#8701 = FACE_OUTER_BOUND ( 'NONE', #4759, .T. ) ;
#8702 = CARTESIAN_POINT ( 'NONE',  ( -2.499999999999997335, 2.500000000000002220, -23.75650936579271288 ) ) ;
#8703 = CYLINDRICAL_SURFACE ( 'NONE', #6853, 4.999999999999997335 ) ;
#8704 = CARTESIAN_POINT ( 'NONE',  ( 41.09999999999999432, -34.48187929913332539, -2.857883832488648412 ) ) ;
#8705 = AXIS2_PLACEMENT_3D ( 'NONE', #5993, #772, #11262 ) ;
#8706 = EDGE_CURVE ( 'NONE', #8494, #4894, #2793, .T. ) ;
#8707 = CARTESIAN_POINT ( 'NONE',  ( -41.74999999999955236, 17.49999999999999645, -42.74999999999999289 ) ) ;
#8708 = ORIENTED_EDGE ( 'NONE', *, *, #4301, .T. ) ;
#8709 = EDGE_CURVE ( 'NONE', #6211, #5825, #11190, .T. ) ;
#8710 = DIRECTION ( 'NONE',  ( 1.000000000000000000, 0.000000000000000000, 1.323076993872124684E-15 ) ) ;
#8711 = DIRECTION ( 'NONE',  ( 0.000000000000000000, 1.000000000000000000, 0.000000000000000000 ) ) ;
#8712 = EDGE_CURVE ( 'NONE', #3404, #2930, #8626, .T. ) ;
#8713 = EDGE_LOOP ( 'NONE', ( #1278, #1107, #9619, #368 ) ) ;
#8714 = AXIS2_PLACEMENT_3D ( 'NONE', #10238, #11160, #11266 ) ;
#8715 = B_SPLINE_CURVE_WITH_KNOTS ( 'NONE', 3,
 ( #3905, #2928, #5669, #10891, #5613, #8983 ),
 .UNSPECIFIED., .F., .F.,
 ( 4, 2, 4 ),
 ( 1.788112030672749005E-18, 0.0006291007506982609909, 0.001258201501396520247 ),
 .UNSPECIFIED. ) ;
#8716 = ORIENTED_EDGE ( 'NONE', *, *, #11078, .F. ) ;
#8717 = ORIENTED_EDGE ( 'NONE', *, *, #10694, .T. ) ;
#8718 = CARTESIAN_POINT ( 'NONE',  ( 43.74999999999993605, 24.95324863549492633, -3.471804156800864405 ) ) ;
#8719 = AXIS2_PLACEMENT_3D ( 'NONE', #5926, #4897, #3182 ) ;
#8720 = DIRECTION ( 'NONE',  ( -1.000000000000000000, 0.000000000000000000, 2.220446049250312686E-15 ) ) ;
#8721 = DIRECTION ( 'NONE',  ( 0.000000000000000000, 1.000000000000000000, 0.000000000000000000 ) ) ;
#8722 = VERTEX_POINT ( 'NONE', #3232 ) ;
#8723 = ORIENTED_EDGE ( 'NONE', *, *, #2234, .F. ) ;
#8724 = DIRECTION ( 'NONE',  ( 0.000000000000000000, 0.000000000000000000, -1.000000000000000000 ) ) ;
#8725 = LINE ( 'NONE', #1689, #7989 ) ;
#8726 = ORIENTED_EDGE ( 'NONE', *, *, #5617, .T. ) ;
#8727 = DIRECTION ( 'NONE',  ( -0.000000000000000000, 1.000000000000000000, -0.000000000000000000 ) ) ;
#8728 = AXIS2_PLACEMENT_3D ( 'NONE', #9816, #10627, #3590 ) ;
#8729 = AXIS2_PLACEMENT_3D ( 'NONE', #9454, #10090, #8430 ) ;
#8730 = DIRECTION ( 'NONE',  ( 0.000000000000000000, 1.000000000000000000, 0.000000000000000000 ) ) ;
#8731 = CARTESIAN_POINT ( 'NONE',  ( -43.74999999999995026, 1.361284592032115076E-61, 4.999999999999988454 ) ) ;
#8732 = DIRECTION ( 'NONE',  ( -8.326672684688672475E-15, 0.000000000000000000, 1.000000000000000000 ) ) ;
#8733 = DIRECTION ( 'NONE',  ( 0.000000000000000000, 0.000000000000000000, 1.000000000000000000 ) ) ;
#8734 = ORIENTED_EDGE ( 'NONE', *, *, #2280, .T. ) ;
#8735 = VECTOR ( 'NONE', #9697, 1000.000000000000000 ) ;
#8736 = ORIENTED_EDGE ( 'NONE', *, *, #3320, .F. ) ;
#8737 = DIRECTION ( 'NONE',  ( 0.000000000000000000, 0.000000000000000000, 1.000000000000000000 ) ) ;
#8738 = DIRECTION ( 'NONE',  ( -1.264613413987092056E-14, 0.000000000000000000, -1.000000000000000000 ) ) ;
#8739 = CIRCLE ( 'NONE', #140, 0.7499999999999986677 ) ;
#8740 = DIRECTION ( 'NONE',  ( 0.000000000000000000, 1.000000000000000000, 0.000000000000000000 ) ) ;
#8741 = ORIENTED_EDGE ( 'NONE', *, *, #3922, .F. ) ;
#8742 = CARTESIAN_POINT ( 'NONE',  ( 9.628165229955163440, 0.000000000000000000, 15.21413057346447140 ) ) ;
#8743 = EDGE_LOOP ( 'NONE', ( #8499, #5941, #668, #3369 ) ) ;
#8744 = VECTOR ( 'NONE', #5855, 1000.000000000000000 ) ;
#8745 = AXIS2_PLACEMENT_3D ( 'NONE', #2645, #6190, #7852 ) ;
#8746 = ORIENTED_EDGE ( 'NONE', *, *, #4857, .F. ) ;
#8747 = DIRECTION ( 'NONE',  ( -2.168404344971008868E-15, 0.000000000000000000, -1.000000000000000000 ) ) ;
#8748 = CARTESIAN_POINT ( 'NONE',  ( 10.62825468289635644, 2.500000000000002220, -10.62825468289633690 ) ) ;
#8749 = CARTESIAN_POINT ( 'NONE',  ( -1.518785097687213895E-13, 17.49999999999999645, -42.74999999999999289 ) ) ;
#8750 = DIRECTION ( 'NONE',  ( -1.000000000000000000, 0.000000000000000000, -1.323076993872124684E-15 ) ) ;
#8751 = CARTESIAN_POINT ( 'NONE',  ( 2.499999999999834355, -34.48187929913332539, -9.951427083169871692E-15 ) ) ;
#8752 = DIRECTION ( 'NONE',  ( 0.000000000000000000, 1.000000000000000000, 0.000000000000000000 ) ) ;
#8753 = EDGE_CURVE ( 'NONE', #4950, #3397, #8544, .T. ) ;
#8754 = EDGE_CURVE ( 'NONE', #9639, #10662, #3288, .T. ) ;
#8755 = AXIS2_PLACEMENT_3D ( 'NONE', #1927, #8896, #312 ) ;
#8756 = CARTESIAN_POINT ( 'NONE',  ( 2.499999999999987121, -34.48187929913332539, 38.41987298107779480 ) ) ;
#8757 = VECTOR ( 'NONE', #11212, 1000.000000000000000 ) ;
#8758 = ADVANCED_FACE ( 'NONE', ( #3341 ), #1460, .F. ) ;
#8759 = ORIENTED_EDGE ( 'NONE', *, *, #2932, .T. ) ;
#8760 = EDGE_LOOP ( 'NONE', ( #9331, #7820 ) ) ;
#8761 = AXIS2_PLACEMENT_3D ( 'NONE', #8881, #6373, #3635 ) ;
#8762 = LINE ( 'NONE', #1608, #8505 ) ;
#8763 = DIRECTION ( 'NONE',  ( 0.000000000000000000, 1.000000000000000000, -0.000000000000000000 ) ) ;
#8764 = CARTESIAN_POINT ( 'NONE',  ( -3.471804156800430974, 24.95324863549492633, 41.75000000000011369 ) ) ;
#8765 = CARTESIAN_POINT ( 'NONE',  ( 3.471804156801321817, 24.95324863549492633, 41.74999999999990763 ) ) ;
#8766 = FACE_OUTER_BOUND ( 'NONE', #10723, .T. ) ;
#8767 = CARTESIAN_POINT ( 'NONE',  ( 15.43336124370724072, 17.49999999999999645, -0.9999999999998532285 ) ) ;
#8768 = ORIENTED_EDGE ( 'NONE', *, *, #1677, .T. ) ;
#8769 = CARTESIAN_POINT ( 'NONE',  ( 12.75000000000000000, 2.500000000000000000, -12.75000000000000000 ) ) ;
#8770 = CARTESIAN_POINT ( 'NONE',  ( -18.92588048819949265, 17.49999999999999645, 15.33883813756177794 ) ) ;
#8771 = ORIENTED_EDGE ( 'NONE', *, *, #588, .F. ) ;
#8772 = EDGE_CURVE ( 'NONE', #3231, #4776, #2972, .T. ) ;
#8773 = AXIS2_PLACEMENT_3D ( 'NONE', #9287, #4711, #9056 ) ;
#8774 = EDGE_CURVE ( 'NONE', #10460, #6845, #6618, .T. ) ;
#8775 = VERTEX_POINT ( 'NONE', #708 ) ;
#8776 = VERTEX_POINT ( 'NONE', #1682 ) ;
#8777 = EDGE_CURVE ( 'NONE', #3793, #1558, #4249, .T. ) ;
#8778 = DIRECTION ( 'NONE',  ( 0.7071067811865481278, 0.000000000000000000, -0.7071067811865470176 ) ) ;
#8779 = FACE_OUTER_BOUND ( 'NONE', #4684, .T. ) ;
#8780 = EDGE_LOOP ( 'NONE', ( #4677, #6001, #7125, #4645 ) ) ;
#8781 = VERTEX_POINT ( 'NONE', #7747 ) ;
#8782 = DIRECTION ( 'NONE',  ( 0.000000000000000000, 1.000000000000000000, 0.000000000000000000 ) ) ;
#8783 = CARTESIAN_POINT ( 'NONE',  ( 42.74999999999999289, -34.48187929913332539, -1.500000000000006439 ) ) ;
#8784 = ORIENTED_EDGE ( 'NONE', *, *, #4956, .T. ) ;
#8785 = DIRECTION ( 'NONE',  ( -1.000000000000000000, 0.000000000000000000, 9.151367022657275579E-15 ) ) ;
#8786 = EDGE_CURVE ( 'NONE', #6274, #2910, #9547, .T. ) ;
#8787 = CYLINDRICAL_SURFACE ( 'NONE', #8097, 1.500000000000001332 ) ;
#8788 = CARTESIAN_POINT ( 'NONE',  ( 12.75000000000000000, 9.500000000000000000, -14.75000000000000000 ) ) ;
#8789 = DIRECTION ( 'NONE',  ( 0.000000000000000000, 0.000000000000000000, 1.000000000000000000 ) ) ;
#8790 = CARTESIAN_POINT ( 'NONE',  ( -1.518785097687213895E-13, 19.49999999999999645, -42.74999999999999289 ) ) ;
#8791 = ORIENTED_EDGE ( 'NONE', *, *, #9617, .T. ) ;
#8792 = VERTEX_POINT ( 'NONE', #5003 ) ;
#8793 = DIRECTION ( 'NONE',  ( 0.000000000000000000, 0.000000000000000000, 1.000000000000000000 ) ) ;
#8794 = CARTESIAN_POINT ( 'NONE',  ( -14.75000000000000178, 2.525161391907780217, -9.707262574007673450 ) ) ;
#8795 = DIRECTION ( 'NONE',  ( -1.000000000000000000, 0.000000000000000000, 5.947623346206202627E-15 ) ) ;
#8796 = ORIENTED_EDGE ( 'NONE', *, *, #3571, .T. ) ;
#8797 = ORIENTED_EDGE ( 'NONE', *, *, #5491, .T. ) ;
#8798 = CARTESIAN_POINT ( 'NONE',  ( -1.000000000000269784, 2.500000000000000000, -47.64897948556629359 ) ) ;
#8799 = DIRECTION ( 'NONE',  ( 0.000000000000000000, 0.000000000000000000, 1.000000000000000000 ) ) ;
#8800 = CYLINDRICAL_SURFACE ( 'NONE', #493, 0.9999999999999991118 ) ;
#8801 = CARTESIAN_POINT ( 'NONE',  ( 43.75000000000007816, 0.000000000000000000, 4.898979485566334446 ) ) ;
#8802 = CIRCLE ( 'NONE', #2594, 1.000000000000000888 ) ;
#8803 = CARTESIAN_POINT ( 'NONE',  ( 4.504001642398092977E-13, 17.49999999999999645, 42.74999999999999289 ) ) ;
#8804 = ADVANCED_FACE ( 'NONE', ( #7637 ), #2427, .T. ) ;
#8805 = CARTESIAN_POINT ( 'NONE',  ( 19.76668419071549110, 19.49999999999999645, 14.79749800988288833 ) ) ;
#8806 = CARTESIAN_POINT ( 'NONE',  ( -43.74999999999995026, -34.48187929913332539, 4.898979485566371750 ) ) ;
#8807 = DIRECTION ( 'NONE',  ( 0.000000000000000000, 0.000000000000000000, 1.000000000000000000 ) ) ;
#8808 = ADVANCED_FACE ( 'NONE', ( #10326 ), #5292, .T. ) ;
#8809 = CIRCLE ( 'NONE', #3884, 4.999999999999997335 ) ;
#8810 = ADVANCED_FACE ( 'NONE', ( #6314 ), #10556, .F. ) ;
#8811 = EDGE_CURVE ( 'NONE', #9778, #10256, #7054, .T. ) ;
#8812 = ADVANCED_FACE ( 'NONE', ( #877 ), #3681, .T. ) ;
#8813 = ORIENTED_EDGE ( 'NONE', *, *, #7436, .F. ) ;
#8814 = ORIENTED_EDGE ( 'NONE', *, *, #11163, .F. ) ;
#8815 = CARTESIAN_POINT ( 'NONE',  ( -10.30035255550277995, 2.736797311526156573, -10.91285088009363946 ) ) ;
#8816 = CARTESIAN_POINT ( 'NONE',  ( -14.75000000000000000, 2.500000000000000000, 6.506509365792715549 ) ) ;
#8817 = CARTESIAN_POINT ( 'NONE',  ( 70.08493649053890806, 17.49999999999999645, 0.9999999999998480105 ) ) ;
#8818 = CARTESIAN_POINT ( 'NONE',  ( 42.74999999999999289, 17.49999999999999645, -2.617682533177465764E-15 ) ) ;
#8819 = CARTESIAN_POINT ( 'NONE',  ( -0.9999999999999185096, 17.49999999999999645, -17.41506350946108483 ) ) ;
#8820 = AXIS2_PLACEMENT_3D ( 'NONE', #9577, #9636, #2720 ) ;
#8821 = VERTEX_POINT ( 'NONE', #1804 ) ;
#8822 = DIRECTION ( 'NONE',  ( -1.000000000000000000, 0.000000000000000000, 5.659885683814142223E-15 ) ) ;
#8823 = DIRECTION ( 'NONE',  ( 0.000000000000000000, 1.000000000000000000, 0.000000000000000000 ) ) ;
#8824 = ORIENTED_EDGE ( 'NONE', *, *, #11302, .F. ) ;
#8825 = VECTOR ( 'NONE', #5905, 1000.000000000000000 ) ;
#8826 = ORIENTED_EDGE ( 'NONE', *, *, #2952, .F. ) ;
#8827 = ORIENTED_EDGE ( 'NONE', *, *, #11065, .F. ) ;
#8828 = FACE_OUTER_BOUND ( 'NONE', #885, .T. ) ;
#8829 = CARTESIAN_POINT ( 'NONE',  ( 19.76668419071548755, 19.49999999999999645, -14.79749800988289010 ) ) ;
#8830 = ORIENTED_EDGE ( 'NONE', *, *, #8226, .T. ) ;
#8831 = ORIENTED_EDGE ( 'NONE', *, *, #2191, .F. ) ;
#8832 = LINE ( 'NONE', #1916, #8949 ) ;
#8833 = CARTESIAN_POINT ( 'NONE',  ( -12.75000000000000000, 4.500000000000000888, -8.749999999999998224 ) ) ;
#8834 = ORIENTED_EDGE ( 'NONE', *, *, #9694, .F. ) ;
#8835 = DIRECTION ( 'NONE',  ( -1.000000000000000000, 0.000000000000000000, 1.040773042068946910E-14 ) ) ;
#8836 = EDGE_CURVE ( 'NONE', #4337, #4776, #1857, .T. ) ;
#8837 = AXIS2_PLACEMENT_3D ( 'NONE', #4800, #3092, #11001 ) ;
#8838 = AXIS2_PLACEMENT_3D ( 'NONE', #4617, #3020, #6449 ) ;
#8839 = CARTESIAN_POINT ( 'NONE',  ( -47.74999999999999289, 1.361284592032115076E-61, -0.9999999999998966382 ) ) ;
#8840 = CARTESIAN_POINT ( 'NONE',  ( 42.74999999999999289, 19.49999999999999645, -2.617682533177465764E-15 ) ) ;
#8841 = DIRECTION ( 'NONE',  ( -1.000000000000000000, 8.326672684688674053E-16, 2.168404344971008868E-15 ) ) ;
#8842 = FACE_OUTER_BOUND ( 'NONE', #9663, .T. ) ;
#8843 = VERTEX_POINT ( 'NONE', #3463 ) ;
#8844 = EDGE_LOOP ( 'NONE', ( #9853, #2876, #8126, #10540 ) ) ;
#8845 = DIRECTION ( 'NONE',  ( 0.000000000000000000, 0.000000000000000000, 1.000000000000000000 ) ) ;
#8846 = CARTESIAN_POINT ( 'NONE',  ( 41.74999999999955236, 17.49999999999999645, 42.74999999999999289 ) ) ;
#8847 = DIRECTION ( 'NONE',  ( 0.000000000000000000, -1.000000000000000000, 0.000000000000000000 ) ) ;
#8848 = ORIENTED_EDGE ( 'NONE', *, *, #4195, .T. ) ;
#8849 = ADVANCED_FACE ( 'NONE', ( #2598 ), #1910, .T. ) ;
#8850 = CIRCLE ( 'NONE', #10320, 25.00000000000000711 ) ;
#8851 = EDGE_CURVE ( 'NONE', #2243, #5054, #4436, .T. ) ;
#8852 = CIRCLE ( 'NONE', #7573, 1.000000000000000888 ) ;
#8853 = CARTESIAN_POINT ( 'NONE',  ( -13.12825468289635111, 0.000000000000000000, -13.12825468289637243 ) ) ;
#8854 = DIRECTION ( 'NONE',  ( -1.000000000000000000, 0.000000000000000000, 1.039958424056858815E-14 ) ) ;
#8855 = AXIS2_PLACEMENT_3D ( 'NONE', #8765, #11288, #3563 ) ;
#8856 = CARTESIAN_POINT ( 'NONE',  ( 27.41116186243804620, 17.49999999999999645, 22.82411951180039011 ) ) ;
#8857 = FACE_BOUND ( 'NONE', #204, .T. ) ;
#8858 = LINE ( 'NONE', #5533, #6463 ) ;
#8859 = CARTESIAN_POINT ( 'NONE',  ( 10.51393202250020664, 2.767949192431122807, -14.75000000000000000 ) ) ;
#8860 = CARTESIAN_POINT ( 'NONE',  ( 14.75000000000000000, 2.767949192431122807, 10.51393202250020487 ) ) ;
#8861 = DIRECTION ( 'NONE',  ( 1.000000000000000000, 0.000000000000000000, -2.168404344971009657E-15 ) ) ;
#8862 = AXIS2_PLACEMENT_3D ( 'NONE', #3951, #4010, #678 ) ;
#8863 = ORIENTED_EDGE ( 'NONE', *, *, #10082, .F. ) ;
#8864 = VERTEX_POINT ( 'NONE', #3576 ) ;
#8865 = DIRECTION ( 'NONE',  ( 0.000000000000000000, 0.000000000000000000, 1.000000000000000000 ) ) ;
#8866 = DIRECTION ( 'NONE',  ( 0.000000000000000000, 0.000000000000000000, 1.000000000000000000 ) ) ;
#8867 = DIRECTION ( 'NONE',  ( 0.000000000000000000, 0.000000000000000000, -1.000000000000000000 ) ) ;
#8868 = CARTESIAN_POINT ( 'NONE',  ( 14.79749800988308372, 19.49999999999999645, 19.76668419071532057 ) ) ;
#8869 = DIRECTION ( 'NONE',  ( 8.306039671558391198E-15, 0.000000000000000000, -1.000000000000000000 ) ) ;
#8870 = TOROIDAL_SURFACE ( 'NONE', #3214, 4.000000000000000000, 2.000000000000000000 ) ;
#8871 = EDGE_LOOP ( 'NONE', ( #10321, #2723, #10982, #4592 ) ) ;
#8872 = CARTESIAN_POINT ( 'NONE',  ( -10.31884904520589075, 2.683998845521173848, 14.75000000000000000 ) ) ;
#8873 = CARTESIAN_POINT ( 'NONE',  ( 41.74999999999955236, 0.000000000000000000, 42.74999999999999289 ) ) ;
#8874 = ORIENTED_EDGE ( 'NONE', *, *, #5884, .F. ) ;
#8875 = ORIENTED_EDGE ( 'NONE', *, *, #986, .T. ) ;
#8876 = ORIENTED_EDGE ( 'NONE', *, *, #5527, .F. ) ;
#8877 = DIRECTION ( 'NONE',  ( -0.000000000000000000, -1.000000000000000000, 0.000000000000000000 ) ) ;
#8878 = LINE ( 'NONE', #10665, #10751 ) ;
#8879 = ORIENTED_EDGE ( 'NONE', *, *, #7093, .F. ) ;
#8880 = ORIENTED_EDGE ( 'NONE', *, *, #8904, .F. ) ;
#8881 = CARTESIAN_POINT ( 'NONE',  ( 46.22180415680087151, 24.95324863549492633, -1.000000000000100142 ) ) ;
#8882 = CARTESIAN_POINT ( 'NONE',  ( -24.41336361528519916, 0.000000000000000000, 2.499999999999896527 ) ) ;
#8883 = CIRCLE ( 'NONE', #2496, 3.000000000000000888 ) ;
#8884 = EDGE_CURVE ( 'NONE', #3487, #4676, #2424, .T. ) ;
#8885 = ORIENTED_EDGE ( 'NONE', *, *, #9696, .F. ) ;
#8886 = CARTESIAN_POINT ( 'NONE',  ( -0.9999999999996836975, 24.95324863549492633, 39.27819584319913560 ) ) ;
#8887 = VECTOR ( 'NONE', #8148, 1000.000000000000000 ) ;
#8888 = ADVANCED_FACE ( 'NONE', ( #7169 ), #4537, .T. ) ;
#8889 = DIRECTION ( 'NONE',  ( 0.000000000000000000, 0.000000000000000000, -1.000000000000000000 ) ) ;
#8890 = CARTESIAN_POINT ( 'NONE',  ( 12.75000000000000000, 0.000000000000000000, -13.74999999999999822 ) ) ;
#8891 = AXIS2_PLACEMENT_3D ( 'NONE', #6272, #8217, #1232 ) ;
#8892 = DIRECTION ( 'NONE',  ( 0.000000000000000000, 0.000000000000000000, -1.000000000000000000 ) ) ;
#8893 = DIRECTION ( 'NONE',  ( -1.264284836150040893E-14, 0.000000000000000000, -1.000000000000000000 ) ) ;
#8894 = ORIENTED_EDGE ( 'NONE', *, *, #6598, .T. ) ;
#8895 = ORIENTED_EDGE ( 'NONE', *, *, #4485, .T. ) ;
#8896 = DIRECTION ( 'NONE',  ( 0.000000000000000000, 1.000000000000000000, 0.000000000000000000 ) ) ;
#8897 = DIRECTION ( 'NONE',  ( 0.7071067811865473507, 0.000000000000000000, 0.7071067811865477948 ) ) ;
#8898 = DIRECTION ( 'NONE',  ( 1.000000000000000000, 0.000000000000000000, 0.000000000000000000 ) ) ;
#8899 = ORIENTED_EDGE ( 'NONE', *, *, #3086, .T. ) ;
#8900 = VECTOR ( 'NONE', #962, 999.9999999999998863 ) ;
#8901 = VECTOR ( 'NONE', #7798, 1000.000000000000000 ) ;
#8902 = EDGE_CURVE ( 'NONE', #2655, #2218, #4427, .T. ) ;
#8903 = AXIS2_PLACEMENT_3D ( 'NONE', #6606, #6664, #648 ) ;
#8904 = EDGE_CURVE ( 'NONE', #8527, #1783, #4072, .T. ) ;
#8905 = CARTESIAN_POINT ( 'NONE',  ( 2.499999999999992006, 0.000000000000000000, 5.421010862427504421E-16 ) ) ;
#8906 = DIRECTION ( 'NONE',  ( 0.000000000000000000, 0.000000000000000000, 1.000000000000000000 ) ) ;
#8907 = AXIS2_PLACEMENT_3D ( 'NONE', #308, #7993, #7936 ) ;
#8908 = ADVANCED_FACE ( 'NONE', ( #6256 ), #1738, .T. ) ;
#8909 = CIRCLE ( 'NONE', #6364, 25.35466440282023370 ) ;
#8910 = EDGE_CURVE ( 'NONE', #3255, #4114, #2614, .T. ) ;
#8911 = CARTESIAN_POINT ( 'NONE',  ( -12.75000000000000000, 2.500000000000000000, -12.75000000000000000 ) ) ;
#8912 = DIRECTION ( 'NONE',  ( -0.000000000000000000, -1.000000000000000000, -0.000000000000000000 ) ) ;
#8913 = FACE_OUTER_BOUND ( 'NONE', #827, .T. ) ;
#8914 = ORIENTED_EDGE ( 'NONE', *, *, #10658, .F. ) ;
#8915 = CARTESIAN_POINT ( 'NONE',  ( 9.498828840021623421, 2.499999999999999556, -14.74999999999999822 ) ) ;
#8916 = CARTESIAN_POINT ( 'NONE',  ( 12.75000000000000000, 2.500000000000000000, -12.75000000000000000 ) ) ;
#8917 = CARTESIAN_POINT ( 'NONE',  ( 23.75650936579270223, 85.69355547949508889, 2.500000000000030198 ) ) ;
#8918 = CIRCLE ( 'NONE', #10023, 4.999999999999997335 ) ;
#8919 = AXIS2_PLACEMENT_3D ( 'NONE', #8247, #2014, #5499 ) ;
#8920 = ORIENTED_EDGE ( 'NONE', *, *, #7349, .F. ) ;
#8921 = ORIENTED_EDGE ( 'NONE', *, *, #7916, .T. ) ;
#8922 = CARTESIAN_POINT ( 'NONE',  ( 2.499999999999995559, -34.48187929913332539, -18.75650936579271288 ) ) ;
#8923 = ADVANCED_FACE ( 'NONE', ( #8828 ), #7977, .T. ) ;
#8924 = CARTESIAN_POINT ( 'NONE',  ( -27.31663875629231342, 17.49999999999999645, 41.75000000000032685 ) ) ;
#8925 = DIRECTION ( 'NONE',  ( 0.000000000000000000, 0.000000000000000000, -1.000000000000000000 ) ) ;
#8926 = DIRECTION ( 'NONE',  ( -1.000000000000000000, 0.000000000000000000, -8.306039671558391198E-15 ) ) ;
#8927 = AXIS2_PLACEMENT_3D ( 'NONE', #6593, #5734, #9222 ) ;
#8928 = LINE ( 'NONE', #2545, #4903 ) ;
#8929 = ORIENTED_EDGE ( 'NONE', *, *, #240, .F. ) ;
#8930 = VECTOR ( 'NONE', #3955, 1000.000000000000000 ) ;
#8931 = LINE ( 'NONE', #5284, #1866 ) ;
#8932 = DIRECTION ( 'NONE',  ( -1.000000000000000000, 0.000000000000000000, 2.168404344971009657E-15 ) ) ;
#8933 = VERTEX_POINT ( 'NONE', #125 ) ;
#8934 = EDGE_CURVE ( 'NONE', #10522, #10821, #9187, .T. ) ;
#8935 = VERTEX_POINT ( 'NONE', #1046 ) ;
#8936 = ORIENTED_EDGE ( 'NONE', *, *, #543, .F. ) ;
#8937 = AXIS2_PLACEMENT_3D ( 'NONE', #8415, #7502, #4179 ) ;
#8938 = CARTESIAN_POINT ( 'NONE',  ( -26.18460386900040859, 2.500000000000002220, 26.18460386900039438 ) ) ;
#8939 = DIRECTION ( 'NONE',  ( 0.7071067811865474617, 0.000000000000000000, 0.7071067811865476838 ) ) ;
#8940 = VERTEX_POINT ( 'NONE', #185 ) ;
#8941 = AXIS2_PLACEMENT_3D ( 'NONE', #6609, #3127, #1344 ) ;
#8942 = ORIENTED_EDGE ( 'NONE', *, *, #2199, .T. ) ;
#8943 = DIRECTION ( 'NONE',  ( 0.000000000000000000, 1.000000000000000000, -0.000000000000000000 ) ) ;
#8944 = EDGE_CURVE ( 'NONE', #7402, #5705, #241, .T. ) ;
#8945 = DIRECTION ( 'NONE',  ( 1.000000000000000000, -1.972152263052529514E-31, -1.264284836150040893E-14 ) ) ;
#8946 = VERTEX_POINT ( 'NONE', #3912 ) ;
#8947 = CARTESIAN_POINT ( 'NONE',  ( 1.486905836551403652E-14, 0.000000000000000000, 2.499999999999752642 ) ) ;
#8948 = EDGE_CURVE ( 'NONE', #2994, #8333, #3532, .T. ) ;
#8949 = VECTOR ( 'NONE', #299, 1000.000000000000000 ) ;
#8950 = EDGE_CURVE ( 'NONE', #2910, #9334, #4261, .T. ) ;
#8951 = DIRECTION ( 'NONE',  ( 0.000000000000000000, 0.000000000000000000, 1.000000000000000000 ) ) ;
#8952 = CYLINDRICAL_SURFACE ( 'NONE', #262, 4.999999999999997335 ) ;
#8953 = DIRECTION ( 'NONE',  ( 0.000000000000000000, 1.000000000000000000, 0.000000000000000000 ) ) ;
#8954 = DIRECTION ( 'NONE',  ( 0.000000000000000000, 0.000000000000000000, 1.000000000000000000 ) ) ;
#8955 = ORIENTED_EDGE ( 'NONE', *, *, #5344, .T. ) ;
#8956 = VERTEX_POINT ( 'NONE', #7450 ) ;
#8957 = FACE_OUTER_BOUND ( 'NONE', #8381, .T. ) ;
#8958 = CARTESIAN_POINT ( 'NONE',  ( 12.75000000000000000, 2.500000000000000444, -8.749999999999998224 ) ) ;
#8959 =( NAMED_UNIT ( * ) PLANE_ANGLE_UNIT ( ) SI_UNIT ( $, .RADIAN. ) );
#8960 = EDGE_LOOP ( 'NONE', ( #6688, #5309, #4873, #7911 ) ) ;
#8961 = CARTESIAN_POINT ( 'NONE',  ( 5.235365066354933894E-15, 0.000000000000000000, 42.74999999999999289 ) ) ;
#8962 = CARTESIAN_POINT ( 'NONE',  ( -12.75000000000000000, 0.000000000000000000, -11.75000000000000000 ) ) ;
#8963 = CARTESIAN_POINT ( 'NONE',  ( -42.75000000000014921, 17.49999999999999645, -41.74999999999998579 ) ) ;
#8964 = FACE_BOUND ( 'NONE', #10555, .T. ) ;
#8965 = FACE_OUTER_BOUND ( 'NONE', #4113, .T. ) ;
#8966 = ORIENTED_EDGE ( 'NONE', *, *, #11165, .T. ) ;
#8967 = VERTEX_POINT ( 'NONE', #407 ) ;
#8968 = CARTESIAN_POINT ( 'NONE',  ( -12.74999999999999645, 2.767949192431122807, 12.75000000000000000 ) ) ;
#8969 = CARTESIAN_POINT ( 'NONE',  ( 41.75000000000007816, 27.36039051652360854, 2.361632442978578439 ) ) ;
#8970 = CARTESIAN_POINT ( 'NONE',  ( -25.33493649053906083, 17.49999999999999645, -41.75000000000002842 ) ) ;
#8971 = DIRECTION ( 'NONE',  ( -0.000000000000000000, -1.000000000000000000, -0.000000000000000000 ) ) ;
#8972 = ADVANCED_FACE ( 'NONE', ( #9050 ), #3109, .T. ) ;
#8973 = VECTOR ( 'NONE', #4070, 1000.000000000000000 ) ;
#8974 = ORIENTED_EDGE ( 'NONE', *, *, #8811, .F. ) ;
#8975 = ORIENTED_EDGE ( 'NONE', *, *, #2836, .F. ) ;
#8976 = DIRECTION ( 'NONE',  ( 0.000000000000000000, 0.000000000000000000, 1.000000000000000000 ) ) ;
#8977 = CARTESIAN_POINT ( 'NONE',  ( 16.04594491874851059, 19.49999999999999645, 19.63298726938587535 ) ) ;
#8978 = PLANE ( 'NONE',  #5572 ) ;
#8979 = CARTESIAN_POINT ( 'NONE',  ( -0.9999999999993973709, -34.48187929913332539, 47.64897948556647833 ) ) ;
#8980 = DIRECTION ( 'NONE',  ( -0.000000000000000000, -1.000000000000000000, -0.000000000000000000 ) ) ;
#8981 = EDGE_LOOP ( 'NONE', ( #5883, #9290, #9832 ) ) ;
#8982 = DIRECTION ( 'NONE',  ( 0.000000000000000000, 1.000000000000000000, 0.000000000000000000 ) ) ;
#8983 = CARTESIAN_POINT ( 'NONE',  ( 9.285898384862246502, 2.500000000000000000, 14.75000000000000000 ) ) ;
#8984 = ORIENTED_EDGE ( 'NONE', *, *, #10658, .T. ) ;
#8985 = AXIS2_PLACEMENT_3D ( 'NONE', #1365, #10819, #8347 ) ;
#8986 = EDGE_CURVE ( 'NONE', #10116, #9634, #6533, .T. ) ;
#8987 = ORIENTED_EDGE ( 'NONE', *, *, #3400, .F. ) ;
#8988 = ORIENTED_EDGE ( 'NONE', *, *, #3224, .T. ) ;
#8989 = VECTOR ( 'NONE', #8036, 1000.000000000000000 ) ;
#8990 = DIRECTION ( 'NONE',  ( -1.000000000000000000, 0.000000000000000000, 2.168404344971008868E-15 ) ) ;
#8991 = DIRECTION ( 'NONE',  ( -0.000000000000000000, -1.000000000000000000, -0.000000000000000000 ) ) ;
#8992 = ORIENTED_EDGE ( 'NONE', *, *, #2111, .T. ) ;
#8993 = EDGE_LOOP ( 'NONE', ( #9031, #201, #5908, #6097 ) ) ;
#8994 = LINE ( 'NONE', #5457, #11337 ) ;
#8995 = DIRECTION ( 'NONE',  ( -1.387778780781445478E-15, 0.000000000000000000, 1.000000000000000000 ) ) ;
#8996 = VERTEX_POINT ( 'NONE', #7222 ) ;
#8997 = AXIS2_PLACEMENT_3D ( 'NONE', #5451, #4816, #2878 ) ;
#8998 = EDGE_CURVE ( 'NONE', #7448, #9322, #3048, .T. ) ;
#8999 = DIRECTION ( 'NONE',  ( 0.000000000000000000, 0.000000000000000000, -1.000000000000000000 ) ) ;
#9000 = FACE_OUTER_BOUND ( 'NONE', #4789, .T. ) ;
#9001 = EDGE_CURVE ( 'NONE', #5637, #2489, #1327, .T. ) ;
#9002 = VECTOR ( 'NONE', #3384, 1000.000000000000000 ) ;
#9003 = CARTESIAN_POINT ( 'NONE',  ( 5.000000000000446754, 1.361284592032115076E-61, 41.74999999999990052 ) ) ;
#9004 = CIRCLE ( 'NONE', #7743, 0.7500000000000006661 ) ;
#9005 = CARTESIAN_POINT ( 'NONE',  ( 37.75000000000000000, 2.500000000000000000, -0.9999999999999017453 ) ) ;
#9006 = ORIENTED_EDGE ( 'NONE', *, *, #1295, .F. ) ;
#9007 = VERTEX_POINT ( 'NONE', #7395 ) ;
#9008 = CARTESIAN_POINT ( 'NONE',  ( 29.41336361528507837, 2.500000000000002220, 2.500000000000061284 ) ) ;
#9009 = DIRECTION ( 'NONE',  ( 1.323076993872123698E-15, 0.000000000000000000, -1.000000000000000000 ) ) ;
#9010 = VERTEX_POINT ( 'NONE', #6478 ) ;
#9011 = ORIENTED_EDGE ( 'NONE', *, *, #41, .T. ) ;
#9012 = EDGE_CURVE ( 'NONE', #3598, #6311, #9558, .T. ) ;
#9013 = AXIS2_PLACEMENT_3D ( 'NONE', #5259, #734, #5030 ) ;
#9014 = PLANE ( 'NONE',  #9580 ) ;
#9015 = CARTESIAN_POINT ( 'NONE',  ( -1.487734589082845025E-13, 19.49999999999999645, -17.39533559717976274 ) ) ;
#9016 = DIRECTION ( 'NONE',  ( 0.000000000000000000, 1.000000000000000000, -0.000000000000000000 ) ) ;
#9017 = CARTESIAN_POINT ( 'NONE',  ( -0.9999999999998226974, 2.499999999999998668, 28.28494219777433472 ) ) ;
#9018 = PLANE ( 'NONE',  #2272 ) ;
#9019 = ORIENTED_EDGE ( 'NONE', *, *, #3677, .F. ) ;
#9020 = ORIENTED_EDGE ( 'NONE', *, *, #486, .F. ) ;
#9021 = DIRECTION ( 'NONE',  ( -3.469446951953611033E-15, 0.000000000000000000, 1.000000000000000000 ) ) ;
#9022 = CARTESIAN_POINT ( 'NONE',  ( 0.000000000000000000, 2.500000000000000000, -14.75000000000000000 ) ) ;
#9023 = CIRCLE ( 'NONE', #9948, 0.7499999999999986677 ) ;
#9024 = DIRECTION ( 'NONE',  ( 0.000000000000000000, 1.000000000000000000, 0.000000000000000000 ) ) ;
#9025 = CIRCLE ( 'NONE', #4101, 2.000000000000000000 ) ;
#9026 = DIRECTION ( 'NONE',  ( -0.000000000000000000, -1.000000000000000000, -0.000000000000000000 ) ) ;
#9027 = ADVANCED_FACE ( 'NONE', ( #6592 ), #2075, .T. ) ;
#9028 = EDGE_CURVE ( 'NONE', #5848, #5561, #2991, .T. ) ;
#9029 = CIRCLE ( 'NONE', #3197, 1.000000000000000888 ) ;
#9030 = EDGE_LOOP ( 'NONE', ( #1218, #2713 ) ) ;
#9031 = ORIENTED_EDGE ( 'NONE', *, *, #5389, .F. ) ;
#9032 = CARTESIAN_POINT ( 'NONE',  ( -2.857883832488640863, 0.000000000000000000, 41.09999999999999432 ) ) ;
#9033 = CARTESIAN_POINT ( 'NONE',  ( -2.500000000000150102, 0.000000000000000000, 9.022110935326342307E-15 ) ) ;
#9034 = CARTESIAN_POINT ( 'NONE',  ( -1.000000000000000000, -7.292596028743525438E-60, 1.264284836150040893E-14 ) ) ;
#9035 = FACE_OUTER_BOUND ( 'NONE', #10492, .T. ) ;
#9036 = ADVANCED_FACE ( 'NONE', ( #3854 ), #10721, .T. ) ;
#9037 = CARTESIAN_POINT ( 'NONE',  ( 2.857883832488651077, -34.48187929913332539, 41.84999999999999432 ) ) ;
#9038 = CARTESIAN_POINT ( 'NONE',  ( -42.74999999999999289, 17.49999999999999645, 2.617682533177465764E-15 ) ) ;
#9039 = DIRECTION ( 'NONE',  ( -1.000000000000000000, 0.000000000000000000, 0.000000000000000000 ) ) ;
#9040 = DIRECTION ( 'NONE',  ( -8.306039671558391198E-15, 0.000000000000000000, 1.000000000000000000 ) ) ;
#9041 = EDGE_LOOP ( 'NONE', ( #3521, #4604 ) ) ;
#9042 = AXIS2_PLACEMENT_3D ( 'NONE', #4523, #7211, #8130 ) ;
#9043 = ORIENTED_EDGE ( 'NONE', *, *, #7233, .T. ) ;
#9044 = EDGE_CURVE ( 'NONE', #2448, #4834, #4807, .T. ) ;
#9045 = PRODUCT_DEFINITION_CONTEXT ( 'detailed design', #10126, 'design' ) ;
#9046 = ORIENTED_EDGE ( 'NONE', *, *, #3035, .T. ) ;
#9047 = EDGE_CURVE ( 'NONE', #6360, #10264, #2190, .T. ) ;
#9048 = VERTEX_POINT ( 'NONE', #9163 ) ;
#9049 = AXIS2_PLACEMENT_3D ( 'NONE', #1895, #7962, #1140 ) ;
#9050 = FACE_OUTER_BOUND ( 'NONE', #1959, .T. ) ;
#9051 = ADVANCED_FACE ( 'NONE', ( #9110 ), #1157, .T. ) ;
#9052 = EDGE_CURVE ( 'NONE', #1589, #4316, #229, .T. ) ;
#9053 = DIRECTION ( 'NONE',  ( 0.000000000000000000, 1.000000000000000000, 0.000000000000000000 ) ) ;
#9054 = ORIENTED_EDGE ( 'NONE', *, *, #4853, .F. ) ;
#9055 = ORIENTED_EDGE ( 'NONE', *, *, #3704, .F. ) ;
#9056 = DIRECTION ( 'NONE',  ( 1.000000000000000000, 0.000000000000000000, -3.557752503352412152E-15 ) ) ;
#9057 = DIRECTION ( 'NONE',  ( -1.000000000000000000, 0.000000000000000000, -1.323076993872124684E-15 ) ) ;
#9058 = ORIENTED_EDGE ( 'NONE', *, *, #3201, .T. ) ;
#9059 = AXIS2_PLACEMENT_3D ( 'NONE', #9947, #385, #6508 ) ;
#9060 = DIRECTION ( 'NONE',  ( 0.000000000000000000, 1.000000000000000000, -0.000000000000000000 ) ) ;
#9061 = DIRECTION ( 'NONE',  ( -1.000000000000000000, 0.000000000000000000, 2.220446049250312292E-15 ) ) ;
#9062 = CIRCLE ( 'NONE', #3773, 25.00000000000000355 ) ;
#9063 = DIRECTION ( 'NONE',  ( 0.000000000000000000, 1.000000000000000000, -0.000000000000000000 ) ) ;
#9064 = DIRECTION ( 'NONE',  ( 0.000000000000000000, 0.000000000000000000, 1.000000000000000000 ) ) ;
#9065 = ORIENTED_EDGE ( 'NONE', *, *, #6336, .T. ) ;
#9066 = AXIS2_PLACEMENT_3D ( 'NONE', #11207, #3533, #9536 ) ;
#9067 = ORIENTED_EDGE ( 'NONE', *, *, #3029, .T. ) ;
#9068 = CARTESIAN_POINT ( 'NONE',  ( 13.12825468289635644, 0.000000000000000000, 13.12825468289637953 ) ) ;
#9069 = DIRECTION ( 'NONE',  ( 0.000000000000000000, 0.000000000000000000, 1.000000000000000000 ) ) ;
#9070 = ORIENTED_EDGE ( 'NONE', *, *, #11304, .T. ) ;
#9071 = VERTEX_POINT ( 'NONE', #7285 ) ;
#9072 = ADVANCED_FACE ( 'NONE', ( #10783 ), #2935, .T. ) ;
#9073 = AXIS2_PLACEMENT_3D ( 'NONE', #7175, #6483, #2029 ) ;
#9074 = DIRECTION ( 'NONE',  ( -1.000000000000000000, 0.000000000000000000, 1.719234873512728234E-15 ) ) ;
#9075 = CARTESIAN_POINT ( 'NONE',  ( 11.45653160759578526, 2.500000000000000000, -15.45683200768929488 ) ) ;
#9076 = CARTESIAN_POINT ( 'NONE',  ( 40.38836755702141801, 27.36039051652360854, -0.9999999999999074074 ) ) ;
#9077 = CARTESIAN_POINT ( 'NONE',  ( -23.82411951180048248, 19.49999999999999645, -27.41116186243794317 ) ) ;
#9078 = CARTESIAN_POINT ( 'NONE',  ( -14.87355443611925487, 2.500000000000002220, 14.86908557955058896 ) ) ;
#9079 = EDGE_LOOP ( 'NONE', ( #4885, #298, #1384, #6838 ) ) ;
#9080 = AXIS2_PLACEMENT_3D ( 'NONE', #160, #5763, #9998 ) ;
#9081 = ORIENTED_EDGE ( 'NONE', *, *, #239, .T. ) ;
#9082 = CARTESIAN_POINT ( 'NONE',  ( -4.999999999999555911, 1.361284592032115076E-61, 41.75000000000012790 ) ) ;
#9083 = DIRECTION ( 'NONE',  ( -1.000000000000000000, 0.000000000000000000, -8.306039671558391198E-15 ) ) ;
#9084 = VECTOR ( 'NONE', #10025, 1000.000000000000000 ) ;
#9085 = CYLINDRICAL_SURFACE ( 'NONE', #1615, 25.00000000000000000 ) ;
#9086 = CYLINDRICAL_SURFACE ( 'NONE', #8985, 0.7500000000000006661 ) ;
#9087 = EDGE_CURVE ( 'NONE', #1969, #4198, #5528, .T. ) ;
#9088 = AXIS2_PLACEMENT_3D ( 'NONE', #4660, #8953, #3811 ) ;
#9089 = AXIS2_PLACEMENT_3D ( 'NONE', #3149, #9099, #10136 ) ;
#9090 = VERTEX_POINT ( 'NONE', #2308 ) ;
#9091 = B_SPLINE_CURVE_WITH_KNOTS ( 'NONE', 3,
 ( #3401, #709, #8492, #5920, #4202, #6942 ),
 .UNSPECIFIED., .F., .F.,
 ( 4, 2, 4 ),
 ( 1.788112030672749005E-18, 0.0006291007506982609909, 0.001258201501396520247 ),
 .UNSPECIFIED. ) ;
#9092 = ORIENTED_EDGE ( 'NONE', *, *, #5061, .F. ) ;
#9093 = FACE_OUTER_BOUND ( 'NONE', #8871, .T. ) ;
#9094 = EDGE_CURVE ( 'NONE', #8933, #1309, #691, .T. ) ;
#9095 = CARTESIAN_POINT ( 'NONE',  ( 12.75000000000000000, 9.500000000000000000, -12.75000000000000000 ) ) ;
#9096 = ADVANCED_FACE ( 'NONE', ( #11181 ), #1450, .F. ) ;
#9097 = DIRECTION ( 'NONE',  ( 0.000000000000000000, 1.000000000000000000, 0.000000000000000000 ) ) ;
#9098 = LINE ( 'NONE', #2063, #1340 ) ;
#9099 = DIRECTION ( 'NONE',  ( -2.168404344971009657E-15, -1.972152263052529514E-31, -1.000000000000000000 ) ) ;
#9100 = CARTESIAN_POINT ( 'NONE',  ( 4.898979485566374414, -34.48187929913332539, -41.75000000000009237 ) ) ;
#9101 = AXIS2_PLACEMENT_3D ( 'NONE', #7224, #1859, #10722 ) ;
#9102 = LINE ( 'NONE', #1267, #4591 ) ;
#9103 = CARTESIAN_POINT ( 'NONE',  ( 41.75000000000004974, 17.49999999999999645, 27.33493649053890451 ) ) ;
#9104 = VERTEX_POINT ( 'NONE', #3221 ) ;
#9105 = VECTOR ( 'NONE', #9844, 999.9999999999998863 ) ;
#9106 = ORIENTED_EDGE ( 'NONE', *, *, #8324, .F. ) ;
#9107 = ORIENTED_EDGE ( 'NONE', *, *, #7522, .F. ) ;
#9108 = ORIENTED_EDGE ( 'NONE', *, *, #5181, .T. ) ;
#9109 = VECTOR ( 'NONE', #210, 1000.000000000000000 ) ;
#9110 = FACE_OUTER_BOUND ( 'NONE', #456, .T. ) ;
#9111 = FACE_OUTER_BOUND ( 'NONE', #3626, .T. ) ;
#9112 = ORIENTED_EDGE ( 'NONE', *, *, #5350, .F. ) ;
#9113 = EDGE_CURVE ( 'NONE', #109, #5852, #783, .T. ) ;
#9114 = FACE_OUTER_BOUND ( 'NONE', #3091, .T. ) ;
#9115 = PLANE ( 'NONE',  #6896 ) ;
#9116 = ORIENTED_EDGE ( 'NONE', *, *, #442, .F. ) ;
#9117 = EDGE_CURVE ( 'NONE', #9457, #7072, #9920, .T. ) ;
#9118 = AXIS2_PLACEMENT_3D ( 'NONE', #3082, #6684, #10175 ) ;
#9119 = AXIS2_PLACEMENT_3D ( 'NONE', #10177, #11161, #4965 ) ;
#9120 = ADVANCED_FACE ( 'NONE', ( #1501 ), #4241, .T. ) ;
#9121 = ADVANCED_FACE ( 'NONE', ( #8529 ), #7683, .T. ) ;
#9122 = LINE ( 'NONE', #6487, #3012 ) ;
#9123 = VECTOR ( 'NONE', #3238, 1000.000000000000000 ) ;
#9124 = DIRECTION ( 'NONE',  ( 0.000000000000000000, 0.000000000000000000, 1.000000000000000000 ) ) ;
#9125 = LINE ( 'NONE', #1286, #10561 ) ;
#9126 = ORIENTED_EDGE ( 'NONE', *, *, #1069, .T. ) ;
#9127 = ORIENTED_EDGE ( 'NONE', *, *, #6823, .T. ) ;
#9128 = DIRECTION ( 'NONE',  ( 0.000000000000000000, 1.000000000000000000, 0.000000000000000000 ) ) ;
#9129 = FACE_OUTER_BOUND ( 'NONE', #36, .T. ) ;
#9130 = ORIENTED_EDGE ( 'NONE', *, *, #9276, .F. ) ;
#9131 = VERTEX_POINT ( 'NONE', #11124 ) ;
#9132 = AXIS2_PLACEMENT_3D ( 'NONE', #2195, #1330, #2311 ) ;
#9133 = EDGE_CURVE ( 'NONE', #3815, #873, #969, .T. ) ;
#9134 = DIRECTION ( 'NONE',  ( 1.000000000000000000, 0.000000000000000000, -1.264284836150040893E-14 ) ) ;
#9135 = CYLINDRICAL_SURFACE ( 'NONE', #7200, 25.00000000000000000 ) ;
#9136 = FACE_OUTER_BOUND ( 'NONE', #5928, .T. ) ;
#9137 = DIRECTION ( 'NONE',  ( -1.000000000000000000, 0.000000000000000000, 1.047444401652940007E-14 ) ) ;
#9138 = CARTESIAN_POINT ( 'NONE',  ( -26.70405508125149296, 17.49999999999999645, 23.11701273061383688 ) ) ;
#9139 = ORIENTED_EDGE ( 'NONE', *, *, #4598, .F. ) ;
#9140 = EDGE_LOOP ( 'NONE', ( #9660, #539, #7661, #995, #3169, #4031, #4309, #8477 ) ) ;
#9141 = LINE ( 'NONE', #2282, #4012 ) ;
#9142 = CARTESIAN_POINT ( 'NONE',  ( -25.53436883186065742, 0.000000000000000000, 7.856699302196977541 ) ) ;
#9143 = CYLINDRICAL_SURFACE ( 'NONE', #695, 0.9999999999999991118 ) ;
#9144 = CARTESIAN_POINT ( 'NONE',  ( 43.74999999999955236, 17.49999999999999645, 42.75000000000000000 ) ) ;
#9145 = ORIENTED_EDGE ( 'NONE', *, *, #3772, .T. ) ;
#9146 = VERTEX_POINT ( 'NONE', #9389 ) ;
#9147 = CARTESIAN_POINT ( 'NONE',  ( -1.487734589082845025E-13, 19.49999999999999645, -17.39533559717976274 ) ) ;
#9148 = EDGE_CURVE ( 'NONE', #7567, #6599, #2246, .T. ) ;
#9149 = DIRECTION ( 'NONE',  ( 0.000000000000000000, 1.000000000000000000, -0.000000000000000000 ) ) ;
#9150 = CARTESIAN_POINT ( 'NONE',  ( 41.09999999999999432, -34.48187929913332539, 2.857883832488643971 ) ) ;
#9151 = FACE_OUTER_BOUND ( 'NONE', #8026, .T. ) ;
#9152 = EDGE_CURVE ( 'NONE', #566, #1179, #6765, .T. ) ;
#9153 = DIRECTION ( 'NONE',  ( 0.000000000000000000, 0.000000000000000000, 1.000000000000000000 ) ) ;
#9154 = CARTESIAN_POINT ( 'NONE',  ( -43.75000000000004974, 17.49999999999999645, -25.33493649053890451 ) ) ;
#9155 = CARTESIAN_POINT ( 'NONE',  ( -27.41116186243804265, 19.49999999999999645, 22.82411951180038656 ) ) ;
#9156 = CARTESIAN_POINT ( 'NONE',  ( -14.75000000000000000, 0.000000000000000000, 0.000000000000000000 ) ) ;
#9157 = EDGE_LOOP ( 'NONE', ( #8391, #9762 ) ) ;
#9158 = ORIENTED_EDGE ( 'NONE', *, *, #7406, .T. ) ;
#9159 = EDGE_CURVE ( 'NONE', #10263, #1926, #5733, .T. ) ;
#9160 = EDGE_CURVE ( 'NONE', #5173, #10633, #10258, .T. ) ;
#9161 = ORIENTED_EDGE ( 'NONE', *, *, #6068, .F. ) ;
#9162 = VERTEX_POINT ( 'NONE', #7622 ) ;
#9163 = CARTESIAN_POINT ( 'NONE',  ( -25.83105047840713908, 2.500000000000000000, 10.27470129230307805 ) ) ;
#9164 = CYLINDRICAL_SURFACE ( 'NONE', #1074, 4.999999999999997335 ) ;
#9165 = VECTOR ( 'NONE', #2183, 1000.000000000000000 ) ;
#9166 = ORIENTED_EDGE ( 'NONE', *, *, #767, .F. ) ;
#9167 = DIRECTION ( 'NONE',  ( 1.000000000000000000, 0.000000000000000000, -3.553859168040306887E-15 ) ) ;
#9168 = DIRECTION ( 'NONE',  ( 0.000000000000000000, 0.000000000000000000, 1.000000000000000000 ) ) ;
#9169 = ORIENTED_EDGE ( 'NONE', *, *, #94, .T. ) ;
#9170 = EDGE_LOOP ( 'NONE', ( #866, #108, #10657, #2051, #3514 ) ) ;
#9171 = EDGE_CURVE ( 'NONE', #4271, #10596, #2415, .T. ) ;
#9172 = AXIS2_PLACEMENT_3D ( 'NONE', #10595, #6972, #2638 ) ;
#9173 = ORIENTED_EDGE ( 'NONE', *, *, #7945, .T. ) ;
#9174 = ORIENTED_EDGE ( 'NONE', *, *, #1888, .T. ) ;
#9175 = DIRECTION ( 'NONE',  ( 1.000000000000000000, 1.972152263052529514E-31, -1.264284836150040893E-14 ) ) ;
#9176 = DIRECTION ( 'NONE',  ( -0.000000000000000000, -1.000000000000000000, 0.000000000000000000 ) ) ;
#9177 = CARTESIAN_POINT ( 'NONE',  ( -22.98331580928449469, 19.49999999999999645, -27.95250199011685410 ) ) ;
#9178 = VERTEX_POINT ( 'NONE', #1555 ) ;
#9179 = ADVANCED_FACE ( 'NONE', ( #5046 ), #3330, .T. ) ;
#9180 = ORIENTED_EDGE ( 'NONE', *, *, #9332, .F. ) ;
#9181 = DIRECTION ( 'NONE',  ( 0.000000000000000000, 1.000000000000000000, -0.000000000000000000 ) ) ;
#9182 = CARTESIAN_POINT ( 'NONE',  ( 43.74999999999992895, 27.36039051652360854, -2.361632442978571778 ) ) ;
#9183 = VERTEX_POINT ( 'NONE', #9449 ) ;
#9184 = VERTEX_POINT ( 'NONE', #4875 ) ;
#9185 = VECTOR ( 'NONE', #10268, 1000.000000000000000 ) ;
#9186 = AXIS2_PLACEMENT_3D ( 'NONE', #5242, #27, #4386 ) ;
#9187 = CIRCLE ( 'NONE', #2065, 25.35466440282023370 ) ;
#9188 = DIRECTION ( 'NONE',  ( 2.168404344971008868E-15, 0.000000000000000000, 1.000000000000000000 ) ) ;
#9189 = DIRECTION ( 'NONE',  ( 0.000000000000000000, 1.000000000000000000, -0.000000000000000000 ) ) ;
#9190 = CARTESIAN_POINT ( 'NONE',  ( -42.74999999999999289, 19.49999999999999645, 27.33493649053890451 ) ) ;
#9191 = ADVANCED_FACE ( 'NONE', ( #5107 ), #7510, .T. ) ;
#9192 = CARTESIAN_POINT ( 'NONE',  ( -41.09999999999999432, 0.000000000000000000, 3.607883832488641307 ) ) ;
#9193 = VERTEX_POINT ( 'NONE', #10546 ) ;
#9194 = VERTEX_POINT ( 'NONE', #4300 ) ;
#9195 = FACE_OUTER_BOUND ( 'NONE', #7827, .T. ) ;
#9196 = LINE ( 'NONE', #6570, #2120 ) ;
#9197 = FACE_OUTER_BOUND ( 'NONE', #5958, .T. ) ;
#9198 = EDGE_CURVE ( 'NONE', #6882, #8398, #10431, .T. ) ;
#9199 = ORIENTED_EDGE ( 'NONE', *, *, #7416, .F. ) ;
#9200 = LINE ( 'NONE', #7374, #9543 ) ;
#9201 = VECTOR ( 'NONE', #1311, 1000.000000000000000 ) ;
#9202 = VECTOR ( 'NONE', #3095, 1000.000000000000000 ) ;
#9203 = ORIENTED_EDGE ( 'NONE', *, *, #7170, .F. ) ;
#9204 = ORIENTED_EDGE ( 'NONE', *, *, #7445, .T. ) ;
#9205 = CARTESIAN_POINT ( 'NONE',  ( -8.761108882847493007, 2.500000000000000444, 12.45209455274894239 ) ) ;
#9206 = AXIS2_PLACEMENT_3D ( 'NONE', #1242, #430, #11096 ) ;
#9207 = CYLINDRICAL_SURFACE ( 'NONE', #7108, 2.000000000000000000 ) ;
#9208 = VECTOR ( 'NONE', #1658, 1000.000000000000000 ) ;
#9209 = CARTESIAN_POINT ( 'NONE',  ( 12.75000000000000178, 9.500000000000000000, 12.75000000000000000 ) ) ;
#9210 = DIRECTION ( 'NONE',  ( 0.000000000000000000, 1.000000000000000000, -0.000000000000000000 ) ) ;
#9211 = DIRECTION ( 'NONE',  ( 9.151367022657275579E-15, 0.000000000000000000, 1.000000000000000000 ) ) ;
#9212 = FACE_OUTER_BOUND ( 'NONE', #3416, .T. ) ;
#9213 = LINE ( 'NONE', #2983, #8435 ) ;
#9214 = DIRECTION ( 'NONE',  ( 0.000000000000000000, -0.000000000000000000, 1.000000000000000000 ) ) ;
#9215 = VERTEX_POINT ( 'NONE', #979 ) ;
#9216 = VECTOR ( 'NONE', #7009, 1000.000000000000000 ) ;
#9217 = VECTOR ( 'NONE', #9188, 1000.000000000000000 ) ;
#9218 = ORIENTED_EDGE ( 'NONE', *, *, #7223, .F. ) ;
#9219 = ORIENTED_EDGE ( 'NONE', *, *, #8777, .F. ) ;
#9220 = CARTESIAN_POINT ( 'NONE',  ( 10.62825468289635644, 0.000000000000000000, -10.62825468289633690 ) ) ;
#9221 = AXIS2_PLACEMENT_3D ( 'NONE', #8154, #1611, #307 ) ;
#9222 = DIRECTION ( 'NONE',  ( 0.000000000000000000, -0.000000000000000000, 1.000000000000000000 ) ) ;
#9223 = ORIENTED_EDGE ( 'NONE', *, *, #8072, .F. ) ;
#9224 = CARTESIAN_POINT ( 'NONE',  ( 2.499999999999996891, 0.000000000000000000, -24.41336361528509613 ) ) ;
#9225 = CARTESIAN_POINT ( 'NONE',  ( 1.000000000000885514, 17.49999999999999645, 70.06663875629273264 ) ) ;
#9226 = ORIENTED_EDGE ( 'NONE', *, *, #10010, .T. ) ;
#9227 = ORIENTED_EDGE ( 'NONE', *, *, #1782, .F. ) ;
#9228 = AXIS2_PLACEMENT_3D ( 'NONE', #6633, #11004, #2177 ) ;
#9229 = VERTEX_POINT ( 'NONE', #6078 ) ;
#9230 = ORIENTED_EDGE ( 'NONE', *, *, #9856, .T. ) ;
#9231 = CARTESIAN_POINT ( 'NONE',  ( 5.235365066354933894E-15, -34.48187929913332539, 42.74999999999999289 ) ) ;
#9232 = EDGE_CURVE ( 'NONE', #1956, #8398, #2804, .T. ) ;
#9233 = LINE ( 'NONE', #7579, #10947 ) ;
#9234 = DIRECTION ( 'NONE',  ( 0.7071067811865474617, 0.000000000000000000, 0.7071067811865474617 ) ) ;
#9235 = ORIENTED_EDGE ( 'NONE', *, *, #6819, .T. ) ;
#9236 = EDGE_LOOP ( 'NONE', ( #359, #6960, #5902, #11255 ) ) ;
#9237 = CARTESIAN_POINT ( 'NONE',  ( 15.92123735465102818, 85.69355547949508889, 10.33527201114170957 ) ) ;
#9238 = DIRECTION ( 'NONE',  ( 0.000000000000000000, -1.000000000000000000, 0.000000000000000000 ) ) ;
#9239 = VECTOR ( 'NONE', #110, 1000.000000000000000 ) ;
#9240 = ORIENTED_EDGE ( 'NONE', *, *, #6657, .T. ) ;
#9241 = ORIENTED_EDGE ( 'NONE', *, *, #8297, .T. ) ;
#9242 = EDGE_CURVE ( 'NONE', #11194, #8864, #6192, .T. ) ;
#9243 = CIRCLE ( 'NONE', #3037, 4.999999999999997335 ) ;
#9244 = ADVANCED_BREP_SHAPE_REPRESENTATION ( '\X2\673a67b6\X0\', ( #9588, #459 ), #5573 ) ;
#9245 = LINE ( 'NONE', #7418, #7392 ) ;
#9246 = CYLINDRICAL_SURFACE ( 'NONE', #5929, 0.7500000000000006661 ) ;
#9247 = DIRECTION ( 'NONE',  ( -2.168404344971009657E-15, -1.972152263052529514E-31, -1.000000000000000000 ) ) ;
#9248 = DIRECTION ( 'NONE',  ( 1.000000000000000000, -0.000000000000000000, 2.168404344971008868E-16 ) ) ;
#9249 = ORIENTED_EDGE ( 'NONE', *, *, #2593, .F. ) ;
#9250 = EDGE_LOOP ( 'NONE', ( #3287, #311, #4367, #11144 ) ) ;
#9251 = CARTESIAN_POINT ( 'NONE',  ( -12.75000000000000000, 9.500000000000000000, -10.75000000000000000 ) ) ;
#9252 = CARTESIAN_POINT ( 'NONE',  ( 1.000000000000014655, 17.49999999999999645, 15.41506350946107951 ) ) ;
#9253 = CARTESIAN_POINT ( 'NONE',  ( -12.75000000000000000, 9.500000000000000000, -11.75000000000000000 ) ) ;
#9254 = ORIENTED_EDGE ( 'NONE', *, *, #741, .F. ) ;
#9255 = EDGE_CURVE ( 'NONE', #2125, #5513, #4470, .T. ) ;
#9256 = DIRECTION ( 'NONE',  ( 0.000000000000000000, 1.000000000000000000, 0.000000000000000000 ) ) ;
#9257 = AXIS2_PLACEMENT_3D ( 'NONE', #6164, #2790, #6276 ) ;
#9258 = EDGE_CURVE ( 'NONE', #4145, #1644, #6271, .T. ) ;
#9259 = EDGE_CURVE ( 'NONE', #8133, #6642, #5331, .T. ) ;
#9260 = EDGE_CURVE ( 'NONE', #4518, #7772, #2255, .T. ) ;
#9261 = ORIENTED_EDGE ( 'NONE', *, *, #7311, .F. ) ;
#9262 = ORIENTED_EDGE ( 'NONE', *, *, #7050, .F. ) ;
#9263 = CARTESIAN_POINT ( 'NONE',  ( -12.75000000000000000, 0.000000000000000000, -12.75000000000000000 ) ) ;
#9264 = VECTOR ( 'NONE', #6150, 1000.000000000000000 ) ;
#9265 = CARTESIAN_POINT ( 'NONE',  ( -42.75000000000014921, 2.500000000000000000, -43.74999999999999289 ) ) ;
#9266 = FACE_OUTER_BOUND ( 'NONE', #446, .T. ) ;
#9267 = FACE_OUTER_BOUND ( 'NONE', #9236, .T. ) ;
#9268 = CIRCLE ( 'NONE', #7437, 25.35466440282023370 ) ;
#9269 = CARTESIAN_POINT ( 'NONE',  ( -2.857883832488640863, -34.48187929913332539, 40.34999999999999432 ) ) ;
#9270 = CARTESIAN_POINT ( 'NONE',  ( 12.75000000000000178, 4.500000000000000888, 12.75000000000000000 ) ) ;
#9271 = ORIENTED_EDGE ( 'NONE', *, *, #5849, .F. ) ;
#9272 = DIRECTION ( 'NONE',  ( 1.264284836150040893E-14, 0.000000000000000000, 1.000000000000000000 ) ) ;
#9273 = ORIENTED_EDGE ( 'NONE', *, *, #4201, .F. ) ;
#9274 = CIRCLE ( 'NONE', #8907, 0.9999999999999991118 ) ;
#9275 = VECTOR ( 'NONE', #4133, 1000.000000000000000 ) ;
#9276 = EDGE_CURVE ( 'NONE', #3815, #6496, #863, .T. ) ;
#9277 = ORIENTED_EDGE ( 'NONE', *, *, #165, .F. ) ;
#9278 = ORIENTED_EDGE ( 'NONE', *, *, #864, .T. ) ;
#9279 = CARTESIAN_POINT ( 'NONE',  ( 1.000000000000014655, 17.49999999999999645, 15.41506350946107951 ) ) ;
#9280 = CARTESIAN_POINT ( 'NONE',  ( 4.504001642398092977E-13, 17.49999999999999645, 42.74999999999999289 ) ) ;
#9281 = CIRCLE ( 'NONE', #5450, 1.000000000000000888 ) ;
#9282 = CIRCLE ( 'NONE', #2523, 25.35466440282023370 ) ;
#9283 = CARTESIAN_POINT ( 'NONE',  ( -1.000000000000270006, 0.000000000000000000, -47.64897948556629359 ) ) ;
#9284 = ADVANCED_FACE ( 'NONE', ( #8766 ), #1035, .F. ) ;
#9285 = AXIS2_PLACEMENT_3D ( 'NONE', #10877, #2054, #2801 ) ;
#9286 = VERTEX_POINT ( 'NONE', #9625 ) ;
#9287 = CARTESIAN_POINT ( 'NONE',  ( -1.518785097687213895E-13, 17.49999999999999645, -42.74999999999999289 ) ) ;
#9288 = LINE ( 'NONE', #4081, #9637 ) ;
#9289 = ORIENTED_EDGE ( 'NONE', *, *, #5599, .F. ) ;
#9290 = ORIENTED_EDGE ( 'NONE', *, *, #4548, .T. ) ;
#9291 = AXIS2_PLACEMENT_3D ( 'NONE', #8085, #71, #244 ) ;
#9292 = VECTOR ( 'NONE', #3206, 1000.000000000000000 ) ;
#9293 = ORIENTED_EDGE ( 'NONE', *, *, #1852, .T. ) ;
#9294 = EDGE_LOOP ( 'NONE', ( #2649, #10835, #8834 ) ) ;
#9295 = CIRCLE ( 'NONE', #1617, 25.35466440282023370 ) ;
#9296 = DIRECTION ( 'NONE',  ( -0.000000000000000000, -1.000000000000000000, 0.000000000000000000 ) ) ;
#9297 = ADVANCED_FACE ( 'NONE', ( #9685 ), #6023, .F. ) ;
#9298 = DIRECTION ( 'NONE',  ( -0.000000000000000000, -1.000000000000000000, 0.000000000000000000 ) ) ;
#9299 = DIRECTION ( 'NONE',  ( -0.7071067811865475727, 0.000000000000000000, 0.7071067811865475727 ) ) ;
#9300 = ORIENTED_EDGE ( 'NONE', *, *, #7652, .F. ) ;
#9301 = AXIS2_PLACEMENT_3D ( 'NONE', #8427, #10205, #7684 ) ;
#9302 = ORIENTED_EDGE ( 'NONE', *, *, #10399, .F. ) ;
#9303 = CARTESIAN_POINT ( 'NONE',  ( -15.33883813756184367, 19.49999999999999645, -19.92588048819943936 ) ) ;
#9304 = EDGE_CURVE ( 'NONE', #7335, #6827, #6457, .T. ) ;
#9305 = DIRECTION ( 'NONE',  ( 0.7071067811865474617, -0.000000000000000000, -0.7071067811865476838 ) ) ;
#9306 = ORIENTED_EDGE ( 'NONE', *, *, #1661, .F. ) ;
#9307 = ORIENTED_EDGE ( 'NONE', *, *, #2895, .T. ) ;
#9308 = AXIS2_PLACEMENT_3D ( 'NONE', #9270, #4068, #1436 ) ;
#9309 = EDGE_CURVE ( 'NONE', #8498, #2186, #8023, .T. ) ;
#9310 = CIRCLE ( 'NONE', #4554, 25.00000000000000355 ) ;
#9311 = DIRECTION ( 'NONE',  ( -1.000000000000000000, 0.000000000000000000, -4.814558332715257054E-15 ) ) ;
#9312 = LINE ( 'NONE', #4103, #9394 ) ;
#9313 = CARTESIAN_POINT ( 'NONE',  ( 41.75000000000014211, 0.000000000000000000, -42.74999999999999289 ) ) ;
#9314 = EDGE_LOOP ( 'NONE', ( #2173, #5053, #3740, #10200, #1606, #8218, #2103, #7474, #461 ) ) ;
#9315 = VERTEX_POINT ( 'NONE', #3504 ) ;
#9316 = DIRECTION ( 'NONE',  ( -1.000000000000000000, 0.000000000000000000, -4.814558332715257054E-15 ) ) ;
#9317 = PLANE ( 'NONE',  #8714 ) ;
#9318 = CARTESIAN_POINT ( 'NONE',  ( 46.04999999999999716, -34.48187929913332539, -0.7500000000000015543 ) ) ;
#9319 = ORIENTED_EDGE ( 'NONE', *, *, #5570, .T. ) ;
#9320 = AXIS2_PLACEMENT_3D ( 'NONE', #9409, #7696, #762 ) ;
#9321 = DIRECTION ( 'NONE',  ( 0.000000000000000000, 0.000000000000000000, 1.000000000000000000 ) ) ;
#9322 = VERTEX_POINT ( 'NONE', #4417 ) ;
#9323 = EDGE_LOOP ( 'NONE', ( #6656, #5361, #9493, #4663, #2654, #9065, #4826 ) ) ;
#9324 = AXIS2_PLACEMENT_3D ( 'NONE', #750, #1731, #6712 ) ;
#9325 = DIRECTION ( 'NONE',  ( 0.000000000000000000, 1.000000000000000000, -0.000000000000000000 ) ) ;
#9326 = DIRECTION ( 'NONE',  ( 8.326672684688672475E-15, 0.000000000000000000, -1.000000000000000000 ) ) ;
#9327 = DIRECTION ( 'NONE',  ( 0.000000000000000000, 1.000000000000000000, 0.000000000000000000 ) ) ;
#9328 = SURFACE_STYLE_FILL_AREA ( #7500 ) ;
#9329 = CARTESIAN_POINT ( 'NONE',  ( -23.82411951180048248, 19.49999999999999645, -27.41116186243794317 ) ) ;
#9330 = CARTESIAN_POINT ( 'NONE',  ( 4.504001642398092977E-13, 17.49999999999999645, 42.74999999999999289 ) ) ;
#9331 = ORIENTED_EDGE ( 'NONE', *, *, #100, .F. ) ;
#9332 = EDGE_CURVE ( 'NONE', #8105, #873, #6639, .T. ) ;
#9333 = CARTESIAN_POINT ( 'NONE',  ( -3.471804156801030050, 24.95324863549492633, -41.74999999999992895 ) ) ;
#9334 = VERTEX_POINT ( 'NONE', #2763 ) ;
#9335 = ORIENTED_EDGE ( 'NONE', *, *, #4749, .F. ) ;
#9336 = ORIENTED_EDGE ( 'NONE', *, *, #3691, .F. ) ;
#9337 = CARTESIAN_POINT ( 'NONE',  ( -2.500000000000062617, 2.500000000000002220, 24.41336361528504639 ) ) ;
#9338 = DIRECTION ( 'NONE',  ( -1.000000000000000000, 0.000000000000000000, 2.168404344971008474E-15 ) ) ;
#9339 = FACE_OUTER_BOUND ( 'NONE', #1129, .T. ) ;
#9340 = EDGE_CURVE ( 'NONE', #6711, #6567, #774, .T. ) ;
#9341 = ORIENTED_EDGE ( 'NONE', *, *, #8904, .T. ) ;
#9342 = CYLINDRICAL_SURFACE ( 'NONE', #11009, 25.00000000000000355 ) ;
#9343 = DIRECTION ( 'NONE',  ( -1.000000000000000000, 0.000000000000000000, -4.814558332715257054E-15 ) ) ;
#9344 = EDGE_CURVE ( 'NONE', #7753, #3910, #9098, .T. ) ;
#9345 = ORIENTED_EDGE ( 'NONE', *, *, #1678, .F. ) ;
#9346 = EDGE_CURVE ( 'NONE', #873, #624, #9904, .T. ) ;
#9347 = ORIENTED_EDGE ( 'NONE', *, *, #6512, .F. ) ;
#9348 = ORIENTED_EDGE ( 'NONE', *, *, #10842, .F. ) ;
#9349 = VECTOR ( 'NONE', #9272, 1000.000000000000000 ) ;
#9350 = CARTESIAN_POINT ( 'NONE',  ( 15.33883813756172643, 19.49999999999999645, -18.92588048819955659 ) ) ;
#9351 = FACE_OUTER_BOUND ( 'NONE', #1210, .T. ) ;
#9352 = CARTESIAN_POINT ( 'NONE',  ( -42.74999999999999289, 17.49999999999999645, 2.617682533177465764E-15 ) ) ;
#9353 = ORIENTED_EDGE ( 'NONE', *, *, #4994, .T. ) ;
#9354 = ORIENTED_EDGE ( 'NONE', *, *, #9133, .F. ) ;
#9355 = DIRECTION ( 'NONE',  ( 1.000000000000000000, -0.000000000000000000, 0.000000000000000000 ) ) ;
#9356 = DIRECTION ( 'NONE',  ( 1.000000000000000000, 0.000000000000000000, -3.491481338843133355E-15 ) ) ;
#9357 = VERTEX_POINT ( 'NONE', #7212 ) ;
#9358 = ORIENTED_EDGE ( 'NONE', *, *, #3511, .T. ) ;
#9359 = CIRCLE ( 'NONE', #1681, 1.500000000000003997 ) ;
#9360 = PLANE ( 'NONE',  #7375 ) ;
#9361 = LINE ( 'NONE', #6734, #6473 ) ;
#9362 = PLANE ( 'NONE',  #1416 ) ;
#9363 = VECTOR ( 'NONE', #6145, 1000.000000000000000 ) ;
#9364 = DIRECTION ( 'NONE',  ( 0.000000000000000000, 1.000000000000000000, -0.000000000000000000 ) ) ;
#9365 = ORIENTED_EDGE ( 'NONE', *, *, #5685, .T. ) ;
#9366 = ORIENTED_EDGE ( 'NONE', *, *, #735, .F. ) ;
#9367 = CARTESIAN_POINT ( 'NONE',  ( 27.95250199011694292, 19.49999999999999645, -22.98331580928440587 ) ) ;
#9368 = LINE ( 'NONE', #6848, #6511 ) ;
#9369 = CARTESIAN_POINT ( 'NONE',  ( -38.41987298107778770, 0.000000000000000000, 2.499999999999981348 ) ) ;
#9370 = ORIENTED_EDGE ( 'NONE', *, *, #3014, .F. ) ;
#9371 = AXIS2_PLACEMENT_3D ( 'NONE', #3736, #4589, #9974 ) ;
#9372 = EDGE_CURVE ( 'NONE', #10938, #1769, #7158, .T. ) ;
#9373 = ORIENTED_EDGE ( 'NONE', *, *, #1993, .F. ) ;
#9374 = CARTESIAN_POINT ( 'NONE',  ( 42.75000000000044054, -7.292596028743525438E-60, 41.74999999999968736 ) ) ;
#9375 = DIRECTION ( 'NONE',  ( -1.000000000000000000, -1.972152263052529514E-31, -8.306039671558391198E-15 ) ) ;
#9376 = DIRECTION ( 'NONE',  ( 1.000000000000000000, 0.000000000000000000, -3.553859168040306887E-15 ) ) ;
#9377 = DIRECTION ( 'NONE',  ( 0.000000000000000000, 1.000000000000000000, 0.000000000000000000 ) ) ;
#9378 = CARTESIAN_POINT ( 'NONE',  ( -42.74999999999999289, 19.49999999999999645, 25.35466440282023726 ) ) ;
#9379 = VECTOR ( 'NONE', #7235, 1000.000000000000000 ) ;
#9380 = CARTESIAN_POINT ( 'NONE',  ( 2.499999999999992006, 2.500000000000000000, 5.421010862427504421E-16 ) ) ;
#9381 = ADVANCED_FACE ( 'NONE', ( #3034 ), #5608, .F. ) ;
#9382 = AXIS2_PLACEMENT_3D ( 'NONE', #1847, #6135, #2647 ) ;
#9383 = LINE ( 'NONE', #6759, #10640 ) ;
#9384 = EDGE_CURVE ( 'NONE', #32, #8585, #8131, .T. ) ;
#9385 = VECTOR ( 'NONE', #4467, 1000.000000000000000 ) ;
#9386 = ORIENTED_EDGE ( 'NONE', *, *, #1750, .T. ) ;
#9387 = VERTEX_POINT ( 'NONE', #2013 ) ;
#9388 = CARTESIAN_POINT ( 'NONE',  ( -42.74999999999999289, 17.49999999999999645, 2.617682533177465764E-15 ) ) ;
#9389 = CARTESIAN_POINT ( 'NONE',  ( 4.999999999999842792, 1.361284592032115076E-61, -43.75000000000009237 ) ) ;
#9390 = DIRECTION ( 'NONE',  ( -0.000000000000000000, -1.000000000000000000, -0.000000000000000000 ) ) ;
#9391 = ORIENTED_EDGE ( 'NONE', *, *, #8281, .T. ) ;
#9392 = LINE ( 'NONE', #4365, #1835 ) ;
#9393 = DIRECTION ( 'NONE',  ( 0.000000000000000000, 1.000000000000000000, 0.000000000000000000 ) ) ;
#9394 = VECTOR ( 'NONE', #7363, 1000.000000000000000 ) ;
#9395 = ORIENTED_EDGE ( 'NONE', *, *, #4855, .F. ) ;
#9396 = VECTOR ( 'NONE', #3654, 1000.000000000000000 ) ;
#9397 = ADVANCED_FACE ( 'NONE', ( #341 ), #7385, .F. ) ;
#9398 = EDGE_CURVE ( 'NONE', #9512, #3166, #9960, .T. ) ;
#9399 = ORIENTED_EDGE ( 'NONE', *, *, #7588, .F. ) ;
#9400 = ORIENTED_EDGE ( 'NONE', *, *, #10634, .F. ) ;
#9401 = EDGE_CURVE ( 'NONE', #8722, #9286, #10709, .T. ) ;
#9402 = VECTOR ( 'NONE', #8643, 1000.000000000000000 ) ;
#9403 = EDGE_CURVE ( 'NONE', #8432, #3241, #9790, .T. ) ;
#9404 = CARTESIAN_POINT ( 'NONE',  ( -12.75000000000000000, 9.500000000000000000, -14.75000000000000000 ) ) ;
#9405 = CARTESIAN_POINT ( 'NONE',  ( -5.227403331626358135E-15, 0.000000000000000000, -2.499999999999912514 ) ) ;
#9406 = DIRECTION ( 'NONE',  ( 0.000000000000000000, 1.000000000000000000, 0.000000000000000000 ) ) ;
#9407 = ORIENTED_EDGE ( 'NONE', *, *, #4896, .F. ) ;
#9408 = ORIENTED_EDGE ( 'NONE', *, *, #3424, .F. ) ;
#9409 = CARTESIAN_POINT ( 'NONE',  ( 42.74999999999985079, 17.49999999999999645, -43.74999999999970868 ) ) ;
#9410 = DIRECTION ( 'NONE',  ( -0.000000000000000000, -1.000000000000000000, 0.000000000000000000 ) ) ;
#9411 = ORIENTED_EDGE ( 'NONE', *, *, #351, .F. ) ;
#9412 = ORIENTED_EDGE ( 'NONE', *, *, #1750, .F. ) ;
#9413 = AXIS2_PLACEMENT_3D ( 'NONE', #11113, #5892, #9376 ) ;
#9414 = CIRCLE ( 'NONE', #1016, 1.500000000000003997 ) ;
#9415 = DIRECTION ( 'NONE',  ( 0.000000000000000000, 1.000000000000000000, 0.000000000000000000 ) ) ;
#9416 = DIRECTION ( 'NONE',  ( -1.264613413987092214E-14, 8.326672684688673067E-16, -1.000000000000000000 ) ) ;
#9417 = AXIS2_PLACEMENT_3D ( 'NONE', #8749, #7894, #3548 ) ;
#9418 = LINE ( 'NONE', #6953, #5622 ) ;
#9419 = FACE_OUTER_BOUND ( 'NONE', #10614, .T. ) ;
#9420 = ORIENTED_EDGE ( 'NONE', *, *, #3171, .T. ) ;
#9421 = VERTEX_POINT ( 'NONE', #9846 ) ;
#9422 = CARTESIAN_POINT ( 'NONE',  ( 0.9999999999996034283, 17.49999999999999645, -70.08493649053890806 ) ) ;
#9423 = DIRECTION ( 'NONE',  ( 2.168404344971009657E-15, 1.972152263052529514E-31, 1.000000000000000000 ) ) ;
#9424 = FACE_OUTER_BOUND ( 'NONE', #2901, .T. ) ;
#9425 = ORIENTED_EDGE ( 'NONE', *, *, #6780, .F. ) ;
#9426 = EDGE_CURVE ( 'NONE', #10920, #4929, #10887, .T. ) ;
#9427 = CARTESIAN_POINT ( 'NONE',  ( 16.04594491874851414, 17.49999999999999645, 19.63298726938587535 ) ) ;
#9428 = CIRCLE ( 'NONE', #9981, 1.000000000000000888 ) ;
#9429 = ORIENTED_EDGE ( 'NONE', *, *, #4709, .T. ) ;
#9430 = FACE_BOUND ( 'NONE', #238, .T. ) ;
#9431 = DIRECTION ( 'NONE',  ( 0.000000000000000000, 0.000000000000000000, -1.000000000000000000 ) ) ;
#9432 = FACE_BOUND ( 'NONE', #5413, .T. ) ;
#9433 = DIRECTION ( 'NONE',  ( -0.7071067811865477948, 0.000000000000000000, 0.7071067811865473507 ) ) ;
#9434 = EDGE_CURVE ( 'NONE', #5168, #6059, #6519, .T. ) ;
#9435 = DIRECTION ( 'NONE',  ( -0.000000000000000000, -1.000000000000000000, -0.000000000000000000 ) ) ;
#9436 = CIRCLE ( 'NONE', #9257, 25.00000000000000711 ) ;
#9437 = CARTESIAN_POINT ( 'NONE',  ( 14.75000000000000000, 2.500000000000001332, -6.506509365792686239 ) ) ;
#9438 = DIRECTION ( 'NONE',  ( 0.000000000000000000, 1.000000000000000000, 0.000000000000000000 ) ) ;
#9439 = ADVANCED_FACE ( 'NONE', ( #9035 ), #451, .F. ) ;
#9440 = AXIS2_PLACEMENT_3D ( 'NONE', #9807, #6319, #468 ) ;
#9441 = EDGE_CURVE ( 'NONE', #6845, #7153, #8245, .T. ) ;
#9442 = ORIENTED_EDGE ( 'NONE', *, *, #7666, .F. ) ;
#9443 = ORIENTED_EDGE ( 'NONE', *, *, #9856, .F. ) ;
#9444 = AXIS2_PLACEMENT_3D ( 'NONE', #145, #3645, #3696 ) ;
#9445 = LINE ( 'NONE', #9561, #11079 ) ;
#9446 = CARTESIAN_POINT ( 'NONE',  ( -13.43217012171422731, 2.500000000000000000, 13.48119349357087948 ) ) ;
#9447 = DIRECTION ( 'NONE',  ( 1.000000000000000000, 0.000000000000000000, -9.159339953157538303E-15 ) ) ;
#9448 = CYLINDRICAL_SURFACE ( 'NONE', #3379, 1.500000000000001332 ) ;
#9449 = CARTESIAN_POINT ( 'NONE',  ( -31.84145811849278118, 0.000000000000000000, 14.16378858882909952 ) ) ;
#9450 = DIRECTION ( 'NONE',  ( 0.000000000000000000, 1.000000000000000000, -0.000000000000000000 ) ) ;
#9451 = ORIENTED_EDGE ( 'NONE', *, *, #8324, .T. ) ;
#9452 = AXIS2_PLACEMENT_3D ( 'NONE', #3077, #7365, #7594 ) ;
#9453 = CARTESIAN_POINT ( 'NONE',  ( -9.285898384862242949, 2.500000000000000000, -14.75000000000000000 ) ) ;
#9454 = CARTESIAN_POINT ( 'NONE',  ( 42.74999999999999289, 19.49999999999999645, -2.617682533177465764E-15 ) ) ;
#9455 = VECTOR ( 'NONE', #751, 1000.000000000000000 ) ;
#9456 = EDGE_LOOP ( 'NONE', ( #8975, #3873 ) ) ;
#9457 = VERTEX_POINT ( 'NONE', #4580 ) ;
#9458 = ORIENTED_EDGE ( 'NONE', *, *, #7280, .F. ) ;
#9459 = AXIS2_PLACEMENT_3D ( 'NONE', #5133, #949, #5357 ) ;
#9460 = AXIS2_PLACEMENT_3D ( 'NONE', #8028, #3787, #286 ) ;
#9461 = EDGE_CURVE ( 'NONE', #4723, #8428, #1951, .T. ) ;
#9462 = DIRECTION ( 'NONE',  ( -0.000000000000000000, -1.000000000000000000, -0.000000000000000000 ) ) ;
#9463 = CARTESIAN_POINT ( 'NONE',  ( 29.41336361528507837, 0.000000000000000000, 2.500000000000020872 ) ) ;
#9464 = DIRECTION ( 'NONE',  ( 1.000000000000000000, 0.000000000000000000, -2.168404344971009657E-15 ) ) ;
#9465 = ORIENTED_EDGE ( 'NONE', *, *, #6687, .T. ) ;
#9466 = ADVANCED_FACE ( 'NONE', ( #9151 ), #226, .T. ) ;
#9467 = EDGE_LOOP ( 'NONE', ( #5996, #10184 ) ) ;
#9468 = DIRECTION ( 'NONE',  ( -0.000000000000000000, -1.000000000000000000, -0.000000000000000000 ) ) ;
#9469 = CARTESIAN_POINT ( 'NONE',  ( 0.000000000000000000, 0.000000000000000000, -41.24999999999999289 ) ) ;
#9470 = ORIENTED_EDGE ( 'NONE', *, *, #2669, .T. ) ;
#9471 = VERTEX_POINT ( 'NONE', #2118 ) ;
#9472 = CIRCLE ( 'NONE', #8189, 1.000000000000000888 ) ;
#9473 = EDGE_CURVE ( 'NONE', #1499, #3894, #10125, .T. ) ;
#9474 = AXIS2_PLACEMENT_3D ( 'NONE', #8410, #11112, #10885 ) ;
#9475 = AXIS2_PLACEMENT_3D ( 'NONE', #4680, #1305, #4793 ) ;
#9476 = EDGE_CURVE ( 'NONE', #2722, #10642, #8186, .T. ) ;
#9477 = CIRCLE ( 'NONE', #4538, 27.33493649053890096 ) ;
#9478 = CARTESIAN_POINT ( 'NONE',  ( -1.000000000000000000, 17.49999999999999645, 1.264284836150040893E-14 ) ) ;
#9479 = DIRECTION ( 'NONE',  ( 0.000000000000000000, 1.000000000000000000, 0.000000000000000000 ) ) ;
#9480 = AXIS2_PLACEMENT_3D ( 'NONE', #6966, #3432, #1832 ) ;
#9481 = LINE ( 'NONE', #770, #3797 ) ;
#9482 = DIRECTION ( 'NONE',  ( -1.000000000000000000, 0.000000000000000000, 2.220446049250312292E-15 ) ) ;
#9483 = EDGE_LOOP ( 'NONE', ( #9458, #302, #6944 ) ) ;
#9484 = VERTEX_POINT ( 'NONE', #6696 ) ;
#9485 = FACE_OUTER_BOUND ( 'NONE', #9692, .T. ) ;
#9486 = CARTESIAN_POINT ( 'NONE',  ( 2.168404344971008868E-15, -7.292596028743525438E-60, 1.000000000000000000 ) ) ;
#9487 = CARTESIAN_POINT ( 'NONE',  ( -5.227403331626358135E-15, 0.000000000000000000, -2.499999999999912514 ) ) ;
#9488 = ORIENTED_EDGE ( 'NONE', *, *, #4263, .T. ) ;
#9489 = CARTESIAN_POINT ( 'NONE',  ( -16.04594491874815176, 0.7898818883216689457, 19.63298726938622707 ) ) ;
#9490 = EDGE_CURVE ( 'NONE', #2478, #1956, #8356, .T. ) ;
#9491 = AXIS2_PLACEMENT_3D ( 'NONE', #6743, #11044, #3309 ) ;
#9492 = VECTOR ( 'NONE', #6638, 1000.000000000000000 ) ;
#9493 = ORIENTED_EDGE ( 'NONE', *, *, #7615, .T. ) ;
#9494 = FACE_BOUND ( 'NONE', #4780, .T. ) ;
#9495 = DIRECTION ( 'NONE',  ( 0.000000000000000000, 0.000000000000000000, 1.000000000000000000 ) ) ;
#9496 = CARTESIAN_POINT ( 'NONE',  ( 12.75000000000000000, 0.000000000000000000, -12.75000000000000000 ) ) ;
#9497 = CARTESIAN_POINT ( 'NONE',  ( -13.74999999999999822, 0.000000000000000000, -7.877416997969514334 ) ) ;
#9498 = DIRECTION ( 'NONE',  ( -1.323076993872123698E-15, 0.000000000000000000, 1.000000000000000000 ) ) ;
#9499 = DIRECTION ( 'NONE',  ( 0.000000000000000000, 1.000000000000000000, 0.000000000000000000 ) ) ;
#9500 = CARTESIAN_POINT ( 'NONE',  ( -4.898979485566321124, 2.500000000000000000, 43.75000000000012790 ) ) ;
#9501 = EDGE_CURVE ( 'NONE', #8592, #8476, #10190, .T. ) ;
#9502 = EDGE_CURVE ( 'NONE', #5198, #7918, #9004, .T. ) ;
#9503 = VERTEX_POINT ( 'NONE', #6755 ) ;
#9504 = EDGE_LOOP ( 'NONE', ( #6316, #2022, #6223, #4419, #1539, #8569 ) ) ;
#9505 = CARTESIAN_POINT ( 'NONE',  ( -12.14204431421226893, 2.500000000000000444, -9.071159121384148705 ) ) ;
#9506 = ADVANCED_FACE ( 'NONE', ( #9267 ), #10944, .F. ) ;
#9507 = DIRECTION ( 'NONE',  ( -1.000000000000000000, 0.000000000000000000, 1.264284836150040893E-14 ) ) ;
#9508 = DIRECTION ( 'NONE',  ( -1.000000000000000000, 0.000000000000000000, 2.220446049250312686E-15 ) ) ;
#9509 = CARTESIAN_POINT ( 'NONE',  ( -14.87089537001563855, 2.500000000000002220, 14.87089537001564032 ) ) ;
#9510 = DIRECTION ( 'NONE',  ( 1.000000000000000000, 0.000000000000000000, 8.306039671558391198E-15 ) ) ;
#9511 = CARTESIAN_POINT ( 'NONE',  ( -0.9999999999991140420, 17.49999999999999645, 70.08493649053892227 ) ) ;
#9512 = VERTEX_POINT ( 'NONE', #3952 ) ;
#9513 = CARTESIAN_POINT ( 'NONE',  ( -23.82411951180048248, 17.49999999999999645, -27.41116186243794317 ) ) ;
#9514 = CARTESIAN_POINT ( 'NONE',  ( -14.75000000000000000, 2.500000000000002220, -10.51393202250020664 ) ) ;
#9515 = EDGE_CURVE ( 'NONE', #4676, #7206, #4925, .T. ) ;
#9516 = ORIENTED_EDGE ( 'NONE', *, *, #9662, .F. ) ;
#9517 = EDGE_CURVE ( 'NONE', #2942, #9751, #4177, .T. ) ;
#9518 = ORIENTED_EDGE ( 'NONE', *, *, #986, .F. ) ;
#9519 = ORIENTED_EDGE ( 'NONE', *, *, #6974, .F. ) ;
#9520 = CARTESIAN_POINT ( 'NONE',  ( -42.75000000000014921, 17.49999999999999645, -43.74999999999999289 ) ) ;
#9521 = DIRECTION ( 'NONE',  ( 0.000000000000000000, 0.000000000000000000, -1.000000000000000000 ) ) ;
#9522 = LINE ( 'NONE', #3343, #154 ) ;
#9523 = EDGE_LOOP ( 'NONE', ( #10161, #10497 ) ) ;
#9524 = ORIENTED_EDGE ( 'NONE', *, *, #10452, .T. ) ;
#9525 = DIRECTION ( 'NONE',  ( 9.151367022657275579E-15, 0.000000000000000000, 1.000000000000000000 ) ) ;
#9526 = LINE ( 'NONE', #134, #9264 ) ;
#9527 = EDGE_CURVE ( 'NONE', #1249, #1764, #5953, .T. ) ;
#9528 = VERTEX_POINT ( 'NONE', #7672 ) ;
#9529 = CARTESIAN_POINT ( 'NONE',  ( -12.75000000000000000, 2.500000000000002220, -12.75000000000000000 ) ) ;
#9530 = ADVANCED_FACE ( 'NONE', ( #1433 ), #6584, .F. ) ;
#9531 = CIRCLE ( 'NONE', #2043, 25.35466440282023370 ) ;
#9532 = CARTESIAN_POINT ( 'NONE',  ( -41.09999999999999432, 2.500000000000000000, 2.107883832488644416 ) ) ;
#9533 = FACE_OUTER_BOUND ( 'NONE', #363, .T. ) ;
#9534 = EDGE_CURVE ( 'NONE', #6594, #6366, #8520, .T. ) ;
#9535 = CARTESIAN_POINT ( 'NONE',  ( 17.41506350946108839, 17.49999999999999645, -0.9999999999998575584 ) ) ;
#9536 = DIRECTION ( 'NONE',  ( -8.326672684688672475E-15, 0.000000000000000000, 1.000000000000000000 ) ) ;
#9537 = ORIENTED_EDGE ( 'NONE', *, *, #6128, .F. ) ;
#9538 = ORIENTED_EDGE ( 'NONE', *, *, #304, .T. ) ;
#9539 = CARTESIAN_POINT ( 'NONE',  ( 10.62825468289635644, 2.500000000000002220, -10.62825468289633690 ) ) ;
#9540 = CARTESIAN_POINT ( 'NONE',  ( 2.361632442979033186, 27.36039051652360854, 43.74999999999990763 ) ) ;
#9541 = CARTESIAN_POINT ( 'NONE',  ( -2.168404344971008868E-15, 0.000000000000000000, -1.000000000000000000 ) ) ;
#9542 = ORIENTED_EDGE ( 'NONE', *, *, #5761, .F. ) ;
#9543 = VECTOR ( 'NONE', #441, 1000.000000000000000 ) ;
#9544 = CARTESIAN_POINT ( 'NONE',  ( 4.504001642398092977E-13, 19.49999999999999645, 15.41506350946109372 ) ) ;
#9545 = ORIENTED_EDGE ( 'NONE', *, *, #3553, .T. ) ;
#9546 = ADVANCED_FACE ( 'NONE', ( #2459 ), #2297, .F. ) ;
#9547 = CIRCLE ( 'NONE', #3703, 1.000000000000000888 ) ;
#9548 = VERTEX_POINT ( 'NONE', #4864 ) ;
#9549 = DIRECTION ( 'NONE',  ( -1.000000000000000000, 0.000000000000000000, 2.168404344971009657E-15 ) ) ;
#9550 = EDGE_CURVE ( 'NONE', #9048, #10863, #8413, .T. ) ;
#9551 = EDGE_CURVE ( 'NONE', #9751, #4582, #2354, .T. ) ;
#9552 = LINE ( 'NONE', #8748, #4516 ) ;
#9553 = CARTESIAN_POINT ( 'NONE',  ( -41.74999999999993605, 24.95324863549492633, 3.471804156800881280 ) ) ;
#9554 = DIRECTION ( 'NONE',  ( 0.000000000000000000, 1.000000000000000000, 0.000000000000000000 ) ) ;
#9555 = FACE_OUTER_BOUND ( 'NONE', #7512, .T. ) ;
#9556 = DIRECTION ( 'NONE',  ( 0.000000000000000000, 1.000000000000000000, 0.000000000000000000 ) ) ;
#9557 = DIRECTION ( 'NONE',  ( -1.040834085586083310E-14, 0.000000000000000000, 1.000000000000000000 ) ) ;
#9558 = CIRCLE ( 'NONE', #51, 25.00000000000000000 ) ;
#9559 = VERTEX_POINT ( 'NONE', #562 ) ;
#9560 = ORIENTED_EDGE ( 'NONE', *, *, #5972, .T. ) ;
#9561 = CARTESIAN_POINT ( 'NONE',  ( 2.499999999999958256, 0.000000000000000000, 2.499999999999979572 ) ) ;
#9562 = VECTOR ( 'NONE', #10851, 1000.000000000000000 ) ;
#9563 = DIRECTION ( 'NONE',  ( -2.168404344971008868E-15, 0.000000000000000000, -1.000000000000000000 ) ) ;
#9564 = CARTESIAN_POINT ( 'NONE',  ( -23.11701273061393280, 0.7898818883216689457, -26.70405508125139349 ) ) ;
#9565 =( GEOMETRIC_REPRESENTATION_CONTEXT ( 3 ) GLOBAL_UNCERTAINTY_ASSIGNED_CONTEXT ( ( #931 ) ) GLOBAL_UNIT_ASSIGNED_CONTEXT ( ( #6634, #2406, #9610 ) ) REPRESENTATION_CONTEXT ( 'NONE', 'WORKASPACE' ) );
#9566 = LINE ( 'NONE', #5106, #9402 ) ;
#9567 = CARTESIAN_POINT ( 'NONE',  ( -41.74999999999955236, 0.000000000000000000, -42.74999999999999289 ) ) ;
#9568 = DIRECTION ( 'NONE',  ( 0.000000000000000000, 0.000000000000000000, 1.000000000000000000 ) ) ;
#9569 = ORIENTED_EDGE ( 'NONE', *, *, #37, .F. ) ;
#9570 = DIRECTION ( 'NONE',  ( 0.000000000000000000, 0.000000000000000000, 1.000000000000000000 ) ) ;
#9571 = CARTESIAN_POINT ( 'NONE',  ( -12.75000000000000000, 2.500000000000000000, -12.75000000000000000 ) ) ;
#9572 = ORIENTED_EDGE ( 'NONE', *, *, #1621, .T. ) ;
#9573 = AXIS2_PLACEMENT_3D ( 'NONE', #9263, #9325, #8242 ) ;
#9574 = VECTOR ( 'NONE', #2559, 999.9999999999998863 ) ;
#9575 = VERTEX_POINT ( 'NONE', #508 ) ;
#9576 = ORIENTED_EDGE ( 'NONE', *, *, #3805, .T. ) ;
#9577 = CARTESIAN_POINT ( 'NONE',  ( 14.75000000000000000, 2.500000000000000000, 0.000000000000000000 ) ) ;
#9578 = AXIS2_PLACEMENT_3D ( 'NONE', #8057, #1831, #3708 ) ;
#9579 = CARTESIAN_POINT ( 'NONE',  ( -1.000000000000000000, 2.500000000000000000, 1.264284836150040893E-14 ) ) ;
#9580 = AXIS2_PLACEMENT_3D ( 'NONE', #7949, #263, #8003 ) ;
#9581 = DIRECTION ( 'NONE',  ( 1.000000000000000000, 1.972152263052529514E-31, 8.306039671558391198E-15 ) ) ;
#9582 = ORIENTED_EDGE ( 'NONE', *, *, #5906, .F. ) ;
#9583 = EDGE_LOOP ( 'NONE', ( #7995, #5856, #8431, #4172, #7822, #5212 ) ) ;
#9584 = CARTESIAN_POINT ( 'NONE',  ( 42.74999999999983658, 17.49999999999999645, -41.74999999999970157 ) ) ;
#9585 = CARTESIAN_POINT ( 'NONE',  ( 23.11701273061374451, 19.49999999999999645, -26.70405508125158178 ) ) ;
#9586 = EDGE_LOOP ( 'NONE', ( #7865, #7139, #6589, #9785, #4093 ) ) ;
#9587 = DIRECTION ( 'NONE',  ( 0.000000000000000000, 0.000000000000000000, -1.000000000000000000 ) ) ;
#9588 = MANIFOLD_SOLID_BREP ( '\X2\570689d2\X0\7', #9769 ) ;
#9589 = CIRCLE ( 'NONE', #2284, 4.000000000000001776 ) ;
#9590 = EDGE_CURVE ( 'NONE', #6620, #10026, #5203, .T. ) ;
#9591 = DIRECTION ( 'NONE',  ( 5.663872149064274374E-15, 0.000000000000000000, 1.000000000000000000 ) ) ;
#9592 = DIRECTION ( 'NONE',  ( 0.000000000000000000, 1.000000000000000000, -0.000000000000000000 ) ) ;
#9593 = DIRECTION ( 'NONE',  ( 1.000000000000000000, -1.972152263052529514E-31, 8.306039671558391198E-15 ) ) ;
#9594 = DIRECTION ( 'NONE',  ( 0.000000000000000000, 1.000000000000000000, -0.000000000000000000 ) ) ;
#9595 = ORIENTED_EDGE ( 'NONE', *, *, #10605, .T. ) ;
#9596 = VERTEX_POINT ( 'NONE', #4011 ) ;
#9597 = LINE ( 'NONE', #1759, #2548 ) ;
#9598 = LINE ( 'NONE', #2740, #10167 ) ;
#9599 = AXIS2_PLACEMENT_3D ( 'NONE', #618, #3266, #11056 ) ;
#9600 = FACE_OUTER_BOUND ( 'NONE', #8743, .T. ) ;
#9601 = EDGE_LOOP ( 'NONE', ( #10040, #5060, #7165, #548 ) ) ;
#9602 = DIRECTION ( 'NONE',  ( 0.000000000000000000, 0.000000000000000000, 1.000000000000000000 ) ) ;
#9603 = ORIENTED_EDGE ( 'NONE', *, *, #3224, .F. ) ;
#9604 = EDGE_CURVE ( 'NONE', #612, #6854, #788, .T. ) ;
#9605 = VECTOR ( 'NONE', #10768, 1000.000000000000000 ) ;
#9606 = ORIENTED_EDGE ( 'NONE', *, *, #5002, .F. ) ;
#9607 = FACE_BOUND ( 'NONE', #1535, .T. ) ;
#9608 = LINE ( 'NONE', #7717, #8900 ) ;
#9609 = LINE ( 'NONE', #5263, #2112 ) ;
#9610 =( NAMED_UNIT ( * ) SI_UNIT ( $, .STERADIAN. ) SOLID_ANGLE_UNIT ( ) );
#9611 = ADVANCED_FACE ( 'NONE', ( #4229 ), #8690, .F. ) ;
#9612 = CARTESIAN_POINT ( 'NONE',  ( -12.74999999999999645, 0.000000000000000000, 13.74999999999999822 ) ) ;
#9613 = CARTESIAN_POINT ( 'NONE',  ( -68.08493649053889385, 17.49999999999999645, -0.9999999999998523403 ) ) ;
#9614 = ADVANCED_FACE ( 'NONE', ( #851 ), #7780, .T. ) ;
#9615 = LINE ( 'NONE', #5378, #2048 ) ;
#9616 = AXIS2_PLACEMENT_3D ( 'NONE', #1587, #727, #11103 ) ;
#9617 = EDGE_CURVE ( 'NONE', #3680, #7402, #7896, .T. ) ;
#9618 = ORIENTED_EDGE ( 'NONE', *, *, #4978, .F. ) ;
#9619 = ORIENTED_EDGE ( 'NONE', *, *, #8420, .F. ) ;
#9620 = DIRECTION ( 'NONE',  ( 0.000000000000000000, 0.000000000000000000, -1.000000000000000000 ) ) ;
#9621 = CIRCLE ( 'NONE', #3962, 0.7500000000000006661 ) ;
#9622 = CARTESIAN_POINT ( 'NONE',  ( 43.74999999999992895, 27.36039051652360854, -2.361632442978571778 ) ) ;
#9623 = DIRECTION ( 'NONE',  ( 0.000000000000000000, 1.000000000000000000, 0.000000000000000000 ) ) ;
#9624 = CARTESIAN_POINT ( 'NONE',  ( 2.499999999999992006, 2.500000000000000000, 5.421010862427504421E-16 ) ) ;
#9625 = CARTESIAN_POINT ( 'NONE',  ( 70.06663875629274685, 17.49999999999999645, 0.9999999999998480105 ) ) ;
#9626 = VECTOR ( 'NONE', #7012, 1000.000000000000000 ) ;
#9627 = CARTESIAN_POINT ( 'NONE',  ( -41.09999999999999432, 2.500000000000000000, -3.607883832488647524 ) ) ;
#9628 = EDGE_LOOP ( 'NONE', ( #9366, #8240, #3067, #10742, #284, #6572, #2501, #7540, #1441, #3984, #4837 ) ) ;
#9629 = CARTESIAN_POINT ( 'NONE',  ( 24.41336361528509968, -34.48187929913332539, -2.499999999999963585 ) ) ;
#9630 = CARTESIAN_POINT ( 'NONE',  ( 14.75000000000000000, 2.500000000000000000, 0.000000000000000000 ) ) ;
#9631 = EDGE_LOOP ( 'NONE', ( #8698, #7242, #3022, #1152, #8066 ) ) ;
#9632 = AXIS2_PLACEMENT_3D ( 'NONE', #2386, #715, #9356 ) ;
#9633 = ADVANCED_FACE ( 'NONE', ( #4288 ), #10473, .T. ) ;
#9634 = VERTEX_POINT ( 'NONE', #4457 ) ;
#9635 = EDGE_LOOP ( 'NONE', ( #7699, #4767, #4111, #1553 ) ) ;
#9636 = DIRECTION ( 'NONE',  ( 1.000000000000000000, 0.000000000000000000, 0.000000000000000000 ) ) ;
#9637 = VECTOR ( 'NONE', #7569, 1000.000000000000000 ) ;
#9638 = CARTESIAN_POINT ( 'NONE',  ( 27.41116186243804620, 19.49999999999999645, 22.82411951180039011 ) ) ;
#9639 = VERTEX_POINT ( 'NONE', #6178 ) ;
#9640 = VERTEX_POINT ( 'NONE', #7954 ) ;
#9641 = LINE ( 'NONE', #4148, #7492 ) ;
#9642 = DIRECTION ( 'NONE',  ( 0.000000000000000000, 0.000000000000000000, 1.000000000000000000 ) ) ;
#9643 = ORIENTED_EDGE ( 'NONE', *, *, #1164, .F. ) ;
#9644 = LINE ( 'NONE', #1811, #1692 ) ;
#9645 = VECTOR ( 'NONE', #6220, 1000.000000000000000 ) ;
#9646 = CIRCLE ( 'NONE', #9089, 25.00000000000000355 ) ;
#9647 = ADVANCED_FACE ( 'NONE', ( #2690 ), #3494, .T. ) ;
#9648 = DIRECTION ( 'NONE',  ( -1.000000000000000000, 0.000000000000000000, 2.168404344971009657E-15 ) ) ;
#9649 = CARTESIAN_POINT ( 'NONE',  ( 19.76668419071548755, 19.49999999999999645, -14.79749800988289010 ) ) ;
#9650 = ADVANCED_FACE ( 'NONE', ( #2516 ), #1883, .T. ) ;
#9651 = CARTESIAN_POINT ( 'NONE',  ( -2.500000000000035971, 0.000000000000000000, 2.499999999999979572 ) ) ;
#9652 = DIRECTION ( 'NONE',  ( 0.000000000000000000, 1.000000000000000000, 0.000000000000000000 ) ) ;
#9653 = ORIENTED_EDGE ( 'NONE', *, *, #937, .T. ) ;
#9654 = VECTOR ( 'NONE', #4831, 1000.000000000000000 ) ;
#9655 = VERTEX_POINT ( 'NONE', #3435 ) ;
#9656 = DIRECTION ( 'NONE',  ( 1.000000000000000000, 0.000000000000000000, 4.718447854656913719E-15 ) ) ;
#9657 = CYLINDRICAL_SURFACE ( 'NONE', #11094, 1.000000000000000888 ) ;
#9658 = CIRCLE ( 'NONE', #6183, 25.00000000000000711 ) ;
#9659 = LINE ( 'NONE', #7076, #10896 ) ;
#9660 = ORIENTED_EDGE ( 'NONE', *, *, #10635, .F. ) ;
#9661 = VECTOR ( 'NONE', #6348, 1000.000000000000000 ) ;
#9662 = EDGE_CURVE ( 'NONE', #4337, #3815, #599, .T. ) ;
#9663 = EDGE_LOOP ( 'NONE', ( #6304, #6209, #1687, #9006 ) ) ;
#9664 = VECTOR ( 'NONE', #4581, 1000.000000000000000 ) ;
#9665 = EDGE_CURVE ( 'NONE', #5173, #6273, #5373, .T. ) ;
#9666 = AXIS2_PLACEMENT_3D ( 'NONE', #11236, #2587, #6710 ) ;
#9667 = CIRCLE ( 'NONE', #6544, 0.7500000000000006661 ) ;
#9668 = CARTESIAN_POINT ( 'NONE',  ( -23.75650936579280526, 85.69355547949508889, -2.500000000000099476 ) ) ;
#9669 = DIRECTION ( 'NONE',  ( 0.000000000000000000, 0.000000000000000000, 1.000000000000000000 ) ) ;
#9670 = DIRECTION ( 'NONE',  ( -1.387778780781445281E-15, 0.000000000000000000, 1.000000000000000000 ) ) ;
#9671 = DIRECTION ( 'NONE',  ( 1.000000000000000000, 0.000000000000000000, -3.553859168040306887E-15 ) ) ;
#9672 = DIRECTION ( 'NONE',  ( -4.814558332715257843E-15, 0.000000000000000000, 1.000000000000000000 ) ) ;
#9673 = FACE_OUTER_BOUND ( 'NONE', #77, .T. ) ;
#9674 = CYLINDRICAL_SURFACE ( 'NONE', #2737, 25.00000000000000711 ) ;
#9675 = AXIS2_PLACEMENT_3D ( 'NONE', #2562, #1823, #8793 ) ;
#9676 = LINE ( 'NONE', #9144, #7168 ) ;
#9677 = VECTOR ( 'NONE', #792, 1000.000000000000000 ) ;
#9678 = ORIENTED_EDGE ( 'NONE', *, *, #2782, .F. ) ;
#9679 = ORIENTED_EDGE ( 'NONE', *, *, #2714, .F. ) ;
#9680 = AXIS2_PLACEMENT_3D ( 'NONE', #4777, #10162, #422 ) ;
#9681 = CARTESIAN_POINT ( 'NONE',  ( -18.75998266654166358, 2.500000000000002220, 36.43765219620534168 ) ) ;
#9682 = CARTESIAN_POINT ( 'NONE',  ( -2.857883832488640863, 2.500000000000000000, 40.34999999999999432 ) ) ;
#9683 = DIRECTION ( 'NONE',  ( -1.000000000000000000, 0.000000000000000000, 2.220446049250312686E-15 ) ) ;
#9684 = CARTESIAN_POINT ( 'NONE',  ( 15.33883813756172643, 19.49999999999999645, -18.92588048819955659 ) ) ;
#9685 = FACE_OUTER_BOUND ( 'NONE', #10489, .T. ) ;
#9686 = EDGE_CURVE ( 'NONE', #3980, #191, #103, .T. ) ;
#9687 = ORIENTED_EDGE ( 'NONE', *, *, #8668, .T. ) ;
#9688 = PLANE ( 'NONE',  #6064 ) ;
#9689 = FACE_OUTER_BOUND ( 'NONE', #905, .T. ) ;
#9690 = ORIENTED_EDGE ( 'NONE', *, *, #4448, .F. ) ;
#9691 = AXIS2_PLACEMENT_3D ( 'NONE', #5165, #10434, #8593 ) ;
#9692 = EDGE_LOOP ( 'NONE', ( #7737, #349, #4641, #8929, #3248 ) ) ;
#9693 = ORIENTED_EDGE ( 'NONE', *, *, #7630, .T. ) ;
#9694 = EDGE_CURVE ( 'NONE', #10140, #11186, #738, .T. ) ;
#9695 = DIRECTION ( 'NONE',  ( -0.000000000000000000, -1.000000000000000000, -0.000000000000000000 ) ) ;
#9696 = EDGE_CURVE ( 'NONE', #4950, #2942, #10495, .T. ) ;
#9697 = DIRECTION ( 'NONE',  ( -1.000000000000000000, 0.000000000000000000, 2.168404344971009657E-15 ) ) ;
#9698 = ORIENTED_EDGE ( 'NONE', *, *, #294, .F. ) ;
#9699 = VERTEX_POINT ( 'NONE', #10358 ) ;
#9700 = DIRECTION ( 'NONE',  ( -0.7071067811865466846, 0.000000000000000000, 0.7071067811865483499 ) ) ;
#9701 = DIRECTION ( 'NONE',  ( -0.000000000000000000, 1.000000000000000000, 0.000000000000000000 ) ) ;
#9702 = ORIENTED_EDGE ( 'NONE', *, *, #2969, .F. ) ;
#9703 = EDGE_CURVE ( 'NONE', #10581, #3211, #6011, .T. ) ;
#9704 = LINE ( 'NONE', #8947, #3337 ) ;
#9705 = CARTESIAN_POINT ( 'NONE',  ( 8.877416997969529433, 2.500000000000000000, 13.74999999999999822 ) ) ;
#9706 = DIRECTION ( 'NONE',  ( 0.000000000000000000, 0.000000000000000000, 1.000000000000000000 ) ) ;
#9707 = DIRECTION ( 'NONE',  ( 0.000000000000000000, 0.000000000000000000, 1.000000000000000000 ) ) ;
#9708 = FACE_OUTER_BOUND ( 'NONE', #3667, .T. ) ;
#9709 = ORIENTED_EDGE ( 'NONE', *, *, #11093, .T. ) ;
#9710 = ORIENTED_EDGE ( 'NONE', *, *, #5793, .F. ) ;
#9711 = DIRECTION ( 'NONE',  ( 0.000000000000000000, 0.000000000000000000, 1.000000000000000000 ) ) ;
#9712 = CARTESIAN_POINT ( 'NONE',  ( -42.74999999999954525, 17.49999999999999645, 43.75000000000000711 ) ) ;
#9713 = CARTESIAN_POINT ( 'NONE',  ( -8.838834764831821289, 47.49999999999998579, -8.838834764831833724 ) ) ;
#9714 = ORIENTED_EDGE ( 'NONE', *, *, #2212, .T. ) ;
#9715 = PLANE ( 'NONE',  #7759 ) ;
#9716 = FACE_OUTER_BOUND ( 'NONE', #10704, .T. ) ;
#9717 = CARTESIAN_POINT ( 'NONE',  ( -31.84145811849277408, 2.500000000000000000, 14.16378858882910485 ) ) ;
#9718 = FACE_BOUND ( 'NONE', #9030, .T. ) ;
#9719 = CIRCLE ( 'NONE', #7523, 2.000000000000001776 ) ;
#9720 = DIRECTION ( 'NONE',  ( 0.000000000000000000, 1.000000000000000000, 0.000000000000000000 ) ) ;
#9721 = CARTESIAN_POINT ( 'NONE',  ( 2.168404344971008868E-15, 17.49999999999999645, 1.000000000000000000 ) ) ;
#9722 = LINE ( 'NONE', #1837, #3259 ) ;
#9723 = PLANE ( 'NONE',  #577 ) ;
#9724 = AXIS2_PLACEMENT_3D ( 'NONE', #4232, #7783, #11226 ) ;
#9725 = ORIENTED_EDGE ( 'NONE', *, *, #7024, .T. ) ;
#9726 = VERTEX_POINT ( 'NONE', #5150 ) ;
#9727 = CARTESIAN_POINT ( 'NONE',  ( 42.74999999999999289, 17.49999999999999645, -25.35466440282023726 ) ) ;
#9728 = DIRECTION ( 'NONE',  ( 0.000000000000000000, 0.000000000000000000, -1.000000000000000000 ) ) ;
#9729 = ADVANCED_FACE ( 'NONE', ( #8965 ), #7313, .T. ) ;
#9730 = CARTESIAN_POINT ( 'NONE',  ( 2.499999999999987121, 2.500000000000000000, 38.41987298107779480 ) ) ;
#9731 = DIRECTION ( 'NONE',  ( -2.168404344971008868E-15, 0.000000000000000000, -1.000000000000000000 ) ) ;
#9732 = CARTESIAN_POINT ( 'NONE',  ( 11.37366758490533947, 2.658948054506820924, 9.839535850691088825 ) ) ;
#9733 = VECTOR ( 'NONE', #886, 1000.000000000000000 ) ;
#9734 = ORIENTED_EDGE ( 'NONE', *, *, #4023, .F. ) ;
#9735 = DIRECTION ( 'NONE',  ( 0.000000000000000000, 1.000000000000000000, -0.000000000000000000 ) ) ;
#9736 = DIRECTION ( 'NONE',  ( 0.000000000000000000, 0.000000000000000000, -1.000000000000000000 ) ) ;
#9737 = VERTEX_POINT ( 'NONE', #10871 ) ;
#9738 = EDGE_CURVE ( 'NONE', #11129, #7891, #10865, .T. ) ;
#9739 = VECTOR ( 'NONE', #7682, 1000.000000000000000 ) ;
#9740 = AXIS2_PLACEMENT_3D ( 'NONE', #10664, #2657, #5229 ) ;
#9741 = ORIENTED_EDGE ( 'NONE', *, *, #2242, .F. ) ;
#9742 = ORIENTED_EDGE ( 'NONE', *, *, #9148, .T. ) ;
#9743 = CARTESIAN_POINT ( 'NONE',  ( -13.12825468289635111, 85.69355547949508889, -13.12825468289637243 ) ) ;
#9744 = DIRECTION ( 'NONE',  ( -0.000000000000000000, -1.000000000000000000, -0.000000000000000000 ) ) ;
#9745 = ORIENTED_EDGE ( 'NONE', *, *, #8772, .F. ) ;
#9746 = EDGE_CURVE ( 'NONE', #6245, #11117, #2963, .T. ) ;
#9747 = ORIENTED_EDGE ( 'NONE', *, *, #903, .T. ) ;
#9748 = DIRECTION ( 'NONE',  ( 0.000000000000000000, 1.000000000000000000, 0.000000000000000000 ) ) ;
#9749 = DIRECTION ( 'NONE',  ( 0.000000000000000000, 1.000000000000000000, 0.000000000000000000 ) ) ;
#9750 = CIRCLE ( 'NONE', #9186, 27.33493649053890096 ) ;
#9751 = VERTEX_POINT ( 'NONE', #1127 ) ;
#9752 = AXIS2_PLACEMENT_3D ( 'NONE', #10771, #2924, #4691 ) ;
#9753 = DIRECTION ( 'NONE',  ( 0.000000000000000000, 1.000000000000000000, 0.000000000000000000 ) ) ;
#9754 = EDGE_CURVE ( 'NONE', #3888, #6450, #8858, .T. ) ;
#9755 = EDGE_CURVE ( 'NONE', #640, #9178, #2798, .T. ) ;
#9756 = EDGE_CURVE ( 'NONE', #956, #4425, #10306, .T. ) ;
#9757 = AXIS2_PLACEMENT_3D ( 'NONE', #1529, #6566, #547 ) ;
#9758 = DIRECTION ( 'NONE',  ( -0.000000000000000000, -1.000000000000000000, -0.000000000000000000 ) ) ;
#9759 = DIRECTION ( 'NONE',  ( 0.000000000000000000, 0.000000000000000000, 1.000000000000000000 ) ) ;
#9760 = CARTESIAN_POINT ( 'NONE',  ( -42.74999999999999289, 2.500000000000000000, 7.853047599532400842E-15 ) ) ;
#9761 = LINE ( 'NONE', #3812, #4146 ) ;
#9762 = ORIENTED_EDGE ( 'NONE', *, *, #1136, .F. ) ;
#9763 = ORIENTED_EDGE ( 'NONE', *, *, #4586, .T. ) ;
#9764 = DIRECTION ( 'NONE',  ( -0.000000000000000000, -1.000000000000000000, -0.000000000000000000 ) ) ;
#9765 = CARTESIAN_POINT ( 'NONE',  ( -41.75000000000013500, 17.49999999999999645, 27.33493649053891161 ) ) ;
#9766 = APPLICATION_PROTOCOL_DEFINITION ( 'draft international standard', 'automotive_design', 1998, #1717 ) ;
#9767 = ORIENTED_EDGE ( 'NONE', *, *, #6030, .T. ) ;
#9768 = VECTOR ( 'NONE', #11205, 1000.000000000000000 ) ;
#9769 = CLOSED_SHELL ( 'NONE', ( #10848, #197, #7131, #1838, #3923, #338, #7373, #1892, #9979, #10956, #8538, #8213, #5352, #9121, #6924, #2771, #4489, #5989, #6785, #7760, #8812, #6950, #9506, #6885, #4196, #11317, #369, #2098, #8758, #5204, #6575, #10229, #9284, #8338, #573, #944, #1325, #2582, #10954, #5068, #4904, #8361, #9961, #565, #9466, #10703, #3054, #11281, #6600, #3961, #475, #7625, #4775, #8908, #3611, #9775, #3298, #3688, #3467, #3776, #4251, #1, #4369, #5732, #11077, #10047, #7560, #9837, #10740, #1683, #1394, #4731, #7268, #9027, #4303, #7957, #79, #10108, #2345, #8064, #10097, #9862, #6292, #9036, #8972, #10849, #11134, #2275, #1182, #9633, #9729, #908, #2525, #3426, #9191, #6198, #1650, #1933, #4020, #6745, #8888, #4291, #11058, #7521, #1275, #7763, #3117, #1089, #2624, #7249, #10370, #6531, #6865, #2019, #3044, #168, #1350, #2875, #7322, #11191, #7931, #1968, #9897, #9072, #5951, #8075, #671, #4138, #2697, #10998, #6431, #8261, #5280, #2827, #2169, #9896, #5943, #5103, #11002, #10398, #925, #8636, #3822, #9819, #9955, #2170, #7582, #6287, #9647, #9381, #1663, #4410, #3317, #7978, #10254, #6963, #7491, #10374, #10880, #5976, #8197, #8693, #1540, #5041, #10623, #8422, #6294, #1122, #10227, #830, #7669, #9872, #8808, #3186, #8667, #6581, #3215, #3264, #8151, #99, #5885, #4220, #10349, #9964, #6171, #1640, #943, #3340, #9530, #4930, #2452, #509, #7023, #10702, #4250, #2228, #9096, #141, #6458, #8923, #4167, #876, #6229, #7922, #2629, #9650, #11033, #10700, #8458, #814, #7746, #7722, #7099, #7477, #1266, #9546, #6251, #1637, #4858, #2265, #2254, #2032, #10586, #6537, #4100, #3179, #3299, #387, #7253, #1973, #1778, #3577, #11140, #440, #6426, #6614, #6786, #4373, #9611, #11342, #5452, #6126, #3475, #3368, #2422, #6322, #8804, #6720, #10935, #7602, #1051, #4981, #8849, #9297, #10454, #3578, #781, #5067, #3862, #7620, #4257, #1075, #4129, #1370, #5445, #639, #1708, #9051, #379, #3003, #4024, #10805, #443, #4572, #921, #8582, #1138, #1739, #789, #3876, #182, #3572, #9813, #10792, #5636, #10350, #5027, #2682, #4353, #2134, #11086, #2417, #5430, #1043, #1049, #7440, #7140, #2071, #1434, #6056, #3381, #1412, #3121, #7231, #10317, #6044, #5471, #10396, #6643, #794, #9439, #10607, #3422, #2329, #10717, #10538, #6216, #8810, #6084, #6666, #6749, #9614, #9179, #9120, #6375, #5585, #5225, #2937, #9923, #1987, #4650, #4551, #9397, #4785, #4137, #2834 ) ) ;
#9770 = EDGE_CURVE ( 'NONE', #11137, #1945, #7932, .T. ) ;
#9771 = PLANE ( 'NONE',  #11244 ) ;
#9772 = CARTESIAN_POINT ( 'NONE',  ( 42.74999999999999289, 19.49999999999999645, -2.617682533177465764E-15 ) ) ;
#9773 = AXIS2_PLACEMENT_3D ( 'NONE', #3530, #1004, #7130 ) ;
#9774 = DIRECTION ( 'NONE',  ( -2.168404344971008868E-15, 0.000000000000000000, -1.000000000000000000 ) ) ;
#9775 = ADVANCED_FACE ( 'NONE', ( #8115 ), #9777, .T. ) ;
#9776 = CARTESIAN_POINT ( 'NONE',  ( 22.53814889626740836, 19.49999999999999645, -27.28291891559792148 ) ) ;
#9777 = PLANE ( 'NONE',  #4279 ) ;
#9778 = VERTEX_POINT ( 'NONE', #4737 ) ;
#9779 = DIRECTION ( 'NONE',  ( 0.7071067811865476838, 0.000000000000000000, 0.7071067811865474617 ) ) ;
#9780 = DIRECTION ( 'NONE',  ( -0.000000000000000000, -1.000000000000000000, -0.000000000000000000 ) ) ;
#9781 = LINE ( 'NONE', #8756, #11201 ) ;
#9782 = AXIS2_PLACEMENT_3D ( 'NONE', #8689, #909, #9671 ) ;
#9783 = PRODUCT_DEFINITION_FORMATION_WITH_SPECIFIED_SOURCE ( 'ä»', '', #3285, .NOT_KNOWN. ) ;
#9784 = VERTEX_POINT ( 'NONE', #2102 ) ;
#9785 = ORIENTED_EDGE ( 'NONE', *, *, #4408, .F. ) ;
#9786 = PLANE ( 'NONE',  #1934 ) ;
#9787 = EDGE_CURVE ( 'NONE', #11178, #4495, #8232, .T. ) ;
#9788 = DIRECTION ( 'NONE',  ( 0.000000000000000000, 0.000000000000000000, -1.000000000000000000 ) ) ;
#9789 = CARTESIAN_POINT ( 'NONE',  ( -37.75000000000000000, 2.500000000000000000, -1.000000000000098144 ) ) ;
#9790 = LINE ( 'NONE', #6358, #2072 ) ;
#9791 = EDGE_CURVE ( 'NONE', #4049, #1238, #6398, .T. ) ;
#9792 = VECTOR ( 'NONE', #919, 1000.000000000000000 ) ;
#9793 = CARTESIAN_POINT ( 'NONE',  ( 42.74999999999999289, 2.500000000000000000, -1.500000000000006439 ) ) ;
#9794 = ORIENTED_EDGE ( 'NONE', *, *, #10663, .F. ) ;
#9795 = CARTESIAN_POINT ( 'NONE',  ( 4.504001642398092977E-13, 19.49999999999999645, 42.74999999999999289 ) ) ;
#9796 = DIRECTION ( 'NONE',  ( 0.000000000000000000, 1.000000000000000000, -0.000000000000000000 ) ) ;
#9797 = EDGE_LOOP ( 'NONE', ( #7266, #5523, #5751, #2490 ) ) ;
#9798 = EDGE_CURVE ( 'NONE', #3006, #2601, #5592, .T. ) ;
#9799 = AXIS2_PLACEMENT_3D ( 'NONE', #271, #3769, #10474 ) ;
#9800 = ORIENTED_EDGE ( 'NONE', *, *, #5323, .T. ) ;
#9801 = EDGE_LOOP ( 'NONE', ( #6997, #5915, #10955, #6851 ) ) ;
#9802 = CARTESIAN_POINT ( 'NONE',  ( -85.49999999999998579, 17.49999999999999645, -0.9999999999999947820 ) ) ;
#9803 = LINE ( 'NONE', #5453, #6730 ) ;
#9804 = ORIENTED_EDGE ( 'NONE', *, *, #4749, .T. ) ;
#9805 = ORIENTED_EDGE ( 'NONE', *, *, #4368, .F. ) ;
#9806 = CARTESIAN_POINT ( 'NONE',  ( 42.74999999999985079, 17.49999999999999645, -43.74999999999970868 ) ) ;
#9807 = CARTESIAN_POINT ( 'NONE',  ( 46.22180415680087151, 24.95324863549492633, 0.9999999999998998579 ) ) ;
#9808 = VECTOR ( 'NONE', #2898, 1000.000000000000000 ) ;
#9809 = ORIENTED_EDGE ( 'NONE', *, *, #4978, .T. ) ;
#9810 = FACE_OUTER_BOUND ( 'NONE', #5192, .T. ) ;
#9811 = CIRCLE ( 'NONE', #11107, 25.35466440282023370 ) ;
#9812 = CYLINDRICAL_SURFACE ( 'NONE', #3908, 27.33493649053890096 ) ;
#9813 = ADVANCED_FACE ( 'NONE', ( #8913 ), #9018, .F. ) ;
#9814 = DIRECTION ( 'NONE',  ( 1.000000000000000000, 0.000000000000000000, -2.168404344971009657E-15 ) ) ;
#9815 = VECTOR ( 'NONE', #3978, 1000.000000000000000 ) ;
#9816 = CARTESIAN_POINT ( 'NONE',  ( 42.74999999999999289, 19.49999999999999645, -2.617682533177465764E-15 ) ) ;
#9817 = DIRECTION ( 'NONE',  ( 2.168404344971008868E-15, 0.000000000000000000, 1.000000000000000000 ) ) ;
#9818 = ORIENTED_EDGE ( 'NONE', *, *, #10442, .T. ) ;
#9819 = ADVANCED_FACE ( 'NONE', ( #10641 ), #3829, .F. ) ;
#9820 = ORIENTED_EDGE ( 'NONE', *, *, #1395, .F. ) ;
#9821 = CARTESIAN_POINT ( 'NONE',  ( -13.48119349357087593, 2.500000000000000000, 13.43217012171423086 ) ) ;
#9822 = DIRECTION ( 'NONE',  ( 0.7071067811865482389, 0.000000000000000000, -0.7071067811865469066 ) ) ;
#9823 = ORIENTED_EDGE ( 'NONE', *, *, #4794, .F. ) ;
#9824 = AXIS2_PLACEMENT_3D ( 'NONE', #736, #4227, #3372 ) ;
#9825 = LINE ( 'NONE', #4671, #8485 ) ;
#9826 = CARTESIAN_POINT ( 'NONE',  ( -47.64897948556637175, 0.000000000000000000, -0.9999999999998971933 ) ) ;
#9827 = AXIS2_PLACEMENT_3D ( 'NONE', #3191, #10171, #835 ) ;
#9828 = VECTOR ( 'NONE', #7773, 1000.000000000000000 ) ;
#9829 = PLANE ( 'NONE',  #4728 ) ;
#9830 = DIRECTION ( 'NONE',  ( 0.000000000000000000, 1.000000000000000000, -0.000000000000000000 ) ) ;
#9831 = DIRECTION ( 'NONE',  ( -1.000000000000000000, -1.972152263052529514E-31, 5.659885683814143012E-15 ) ) ;
#9832 = ORIENTED_EDGE ( 'NONE', *, *, #7915, .T. ) ;
#9833 = ORIENTED_EDGE ( 'NONE', *, *, #5776, .F. ) ;
#9834 = DIRECTION ( 'NONE',  ( 0.7071067811865483499, 0.000000000000000000, -0.7071067811865467956 ) ) ;
#9835 = DIRECTION ( 'NONE',  ( 0.000000000000000000, 1.000000000000000000, 0.000000000000000000 ) ) ;
#9836 = CARTESIAN_POINT ( 'NONE',  ( 40.38836755702141801, 27.36039051652360854, -0.9999999999999074074 ) ) ;
#9837 = ADVANCED_FACE ( 'NONE', ( #4511 ), #8009, .T. ) ;
#9838 = FACE_OUTER_BOUND ( 'NONE', #6791, .T. ) ;
#9839 = AXIS2_PLACEMENT_3D ( 'NONE', #4090, #4036, #1231 ) ;
#9840 = CIRCLE ( 'NONE', #693, 1.000000000000000888 ) ;
#9841 = VERTEX_POINT ( 'NONE', #6285 ) ;
#9842 = ORIENTED_EDGE ( 'NONE', *, *, #10253, .T. ) ;
#9843 = CARTESIAN_POINT ( 'NONE',  ( -4.898979485566343328, 0.000000000000000000, -41.74999999999993605 ) ) ;
#9844 = DIRECTION ( 'NONE',  ( -0.7071067811865482389, 0.000000000000000000, 0.7071067811865469066 ) ) ;
#9845 = DIRECTION ( 'NONE',  ( 8.326672684688672475E-15, 0.000000000000000000, -1.000000000000000000 ) ) ;
#9846 = CARTESIAN_POINT ( 'NONE',  ( 12.75000000000000178, 2.500000000000000444, 8.749999999999998224 ) ) ;
#9847 = AXIS2_PLACEMENT_3D ( 'NONE', #8968, #3832, #9568 ) ;
#9848 = LINE ( 'NONE', #9100, #6007 ) ;
#9849 = VECTOR ( 'NONE', #5882, 1000.000000000000000 ) ;
#9850 = EDGE_LOOP ( 'NONE', ( #230, #6996, #1090 ) ) ;
#9851 = CARTESIAN_POINT ( 'NONE',  ( -42.74999999999999289, 17.49999999999999645, 2.617682533177465764E-15 ) ) ;
#9852 = DIRECTION ( 'NONE',  ( 0.000000000000000000, 1.000000000000000000, -0.000000000000000000 ) ) ;
#9853 = ORIENTED_EDGE ( 'NONE', *, *, #6923, .F. ) ;
#9854 = EDGE_CURVE ( 'NONE', #5792, #3584, #7146, .T. ) ;
#9855 = VECTOR ( 'NONE', #9930, 1000.000000000000000 ) ;
#9856 = EDGE_CURVE ( 'NONE', #4834, #5155, #213, .T. ) ;
#9857 = VERTEX_POINT ( 'NONE', #6344 ) ;
#9858 = ORIENTED_EDGE ( 'NONE', *, *, #2070, .T. ) ;
#9859 = DIRECTION ( 'NONE',  ( 0.000000000000000000, 0.000000000000000000, 1.000000000000000000 ) ) ;
#9860 = EDGE_CURVE ( 'NONE', #882, #10335, #2637, .T. ) ;
#9861 = LINE ( 'NONE', #7119, #321 ) ;
#9862 = ADVANCED_FACE ( 'NONE', ( #2333 ), #432, .T. ) ;
#9863 = EDGE_LOOP ( 'NONE', ( #6539, #6248, #9166, #717, #2402, #5456 ) ) ;
#9864 = CIRCLE ( 'NONE', #6573, 4.999999999999997335 ) ;
#9865 = ORIENTED_EDGE ( 'NONE', *, *, #6807, .T. ) ;
#9866 = LINE ( 'NONE', #9806, #1461 ) ;
#9867 = CARTESIAN_POINT ( 'NONE',  ( 39.27819584319912138, 24.95324863549492633, -0.9999999999999050759 ) ) ;
#9868 = EDGE_LOOP ( 'NONE', ( #9734, #6558, #4729, #3283 ) ) ;
#9869 = VECTOR ( 'NONE', #9748, 1000.000000000000000 ) ;
#9870 = DIRECTION ( 'NONE',  ( 0.000000000000000000, 0.000000000000000000, -1.000000000000000000 ) ) ;
#9871 = CARTESIAN_POINT ( 'NONE',  ( -42.74999999999954525, 2.500000000000000000, 41.75000000000000000 ) ) ;
#9872 = ADVANCED_FACE ( 'NONE', ( #10115 ), #4105, .F. ) ;
#9873 = CARTESIAN_POINT ( 'NONE',  ( -2.500000000000082157, 0.000000000000000000, 18.75650936579264183 ) ) ;
#9874 = DIRECTION ( 'NONE',  ( 0.000000000000000000, 1.000000000000000000, 0.000000000000000000 ) ) ;
#9875 = EDGE_LOOP ( 'NONE', ( #10056, #10196, #1497, #10107 ) ) ;
#9876 = ORIENTED_EDGE ( 'NONE', *, *, #7300, .F. ) ;
#9877 = CYLINDRICAL_SURFACE ( 'NONE', #527, 1.000000000000000888 ) ;
#9878 = EDGE_CURVE ( 'NONE', #8776, #8199, #2451, .T. ) ;
#9879 = DIRECTION ( 'NONE',  ( 1.000000000000000000, -1.972152263052529514E-31, 8.306039671558391198E-15 ) ) ;
#9880 = FACE_OUTER_BOUND ( 'NONE', #8269, .T. ) ;
#9881 = ORIENTED_EDGE ( 'NONE', *, *, #8276, .T. ) ;
#9882 = ORIENTED_EDGE ( 'NONE', *, *, #4280, .F. ) ;
#9883 = EDGE_CURVE ( 'NONE', #1644, #4145, #799, .T. ) ;
#9884 = CARTESIAN_POINT ( 'NONE',  ( 11.45653160759578526, 2.500000000000000000, -15.45683200768929488 ) ) ;
#9885 = LINE ( 'NONE', #2045, #8120 ) ;
#9886 = DIRECTION ( 'NONE',  ( -4.814558332715257843E-15, 0.000000000000000000, 1.000000000000000000 ) ) ;
#9887 = FACE_BOUND ( 'NONE', #7796, .T. ) ;
#9888 = CARTESIAN_POINT ( 'NONE',  ( -1.000000000000042188, 24.95324863549492633, -39.27819584319911428 ) ) ;
#9889 = ORIENTED_EDGE ( 'NONE', *, *, #10846, .F. ) ;
#9890 = VERTEX_POINT ( 'NONE', #11039 ) ;
#9891 = PLANE ( 'NONE',  #3270 ) ;
#9892 = DIRECTION ( 'NONE',  ( 1.000000000000000000, 0.000000000000000000, -1.264284836150040893E-14 ) ) ;
#9893 = CYLINDRICAL_SURFACE ( 'NONE', #1803, 3.000000000000000888 ) ;
#9894 = EDGE_CURVE ( 'NONE', #9471, #4125, #7595, .T. ) ;
#9895 = DIRECTION ( 'NONE',  ( 8.306039671558391198E-15, 0.000000000000000000, -1.000000000000000000 ) ) ;
#9896 = ADVANCED_FACE ( 'NONE', ( #3247 ), #3993, .T. ) ;
#9897 = ADVANCED_FACE ( 'NONE', ( #1355 ), #4960, .F. ) ;
#9898 = VECTOR ( 'NONE', #6702, 1000.000000000000000 ) ;
#9899 = ORIENTED_EDGE ( 'NONE', *, *, #10500, .T. ) ;
#9900 = ORIENTED_EDGE ( 'NONE', *, *, #7234, .F. ) ;
#9901 = DIRECTION ( 'NONE',  ( 0.000000000000000000, 0.000000000000000000, 1.000000000000000000 ) ) ;
#9902 = LINE ( 'NONE', #8129, #6735 ) ;
#9903 = FACE_OUTER_BOUND ( 'NONE', #696, .T. ) ;
#9904 = LINE ( 'NONE', #3900, #3354 ) ;
#9905 = CARTESIAN_POINT ( 'NONE',  ( -42.75000000000014921, 2.500000000000000000, -41.74999999999998579 ) ) ;
#9906 = CARTESIAN_POINT ( 'NONE',  ( -4.898979485566369085, 2.500000000000000000, -43.74999999999993605 ) ) ;
#9907 = CARTESIAN_POINT ( 'NONE',  ( 18.75650936579273065, 0.000000000000000000, -2.499999999999950262 ) ) ;
#9908 = ORIENTED_EDGE ( 'NONE', *, *, #9258, .T. ) ;
#9909 = EDGE_LOOP ( 'NONE', ( #958, #8253 ) ) ;
#9910 = ORIENTED_EDGE ( 'NONE', *, *, #3512, .F. ) ;
#9911 = ORIENTED_EDGE ( 'NONE', *, *, #6474, .F. ) ;
#9912 = AXIS2_PLACEMENT_3D ( 'NONE', #1626, #6886, #2486 ) ;
#9913 = CARTESIAN_POINT ( 'NONE',  ( 42.74999999999985079, 17.49999999999999645, -43.74999999999970868 ) ) ;
#9914 = CYLINDRICAL_SURFACE ( 'NONE', #1447, 1.000000000000000888 ) ;
#9915 = ORIENTED_EDGE ( 'NONE', *, *, #3792, .T. ) ;
#9916 = EDGE_LOOP ( 'NONE', ( #2316, #4447, #2896, #3685, #1690, #3659, #7368 ) ) ;
#9917 = CARTESIAN_POINT ( 'NONE',  ( -17.69932249476184083, 47.49999999999998579, 12.04246824526944515 ) ) ;
#9918 = FACE_OUTER_BOUND ( 'NONE', #9170, .T. ) ;
#9919 = ORIENTED_EDGE ( 'NONE', *, *, #4305, .F. ) ;
#9920 = CIRCLE ( 'NONE', #1523, 1.000000000000000888 ) ;
#9921 = CARTESIAN_POINT ( 'NONE',  ( 42.74999999999985079, 0.000000000000000000, -43.74999999999970868 ) ) ;
#9922 = LINE ( 'NONE', #2086, #3737 ) ;
#9923 = ADVANCED_FACE ( 'NONE', ( #3134 ), #3304, .F. ) ;
#9924 = AXIS2_PLACEMENT_3D ( 'NONE', #9478, #7591, #3411 ) ;
#9925 = LINE ( 'NONE', #8438, #6182 ) ;
#9926 = MECHANICAL_DESIGN_GEOMETRIC_PRESENTATION_REPRESENTATION (  '', ( #4452 ), #9565 ) ;
#9927 = CYLINDRICAL_SURFACE ( 'NONE', #3609, 1.500000000000003997 ) ;
#9928 = ORIENTED_EDGE ( 'NONE', *, *, #7010, .F. ) ;
#9929 = ORIENTED_EDGE ( 'NONE', *, *, #8285, .T. ) ;
#9930 = DIRECTION ( 'NONE',  ( 1.000000000000000000, -0.000000000000000000, -1.264284836150040893E-14 ) ) ;
#9931 = CARTESIAN_POINT ( 'NONE',  ( -14.75000000000000000, 2.767949192431122807, -10.51393202250020664 ) ) ;
#9932 = CARTESIAN_POINT ( 'NONE',  ( 41.74999999999995026, 2.500000000000000000, -4.898979485566348657 ) ) ;
#9933 = VERTEX_POINT ( 'NONE', #9138 ) ;
#9934 = VERTEX_POINT ( 'NONE', #9192 ) ;
#9935 = AXIS2_PLACEMENT_3D ( 'NONE', #6019, #9507, #2583 ) ;
#9936 = EDGE_CURVE ( 'NONE', #8592, #2336, #1414, .T. ) ;
#9937 = EDGE_CURVE ( 'NONE', #1270, #4135, #6831, .T. ) ;
#9938 = AXIS2_PLACEMENT_3D ( 'NONE', #7882, #7071, #836 ) ;
#9939 = CARTESIAN_POINT ( 'NONE',  ( -0.9999999999990992761, -7.292596028743525438E-60, 85.50000000000000000 ) ) ;
#9940 = PLANE ( 'NONE',  #3371 ) ;
#9941 = LINE ( 'NONE', #8058, #10557 ) ;
#9942 = DIRECTION ( 'NONE',  ( -2.168404344971009657E-15, -1.972152263052529514E-31, -1.000000000000000000 ) ) ;
#9943 = DIRECTION ( 'NONE',  ( -0.7071067811865474617, -0.000000000000000000, 0.7071067811865474617 ) ) ;
#9944 = ORIENTED_EDGE ( 'NONE', *, *, #8323, .T. ) ;
#9945 = ORIENTED_EDGE ( 'NONE', *, *, #3474, .T. ) ;
#9946 = CARTESIAN_POINT ( 'NONE',  ( -27.31663875629228855, 17.49999999999999645, 43.75000000000032685 ) ) ;
#9947 = CARTESIAN_POINT ( 'NONE',  ( -7.778174593052035846, 47.49999999999998579, -7.778174593052032293 ) ) ;
#9948 = AXIS2_PLACEMENT_3D ( 'NONE', #6231, #1936, #3655 ) ;
#9949 = CARTESIAN_POINT ( 'NONE',  ( 27.33493649053874819, 17.49999999999999645, -42.75000000000005684 ) ) ;
#9950 = EDGE_CURVE ( 'NONE', #8935, #5406, #5006, .T. ) ;
#9951 = CIRCLE ( 'NONE', #5015, 4.999999999999997335 ) ;
#9952 = DIRECTION ( 'NONE',  ( 0.000000000000000000, 0.000000000000000000, 1.000000000000000000 ) ) ;
#9953 = CIRCLE ( 'NONE', #7396, 4.999999999999997335 ) ;
#9954 = VERTEX_POINT ( 'NONE', #7538 ) ;
#9955 = ADVANCED_FACE ( 'NONE', ( #4788 ), #6680, .F. ) ;
#9956 = ORIENTED_EDGE ( 'NONE', *, *, #5142, .T. ) ;
#9957 = CARTESIAN_POINT ( 'NONE',  ( -4.898979485566368197, -34.48187929913332539, -43.74999999999993605 ) ) ;
#9958 = DIRECTION ( 'NONE',  ( -2.168404344971009657E-15, -1.972152263052529514E-31, -1.000000000000000000 ) ) ;
#9959 = DIRECTION ( 'NONE',  ( 0.000000000000000000, 1.000000000000000000, 0.000000000000000000 ) ) ;
#9960 = LINE ( 'NONE', #8979, #3168 ) ;
#9961 = ADVANCED_FACE ( 'NONE', ( #2394 ), #10133, .F. ) ;
#9962 = CARTESIAN_POINT ( 'NONE',  ( -2.857883832488640863, -34.48187929913332539, 41.85000000000000142 ) ) ;
#9963 = FACE_OUTER_BOUND ( 'NONE', #4086, .T. ) ;
#9964 = ADVANCED_FACE ( 'NONE', ( #7421 ), #10926, .T. ) ;
#9965 = DIRECTION ( 'NONE',  ( -1.000000000000000000, 0.000000000000000000, 1.039958424056858815E-14 ) ) ;
#9966 = DIRECTION ( 'NONE',  ( 0.000000000000000000, 1.000000000000000000, -0.000000000000000000 ) ) ;
#9967 = ORIENTED_EDGE ( 'NONE', *, *, #11304, .F. ) ;
#9968 = VECTOR ( 'NONE', #561, 1000.000000000000000 ) ;
#9969 = EDGE_LOOP ( 'NONE', ( #9710, #8489 ) ) ;
#9970 = EDGE_CURVE ( 'NONE', #7640, #3365, #5197, .T. ) ;
#9971 = ORIENTED_EDGE ( 'NONE', *, *, #6378, .F. ) ;
#9972 = ORIENTED_EDGE ( 'NONE', *, *, #3431, .T. ) ;
#9973 = AXIS2_PLACEMENT_3D ( 'NONE', #10649, #7267, #8865 ) ;
#9974 = DIRECTION ( 'NONE',  ( 0.000000000000000000, 0.000000000000000000, 1.000000000000000000 ) ) ;
#9975 = LINE ( 'NONE', #7453, #7107 ) ;
#9976 = ORIENTED_EDGE ( 'NONE', *, *, #7226, .F. ) ;
#9977 = DIRECTION ( 'NONE',  ( 0.000000000000000000, 0.000000000000000000, 1.000000000000000000 ) ) ;
#9978 = PLANE ( 'NONE',  #9994 ) ;
#9979 = ADVANCED_FACE ( 'NONE', ( #1756 ), #8561, .T. ) ;
#9980 = VERTEX_POINT ( 'NONE', #3481 ) ;
#9981 = AXIS2_PLACEMENT_3D ( 'NONE', #3890, #2107, #7371 ) ;
#9982 = LINE ( 'NONE', #306, #9562 ) ;
#9983 = DIRECTION ( 'NONE',  ( -2.168404344971008868E-15, 0.000000000000000000, -1.000000000000000000 ) ) ;
#9984 = CIRCLE ( 'NONE', #3410, 27.33493649053890096 ) ;
#9985 = DIRECTION ( 'NONE',  ( -0.000000000000000000, -1.000000000000000000, 0.000000000000000000 ) ) ;
#9986 = DIRECTION ( 'NONE',  ( 0.000000000000000000, 1.000000000000000000, -0.000000000000000000 ) ) ;
#9987 = ORIENTED_EDGE ( 'NONE', *, *, #10984, .F. ) ;
#9988 = EDGE_LOOP ( 'NONE', ( #53, #8029, #3996, #8362 ) ) ;
#9989 = LINE ( 'NONE', #8442, #2187 ) ;
#9990 = FACE_OUTER_BOUND ( 'NONE', #9992, .T. ) ;
#9991 = EDGE_LOOP ( 'NONE', ( #6691, #7485 ) ) ;
#9992 = EDGE_LOOP ( 'NONE', ( #9876, #5394 ) ) ;
#9993 = EDGE_CURVE ( 'NONE', #9131, #10606, #1643, .T. ) ;
#9994 = AXIS2_PLACEMENT_3D ( 'NONE', #2830, #10726, #2996 ) ;
#9995 = EDGE_CURVE ( 'NONE', #10821, #2113, #2082, .T. ) ;
#9996 = DIRECTION ( 'NONE',  ( 0.000000000000000000, -1.000000000000000000, 0.000000000000000000 ) ) ;
#9997 = CARTESIAN_POINT ( 'NONE',  ( -40.38836755702141801, 27.36039051652360854, 0.9999999999999074074 ) ) ;
#9998 = DIRECTION ( 'NONE',  ( 0.000000000000000000, 0.000000000000000000, -1.000000000000000000 ) ) ;
#9999 = CARTESIAN_POINT ( 'NONE',  ( -12.74999999999999645, 9.500000000000000000, 13.74999999999999822 ) ) ;
#10000 = CARTESIAN_POINT ( 'NONE',  ( 41.09999999999999432, -34.48187929913332539, -2.857883832488648412 ) ) ;
#10001 = ORIENTED_EDGE ( 'NONE', *, *, #7615, .F. ) ;
#10002 = EDGE_CURVE ( 'NONE', #3241, #3211, #6290, .T. ) ;
#10003 = AXIS2_PLACEMENT_3D ( 'NONE', #4401, #7838, #11335 ) ;
#10004 = ORIENTED_EDGE ( 'NONE', *, *, #3674, .T. ) ;
#10005 = CYLINDRICAL_SURFACE ( 'NONE', #1457, 1.000000000000000888 ) ;
#10006 = LINE ( 'NONE', #9022, #7051 ) ;
#10007 = AXIS2_PLACEMENT_3D ( 'NONE', #7687, #3163, #2371 ) ;
#10008 = LINE ( 'NONE', #1942, #7648 ) ;
#10009 = EDGE_CURVE ( 'NONE', #10307, #4815, #6954, .T. ) ;
#10010 = EDGE_CURVE ( 'NONE', #8781, #8585, #2615, .T. ) ;
#10011 = AXIS2_PLACEMENT_3D ( 'NONE', #822, #10389, #5172 ) ;
#10012 = DIRECTION ( 'NONE',  ( 0.000000000000000000, 1.000000000000000000, 0.000000000000000000 ) ) ;
#10013 = VECTOR ( 'NONE', #1642, 1000.000000000000000 ) ;
#10014 = VECTOR ( 'NONE', #3541, 1000.000000000000000 ) ;
#10015 = EDGE_LOOP ( 'NONE', ( #4382, #6811 ) ) ;
#10016 = ORIENTED_EDGE ( 'NONE', *, *, #5129, .T. ) ;
#10017 = CARTESIAN_POINT ( 'NONE',  ( -10.60660171779822036, 2.500000000000000000, 10.60660171779821681 ) ) ;
#10018 = CARTESIAN_POINT ( 'NONE',  ( 25.33493649053874819, 17.49999999999999645, -43.75000000000013500 ) ) ;
#10019 = CARTESIAN_POINT ( 'NONE',  ( -19.76668419071548755, 19.49999999999999645, -14.79749800988288300 ) ) ;
#10020 = CARTESIAN_POINT ( 'NONE',  ( 2.857883832488651077, -34.48187929913332539, 41.09999999999999432 ) ) ;
#10021 = CARTESIAN_POINT ( 'NONE',  ( -1.000000000000000000, 17.49999999999999645, 5.659885683814142223E-15 ) ) ;
#10022 = DIRECTION ( 'NONE',  ( 0.000000000000000000, 1.000000000000000000, 0.000000000000000000 ) ) ;
#10023 = AXIS2_PLACEMENT_3D ( 'NONE', #5687, #9176, #6488 ) ;
#10024 = FACE_OUTER_BOUND ( 'NONE', #5109, .T. ) ;
#10025 = DIRECTION ( 'NONE',  ( 0.000000000000000000, 1.000000000000000000, 0.000000000000000000 ) ) ;
#10026 = VERTEX_POINT ( 'NONE', #5246 ) ;
#10027 = VECTOR ( 'NONE', #6020, 1000.000000000000000 ) ;
#10028 = EDGE_LOOP ( 'NONE', ( #6878, #2304 ) ) ;
#10029 = ORIENTED_EDGE ( 'NONE', *, *, #1001, .T. ) ;
#10030 = ORIENTED_EDGE ( 'NONE', *, *, #9754, .T. ) ;
#10031 = AXIS2_PLACEMENT_3D ( 'NONE', #2912, #6983, #9021 ) ;
#10032 = EDGE_CURVE ( 'NONE', #3382, #11194, #6339, .T. ) ;
#10033 = VECTOR ( 'NONE', #431, 1000.000000000000000 ) ;
#10034 = AXIS2_PLACEMENT_3D ( 'NONE', #667, #5025, #2399 ) ;
#10035 = DIRECTION ( 'NONE',  ( 0.000000000000000000, 1.000000000000000000, 0.000000000000000000 ) ) ;
#10036 = DIRECTION ( 'NONE',  ( 0.000000000000000000, 1.000000000000000000, 0.000000000000000000 ) ) ;
#10037 = EDGE_LOOP ( 'NONE', ( #4247, #4433, #10685, #9273 ) ) ;
#10038 = CARTESIAN_POINT ( 'NONE',  ( -0.9999999999999799050, 2.499999999999998668, -28.28494219777431340 ) ) ;
#10039 = FACE_OUTER_BOUND ( 'NONE', #6491, .T. ) ;
#10040 = ORIENTED_EDGE ( 'NONE', *, *, #4508, .F. ) ;
#10041 = ORIENTED_EDGE ( 'NONE', *, *, #3553, .F. ) ;
#10042 = VECTOR ( 'NONE', #10118, 1000.000000000000000 ) ;
#10043 = AXIS2_PLACEMENT_3D ( 'NONE', #3376, #6861, #1375 ) ;
#10044 = EDGE_CURVE ( 'NONE', #2186, #2592, #5934, .T. ) ;
#10045 = ORIENTED_EDGE ( 'NONE', *, *, #2347, .F. ) ;
#10046 = ORIENTED_EDGE ( 'NONE', *, *, #10399, .T. ) ;
#10047 = ADVANCED_FACE ( 'NONE', ( #9419 ), #5134, .T. ) ;
#10048 = PLANE ( 'NONE',  #6307 ) ;
#10049 = TOROIDAL_SURFACE ( 'NONE', #3652, 4.000000000000000000, 2.000000000000000000 ) ;
#10050 = DIRECTION ( 'NONE',  ( 0.000000000000000000, 0.000000000000000000, 1.000000000000000000 ) ) ;
#10051 = DIRECTION ( 'NONE',  ( 0.000000000000000000, 1.000000000000000000, -0.000000000000000000 ) ) ;
#10052 = ORIENTED_EDGE ( 'NONE', *, *, #2070, .F. ) ;
#10053 = ORIENTED_EDGE ( 'NONE', *, *, #5972, .F. ) ;
#10054 = LINE ( 'NONE', #9237, #9123 ) ;
#10055 = CARTESIAN_POINT ( 'NONE',  ( -43.75000000000004974, 17.49999999999999645, -27.31663875629274685 ) ) ;
#10056 = ORIENTED_EDGE ( 'NONE', *, *, #4263, .F. ) ;
#10057 = ORIENTED_EDGE ( 'NONE', *, *, #7877, .T. ) ;
#10058 = EDGE_CURVE ( 'NONE', #1969, #2655, #4389, .T. ) ;
#10059 = CARTESIAN_POINT ( 'NONE',  ( -2.361632442978137902, 27.36039051652360854, 41.75000000000009948 ) ) ;
#10060 = CARTESIAN_POINT ( 'NONE',  ( -26.89171065018694406, -2.499999999985152987E-05, 9.214041120523267736 ) ) ;
#10061 = DIRECTION ( 'NONE',  ( 1.000000000000000000, 0.000000000000000000, -3.557752503352412152E-15 ) ) ;
#10062 = DIRECTION ( 'NONE',  ( 0.000000000000000000, 0.000000000000000000, 1.000000000000000000 ) ) ;
#10063 = EDGE_LOOP ( 'NONE', ( #296, #9842, #3345, #8551 ) ) ;
#10064 = EDGE_LOOP ( 'NONE', ( #1758, #20 ) ) ;
#10065 = DIRECTION ( 'NONE',  ( -0.000000000000000000, -1.000000000000000000, 0.000000000000000000 ) ) ;
#10066 = DIRECTION ( 'NONE',  ( 2.090961332650616934E-15, -0.000000000000000000, 1.000000000000000000 ) ) ;
#10067 = DIRECTION ( 'NONE',  ( 0.000000000000000000, 0.000000000000000000, 1.000000000000000000 ) ) ;
#10068 = VERTEX_POINT ( 'NONE', #5075 ) ;
#10069 = FACE_OUTER_BOUND ( 'NONE', #9583, .T. ) ;
#10070 = ORIENTED_EDGE ( 'NONE', *, *, #1576, .F. ) ;
#10071 = ORIENTED_EDGE ( 'NONE', *, *, #8934, .F. ) ;
#10072 = LINE ( 'NONE', #9147, #9201 ) ;
#10073 = CARTESIAN_POINT ( 'NONE',  ( -16.04594491874815176, 19.49999999999999645, 19.63298726938622707 ) ) ;
#10074 = DIRECTION ( 'NONE',  ( -0.000000000000000000, -1.000000000000000000, 0.000000000000000000 ) ) ;
#10075 = CARTESIAN_POINT ( 'NONE',  ( -46.04999999999999716, -34.48187929913332539, -0.7500000000000015543 ) ) ;
#10076 = CARTESIAN_POINT ( 'NONE',  ( 4.504001642398092977E-13, 17.49999999999999645, 42.74999999999999289 ) ) ;
#10077 = LINE ( 'NONE', #7387, #4173 ) ;
#10078 = LINE ( 'NONE', #4808, #2223 ) ;
#10079 = LINE ( 'NONE', #2238, #9828 ) ;
#10080 = ORIENTED_EDGE ( 'NONE', *, *, #4225, .F. ) ;
#10081 = CIRCLE ( 'NONE', #10087, 25.00000000000000711 ) ;
#10082 = EDGE_CURVE ( 'NONE', #10968, #3678, #723, .T. ) ;
#10083 = ORIENTED_EDGE ( 'NONE', *, *, #646, .F. ) ;
#10084 = ORIENTED_EDGE ( 'NONE', *, *, #3860, .T. ) ;
#10085 = DIRECTION ( 'NONE',  ( 0.000000000000000000, 0.000000000000000000, 1.000000000000000000 ) ) ;
#10086 = CARTESIAN_POINT ( 'NONE',  ( 0.9999999999997447597, 27.36039051652360854, -45.11163244297858199 ) ) ;
#10087 = AXIS2_PLACEMENT_3D ( 'NONE', #623, #5956, #4292 ) ;
#10088 = EDGE_LOOP ( 'NONE', ( #6197, #7336, #4668, #4449 ) ) ;
#10089 = CARTESIAN_POINT ( 'NONE',  ( 41.75000000000007816, 0.000000000000000000, 4.898979485566368197 ) ) ;
#10090 = DIRECTION ( 'NONE',  ( 0.000000000000000000, 1.000000000000000000, -0.000000000000000000 ) ) ;
#10091 = ORIENTED_EDGE ( 'NONE', *, *, #3920, .F. ) ;
#10092 = EDGE_CURVE ( 'NONE', #188, #11327, #4323, .T. ) ;
#10093 = EDGE_LOOP ( 'NONE', ( #8984, #10365 ) ) ;
#10094 = AXIS2_PLACEMENT_3D ( 'NONE', #2543, #757, #6773 ) ;
#10095 = VERTEX_POINT ( 'NONE', #3359 ) ;
#10096 = VERTEX_POINT ( 'NONE', #8615 ) ;
#10097 = ADVANCED_FACE ( 'NONE', ( #10515 ), #6159, .T. ) ;
#10098 = LINE ( 'NONE', #5747, #8490 ) ;
#10099 = CARTESIAN_POINT ( 'NONE',  ( 12.75000000000000178, 2.767949192431122807, 12.75000000000000000 ) ) ;
#10100 = CARTESIAN_POINT ( 'NONE',  ( -43.74999999999995026, 2.500000000000000000, 4.999999999999988454 ) ) ;
#10101 = EDGE_LOOP ( 'NONE', ( #7288, #2412, #5826, #3964, #1219, #3120, #9412 ) ) ;
#10102 = EDGE_CURVE ( 'NONE', #123, #10952, #7241, .T. ) ;
#10103 = ORIENTED_EDGE ( 'NONE', *, *, #5293, .F. ) ;
#10104 = DIRECTION ( 'NONE',  ( 0.000000000000000000, 0.000000000000000000, 1.000000000000000000 ) ) ;
#10105 = CARTESIAN_POINT ( 'NONE',  ( -41.09999999999999432, 0.000000000000000000, -2.857883832488648856 ) ) ;
#10106 = ORIENTED_EDGE ( 'NONE', *, *, #6635, .F. ) ;
#10107 = ORIENTED_EDGE ( 'NONE', *, *, #218, .F. ) ;
#10108 = ADVANCED_FACE ( 'NONE', ( #5307 ), #950, .T. ) ;
#10109 = EDGE_CURVE ( 'NONE', #11030, #3397, #2131, .T. ) ;
#10110 = VECTOR ( 'NONE', #9648, 1000.000000000000000 ) ;
#10111 = AXIS2_PLACEMENT_3D ( 'NONE', #10147, #5854, #9338 ) ;
#10112 = DIRECTION ( 'NONE',  ( 0.7071067811865470176, 0.000000000000000000, 0.7071067811865480168 ) ) ;
#10113 = CARTESIAN_POINT ( 'NONE',  ( 41.09999999999999432, 0.000000000000000000, 3.607883832488642195 ) ) ;
#10114 = DIRECTION ( 'NONE',  ( 0.000000000000000000, 1.000000000000000000, 0.000000000000000000 ) ) ;
#10115 = FACE_OUTER_BOUND ( 'NONE', #1401, .T. ) ;
#10116 = VERTEX_POINT ( 'NONE', #10736 ) ;
#10117 = VERTEX_POINT ( 'NONE', #5467 ) ;
#10118 = DIRECTION ( 'NONE',  ( -0.000000000000000000, 1.000000000000000000, -0.000000000000000000 ) ) ;
#10119 = DIRECTION ( 'NONE',  ( 1.000000000000000000, 0.000000000000000000, -3.557752503352412152E-15 ) ) ;
#10120 = CARTESIAN_POINT ( 'NONE',  ( 13.74999999999999822, 0.000000000000000000, 8.877416997969525880 ) ) ;
#10121 = ORIENTED_EDGE ( 'NONE', *, *, #1228, .F. ) ;
#10122 = CARTESIAN_POINT ( 'NONE',  ( -14.75000000000000000, 2.500000000000000000, -9.285898384862242949 ) ) ;
#10123 = VECTOR ( 'NONE', #6855, 1000.000000000000114 ) ;
#10124 = EDGE_CURVE ( 'NONE', #10581, #1459, #5239, .T. ) ;
#10125 = CIRCLE ( 'NONE', #9752, 0.9999999999999991118 ) ;
#10126 = APPLICATION_CONTEXT ( 'automotive_design' ) ;
#10127 = EDGE_CURVE ( 'NONE', #4746, #11045, #3750, .T. ) ;
#10128 = ORIENTED_EDGE ( 'NONE', *, *, #6657, .F. ) ;
#10129 = ORIENTED_EDGE ( 'NONE', *, *, #303, .T. ) ;
#10130 = FACE_OUTER_BOUND ( 'NONE', #4430, .T. ) ;
#10131 = AXIS2_PLACEMENT_3D ( 'NONE', #10280, #9479, #10455 ) ;
#10132 = DIRECTION ( 'NONE',  ( 0.000000000000000000, 1.000000000000000000, -0.000000000000000000 ) ) ;
#10133 = TOROIDAL_SURFACE ( 'NONE', #8299, 4.000000000000000000, 2.000000000000000000 ) ;
#10134 = CYLINDRICAL_SURFACE ( 'NONE', #3017, 0.7499999999999984457 ) ;
#10135 = DIRECTION ( 'NONE',  ( 0.7071067811865473507, -0.000000000000000000, -0.7071067811865477948 ) ) ;
#10136 = DIRECTION ( 'NONE',  ( 1.000000000000000000, 8.326672684688673067E-16, -2.168404344971008474E-15 ) ) ;
#10137 = CARTESIAN_POINT ( 'NONE',  ( -13.48119349357087593, 1.500000000000000000, 13.43217012171423086 ) ) ;
#10138 = VERTEX_POINT ( 'NONE', #254 ) ;
#10139 = DIRECTION ( 'NONE',  ( -1.000000000000000000, 0.000000000000000000, 5.575896887068303672E-15 ) ) ;
#10140 = VERTEX_POINT ( 'NONE', #10798 ) ;
#10141 = CIRCLE ( 'NONE', #2652, 4.000000000000000000 ) ;
#10142 = VECTOR ( 'NONE', #10749, 1000.000000000000000 ) ;
#10143 = EDGE_CURVE ( 'NONE', #8017, #3166, #1767, .T. ) ;
#10144 = ORIENTED_EDGE ( 'NONE', *, *, #8851, .F. ) ;
#10145 = ORIENTED_EDGE ( 'NONE', *, *, #9372, .T. ) ;
#10146 = EDGE_CURVE ( 'NONE', #823, #4870, #10181, .T. ) ;
#10147 = CARTESIAN_POINT ( 'NONE',  ( 45.11163244297857489, 27.36039051652360854, 0.9999999999999021894 ) ) ;
#10148 = CIRCLE ( 'NONE', #3389, 0.7499999999999984457 ) ;
#10149 = CARTESIAN_POINT ( 'NONE',  ( 41.09999999999999432, 2.500000000000000000, -2.857883832488648412 ) ) ;
#10150 = EDGE_LOOP ( 'NONE', ( #7430, #1698, #8332, #8209, #1367 ) ) ;
#10151 = FACE_OUTER_BOUND ( 'NONE', #6646, .T. ) ;
#10152 = CARTESIAN_POINT ( 'NONE',  ( 43.75000000000007816, -34.48187929913332539, 4.898979485566334446 ) ) ;
#10153 = EDGE_CURVE ( 'NONE', #1783, #7154, #10729, .T. ) ;
#10154 = ORIENTED_EDGE ( 'NONE', *, *, #7742, .T. ) ;
#10155 = ORIENTED_EDGE ( 'NONE', *, *, #4409, .F. ) ;
#10156 = VERTEX_POINT ( 'NONE', #367 ) ;
#10157 = DIRECTION ( 'NONE',  ( -0.000000000000000000, -1.000000000000000000, -0.000000000000000000 ) ) ;
#10158 = CARTESIAN_POINT ( 'NONE',  ( 41.09999999999999432, 0.000000000000000000, -2.857883832488648412 ) ) ;
#10159 = DIRECTION ( 'NONE',  ( 5.204170427930421283E-15, 0.000000000000000000, 1.000000000000000000 ) ) ;
#10160 = ORIENTED_EDGE ( 'NONE', *, *, #10215, .F. ) ;
#10161 = ORIENTED_EDGE ( 'NONE', *, *, #2155, .F. ) ;
#10162 = DIRECTION ( 'NONE',  ( -0.000000000000000000, -1.000000000000000000, 0.000000000000000000 ) ) ;
#10163 = CARTESIAN_POINT ( 'NONE',  ( -42.74999999999999289, 0.000000000000000000, 7.853047599532400842E-15 ) ) ;
#10164 = CIRCLE ( 'NONE', #9799, 1.500000000000001332 ) ;
#10165 = ORIENTED_EDGE ( 'NONE', *, *, #2547, .T. ) ;
#10166 = VERTEX_POINT ( 'NONE', #2892 ) ;
#10167 = VECTOR ( 'NONE', #10683, 1000.000000000000000 ) ;
#10168 = DIRECTION ( 'NONE',  ( -0.000000000000000000, -1.000000000000000000, -0.000000000000000000 ) ) ;
#10169 = PLANE ( 'NONE',  #8656 ) ;
#10170 = EDGE_CURVE ( 'NONE', #10898, #8548, #10628, .T. ) ;
#10171 = DIRECTION ( 'NONE',  ( -0.000000000000000000, -1.000000000000000000, 0.000000000000000000 ) ) ;
#10172 = DIRECTION ( 'NONE',  ( 0.000000000000000000, 0.000000000000000000, 1.000000000000000000 ) ) ;
#10173 = EDGE_LOOP ( 'NONE', ( #5985, #10629, #9399, #529 ) ) ;
#10174 = EDGE_LOOP ( 'NONE', ( #4913, #1522, #6670, #5946 ) ) ;
#10175 = DIRECTION ( 'NONE',  ( 8.881784197001256268E-16, 0.000000000000000000, 1.000000000000000000 ) ) ;
#10176 = DIRECTION ( 'NONE',  ( 1.000000000000000000, -0.000000000000000000, -2.168404344971009657E-15 ) ) ;
#10177 = CARTESIAN_POINT ( 'NONE',  ( 42.74999999999999289, 17.49999999999999645, -2.617682533177465764E-15 ) ) ;
#10178 = VERTEX_POINT ( 'NONE', #6383 ) ;
#10179 = DIRECTION ( 'NONE',  ( 0.000000000000000000, 1.000000000000000000, 0.000000000000000000 ) ) ;
#10180 = CIRCLE ( 'NONE', #3790, 0.7499999999999986677 ) ;
#10181 = CIRCLE ( 'NONE', #1408, 27.33493649053890096 ) ;
#10182 = EDGE_CURVE ( 'NONE', #3813, #4021, #10572, .T. ) ;
#10183 = ORIENTED_EDGE ( 'NONE', *, *, #2212, .F. ) ;
#10184 = ORIENTED_EDGE ( 'NONE', *, *, #4404, .F. ) ;
#10185 = CARTESIAN_POINT ( 'NONE',  ( -15.92123735465102108, 2.500000000000002220, -10.33527201114170424 ) ) ;
#10186 = VECTOR ( 'NONE', #8607, 1000.000000000000000 ) ;
#10187 = EDGE_CURVE ( 'NONE', #1872, #4723, #9268, .T. ) ;
#10188 = CARTESIAN_POINT ( 'NONE',  ( -22.64906996306767084, 0.000000000000000000, 7.092720776963610696 ) ) ;
#10189 = LINE ( 'NONE', #2232, #9968 ) ;
#10190 = LINE ( 'NONE', #1547, #4813 ) ;
#10191 = AXIS2_PLACEMENT_3D ( 'NONE', #3926, #10329, #4203 ) ;
#10192 = DIRECTION ( 'NONE',  ( 1.000000000000000000, 0.000000000000000000, -3.557752503352412152E-15 ) ) ;
#10193 = DIRECTION ( 'NONE',  ( 0.000000000000000000, 0.000000000000000000, 1.000000000000000000 ) ) ;
#10194 = VERTEX_POINT ( 'NONE', #309 ) ;
#10195 = LINE ( 'NONE', #6922, #4781 ) ;
#10196 = ORIENTED_EDGE ( 'NONE', *, *, #3118, .T. ) ;
#10197 = CIRCLE ( 'NONE', #1425, 27.33493649053890096 ) ;
#10198 = AXIS2_PLACEMENT_3D ( 'NONE', #5335, #8823, #982 ) ;
#10199 = VERTEX_POINT ( 'NONE', #4603 ) ;
#10200 = ORIENTED_EDGE ( 'NONE', *, *, #1628, .T. ) ;
#10201 = CARTESIAN_POINT ( 'NONE',  ( 0.000000000000000000, 0.000000000000000000, 14.75000000000000000 ) ) ;
#10202 = DIRECTION ( 'NONE',  ( 1.387778780781445281E-15, 0.000000000000000000, -1.000000000000000000 ) ) ;
#10203 = AXIS2_PLACEMENT_3D ( 'NONE', #10503, #1050, #4539 ) ;
#10204 = AXIS2_PLACEMENT_3D ( 'NONE', #6798, #1318, #8305 ) ;
#10205 = DIRECTION ( 'NONE',  ( -1.000000000000000000, 1.972152263052529514E-31, 5.659885683814143012E-15 ) ) ;
#10206 = AXIS2_PLACEMENT_3D ( 'NONE', #7843, #2636, #10475 ) ;
#10207 = VERTEX_POINT ( 'NONE', #7184 ) ;
#10208 = CARTESIAN_POINT ( 'NONE',  ( -26.70405508125148941, 17.49999999999999645, -23.11701273061383688 ) ) ;
#10209 = CARTESIAN_POINT ( 'NONE',  ( 0.000000000000000000, 0.000000000000000000, -42.74999999999999289 ) ) ;
#10210 = ORIENTED_EDGE ( 'NONE', *, *, #8655, .T. ) ;
#10211 = CIRCLE ( 'NONE', #9666, 0.7499999999999984457 ) ;
#10212 = CIRCLE ( 'NONE', #3076, 25.00000000000000711 ) ;
#10213 = ORIENTED_EDGE ( 'NONE', *, *, #5711, .T. ) ;
#10214 = ORIENTED_EDGE ( 'NONE', *, *, #3039, .T. ) ;
#10215 = EDGE_CURVE ( 'NONE', #10919, #2226, #9761, .T. ) ;
#10216 = LINE ( 'NONE', #5118, #6443 ) ;
#10217 = FACE_OUTER_BOUND ( 'NONE', #6681, .T. ) ;
#10218 = CARTESIAN_POINT ( 'NONE',  ( 1.486905836551403652E-14, -34.48187929913332539, 2.499999999999752642 ) ) ;
#10219 = ORIENTED_EDGE ( 'NONE', *, *, #7029, .F. ) ;
#10220 = CIRCLE ( 'NONE', #5101, 25.00000000000000355 ) ;
#10221 = VERTEX_POINT ( 'NONE', #2735 ) ;
#10222 = DIRECTION ( 'NONE',  ( 1.000000000000000000, 1.972152263052529514E-31, 1.323076993872123698E-15 ) ) ;
#10223 = CARTESIAN_POINT ( 'NONE',  ( -47.64897948556632912, 0.000000000000000000, 1.000000000000103251 ) ) ;
#10224 = ORIENTED_EDGE ( 'NONE', *, *, #1932, .F. ) ;
#10225 = VERTEX_POINT ( 'NONE', #2948 ) ;
#10226 = CIRCLE ( 'NONE', #5288, 27.33493649053890096 ) ;
#10227 = ADVANCED_FACE ( 'NONE', ( #9708 ), #6707, .F. ) ;
#10228 = AXIS2_PLACEMENT_3D ( 'NONE', #1873, #7997, #1118 ) ;
#10229 = ADVANCED_FACE ( 'NONE', ( #8842 ), #9927, .F. ) ;
#10230 = DIRECTION ( 'NONE',  ( 0.000000000000000000, 0.000000000000000000, 1.000000000000000000 ) ) ;
#10231 = DIRECTION ( 'NONE',  ( 0.000000000000000000, 1.000000000000000000, 0.000000000000000000 ) ) ;
#10232 = EDGE_CURVE ( 'NONE', #5221, #9512, #5412, .T. ) ;
#10233 = CARTESIAN_POINT ( 'NONE',  ( 39.27819584319912138, 24.95324863549492633, 1.000000000000095035 ) ) ;
#10234 = CARTESIAN_POINT ( 'NONE',  ( -10.60660171779821148, 0.000000000000000000, -10.60660171779820615 ) ) ;
#10235 = VERTEX_POINT ( 'NONE', #9005 ) ;
#10236 = ORIENTED_EDGE ( 'NONE', *, *, #3881, .F. ) ;
#10237 = DIRECTION ( 'NONE',  ( 1.000000000000000000, -1.972152263052529514E-31, 8.306039671558391198E-15 ) ) ;
#10238 = CARTESIAN_POINT ( 'NONE',  ( 22.53814889626740836, 0.7898818883216689457, -27.28291891559792148 ) ) ;
#10239 = FACE_OUTER_BOUND ( 'NONE', #8272, .T. ) ;
#10240 = VERTEX_POINT ( 'NONE', #6328 ) ;
#10241 = AXIS2_PLACEMENT_3D ( 'NONE', #6595, #10904, #8374 ) ;
#10242 = ORIENTED_EDGE ( 'NONE', *, *, #2256, .T. ) ;
#10243 = ORIENTED_EDGE ( 'NONE', *, *, #6862, .T. ) ;
#10244 = FACE_OUTER_BOUND ( 'NONE', #7847, .T. ) ;
#10245 = LINE ( 'NONE', #2404, #8014 ) ;
#10246 = CARTESIAN_POINT ( 'NONE',  ( 5.235365066354933894E-15, -34.48187929913332539, 42.74999999999999289 ) ) ;
#10247 = SURFACE_STYLE_USAGE ( .BOTH. , #1489 ) ;
#10248 = EDGE_CURVE ( 'NONE', #7299, #85, #1777, .T. ) ;
#10249 = FACE_OUTER_BOUND ( 'NONE', #4379, .T. ) ;
#10250 = DIRECTION ( 'NONE',  ( 0.000000000000000000, 1.000000000000000000, 0.000000000000000000 ) ) ;
#10251 = EDGE_CURVE ( 'NONE', #5048, #7901, #672, .T. ) ;
#10252 = DIRECTION ( 'NONE',  ( -0.000000000000000000, -1.000000000000000000, -0.000000000000000000 ) ) ;
#10253 = EDGE_CURVE ( 'NONE', #10235, #2701, #10679, .T. ) ;
#10254 = ADVANCED_FACE ( 'NONE', ( #1341 ), #5809, .F. ) ;
#10255 = ORIENTED_EDGE ( 'NONE', *, *, #1215, .F. ) ;
#10256 = VERTEX_POINT ( 'NONE', #6723 ) ;
#10257 = CARTESIAN_POINT ( 'NONE',  ( -29.41336361528515653, 2.500000000000002220, -2.500000000000066613 ) ) ;
#10258 = LINE ( 'NONE', #6709, #1146 ) ;
#10259 = DIRECTION ( 'NONE',  ( -5.659885683814143012E-15, 0.000000000000000000, -1.000000000000000000 ) ) ;
#10260 = ORIENTED_EDGE ( 'NONE', *, *, #525, .F. ) ;
#10261 = DIRECTION ( 'NONE',  ( 0.000000000000000000, 0.000000000000000000, 1.000000000000000000 ) ) ;
#10262 = CYLINDRICAL_SURFACE ( 'NONE', #4517, 4.999999999999997335 ) ;
#10263 = VERTEX_POINT ( 'NONE', #5007 ) ;
#10264 = VERTEX_POINT ( 'NONE', #2381 ) ;
#10265 = ORIENTED_EDGE ( 'NONE', *, *, #3072, .T. ) ;
#10266 = EDGE_CURVE ( 'NONE', #7785, #19, #3062, .T. ) ;
#10267 = VECTOR ( 'NONE', #7678, 1000.000000000000000 ) ;
#10268 = DIRECTION ( 'NONE',  ( 1.000000000000000000, -0.000000000000000000, 0.000000000000000000 ) ) ;
#10269 = CARTESIAN_POINT ( 'NONE',  ( 2.857883832488646192, -34.48187929913332539, -41.09999999999999432 ) ) ;
#10270 = CARTESIAN_POINT ( 'NONE',  ( 2.857883832488646192, 2.500000000000000000, -41.85000000000000142 ) ) ;
#10271 = ORIENTED_EDGE ( 'NONE', *, *, #5543, .T. ) ;
#10272 = ORIENTED_EDGE ( 'NONE', *, *, #2946, .F. ) ;
#10273 = CYLINDRICAL_SURFACE ( 'NONE', #7307, 1.000000000000000888 ) ;
#10274 = DIRECTION ( 'NONE',  ( 0.000000000000000000, 0.000000000000000000, -1.000000000000000000 ) ) ;
#10275 = ORIENTED_EDGE ( 'NONE', *, *, #5949, .F. ) ;
#10276 = ORIENTED_EDGE ( 'NONE', *, *, #6658, .T. ) ;
#10277 = VECTOR ( 'NONE', #2168, 1000.000000000000000 ) ;
#10278 = EDGE_CURVE ( 'NONE', #4779, #3404, #10367, .T. ) ;
#10279 = CARTESIAN_POINT ( 'NONE',  ( -19.76668419071548044, 17.49999999999999645, 14.79749800988288300 ) ) ;
#10280 = CARTESIAN_POINT ( 'NONE',  ( -27.41116186243804265, 17.49999999999999645, 23.82411951180038656 ) ) ;
#10281 = CARTESIAN_POINT ( 'NONE',  ( 27.95250199011695003, 19.49999999999999645, 22.98331580928440232 ) ) ;
#10282 = AXIS2_PLACEMENT_3D ( 'NONE', #6099, #7757, #9587 ) ;
#10283 = DIRECTION ( 'NONE',  ( 0.7071067811865474617, 0.000000000000000000, -0.7071067811865476838 ) ) ;
#10284 = ORIENTED_EDGE ( 'NONE', *, *, #6807, .F. ) ;
#10285 = VERTEX_POINT ( 'NONE', #3177 ) ;
#10286 = LINE ( 'NONE', #9422, #2916 ) ;
#10287 = FACE_OUTER_BOUND ( 'NONE', #5558, .T. ) ;
#10288 = CARTESIAN_POINT ( 'NONE',  ( 2.499999999999928946, 0.000000000000000000, 23.75650936579279104 ) ) ;
#10289 = ORIENTED_EDGE ( 'NONE', *, *, #5833, .F. ) ;
#10290 = CARTESIAN_POINT ( 'NONE',  ( -25.33493649053846397, 17.49999999999999645, 41.75000000000031264 ) ) ;
#10291 = EDGE_CURVE ( 'NONE', #612, #5173, #1592, .T. ) ;
#10292 = EDGE_CURVE ( 'NONE', #7532, #3863, #6551, .T. ) ;
#10293 = AXIS2_PLACEMENT_3D ( 'NONE', #11012, #3159, #6931 ) ;
#10294 = ORIENTED_EDGE ( 'NONE', *, *, #3877, .T. ) ;
#10295 = FACE_OUTER_BOUND ( 'NONE', #5845, .T. ) ;
#10296 = FACE_OUTER_BOUND ( 'NONE', #10174, .T. ) ;
#10297 = CARTESIAN_POINT ( 'NONE',  ( 0.000000000000000000, 17.49999999999999645, 0.000000000000000000 ) ) ;
#10298 = CARTESIAN_POINT ( 'NONE',  ( 4.898979485566380632, -34.48187929913332539, 43.74999999999990052 ) ) ;
#10299 = CARTESIAN_POINT ( 'NONE',  ( -0.9999999999999071854, 17.49999999999999645, -15.41506350946108661 ) ) ;
#10300 = VECTOR ( 'NONE', #947, 1000.000000000000000 ) ;
#10301 = FACE_OUTER_BOUND ( 'NONE', #7449, .T. ) ;
#10302 = B_SPLINE_CURVE_WITH_KNOTS ( 'NONE', 3,
 ( #9205, #1369, #6631, #8352, #11052, #505, #6693, #2351, #4007, #5837, #4972, #7497, #614, #4115 ),
 .UNSPECIFIED., .F., .F.,
 ( 4, 2, 2, 2, 2, 2, 4 ),
 ( 1.593998466686925901E-05, 0.001329593480692251636, 0.001986420228704943031, 0.002643246976717633992, 0.003300073724730324953, 0.003956900472743016782, 0.005270553968768398705 ),
 .UNSPECIFIED. ) ;
#10303 = CARTESIAN_POINT ( 'NONE',  ( -2.500000000000062172, -34.48187929913332539, 24.41336361528505350 ) ) ;
#10304 = EDGE_CURVE ( 'NONE', #8526, #2395, #2205, .T. ) ;
#10305 = EDGE_CURVE ( 'NONE', #4870, #9655, #1958, .T. ) ;
#10306 = CIRCLE ( 'NONE', #5921, 25.35466440282023370 ) ;
#10307 = VERTEX_POINT ( 'NONE', #4832 ) ;
#10308 = EDGE_CURVE ( 'NONE', #4764, #2588, #11284, .T. ) ;
#10309 = ORIENTED_EDGE ( 'NONE', *, *, #8563, .T. ) ;
#10310 = LINE ( 'NONE', #6188, #9792 ) ;
#10311 = CARTESIAN_POINT ( 'NONE',  ( -43.75000000000013500, 17.49999999999999645, 27.31663875629274685 ) ) ;
#10312 = DIRECTION ( 'NONE',  ( 1.000000000000000000, 0.000000000000000000, 8.306039671558391198E-15 ) ) ;
#10313 = DIRECTION ( 'NONE',  ( -0.7071067811865479058, 0.000000000000000000, 0.7071067811865472397 ) ) ;
#10314 = EDGE_CURVE ( 'NONE', #494, #10166, #7809, .T. ) ;
#10315 = LINE ( 'NONE', #2473, #887 ) ;
#10316 = ORIENTED_EDGE ( 'NONE', *, *, #6732, .F. ) ;
#10317 = ADVANCED_FACE ( 'NONE', ( #5688 ), #7351, .F. ) ;
#10318 = DIRECTION ( 'NONE',  ( -1.323076993872123698E-15, 0.000000000000000000, 1.000000000000000000 ) ) ;
#10319 = DIRECTION ( 'NONE',  ( 1.000000000000000000, 0.000000000000000000, -2.168404344971009657E-15 ) ) ;
#10320 = AXIS2_PLACEMENT_3D ( 'NONE', #10401, #6899, #720 ) ;
#10321 = ORIENTED_EDGE ( 'NONE', *, *, #2343, .T. ) ;
#10322 = VECTOR ( 'NONE', #5759, 1000.000000000000000 ) ;
#10323 = EDGE_LOOP ( 'NONE', ( #6975, #2862, #11251 ) ) ;
#10324 = ORIENTED_EDGE ( 'NONE', *, *, #5805, .F. ) ;
#10325 = VECTOR ( 'NONE', #1669, 1000.000000000000114 ) ;
#10326 = FACE_OUTER_BOUND ( 'NONE', #8106, .T. ) ;
#10327 = EDGE_CURVE ( 'NONE', #7640, #9146, #5749, .T. ) ;
#10328 = DIRECTION ( 'NONE',  ( 0.7071067811865474617, 0.000000000000000000, -0.7071067811865476838 ) ) ;
#10329 = DIRECTION ( 'NONE',  ( 1.000000000000000000, 0.000000000000000000, 0.000000000000000000 ) ) ;
#10330 = ORIENTED_EDGE ( 'NONE', *, *, #9087, .F. ) ;
#10331 = ORIENTED_EDGE ( 'NONE', *, *, #6201, .F. ) ;
#10332 = FACE_OUTER_BOUND ( 'NONE', #63, .T. ) ;
#10333 = CARTESIAN_POINT ( 'NONE',  ( -26.89171065018694406, -1.654361225106055350E-21, 9.214041120523265960 ) ) ;
#10334 = ORIENTED_EDGE ( 'NONE', *, *, #1888, .F. ) ;
#10335 = VERTEX_POINT ( 'NONE', #3124 ) ;
#10336 = VECTOR ( 'NONE', #8519, 1000.000000000000000 ) ;
#10337 = CARTESIAN_POINT ( 'NONE',  ( 2.361632442979033186, 27.36039051652360854, 43.74999999999990763 ) ) ;
#10338 = CARTESIAN_POINT ( 'NONE',  ( -10.51393202250020664, 2.500000000000000000, -14.75000000000000000 ) ) ;
#10339 = VECTOR ( 'NONE', #7325, 999.9999999999998863 ) ;
#10340 = LINE ( 'NONE', #7703, #6361 ) ;
#10341 = DIRECTION ( 'NONE',  ( 0.000000000000000000, 0.000000000000000000, 1.000000000000000000 ) ) ;
#10342 = VERTEX_POINT ( 'NONE', #11025 ) ;
#10343 = ORIENTED_EDGE ( 'NONE', *, *, #2480, .F. ) ;
#10344 = DIRECTION ( 'NONE',  ( -4.814558332715257843E-15, 0.000000000000000000, 1.000000000000000000 ) ) ;
#10345 = PLANE ( 'NONE',  #3780 ) ;
#10346 = DIRECTION ( 'NONE',  ( -0.000000000000000000, -1.000000000000000000, 0.000000000000000000 ) ) ;
#10347 = VERTEX_POINT ( 'NONE', #10100 ) ;
#10348 = DIRECTION ( 'NONE',  ( 0.000000000000000000, -0.000000000000000000, 1.000000000000000000 ) ) ;
#10349 = ADVANCED_FACE ( 'NONE', ( #10856 ), #2321, .T. ) ;
#10350 = ADVANCED_FACE ( 'NONE', ( #4892 ), #8384, .T. ) ;
#10351 = CIRCLE ( 'NONE', #654, 27.33493649053890096 ) ;
#10352 = ORIENTED_EDGE ( 'NONE', *, *, #3014, .T. ) ;
#10353 = DIRECTION ( 'NONE',  ( -0.000000000000000000, -1.000000000000000000, 0.000000000000000000 ) ) ;
#10354 = EDGE_CURVE ( 'NONE', #1287, #9980, #3791, .T. ) ;
#10355 = LINE ( 'NONE', #10471, #4886 ) ;
#10356 = EDGE_CURVE ( 'NONE', #2930, #1343, #9125, .T. ) ;
#10357 = DIRECTION ( 'NONE',  ( 0.000000000000000000, 1.000000000000000000, -0.000000000000000000 ) ) ;
#10358 = CARTESIAN_POINT ( 'NONE',  ( 70.08493649053890806, 17.49999999999999645, -1.000000000000152101 ) ) ;
#10359 = LINE ( 'NONE', #790, #6864 ) ;
#10360 = CIRCLE ( 'NONE', #8522, 0.7499999999999984457 ) ;
#10361 = CARTESIAN_POINT ( 'NONE',  ( -12.75000000000000000, 4.500000000000000888, -14.75000000000000000 ) ) ;
#10362 = VECTOR ( 'NONE', #10404, 1000.000000000000000 ) ;
#10363 = FACE_OUTER_BOUND ( 'NONE', #9875, .T. ) ;
#10364 = AXIS2_PLACEMENT_3D ( 'NONE', #997, #5235, #6999 ) ;
#10365 = ORIENTED_EDGE ( 'NONE', *, *, #7090, .T. ) ;
#10366 = EDGE_LOOP ( 'NONE', ( #2502, #4330, #9687, #5923 ) ) ;
#10367 = CIRCLE ( 'NONE', #7069, 4.000000000000000000 ) ;
#10368 = CARTESIAN_POINT ( 'NONE',  ( 9.628165229955163440, 2.500000000000000000, 15.21413057346447140 ) ) ;
#10369 = DIRECTION ( 'NONE',  ( 1.156482317317871133E-15, 0.000000000000000000, 1.000000000000000000 ) ) ;
#10370 = ADVANCED_FACE ( 'NONE', ( #8267 ), #419, .F. ) ;
#10371 = CARTESIAN_POINT ( 'NONE',  ( 5.235365066354933894E-15, 2.500000000000000000, 44.25000000000000000 ) ) ;
#10372 = DIRECTION ( 'NONE',  ( -0.000000000000000000, -1.000000000000000000, 0.000000000000000000 ) ) ;
#10373 = CARTESIAN_POINT ( 'NONE',  ( 1.000000000000000000, 2.500000000000000000, -1.264284836150040893E-14 ) ) ;
#10374 = ADVANCED_FACE ( 'NONE', ( #759 ), #8546, .F. ) ;
#10375 = CARTESIAN_POINT ( 'NONE',  ( -2.857883832488646192, 2.500000000000000000, -41.09999999999999432 ) ) ;
#10376 = VERTEX_POINT ( 'NONE', #8603 ) ;
#10377 = AXIS2_PLACEMENT_3D ( 'NONE', #5950, #4285, #9431 ) ;
#10378 = CYLINDRICAL_SURFACE ( 'NONE', #7496, 27.33493649053890451 ) ;
#10379 = DIRECTION ( 'NONE',  ( 0.000000000000000000, 1.000000000000000000, -0.000000000000000000 ) ) ;
#10380 = AXIS2_PLACEMENT_3D ( 'NONE', #8077, #7216, #2873 ) ;
#10381 = VERTEX_POINT ( 'NONE', #3519 ) ;
#10382 = EDGE_CURVE ( 'NONE', #4518, #10968, #130, .T. ) ;
#10383 = ORIENTED_EDGE ( 'NONE', *, *, #5098, .T. ) ;
#10384 = ORIENTED_EDGE ( 'NONE', *, *, #2390, .F. ) ;
#10385 = CIRCLE ( 'NONE', #2522, 25.00000000000000711 ) ;
#10386 = AXIS2_PLACEMENT_3D ( 'NONE', #4396, #7019, #5253 ) ;
#10387 = CARTESIAN_POINT ( 'NONE',  ( -12.75000000000000000, 2.500000000000000000, -11.75000000000000000 ) ) ;
#10388 = DIRECTION ( 'NONE',  ( 0.000000000000000000, 1.000000000000000000, 0.000000000000000000 ) ) ;
#10389 = DIRECTION ( 'NONE',  ( 0.000000000000000000, 1.000000000000000000, 0.000000000000000000 ) ) ;
#10390 = VERTEX_POINT ( 'NONE', #10504 ) ;
#10391 = ORIENTED_EDGE ( 'NONE', *, *, #10356, .F. ) ;
#10392 = LINE ( 'NONE', #6040, #4018 ) ;
#10393 = CARTESIAN_POINT ( 'NONE',  ( -7.092720776963623130, 47.49999999999998579, 22.64906996306765308 ) ) ;
#10394 = VERTEX_POINT ( 'NONE', #10270 ) ;
#10395 = DIRECTION ( 'NONE',  ( -1.548860246407864076E-16, 0.000000000000000000, -1.000000000000000000 ) ) ;
#10396 = ADVANCED_FACE ( 'NONE', ( #2659 ), #11308, .F. ) ;
#10397 = AXIS2_PLACEMENT_3D ( 'NONE', #174, #7269, #2922 ) ;
#10398 = ADVANCED_FACE ( 'NONE', ( #10443 ), #11143, .F. ) ;
#10399 = EDGE_CURVE ( 'NONE', #10140, #10376, #680, .T. ) ;
#10400 = LINE ( 'NONE', #1579, #8291 ) ;
#10401 = CARTESIAN_POINT ( 'NONE',  ( 1.000000000000316414, 24.95324863549492633, 39.27819584319910717 ) ) ;
#10402 = CIRCLE ( 'NONE', #155, 0.7499999999999984457 ) ;
#10403 = DIRECTION ( 'NONE',  ( -0.000000000000000000, -1.000000000000000000, -0.000000000000000000 ) ) ;
#10404 = DIRECTION ( 'NONE',  ( 0.000000000000000000, 0.000000000000000000, 1.000000000000000000 ) ) ;
#10405 = ORIENTED_EDGE ( 'NONE', *, *, #4155, .T. ) ;
#10406 = ORIENTED_EDGE ( 'NONE', *, *, #3653, .F. ) ;
#10407 = DIRECTION ( 'NONE',  ( -1.548860246407864076E-16, 0.000000000000000000, -1.000000000000000000 ) ) ;
#10408 = CARTESIAN_POINT ( 'NONE',  ( -14.82843563089469541, 2.500000000000000000, 14.91335510913658347 ) ) ;
#10409 = CARTESIAN_POINT ( 'NONE',  ( 1.000000000000092815, 17.49999999999999645, -15.41506350946109549 ) ) ;
#10410 = VERTEX_POINT ( 'NONE', #880 ) ;
#10411 = CARTESIAN_POINT ( 'NONE',  ( 12.75000000000000000, 0.000000000000000000, -12.75000000000000000 ) ) ;
#10412 = EDGE_LOOP ( 'NONE', ( #1705, #1848, #275 ) ) ;
#10413 = AXIS2_PLACEMENT_3D ( 'NONE', #149, #8161, #8845 ) ;
#10414 = CIRCLE ( 'NONE', #6748, 4.999999999999997335 ) ;
#10415 = ORIENTED_EDGE ( 'NONE', *, *, #6823, .F. ) ;
#10416 = FACE_BOUND ( 'NONE', #8061, .T. ) ;
#10417 = DIRECTION ( 'NONE',  ( 0.000000000000000000, -0.000000000000000000, 1.000000000000000000 ) ) ;
#10418 = PLANE ( 'NONE',  #4657 ) ;
#10419 = CARTESIAN_POINT ( 'NONE',  ( -12.75000000000000000, 9.500000000000000000, -10.75000000000000000 ) ) ;
#10420 = VECTOR ( 'NONE', #1688, 1000.000000000000000 ) ;
#10421 = DIRECTION ( 'NONE',  ( 0.000000000000000000, 0.000000000000000000, 1.000000000000000000 ) ) ;
#10422 = DIRECTION ( 'NONE',  ( 0.000000000000000000, 1.000000000000000000, 0.000000000000000000 ) ) ;
#10423 = CARTESIAN_POINT ( 'NONE',  ( -15.92123735465102108, 2.500000000000000000, -10.33527201114170602 ) ) ;
#10424 = CIRCLE ( 'NONE', #9324, 1.000000000000000888 ) ;
#10425 = ORIENTED_EDGE ( 'NONE', *, *, #7505, .F. ) ;
#10426 = ORIENTED_EDGE ( 'NONE', *, *, #8503, .F. ) ;
#10427 = DIRECTION ( 'NONE',  ( -0.000000000000000000, -1.000000000000000000, 0.000000000000000000 ) ) ;
#10428 = DIRECTION ( 'NONE',  ( 3.980570833268212630E-15, 0.000000000000000000, 1.000000000000000000 ) ) ;
#10429 = CARTESIAN_POINT ( 'NONE',  ( 14.75000000000000000, 2.500000000000000000, -9.285898384862242949 ) ) ;
#10430 = LINE ( 'NONE', #9624, #5393 ) ;
#10431 = LINE ( 'NONE', #8819, #8278 ) ;
#10432 = CARTESIAN_POINT ( 'NONE',  ( -2.828427124746190291, 47.49999999999998579, -2.828427124746192511 ) ) ;
#10433 = VERTEX_POINT ( 'NONE', #9793 ) ;
#10434 = DIRECTION ( 'NONE',  ( 0.7071067811865470176, -0.000000000000000000, 0.7071067811865481278 ) ) ;
#10435 = LINE ( 'NONE', #4245, #8901 ) ;
#10436 = ORIENTED_EDGE ( 'NONE', *, *, #8239, .F. ) ;
#10437 = EDGE_CURVE ( 'NONE', #4730, #8598, #8928, .T. ) ;
#10438 = EDGE_LOOP ( 'NONE', ( #152, #5286 ) ) ;
#10439 = ORIENTED_EDGE ( 'NONE', *, *, #10109, .T. ) ;
#10440 = DIRECTION ( 'NONE',  ( 0.000000000000000000, 0.000000000000000000, -1.000000000000000000 ) ) ;
#10441 = DIRECTION ( 'NONE',  ( 0.7070005298201678112, 0.000000000000000000, 0.7072130165897698717 ) ) ;
#10442 = EDGE_CURVE ( 'NONE', #8598, #7282, #6037, .T. ) ;
#10443 = FACE_OUTER_BOUND ( 'NONE', #336, .T. ) ;
#10444 = ORIENTED_EDGE ( 'NONE', *, *, #9148, .F. ) ;
#10445 = ORIENTED_EDGE ( 'NONE', *, *, #6862, .F. ) ;
#10446 = CARTESIAN_POINT ( 'NONE',  ( 4.535052151002462099E-13, 17.49999999999999645, 68.10466440282023370 ) ) ;
#10447 = DIRECTION ( 'NONE',  ( -1.000000000000000000, 0.000000000000000000, 0.000000000000000000 ) ) ;
#10448 = ORIENTED_EDGE ( 'NONE', *, *, #2714, .T. ) ;
#10449 = DIRECTION ( 'NONE',  ( -0.000000000000000000, -1.000000000000000000, -0.000000000000000000 ) ) ;
#10450 = EDGE_CURVE ( 'NONE', #6547, #1855, #9522, .T. ) ;
#10451 = AXIS2_PLACEMENT_3D ( 'NONE', #4639, #10655, #6305 ) ;
#10452 = EDGE_CURVE ( 'NONE', #2933, #6311, #4912, .T. ) ;
#10453 = DIRECTION ( 'NONE',  ( 0.000000000000000000, 1.000000000000000000, -0.000000000000000000 ) ) ;
#10454 = ADVANCED_FACE ( 'NONE', ( #3291 ), #6776, .F. ) ;
#10455 = DIRECTION ( 'NONE',  ( 0.000000000000000000, 0.000000000000000000, 1.000000000000000000 ) ) ;
#10456 = CARTESIAN_POINT ( 'NONE',  ( -29.41336361528515297, 85.69355547949508889, -2.500000000000067057 ) ) ;
#10457 = DIRECTION ( 'NONE',  ( 2.168404344971009657E-15, -1.972152263052529514E-31, 1.000000000000000000 ) ) ;
#10458 = ORIENTED_EDGE ( 'NONE', *, *, #5986, .F. ) ;
#10459 = EDGE_CURVE ( 'NONE', #2942, #7037, #9295, .T. ) ;
#10460 = VERTEX_POINT ( 'NONE', #1568 ) ;
#10461 = DIRECTION ( 'NONE',  ( 0.000000000000000000, 0.000000000000000000, -1.000000000000000000 ) ) ;
#10462 = CARTESIAN_POINT ( 'NONE',  ( -42.74999999999999289, 17.49999999999999645, 2.617682533177465764E-15 ) ) ;
#10463 = CARTESIAN_POINT ( 'NONE',  ( 42.74999999999999289, 2.500000000000000000, -2.617682533177465764E-15 ) ) ;
#10464 = EDGE_CURVE ( 'NONE', #10166, #5469, #10765, .T. ) ;
#10465 = ORIENTED_EDGE ( 'NONE', *, *, #10002, .F. ) ;
#10466 = CIRCLE ( 'NONE', #8264, 25.35466440282023370 ) ;
#10467 = LINE ( 'NONE', #9544, #1060 ) ;
#10468 = VERTEX_POINT ( 'NONE', #710 ) ;
#10469 = ORIENTED_EDGE ( 'NONE', *, *, #9473, .T. ) ;
#10470 = PLANE ( 'NONE',  #7559 ) ;
#10471 = CARTESIAN_POINT ( 'NONE',  ( 42.75000000000045475, 0.000000000000000000, 43.74999999999969447 ) ) ;
#10472 = CARTESIAN_POINT ( 'NONE',  ( -12.74999999999999645, 0.000000000000000000, 12.75000000000000000 ) ) ;
#10473 = PLANE ( 'NONE',  #4084 ) ;
#10474 = DIRECTION ( 'NONE',  ( 0.000000000000000000, 0.000000000000000000, 1.000000000000000000 ) ) ;
#10475 = DIRECTION ( 'NONE',  ( 0.000000000000000000, 0.000000000000000000, 1.000000000000000000 ) ) ;
#10476 = EDGE_CURVE ( 'NONE', #6629, #10394, #4376, .T. ) ;
#10477 = DIRECTION ( 'NONE',  ( 1.000000000000000000, -0.000000000000000000, -2.168404344971009657E-15 ) ) ;
#10478 = VECTOR ( 'NONE', #1104, 1000.000000000000000 ) ;
#10479 = ORIENTED_EDGE ( 'NONE', *, *, #6630, .T. ) ;
#10480 = ORIENTED_EDGE ( 'NONE', *, *, #8281, .F. ) ;
#10481 = DIRECTION ( 'NONE',  ( 0.000000000000000000, 1.000000000000000000, 0.000000000000000000 ) ) ;
#10482 = CIRCLE ( 'NONE', #5541, 0.7500000000000006661 ) ;
#10483 = DIRECTION ( 'NONE',  ( -8.326672684688672475E-15, 0.000000000000000000, 1.000000000000000000 ) ) ;
#10484 = DIRECTION ( 'NONE',  ( 2.168404344971009657E-15, -1.972152263052529514E-31, 1.000000000000000000 ) ) ;
#10485 = PRESENTATION_LAYER_ASSIGNMENT (  '', '', ( #4452 ) ) ;
#10486 = CARTESIAN_POINT ( 'NONE',  ( -12.75000000000000000, 2.500000000000000000, -15.75000000000000000 ) ) ;
#10487 = CARTESIAN_POINT ( 'NONE',  ( -14.75000000000000000, 2.500000000000000000, 6.463203435596433621 ) ) ;
#10488 = CARTESIAN_POINT ( 'NONE',  ( 0.000000000000000000, 2.500000000000000000, 14.75000000000000000 ) ) ;
#10489 = EDGE_LOOP ( 'NONE', ( #146, #9373, #6113, #7515 ) ) ;
#10490 = DIRECTION ( 'NONE',  ( 0.000000000000000000, 1.000000000000000000, -0.000000000000000000 ) ) ;
#10491 = DIRECTION ( 'NONE',  ( -0.000000000000000000, -1.000000000000000000, 0.000000000000000000 ) ) ;
#10492 = EDGE_LOOP ( 'NONE', ( #466, #938, #10289, #3312 ) ) ;
#10493 = EDGE_CURVE ( 'NONE', #11080, #6038, #7869, .T. ) ;
#10494 = AXIS2_PLACEMENT_3D ( 'NONE', #8168, #1077, #3602 ) ;
#10495 = CIRCLE ( 'NONE', #2819, 25.35466440282023370 ) ;
#10496 = EDGE_CURVE ( 'NONE', #7772, #3365, #11193, .T. ) ;
#10497 = ORIENTED_EDGE ( 'NONE', *, *, #9113, .F. ) ;
#10498 = ORIENTED_EDGE ( 'NONE', *, *, #9527, .T. ) ;
#10499 = DIRECTION ( 'NONE',  ( 0.000000000000000000, 0.000000000000000000, 1.000000000000000000 ) ) ;
#10500 = EDGE_CURVE ( 'NONE', #823, #2893, #1629, .T. ) ;
#10501 = AXIS2_PLACEMENT_3D ( 'NONE', #5530, #98, #8799 ) ;
#10502 = EDGE_CURVE ( 'NONE', #3157, #11229, #10077, .T. ) ;
#10503 = CARTESIAN_POINT ( 'NONE',  ( -42.74999999999999289, 0.000000000000000000, 7.853047599532400842E-15 ) ) ;
#10504 = CARTESIAN_POINT ( 'NONE',  ( 19.76668419071549110, 19.49999999999999645, 14.79749800988288833 ) ) ;
#10505 = ORIENTED_EDGE ( 'NONE', *, *, #9259, .F. ) ;
#10506 = ORIENTED_EDGE ( 'NONE', *, *, #193, .F. ) ;
#10507 = CARTESIAN_POINT ( 'NONE',  ( -42.74999999999999289, 17.49999999999999645, 2.617682533177465764E-15 ) ) ;
#10508 = DIRECTION ( 'NONE',  ( 1.000000000000000000, 0.000000000000000000, -2.168404344971009657E-15 ) ) ;
#10509 = EDGE_LOOP ( 'NONE', ( #5861, #3869, #4026, #9805, #5888 ) ) ;
#10510 = DIRECTION ( 'NONE',  ( 0.000000000000000000, 0.000000000000000000, -1.000000000000000000 ) ) ;
#10511 = AXIS2_PLACEMENT_3D ( 'NONE', #10910, #4720, #5964 ) ;
#10512 = DIRECTION ( 'NONE',  ( 0.000000000000000000, 0.000000000000000000, -1.000000000000000000 ) ) ;
#10513 = DIRECTION ( 'NONE',  ( 0.000000000000000000, 1.000000000000000000, 0.000000000000000000 ) ) ;
#10514 = DIRECTION ( 'NONE',  ( -0.000000000000000000, -1.000000000000000000, -0.000000000000000000 ) ) ;
#10515 = FACE_OUTER_BOUND ( 'NONE', #4500, .T. ) ;
#10516 = VERTEX_POINT ( 'NONE', #8073 ) ;
#10517 = ORIENTED_EDGE ( 'NONE', *, *, #818, .F. ) ;
#10518 = FACE_OUTER_BOUND ( 'NONE', #2172, .T. ) ;
#10519 = CARTESIAN_POINT ( 'NONE',  ( 5.639498510073560199E-15, -34.48187929913332539, 46.04999999999999716 ) ) ;
#10520 = AXIS2_PLACEMENT_3D ( 'NONE', #2811, #6301, #1950 ) ;
#10521 = LINE ( 'NONE', #9541, #8757 ) ;
#10522 = VERTEX_POINT ( 'NONE', #2121 ) ;
#10523 = FACE_OUTER_BOUND ( 'NONE', #3180, .T. ) ;
#10524 = ORIENTED_EDGE ( 'NONE', *, *, #741, .T. ) ;
#10525 = AXIS2_PLACEMENT_3D ( 'NONE', #11326, #8740, #4275 ) ;
#10526 = EDGE_CURVE ( 'NONE', #9503, #6274, #9477, .T. ) ;
#10527 = VECTOR ( 'NONE', #7903, 1000.000000000000000 ) ;
#10528 = CARTESIAN_POINT ( 'NONE',  ( 43.75000000000007816, 2.500000000000000000, 4.999999999999999112 ) ) ;
#10529 = FACE_BOUND ( 'NONE', #10438, .T. ) ;
#10530 = CYLINDRICAL_SURFACE ( 'NONE', #9480, 0.7500000000000006661 ) ;
#10531 = CARTESIAN_POINT ( 'NONE',  ( -4.898979485566324676, 0.000000000000000000, 43.75000000000012079 ) ) ;
#10532 = DIRECTION ( 'NONE',  ( -0.7071067811865474617, 0.000000000000000000, 0.7071067811865474617 ) ) ;
#10533 = LINE ( 'NONE', #4458, #7974 ) ;
#10534 = DIRECTION ( 'NONE',  ( 0.000000000000000000, 1.000000000000000000, 0.000000000000000000 ) ) ;
#10535 = CARTESIAN_POINT ( 'NONE',  ( 2.168404344971400537E-15, 2.500000000000000000, 1.000000000000180300 ) ) ;
#10536 = VECTOR ( 'NONE', #4164, 1000.000000000000000 ) ;
#10537 = EDGE_CURVE ( 'NONE', #10633, #10906, #698, .T. ) ;
#10538 = ADVANCED_FACE ( 'NONE', ( #9963 ), #4693, .F. ) ;
#10539 = ORIENTED_EDGE ( 'NONE', *, *, #582, .F. ) ;
#10540 = ORIENTED_EDGE ( 'NONE', *, *, #555, .F. ) ;
#10541 = CARTESIAN_POINT ( 'NONE',  ( -11.83545880536769523, 2.562492193388279382, -9.377744630228729505 ) ) ;
#10542 = AXIS2_PLACEMENT_3D ( 'NONE', #3196, #6794, #2504 ) ;
#10543 = DIRECTION ( 'NONE',  ( 0.7071067811865472397, 0.000000000000000000, 0.7071067811865479058 ) ) ;
#10544 = DIRECTION ( 'NONE',  ( 1.000000000000000000, 0.000000000000000000, -3.557752503352412152E-15 ) ) ;
#10545 = LINE ( 'NONE', #7907, #4474 ) ;
#10546 = CARTESIAN_POINT ( 'NONE',  ( -27.33493649053846397, 17.49999999999999645, 41.75000000000032685 ) ) ;
#10547 = DIRECTION ( 'NONE',  ( 0.000000000000000000, 0.000000000000000000, -1.000000000000000000 ) ) ;
#10548 = ORIENTED_EDGE ( 'NONE', *, *, #7234, .T. ) ;
#10549 = DIRECTION ( 'NONE',  ( 0.000000000000000000, 0.000000000000000000, 1.000000000000000000 ) ) ;
#10550 = PLANE ( 'NONE',  #5988 ) ;
#10551 = EDGE_LOOP ( 'NONE', ( #1301, #8050, #1723, #6938, #2217, #10155, #2541, #9693, #9714, #9560, #3125, #2779, #2373 ) ) ;
#10552 = AXIS2_PLACEMENT_3D ( 'NONE', #6669, #3239, #8497 ) ;
#10553 = VECTOR ( 'NONE', #8893, 1000.000000000000000 ) ;
#10554 = ORIENTED_EDGE ( 'NONE', *, *, #2129, .T. ) ;
#10555 = EDGE_LOOP ( 'NONE', ( #8380, #4219, #3963, #8087, #4990, #10469, #4921 ) ) ;
#10556 = CYLINDRICAL_SURFACE ( 'NONE', #11020, 1.000000000000000888 ) ;
#10557 = VECTOR ( 'NONE', #7195, 1000.000000000000000 ) ;
#10558 = AXIS2_PLACEMENT_3D ( 'NONE', #10789, #9057, #8995 ) ;
#10559 = LINE ( 'NONE', #2721, #6368 ) ;
#10560 = ORIENTED_EDGE ( 'NONE', *, *, #3320, .T. ) ;
#10561 = VECTOR ( 'NONE', #4773, 1000.000000000000114 ) ;
#10562 = ORIENTED_EDGE ( 'NONE', *, *, #1989, .T. ) ;
#10563 = CARTESIAN_POINT ( 'NONE',  ( 20.21185110373244598, 0.7898818883216689457, 15.46708108440193463 ) ) ;
#10564 = DIRECTION ( 'NONE',  ( -0.000000000000000000, -1.000000000000000000, 0.000000000000000000 ) ) ;
#10565 = EDGE_LOOP ( 'NONE', ( #761, #5754 ) ) ;
#10566 = CARTESIAN_POINT ( 'NONE',  ( -5.227403331626358135E-15, -34.48187929913332539, -2.499999999999912514 ) ) ;
#10567 = AXIS2_PLACEMENT_3D ( 'NONE', #10797, #9063, #6550 ) ;
#10568 = AXIS2_PLACEMENT_3D ( 'NONE', #11269, #669, #780 ) ;
#10569 = LINE ( 'NONE', #1752, #10110 ) ;
#10570 = LINE ( 'NONE', #8788, #6479 ) ;
#10571 = PLANE ( 'NONE',  #316 ) ;
#10572 = LINE ( 'NONE', #8157, #6520 ) ;
#10573 = ORIENTED_EDGE ( 'NONE', *, *, #1440, .T. ) ;
#10574 = AXIS2_PLACEMENT_3D ( 'NONE', #821, #4314, #6775 ) ;
#10575 = EDGE_CURVE ( 'NONE', #11101, #10410, #5631, .T. ) ;
#10576 = ORIENTED_EDGE ( 'NONE', *, *, #2630, .F. ) ;
#10577 = CARTESIAN_POINT ( 'NONE',  ( 12.75000000000000178, 9.500000000000000000, 10.75000000000000000 ) ) ;
#10578 = CYLINDRICAL_SURFACE ( 'NONE', #7800, 0.7500000000000006661 ) ;
#10579 = VECTOR ( 'NONE', #6632, 999.9999999999998863 ) ;
#10580 = CARTESIAN_POINT ( 'NONE',  ( -0.9999999999998198108, 2.500000000000000000, 5.659885683813123015E-15 ) ) ;
#10581 = VERTEX_POINT ( 'NONE', #283 ) ;
#10582 = ORIENTED_EDGE ( 'NONE', *, *, #1283, .F. ) ;
#10583 = AXIS2_PLACEMENT_3D ( 'NONE', #9038, #5553, #3098 ) ;
#10584 = EDGE_CURVE ( 'NONE', #11030, #6597, #3784, .T. ) ;
#10585 = CIRCLE ( 'NONE', #5638, 4.999999999999997335 ) ;
#10586 = ADVANCED_FACE ( 'NONE', ( #8188 ), #345, .T. ) ;
#10587 = VECTOR ( 'NONE', #9774, 1000.000000000000000 ) ;
#10588 = DIRECTION ( 'NONE',  ( 0.000000000000000000, 1.000000000000000000, -0.000000000000000000 ) ) ;
#10589 = CARTESIAN_POINT ( 'NONE',  ( -14.75000000000000000, 2.500000000000000000, 0.000000000000000000 ) ) ;
#10590 = LINE ( 'NONE', #1078, #3058 ) ;
#10591 = CARTESIAN_POINT ( 'NONE',  ( 2.168404344971008868E-15, 0.000000000000000000, 1.000000000000000000 ) ) ;
#10592 = CARTESIAN_POINT ( 'NONE',  ( -27.95250199011694292, 17.49999999999999645, -22.98331580928439877 ) ) ;
#10593 = CYLINDRICAL_SURFACE ( 'NONE', #4902, 4.999999999999997335 ) ;
#10594 = CIRCLE ( 'NONE', #9118, 4.999999999999997335 ) ;
#10595 = CARTESIAN_POINT ( 'NONE',  ( 0.000000000000000000, 0.000000000000000000, -42.74999999999999289 ) ) ;
#10596 = VERTEX_POINT ( 'NONE', #3727 ) ;
#10597 = EDGE_CURVE ( 'NONE', #11209, #353, #7273, .T. ) ;
#10598 = ORIENTED_EDGE ( 'NONE', *, *, #650, .T. ) ;
#10599 = VECTOR ( 'NONE', #5063, 1000.000000000000000 ) ;
#10600 = LINE ( 'NONE', #3721, #5582 ) ;
#10601 = CARTESIAN_POINT ( 'NONE',  ( -12.75000000000000000, 4.500000000000000888, -16.75000000000000000 ) ) ;
#10602 = CARTESIAN_POINT ( 'NONE',  ( -1.518785097687213895E-13, 17.49999999999999645, -42.74999999999999289 ) ) ;
#10603 = LINE ( 'NONE', #6981, #1366 ) ;
#10604 = DIRECTION ( 'NONE',  ( 1.000000000000000000, 0.000000000000000000, -3.553859168040306887E-15 ) ) ;
#10605 = EDGE_CURVE ( 'NONE', #4006, #11008, #2181, .T. ) ;
#10606 = VERTEX_POINT ( 'NONE', #6359 ) ;
#10607 = ADVANCED_FACE ( 'NONE', ( #10889 ), #1145, .F. ) ;
#10608 = CARTESIAN_POINT ( 'NONE',  ( -9.285898384862239396, 2.500000000000000000, 14.75000000000000000 ) ) ;
#10609 = DIRECTION ( 'NONE',  ( -0.7071067811865482389, 0.000000000000000000, 0.7071067811865469066 ) ) ;
#10610 = EDGE_CURVE ( 'NONE', #5449, #11209, #9848, .T. ) ;
#10611 = ORIENTED_EDGE ( 'NONE', *, *, #4308, .T. ) ;
#10612 = CIRCLE ( 'NONE', #10241, 0.9999999999999991118 ) ;
#10613 = ORIENTED_EDGE ( 'NONE', *, *, #2056, .T. ) ;
#10614 = EDGE_LOOP ( 'NONE', ( #4585, #9899, #4656 ) ) ;
#10615 = DIRECTION ( 'NONE',  ( 0.000000000000000000, 1.000000000000000000, 0.000000000000000000 ) ) ;
#10616 = DIRECTION ( 'NONE',  ( 0.7071067811865470176, 0.000000000000000000, -0.7071067811865480168 ) ) ;
#10617 = ORIENTED_EDGE ( 'NONE', *, *, #7005, .T. ) ;
#10618 = VERTEX_POINT ( 'NONE', #10829 ) ;
#10619 = DIRECTION ( 'NONE',  ( 0.000000000000000000, 0.000000000000000000, 1.000000000000000000 ) ) ;
#10620 = PLANE ( 'NONE',  #10364 ) ;
#10621 = ORIENTED_EDGE ( 'NONE', *, *, #2695, .F. ) ;
#10622 = FACE_OUTER_BOUND ( 'NONE', #8486, .T. ) ;
#10623 = ADVANCED_FACE ( 'NONE', ( #2982, #453 ), #10772, .T. ) ;
#10624 = CARTESIAN_POINT ( 'NONE',  ( -2.857883832488646192, -34.48187929913332539, -40.34999999999999432 ) ) ;
#10625 = B_SPLINE_CURVE_WITH_KNOTS ( 'NONE', 3,
 ( #452, #7386, #11059, #6466, #1435, #4013 ),
 .UNSPECIFIED., .F., .F.,
 ( 4, 2, 4 ),
 ( 0.000000000000000000, 0.0006288281924784579809, 0.001257656384956915962 ),
 .UNSPECIFIED. ) ;
#10626 = LINE ( 'NONE', #4491, #1733 ) ;
#10627 = DIRECTION ( 'NONE',  ( 0.000000000000000000, 1.000000000000000000, -0.000000000000000000 ) ) ;
#10628 = LINE ( 'NONE', #3868, #7619 ) ;
#10629 = ORIENTED_EDGE ( 'NONE', *, *, #6193, .T. ) ;
#10630 = ORIENTED_EDGE ( 'NONE', *, *, #2241, .T. ) ;
#10631 = DIRECTION ( 'NONE',  ( 1.000000000000000000, 0.000000000000000000, 1.224646799147353207E-16 ) ) ;
#10632 = FACE_OUTER_BOUND ( 'NONE', #656, .T. ) ;
#10633 = VERTEX_POINT ( 'NONE', #9154 ) ;
#10634 = EDGE_CURVE ( 'NONE', #8199, #260, #6413, .T. ) ;
#10635 = EDGE_CURVE ( 'NONE', #8776, #10381, #7286, .T. ) ;
#10636 = DIRECTION ( 'NONE',  ( -0.7071067811865481278, 0.000000000000000000, 0.7071067811865470176 ) ) ;
#10637 = FACE_OUTER_BOUND ( 'NONE', #5510, .T. ) ;
#10638 = DIRECTION ( 'NONE',  ( -0.000000000000000000, -1.000000000000000000, -0.000000000000000000 ) ) ;
#10639 = DIRECTION ( 'NONE',  ( 0.000000000000000000, 1.000000000000000000, 0.000000000000000000 ) ) ;
#10640 = VECTOR ( 'NONE', #10252, 1000.000000000000000 ) ;
#10641 = FACE_OUTER_BOUND ( 'NONE', #5339, .T. ) ;
#10642 = VERTEX_POINT ( 'NONE', #1316 ) ;
#10643 = CARTESIAN_POINT ( 'NONE',  ( 12.45209455274892285, 2.500000000000000000, -8.761108882847496560 ) ) ;
#10644 = DIRECTION ( 'NONE',  ( 9.151367022657275579E-15, 0.000000000000000000, 1.000000000000000000 ) ) ;
#10645 = EDGE_CURVE ( 'NONE', #2942, #3813, #4806, .T. ) ;
#10646 = CARTESIAN_POINT ( 'NONE',  ( 46.04999999999999716, -34.48187929913332539, 0.7499999999999958922 ) ) ;
#10647 = EDGE_LOOP ( 'NONE', ( #6107, #4321, #3310, #7469, #3967 ) ) ;
#10648 = ORIENTED_EDGE ( 'NONE', *, *, #7916, .F. ) ;
#10649 = CARTESIAN_POINT ( 'NONE',  ( 12.75000000000000178, 2.767949192431122807, 12.75000000000000000 ) ) ;
#10650 = CYLINDRICAL_SURFACE ( 'NONE', #1983, 0.9999999999999991118 ) ;
#10651 = DIRECTION ( 'NONE',  ( 1.000000000000000000, 0.000000000000000000, -2.168404344971009657E-15 ) ) ;
#10652 = DIRECTION ( 'NONE',  ( 0.000000000000000000, 1.000000000000000000, 0.000000000000000000 ) ) ;
#10653 = VECTOR ( 'NONE', #6719, 1000.000000000000000 ) ;
#10654 = ORIENTED_EDGE ( 'NONE', *, *, #11120, .F. ) ;
#10655 = DIRECTION ( 'NONE',  ( 0.000000000000000000, 1.000000000000000000, 0.000000000000000000 ) ) ;
#10656 = DIRECTION ( 'NONE',  ( -1.323076993872123698E-15, 0.000000000000000000, 1.000000000000000000 ) ) ;
#10657 = ORIENTED_EDGE ( 'NONE', *, *, #8297, .F. ) ;
#10658 = EDGE_CURVE ( 'NONE', #8956, #11300, #158, .T. ) ;
#10659 = AXIS2_PLACEMENT_3D ( 'NONE', #11318, #2610, #9591 ) ;
#10660 = AXIS2_PLACEMENT_3D ( 'NONE', #4360, #2586, #7908 ) ;
#10661 = ORIENTED_EDGE ( 'NONE', *, *, #2517, .F. ) ;
#10662 = VERTEX_POINT ( 'NONE', #10361 ) ;
#10663 = EDGE_CURVE ( 'NONE', #4815, #1103, #1451, .T. ) ;
#10664 = CARTESIAN_POINT ( 'NONE',  ( 4.504001642398092977E-13, 19.49999999999999645, 42.74999999999999289 ) ) ;
#10665 = CARTESIAN_POINT ( 'NONE',  ( 14.75000000000000000, 2.500000000000000000, 0.000000000000000000 ) ) ;
#10666 = VERTEX_POINT ( 'NONE', #2519 ) ;
#10667 = ORIENTED_EDGE ( 'NONE', *, *, #5539, .F. ) ;
#10668 = FACE_OUTER_BOUND ( 'NONE', #8043, .T. ) ;
#10669 = LINE ( 'NONE', #2885, #5977 ) ;
#10670 = AXIS2_PLACEMENT_3D ( 'NONE', #6075, #1609, #1844 ) ;
#10671 = VERTEX_POINT ( 'NONE', #8470 ) ;
#10672 = VECTOR ( 'NONE', #3267, 1000.000000000000000 ) ;
#10673 = CARTESIAN_POINT ( 'NONE',  ( -17.69932249476184083, 1.500000000000000000, 12.04246824526944515 ) ) ;
#10674 = VECTOR ( 'NONE', #5991, 1000.000000000000000 ) ;
#10675 = EDGE_CURVE ( 'NONE', #1320, #85, #4977, .T. ) ;
#10676 = CARTESIAN_POINT ( 'NONE',  ( -2.500000000000150102, 0.000000000000000000, 9.022110935326342307E-15 ) ) ;
#10677 = DIRECTION ( 'NONE',  ( -0.000000000000000000, -1.000000000000000000, -0.000000000000000000 ) ) ;
#10678 = CYLINDRICAL_SURFACE ( 'NONE', #4526, 25.35466440282023370 ) ;
#10679 = LINE ( 'NONE', #2840, #1224 ) ;
#10680 = ORIENTED_EDGE ( 'NONE', *, *, #1768, .T. ) ;
#10681 = ORIENTED_EDGE ( 'NONE', *, *, #8363, .F. ) ;
#10682 = CARTESIAN_POINT ( 'NONE',  ( -31.84145811849277408, 2.500000000000000000, 14.16378858882910485 ) ) ;
#10683 = DIRECTION ( 'NONE',  ( 0.000000000000000000, 1.000000000000000000, 0.000000000000000000 ) ) ;
#10684 = CARTESIAN_POINT ( 'NONE',  ( -42.74999999999999289, 0.000000000000000000, 1.500000000000011768 ) ) ;
#10685 = ORIENTED_EDGE ( 'NONE', *, *, #6908, .F. ) ;
#10686 = AXIS2_PLACEMENT_3D ( 'NONE', #3386, #978, #6191 ) ;
#10687 = CIRCLE ( 'NONE', #4286, 25.35466440282023370 ) ;
#10688 = CARTESIAN_POINT ( 'NONE',  ( 2.168404344971008868E-15, -7.292596028743525438E-60, 1.000000000000000000 ) ) ;
#10689 = DIRECTION ( 'NONE',  ( -0.000000000000000000, -1.000000000000000000, -0.000000000000000000 ) ) ;
#10690 = CARTESIAN_POINT ( 'NONE',  ( -12.74999999999999645, 0.000000000000000000, 12.75000000000000000 ) ) ;
#10691 = FACE_BOUND ( 'NONE', #6206, .T. ) ;
#10692 = DIRECTION ( 'NONE',  ( -5.663872149064272008E-15, -1.804112415015878195E-15, -1.000000000000000000 ) ) ;
#10693 = ORIENTED_EDGE ( 'NONE', *, *, #1181, .F. ) ;
#10694 = EDGE_CURVE ( 'NONE', #11146, #779, #3987, .T. ) ;
#10695 = AXIS2_PLACEMENT_3D ( 'NONE', #8679, #90, #1875 ) ;
#10696 = EDGE_CURVE ( 'NONE', #4708, #6087, #528, .T. ) ;
#10697 = CARTESIAN_POINT ( 'NONE',  ( 10.11674757797266899, 2.616792734330353642, -14.74999999999999822 ) ) ;
#10698 = CARTESIAN_POINT ( 'NONE',  ( 20.21185110373244598, 17.49999999999999645, 15.46708108440193463 ) ) ;
#10699 = CARTESIAN_POINT ( 'NONE',  ( -4.999999999999555911, 2.500000000000000000, 41.75000000000012790 ) ) ;
#10700 = ADVANCED_FACE ( 'NONE', ( #10301 ), #8523, .F. ) ;
#10701 = AXIS2_PLACEMENT_3D ( 'NONE', #9553, #6177, #4287 ) ;
#10702 = ADVANCED_FACE ( 'NONE', ( #9212 ), #1491, .F. ) ;
#10703 = ADVANCED_FACE ( 'NONE', ( #6758 ), #4120, .F. ) ;
#10704 = EDGE_LOOP ( 'NONE', ( #10705, #9408, #10498, #424 ) ) ;
#10705 = ORIENTED_EDGE ( 'NONE', *, *, #6250, .F. ) ;
#10706 = DIRECTION ( 'NONE',  ( 1.000000000000000000, 0.000000000000000000, 1.323076993872124684E-15 ) ) ;
#10707 = CARTESIAN_POINT ( 'NONE',  ( 12.75000000000000000, 2.500000000000000000, -12.75000000000000000 ) ) ;
#10708 = FACE_OUTER_BOUND ( 'NONE', #7135, .T. ) ;
#10709 = LINE ( 'NONE', #2812, #5729 ) ;
#10710 = AXIS2_PLACEMENT_3D ( 'NONE', #7254, #9942, #6284 ) ;
#10711 = DIRECTION ( 'NONE',  ( 1.000000000000000000, 0.000000000000000000, -2.168404344971009657E-15 ) ) ;
#10712 = ORIENTED_EDGE ( 'NONE', *, *, #9501, .T. ) ;
#10713 = FACE_OUTER_BOUND ( 'NONE', #6820, .T. ) ;
#10714 = LINE ( 'NONE', #5443, #6536 ) ;
#10715 = ORIENTED_EDGE ( 'NONE', *, *, #7219, .F. ) ;
#10716 = CIRCLE ( 'NONE', #11270, 2.000000000000000000 ) ;
#10717 = ADVANCED_FACE ( 'NONE', ( #11060 ), #11115, .F. ) ;
#10718 = ORIENTED_EDGE ( 'NONE', *, *, #8772, .T. ) ;
#10719 = ORIENTED_EDGE ( 'NONE', *, *, #9198, .T. ) ;
#10720 = EDGE_CURVE ( 'NONE', #11268, #10, #10414, .T. ) ;
#10721 = CYLINDRICAL_SURFACE ( 'NONE', #4612, 4.999999999999997335 ) ;
#10722 = DIRECTION ( 'NONE',  ( 0.000000000000000000, 0.000000000000000000, -1.000000000000000000 ) ) ;
#10723 = EDGE_LOOP ( 'NONE', ( #1045, #2202, #3144, #4208 ) ) ;
#10724 = ORIENTED_EDGE ( 'NONE', *, *, #133, .F. ) ;
#10725 = CARTESIAN_POINT ( 'NONE',  ( -10.51393202250020309, 2.500000000000000000, 14.75000000000000000 ) ) ;
#10726 = DIRECTION ( 'NONE',  ( 1.719234873512728234E-15, -0.000000000000000000, 1.000000000000000000 ) ) ;
#10727 = CIRCLE ( 'NONE', #4871, 4.999999999999997335 ) ;
#10728 = ORIENTED_EDGE ( 'NONE', *, *, #3529, .T. ) ;
#10729 = CIRCLE ( 'NONE', #8891, 27.33493649053890096 ) ;
#10730 = EDGE_CURVE ( 'NONE', #2336, #5618, #11174, .T. ) ;
#10731 = AXIS2_PLACEMENT_3D ( 'NONE', #10163, #6836, #1467 ) ;
#10732 = CARTESIAN_POINT ( 'NONE',  ( -2.499999999999998224, -34.48187929913332539, -38.41987298107780191 ) ) ;
#10733 = EDGE_CURVE ( 'NONE', #9162, #3777, #5955, .T. ) ;
#10734 = CARTESIAN_POINT ( 'NONE',  ( 25.33493649053875529, 17.49999999999999645, -41.75000000000013500 ) ) ;
#10735 = DIRECTION ( 'NONE',  ( 0.000000000000000000, 1.000000000000000000, -0.000000000000000000 ) ) ;
#10736 = CARTESIAN_POINT ( 'NONE',  ( 47.64897948556632912, 0.000000000000000000, -1.000000000000103029 ) ) ;
#10737 = VERTEX_POINT ( 'NONE', #9437 ) ;
#10738 = EDGE_LOOP ( 'NONE', ( #4596, #10145, #8146, #5810 ) ) ;
#10739 = CARTESIAN_POINT ( 'NONE',  ( -14.75000000000000000, 2.500000000000000000, -8.877416997969513446 ) ) ;
#10740 = ADVANCED_FACE ( 'NONE', ( #1602 ), #511, .T. ) ;
#10741 = CARTESIAN_POINT ( 'NONE',  ( -27.41116186243803909, 19.49999999999999645, -23.82411951180038301 ) ) ;
#10742 = ORIENTED_EDGE ( 'NONE', *, *, #11142, .T. ) ;
#10743 = ORIENTED_EDGE ( 'NONE', *, *, #1357, .F. ) ;
#10744 = CIRCLE ( 'NONE', #5802, 25.00000000000000000 ) ;
#10745 = EDGE_CURVE ( 'NONE', #5009, #10156, #8035, .T. ) ;
#10746 = AXIS2_PLACEMENT_3D ( 'NONE', #7860, #6987, #7739 ) ;
#10747 = EDGE_CURVE ( 'NONE', #4294, #10199, #11006, .T. ) ;
#10748 = VECTOR ( 'NONE', #10977, 1000.000000000000000 ) ;
#10749 = DIRECTION ( 'NONE',  ( -0.000000000000000000, -1.000000000000000000, -0.000000000000000000 ) ) ;
#10750 = FACE_OUTER_BOUND ( 'NONE', #1110, .T. ) ;
#10751 = VECTOR ( 'NONE', #1963, 1000.000000000000000 ) ;
#10752 = AXIS2_PLACEMENT_3D ( 'NONE', #6002, #5141, #9214 ) ;
#10753 = CARTESIAN_POINT ( 'NONE',  ( -19.76668419071548755, 19.49999999999999645, -14.79749800988288300 ) ) ;
#10754 = DIRECTION ( 'NONE',  ( -0.000000000000000000, -1.000000000000000000, -0.000000000000000000 ) ) ;
#10755 = DIRECTION ( 'NONE',  ( 0.000000000000000000, -0.000000000000000000, 1.000000000000000000 ) ) ;
#10756 = CIRCLE ( 'NONE', #4718, 25.35466440282023370 ) ;
#10757 = ORIENTED_EDGE ( 'NONE', *, *, #10694, .F. ) ;
#10758 = ORIENTED_EDGE ( 'NONE', *, *, #9550, .F. ) ;
#10759 = CYLINDRICAL_SURFACE ( 'NONE', #342, 3.000000000000000888 ) ;
#10760 = LINE ( 'NONE', #2913, #2314 ) ;
#10761 = CARTESIAN_POINT ( 'NONE',  ( -42.74999999999999289, 2.500000000000000000, 1.500000000000011768 ) ) ;
#10762 = DIRECTION ( 'NONE',  ( -0.000000000000000000, -1.000000000000000000, -0.000000000000000000 ) ) ;
#10763 = VECTOR ( 'NONE', #10784, 1000.000000000000000 ) ;
#10764 = AXIS2_PLACEMENT_3D ( 'NONE', #10602, #9623, #10544 ) ;
#10765 = CIRCLE ( 'NONE', #1986, 25.35466440282023370 ) ;
#10766 = ORIENTED_EDGE ( 'NONE', *, *, #1496, .T. ) ;
#10767 = VERTEX_POINT ( 'NONE', #10137 ) ;
#10768 = DIRECTION ( 'NONE',  ( 0.000000000000000000, 1.000000000000000000, 0.000000000000000000 ) ) ;
#10769 = FACE_OUTER_BOUND ( 'NONE', #5021, .T. ) ;
#10770 = DIRECTION ( 'NONE',  ( 2.168404344971008868E-15, 0.000000000000000000, 1.000000000000000000 ) ) ;
#10771 = CARTESIAN_POINT ( 'NONE',  ( 9.628165229955163440, 2.500000000000000000, 15.21413057346447140 ) ) ;
#10772 = PLANE ( 'NONE',  #8919 ) ;
#10773 = VECTOR ( 'NONE', #2620, 1000.000000000000000 ) ;
#10774 = ORIENTED_EDGE ( 'NONE', *, *, #703, .F. ) ;
#10775 = DIRECTION ( 'NONE',  ( -0.000000000000000000, 1.000000000000000000, 0.000000000000000000 ) ) ;
#10776 = CARTESIAN_POINT ( 'NONE',  ( 42.74999999999999289, 2.500000000000000000, -2.617682533177465764E-15 ) ) ;
#10777 = ORIENTED_EDGE ( 'NONE', *, *, #5554, .T. ) ;
#10778 = ORIENTED_EDGE ( 'NONE', *, *, #4305, .T. ) ;
#10779 = CIRCLE ( 'NONE', #6381, 27.33493649053890096 ) ;
#10780 = EDGE_LOOP ( 'NONE', ( #3931, #4372, #2769 ) ) ;
#10781 = ORIENTED_EDGE ( 'NONE', *, *, #7863, .T. ) ;
#10782 = VECTOR ( 'NONE', #6806, 1000.000000000000000 ) ;
#10783 = FACE_OUTER_BOUND ( 'NONE', #2665, .T. ) ;
#10784 = DIRECTION ( 'NONE',  ( -0.000000000000000000, -1.000000000000000000, -0.000000000000000000 ) ) ;
#10785 = ORIENTED_EDGE ( 'NONE', *, *, #11203, .F. ) ;
#10786 = AXIS2_PLACEMENT_3D ( 'NONE', #5752, #10222, #4040 ) ;
#10787 = ORIENTED_EDGE ( 'NONE', *, *, #5332, .F. ) ;
#10788 = DIRECTION ( 'NONE',  ( -0.000000000000000000, -1.000000000000000000, 0.000000000000000000 ) ) ;
#10789 = CARTESIAN_POINT ( 'NONE',  ( -41.75000000000007816, 27.36039051652360854, -2.361632442978578439 ) ) ;
#10790 = EDGE_CURVE ( 'NONE', #11117, #6543, #8211, .T. ) ;
#10791 = ORIENTED_EDGE ( 'NONE', *, *, #2687, .F. ) ;
#10792 = ADVANCED_FACE ( 'NONE', ( #2356 ), #4347, .F. ) ;
#10793 = CIRCLE ( 'NONE', #8773, 25.35466440282023370 ) ;
#10794 = EDGE_CURVE ( 'NONE', #5567, #5912, #1776, .T. ) ;
#10795 = CARTESIAN_POINT ( 'NONE',  ( -1.518785097687213895E-13, 17.49999999999999645, -42.74999999999999289 ) ) ;
#10796 = LINE ( 'NONE', #6816, #11247 ) ;
#10797 = CARTESIAN_POINT ( 'NONE',  ( 2.857883832488646192, 2.500000000000000000, -41.09999999999999432 ) ) ;
#10798 = CARTESIAN_POINT ( 'NONE',  ( 1.000000000000092815, 17.49999999999999645, -15.43336124370725138 ) ) ;
#10799 = ORIENTED_EDGE ( 'NONE', *, *, #2612, .T. ) ;
#10800 = EDGE_LOOP ( 'NONE', ( #8831, #7414, #10822 ) ) ;
#10801 = CARTESIAN_POINT ( 'NONE',  ( 1.000000000000177414, 2.499999999999998668, 28.28494219777430629 ) ) ;
#10802 = DIRECTION ( 'NONE',  ( 0.000000000000000000, 0.000000000000000000, 1.000000000000000000 ) ) ;
#10803 = ORIENTED_EDGE ( 'NONE', *, *, #3897, .T. ) ;
#10804 = ORIENTED_EDGE ( 'NONE', *, *, #8141, .T. ) ;
#10805 = ADVANCED_FACE ( 'NONE', ( #3608 ), #9674, .T. ) ;
#10806 = EDGE_CURVE ( 'NONE', #6059, #1512, #8011, .T. ) ;
#10807 = EDGE_CURVE ( 'NONE', #9548, #5308, #4733, .T. ) ;
#10808 = CARTESIAN_POINT ( 'NONE',  ( -26.18460386900040859, 1.500000000000000000, 26.18460386900039438 ) ) ;
#10809 = LINE ( 'NONE', #1124, #2455 ) ;
#10810 = EDGE_CURVE ( 'NONE', #2856, #5155, #3100, .T. ) ;
#10811 = LINE ( 'NONE', #322, #10587 ) ;
#10812 = DIRECTION ( 'NONE',  ( 5.659885683814143012E-15, 0.000000000000000000, 1.000000000000000000 ) ) ;
#10813 = DIRECTION ( 'NONE',  ( -0.7071067811865479058, 0.000000000000000000, -0.7071067811865472397 ) ) ;
#10814 = EDGE_LOOP ( 'NONE', ( #711, #3520, #7277, #10103 ) ) ;
#10815 = VERTEX_POINT ( 'NONE', #4406 ) ;
#10816 = DIRECTION ( 'NONE',  ( 0.000000000000000000, 0.000000000000000000, 1.000000000000000000 ) ) ;
#10817 = FACE_OUTER_BOUND ( 'NONE', #7705, .T. ) ;
#10818 = DIRECTION ( 'NONE',  ( 0.000000000000000000, 0.000000000000000000, -1.000000000000000000 ) ) ;
#10819 = DIRECTION ( 'NONE',  ( 0.000000000000000000, 1.000000000000000000, 0.000000000000000000 ) ) ;
#10820 = VECTOR ( 'NONE', #7613, 1000.000000000000000 ) ;
#10821 = VERTEX_POINT ( 'NONE', #2576 ) ;
#10822 = ORIENTED_EDGE ( 'NONE', *, *, #7805, .T. ) ;
#10823 = LINE ( 'NONE', #9957, #462 ) ;
#10824 = EDGE_CURVE ( 'NONE', #7586, #3273, #1073, .T. ) ;
#10825 = CARTESIAN_POINT ( 'NONE',  ( 4.504001642398092977E-13, 19.49999999999999645, 42.74999999999999289 ) ) ;
#10826 = DIRECTION ( 'NONE',  ( 1.000000000000000000, 0.000000000000000000, 0.000000000000000000 ) ) ;
#10827 = DIRECTION ( 'NONE',  ( 0.000000000000000000, 1.000000000000000000, 0.000000000000000000 ) ) ;
#10828 = DIRECTION ( 'NONE',  ( 0.000000000000000000, 1.000000000000000000, 0.000000000000000000 ) ) ;
#10829 = CARTESIAN_POINT ( 'NONE',  ( 13.04289321881345209, 0.000000000000000000, 8.170310216782976198 ) ) ;
#10830 = CARTESIAN_POINT ( 'NONE',  ( -1.000000000000180300, 2.500000000000000000, 1.264284836150268874E-14 ) ) ;
#10831 = DIRECTION ( 'NONE',  ( -1.000000000000000000, 0.000000000000000000, 2.168404344971008079E-15 ) ) ;
#10832 = ORIENTED_EDGE ( 'NONE', *, *, #9936, .T. ) ;
#10833 = ORIENTED_EDGE ( 'NONE', *, *, #9686, .T. ) ;
#10834 = AXIS2_PLACEMENT_3D ( 'NONE', #2289, #9256, #24 ) ;
#10835 = ORIENTED_EDGE ( 'NONE', *, *, #2743, .T. ) ;
#10836 = ORIENTED_EDGE ( 'NONE', *, *, #7377, .F. ) ;
#10837 = DIRECTION ( 'NONE',  ( 0.000000000000000000, 1.000000000000000000, 0.000000000000000000 ) ) ;
#10838 = DIRECTION ( 'NONE',  ( 0.000000000000000000, 0.000000000000000000, -1.000000000000000000 ) ) ;
#10839 = ORIENTED_EDGE ( 'NONE', *, *, #3173, .T. ) ;
#10840 = ORIENTED_EDGE ( 'NONE', *, *, #5371, .F. ) ;
#10841 = FACE_OUTER_BOUND ( 'NONE', #6834, .T. ) ;
#10842 = EDGE_CURVE ( 'NONE', #3211, #9131, #1985, .T. ) ;
#10843 = DIRECTION ( 'NONE',  ( 1.000000000000000000, -1.804112415015878984E-15, -2.168404344971008079E-15 ) ) ;
#10844 = ORIENTED_EDGE ( 'NONE', *, *, #10790, .T. ) ;
#10845 = ORIENTED_EDGE ( 'NONE', *, *, #1628, .F. ) ;
#10846 = EDGE_CURVE ( 'NONE', #3534, #9778, #153, .T. ) ;
#10847 = AXIS2_PLACEMENT_3D ( 'NONE', #4703, #8311, #8255 ) ;
#10848 = ADVANCED_FACE ( 'NONE', ( #105 ), #3662, .F. ) ;
#10849 = ADVANCED_FACE ( 'NONE', ( #6067 ), #10593, .T. ) ;
#10850 = EDGE_CURVE ( 'NONE', #7072, #7583, #9722, .T. ) ;
#10851 = DIRECTION ( 'NONE',  ( -0.000000000000000000, -1.000000000000000000, -0.000000000000000000 ) ) ;
#10852 = CARTESIAN_POINT ( 'NONE',  ( -12.74999999999999645, 4.500000000000000888, 10.75000000000000000 ) ) ;
#10853 = AXIS2_PLACEMENT_3D ( 'NONE', #1448, #5515, #4986 ) ;
#10854 = LINE ( 'NONE', #3123, #2158 ) ;
#10855 = AXIS2_PLACEMENT_3D ( 'NONE', #6859, #5319, #6969 ) ;
#10856 = FACE_OUTER_BOUND ( 'NONE', #8595, .T. ) ;
#10857 = ORIENTED_EDGE ( 'NONE', *, *, #4644, .F. ) ;
#10858 = ORIENTED_EDGE ( 'NONE', *, *, #9770, .F. ) ;
#10859 = DIRECTION ( 'NONE',  ( 0.000000000000000000, 0.000000000000000000, 1.000000000000000000 ) ) ;
#10860 = DIRECTION ( 'NONE',  ( 0.000000000000000000, 1.000000000000000000, 0.000000000000000000 ) ) ;
#10861 = CARTESIAN_POINT ( 'NONE',  ( 1.000000000000297096, 2.499999999999998668, 28.28494219777430629 ) ) ;
#10862 = ORIENTED_EDGE ( 'NONE', *, *, #206, .F. ) ;
#10863 = VERTEX_POINT ( 'NONE', #6920 ) ;
#10864 = AXIS2_PLACEMENT_3D ( 'NONE', #5, #7731, #6189 ) ;
#10865 = CIRCLE ( 'NONE', #1716, 25.00000000000001421 ) ;
#10866 = DIRECTION ( 'NONE',  ( -4.814558332715257843E-15, 0.000000000000000000, 1.000000000000000000 ) ) ;
#10867 = DIRECTION ( 'NONE',  ( -1.000000000000000000, 0.000000000000000000, 5.947623346206202627E-15 ) ) ;
#10868 = DIRECTION ( 'NONE',  ( 0.000000000000000000, 0.000000000000000000, -1.000000000000000000 ) ) ;
#10869 = CARTESIAN_POINT ( 'NONE',  ( -46.04999999999999716, -34.48187929913332539, 0.7499999999999958922 ) ) ;
#10870 = CARTESIAN_POINT ( 'NONE',  ( -1.000000000000303757, -7.292596028743525438E-60, -85.49999999999998579 ) ) ;
#10871 = CARTESIAN_POINT ( 'NONE',  ( 42.74999999999999289, 19.49999999999999645, 25.35466440282023015 ) ) ;
#10872 = EDGE_LOOP ( 'NONE', ( #5628, #9690, #9542, #7217 ) ) ;
#10873 = ORIENTED_EDGE ( 'NONE', *, *, #7839, .F. ) ;
#10874 = DIRECTION ( 'NONE',  ( 0.000000000000000000, 0.000000000000000000, 1.000000000000000000 ) ) ;
#10875 = DIRECTION ( 'NONE',  ( -1.000000000000000000, 0.000000000000000000, 2.168404344971009657E-15 ) ) ;
#10876 = VECTOR ( 'NONE', #10867, 1000.000000000000000 ) ;
#10877 = CARTESIAN_POINT ( 'NONE',  ( 2.361632442978429225, 27.36039051652360854, -41.75000000000008527 ) ) ;
#10878 = CIRCLE ( 'NONE', #993, 1.000000000000000888 ) ;
#10879 = LINE ( 'NONE', #10996, #6799 ) ;
#10880 = ADVANCED_FACE ( 'NONE', ( #164 ), #5206, .F. ) ;
#10881 = VECTOR ( 'NONE', #9731, 1000.000000000000000 ) ;
#10882 = ORIENTED_EDGE ( 'NONE', *, *, #8226, .F. ) ;
#10883 = VERTEX_POINT ( 'NONE', #8860 ) ;
#10884 = CARTESIAN_POINT ( 'NONE',  ( -8.877416997969516999, 2.500000000000000000, -13.74999999999999822 ) ) ;
#10885 = DIRECTION ( 'NONE',  ( 0.000000000000000000, 0.000000000000000000, -1.000000000000000000 ) ) ;
#10886 = LINE ( 'NONE', #3782, #2099 ) ;
#10887 = LINE ( 'NONE', #281, #977 ) ;
#10888 = LINE ( 'NONE', #5552, #7825 ) ;
#10889 = FACE_OUTER_BOUND ( 'NONE', #1734, .T. ) ;
#10890 = CARTESIAN_POINT ( 'NONE',  ( 2.857883832488651077, 0.000000000000000000, 41.84999999999999432 ) ) ;
#10891 = CARTESIAN_POINT ( 'NONE',  ( 9.710310837439525500, 2.525630649018185458, 14.74999999999999822 ) ) ;
#10892 = ORIENTED_EDGE ( 'NONE', *, *, #5465, .T. ) ;
#10893 = VECTOR ( 'NONE', #787, 1000.000000000000000 ) ;
#10894 = ORIENTED_EDGE ( 'NONE', *, *, #11066, .F. ) ;
#10895 = EDGE_CURVE ( 'NONE', #1742, #5561, #11305, .T. ) ;
#10896 = VECTOR ( 'NONE', #1825, 1000.000000000000000 ) ;
#10897 = EDGE_CURVE ( 'NONE', #6976, #7340, #7098, .T. ) ;
#10898 = VERTEX_POINT ( 'NONE', #4290 ) ;
#10899 = ORIENTED_EDGE ( 'NONE', *, *, #796, .T. ) ;
#10900 = CIRCLE ( 'NONE', #7784, 25.00000000000000355 ) ;
#10901 = DIRECTION ( 'NONE',  ( 0.000000000000000000, -0.000000000000000000, 1.000000000000000000 ) ) ;
#10902 = CYLINDRICAL_SURFACE ( 'NONE', #10958, 4.999999999999997335 ) ;
#10903 = ORIENTED_EDGE ( 'NONE', *, *, #2031, .F. ) ;
#10904 = DIRECTION ( 'NONE',  ( -0.000000000000000000, -1.000000000000000000, 0.000000000000000000 ) ) ;
#10905 = CARTESIAN_POINT ( 'NONE',  ( -23.11701273061393280, 19.49999999999999645, -26.70405508125139349 ) ) ;
#10906 = VERTEX_POINT ( 'NONE', #9613 ) ;
#10907 = EDGE_LOOP ( 'NONE', ( #11252, #1908, #5524, #9881 ) ) ;
#10908 = CIRCLE ( 'NONE', #9616, 0.9999999999999991118 ) ;
#10909 = ORIENTED_EDGE ( 'NONE', *, *, #4872, .F. ) ;
#10910 = CARTESIAN_POINT ( 'NONE',  ( -85.49999999999998579, 17.49999999999999645, 1.000000000000005329 ) ) ;
#10911 = CIRCLE ( 'NONE', #5236, 25.35466440282023370 ) ;
#10912 = CARTESIAN_POINT ( 'NONE',  ( 2.499999999999958256, 2.500000000000000000, 2.499999999999979572 ) ) ;
#10913 = DIRECTION ( 'NONE',  ( 0.000000000000000000, 1.000000000000000000, 0.000000000000000000 ) ) ;
#10914 = VERTEX_POINT ( 'NONE', #8692 ) ;
#10915 = VECTOR ( 'NONE', #6105, 1000.000000000000000 ) ;
#10916 = EDGE_LOOP ( 'NONE', ( #472, #8368, #6956, #673 ) ) ;
#10917 = CARTESIAN_POINT ( 'NONE',  ( -0.9999999999999852340, 17.49999999999999645, 15.43336124370726203 ) ) ;
#10918 = CARTESIAN_POINT ( 'NONE',  ( 85.49999999999998579, 17.49999999999999645, -1.000000000000005329 ) ) ;
#10919 = VERTEX_POINT ( 'NONE', #854 ) ;
#10920 = VERTEX_POINT ( 'NONE', #6971 ) ;
#10921 = AXIS2_PLACEMENT_3D ( 'NONE', #3917, #8945, #2941 ) ;
#10922 = AXIS2_PLACEMENT_3D ( 'NONE', #10218, #7526, #2263 ) ;
#10923 = LINE ( 'NONE', #5588, #3348 ) ;
#10924 = DIRECTION ( 'NONE',  ( 0.000000000000000000, 1.000000000000000000, 0.000000000000000000 ) ) ;
#10925 = DIRECTION ( 'NONE',  ( 0.000000000000000000, 0.000000000000000000, 1.000000000000000000 ) ) ;
#10926 = PLANE ( 'NONE',  #11228 ) ;
#10927 = ORIENTED_EDGE ( 'NONE', *, *, #2591, .F. ) ;
#10928 = VECTOR ( 'NONE', #7536, 1000.000000000000000 ) ;
#10929 = ORIENTED_EDGE ( 'NONE', *, *, #5711, .F. ) ;
#10930 = DIRECTION ( 'NONE',  ( 0.000000000000000000, -0.000000000000000000, 1.000000000000000000 ) ) ;
#10931 = CARTESIAN_POINT ( 'NONE',  ( 10.91285088009363946, 2.736797311526156573, -10.30035255550277995 ) ) ;
#10932 = AXIS2_PLACEMENT_3D ( 'NONE', #5050, #5795, #8535 ) ;
#10933 = CARTESIAN_POINT ( 'NONE',  ( 85.49999999999998579, 17.49999999999999645, 0.9999999999999947820 ) ) ;
#10934 = CARTESIAN_POINT ( 'NONE',  ( 22.53814889626740836, 17.49999999999999645, -27.28291891559792148 ) ) ;
#10935 = ADVANCED_FACE ( 'NONE', ( #3552 ), #3942, .F. ) ;
#10936 = AXIS2_PLACEMENT_3D ( 'NONE', #7482, #1473, #10988 ) ;
#10937 = AXIS2_PLACEMENT_3D ( 'NONE', #1263, #9211, #396 ) ;
#10938 = VERTEX_POINT ( 'NONE', #1252 ) ;
#10939 = ORIENTED_EDGE ( 'NONE', *, *, #626, .F. ) ;
#10940 = DIRECTION ( 'NONE',  ( 0.000000000000000000, 0.000000000000000000, -1.000000000000000000 ) ) ;
#10941 = DIRECTION ( 'NONE',  ( 0.000000000000000000, 0.000000000000000000, 1.000000000000000000 ) ) ;
#10942 = EDGE_CURVE ( 'NONE', #5792, #9048, #6404, .T. ) ;
#10943 = DIRECTION ( 'NONE',  ( 0.000000000000000000, 1.000000000000000000, 0.000000000000000000 ) ) ;
#10944 = CYLINDRICAL_SURFACE ( 'NONE', #6280, 0.7499999999999984457 ) ;
#10945 = CARTESIAN_POINT ( 'NONE',  ( -2.499999999999998224, 2.500000000000000000, -38.41987298107780191 ) ) ;
#10946 = CARTESIAN_POINT ( 'NONE',  ( 12.75000000000000000, 2.500000000000000000, -15.75000000000000000 ) ) ;
#10947 = VECTOR ( 'NONE', #8326, 1000.000000000000000 ) ;
#10948 = LINE ( 'NONE', #10830, #207 ) ;
#10949 = PLANE ( 'NONE',  #684 ) ;
#10950 = ORIENTED_EDGE ( 'NONE', *, *, #7128, .F. ) ;
#10951 = AXIS2_PLACEMENT_3D ( 'NONE', #4522, #4750, #8867 ) ;
#10952 = VERTEX_POINT ( 'NONE', #10761 ) ;
#10953 = AXIS2_PLACEMENT_3D ( 'NONE', #5722, #6586, #7213 ) ;
#10954 = ADVANCED_FACE ( 'NONE', ( #3891 ), #9893, .T. ) ;
#10955 = ORIENTED_EDGE ( 'NONE', *, *, #9860, .T. ) ;
#10956 = ADVANCED_FACE ( 'NONE', ( #5538 ), #2108, .F. ) ;
#10957 = ORIENTED_EDGE ( 'NONE', *, *, #7445, .F. ) ;
#10958 = AXIS2_PLACEMENT_3D ( 'NONE', #6538, #10036, #8144 ) ;
#10959 = VECTOR ( 'NONE', #3936, 1000.000000000000000 ) ;
#10960 = DIRECTION ( 'NONE',  ( 0.000000000000000000, 1.000000000000000000, 0.000000000000000000 ) ) ;
#10961 = EDGE_CURVE ( 'NONE', #2037, #724, #6184, .T. ) ;
#10962 = EDGE_CURVE ( 'NONE', #11121, #1798, #10756, .T. ) ;
#10963 = DIRECTION ( 'NONE',  ( 0.000000000000000000, 1.000000000000000000, 0.000000000000000000 ) ) ;
#10964 = VERTEX_POINT ( 'NONE', #2968 ) ;
#10965 = DIRECTION ( 'NONE',  ( 0.000000000000000000, 0.000000000000000000, 1.000000000000000000 ) ) ;
#10966 = LINE ( 'NONE', #5737, #7264 ) ;
#10967 = EDGE_LOOP ( 'NONE', ( #9698, #6602, #10479, #11026 ) ) ;
#10968 = VERTEX_POINT ( 'NONE', #1195 ) ;
#10969 = VECTOR ( 'NONE', #9316, 1000.000000000000000 ) ;
#10970 = AXIS2_PLACEMENT_3D ( 'NONE', #8567, #728, #4218 ) ;
#10971 = VERTEX_POINT ( 'NONE', #2002 ) ;
#10972 = EDGE_LOOP ( 'NONE', ( #4395, #1480, #10621, #2495 ) ) ;
#10973 = DIRECTION ( 'NONE',  ( 0.000000000000000000, 1.000000000000000000, 0.000000000000000000 ) ) ;
#10974 = VECTOR ( 'NONE', #8549, 1000.000000000000000 ) ;
#10975 = EDGE_CURVE ( 'NONE', #1499, #1333, #5487, .T. ) ;
#10976 = CARTESIAN_POINT ( 'NONE',  ( -8.877416997969516999, 0.000000000000000000, -13.74999999999999822 ) ) ;
#10977 = DIRECTION ( 'NONE',  ( -2.168404344971008868E-15, 0.000000000000000000, -1.000000000000000000 ) ) ;
#10978 = ORIENTED_EDGE ( 'NONE', *, *, #9936, .F. ) ;
#10979 = VERTEX_POINT ( 'NONE', #8970 ) ;
#10980 = CARTESIAN_POINT ( 'NONE',  ( 0.000000000000000000, 0.000000000000000000, -14.75000000000000000 ) ) ;
#10981 = DIRECTION ( 'NONE',  ( 1.000000000000000000, 0.000000000000000000, -5.659885683814142223E-15 ) ) ;
#10982 = ORIENTED_EDGE ( 'NONE', *, *, #5681, .F. ) ;
#10983 = ORIENTED_EDGE ( 'NONE', *, *, #10278, .T. ) ;
#10984 = EDGE_CURVE ( 'NONE', #11061, #7422, #10008, .T. ) ;
#10985 = AXIS2_PLACEMENT_3D ( 'NONE', #6821, #7738, #10261 ) ;
#10986 = LINE ( 'NONE', #1351, #7205 ) ;
#10987 = DIRECTION ( 'NONE',  ( -0.000000000000000000, 1.000000000000000000, -0.000000000000000000 ) ) ;
#10988 = DIRECTION ( 'NONE',  ( 1.000000000000000000, 0.000000000000000000, 4.814558332715257054E-15 ) ) ;
#10989 = DIRECTION ( 'NONE',  ( 1.000000000000000000, 0.000000000000000000, 1.224646799147353207E-16 ) ) ;
#10990 = ORIENTED_EDGE ( 'NONE', *, *, #10459, .F. ) ;
#10991 = ORIENTED_EDGE ( 'NONE', *, *, #4799, .T. ) ;
#10992 = DIRECTION ( 'NONE',  ( 0.000000000000000000, 1.000000000000000000, 0.000000000000000000 ) ) ;
#10993 = CARTESIAN_POINT ( 'NONE',  ( 8.761108882847496560, 2.500000000000000444, -12.45209455274892285 ) ) ;
#10994 = CARTESIAN_POINT ( 'NONE',  ( 47.64897948556636464, -34.48187929913332539, 0.9999999999998966382 ) ) ;
#10995 = ORIENTED_EDGE ( 'NONE', *, *, #5804, .F. ) ;
#10996 = CARTESIAN_POINT ( 'NONE',  ( 42.75000000000045475, 17.49999999999999645, 43.74999999999969447 ) ) ;
#10997 = EDGE_CURVE ( 'NONE', #4125, #7198, #6454, .T. ) ;
#10998 = ADVANCED_FACE ( 'NONE', ( #3714 ), #9143, .F. ) ;
#10999 = ORIENTED_EDGE ( 'NONE', *, *, #4035, .F. ) ;
#11000 = ORIENTED_EDGE ( 'NONE', *, *, #8110, .F. ) ;
#11001 = DIRECTION ( 'NONE',  ( 0.000000000000000000, 0.000000000000000000, 1.000000000000000000 ) ) ;
#11002 = ADVANCED_FACE ( 'NONE', ( #1083 ), #4742, .F. ) ;
#11003 = FACE_OUTER_BOUND ( 'NONE', #10150, .T. ) ;
#11004 = DIRECTION ( 'NONE',  ( 1.000000000000000000, 0.000000000000000000, -1.548860246407864076E-16 ) ) ;
#11005 = DIRECTION ( 'NONE',  ( -6.938893903907222067E-15, 0.000000000000000000, 1.000000000000000000 ) ) ;
#11006 = LINE ( 'NONE', #3150, #9492 ) ;
#11007 = FACE_OUTER_BOUND ( 'NONE', #1722, .T. ) ;
#11008 = VERTEX_POINT ( 'NONE', #8063 ) ;
#11009 = AXIS2_PLACEMENT_3D ( 'NONE', #5222, #8710, #8134 ) ;
#11010 = ORIENTED_EDGE ( 'NONE', *, *, #9854, .T. ) ;
#11011 = ORIENTED_EDGE ( 'NONE', *, *, #9403, .F. ) ;
#11012 = CARTESIAN_POINT ( 'NONE',  ( 41.75000000000014211, 17.49999999999999645, -42.74999999999999289 ) ) ;
#11013 = CARTESIAN_POINT ( 'NONE',  ( -41.75000000000004974, 17.49999999999999645, -27.31663875629275040 ) ) ;
#11014 = AXIS2_PLACEMENT_3D ( 'NONE', #7262, #10762, #8178 ) ;
#11015 = ORIENTED_EDGE ( 'NONE', *, *, #2853, .F. ) ;
#11016 = CARTESIAN_POINT ( 'NONE',  ( -41.09999999999999432, -34.48187929913332539, 2.857883832488643083 ) ) ;
#11017 = DIRECTION ( 'NONE',  ( 0.000000000000000000, 0.000000000000000000, 1.000000000000000000 ) ) ;
#11018 = VERTEX_POINT ( 'NONE', #216 ) ;
#11019 = EDGE_CURVE ( 'NONE', #4316, #592, #7201, .T. ) ;
#11020 = AXIS2_PLACEMENT_3D ( 'NONE', #819, #4313, #6207 ) ;
#11021 = ORIENTED_EDGE ( 'NONE', *, *, #5240, .F. ) ;
#11022 = EDGE_LOOP ( 'NONE', ( #3126, #6441, #3637, #3063, #815, #3204, #9972, #11067, #10165, #2886, #9915, #6167, #4205, #8376, #10030, #6297, #4429, #4190, #8445, #3684, #4465, #3946, #2200 ) ) ;
#11023 = FACE_OUTER_BOUND ( 'NONE', #4979, .T. ) ;
#11024 = LINE ( 'NONE', #1339, #9654 ) ;
#11025 = CARTESIAN_POINT ( 'NONE',  ( 14.75000000000000000, 0.000000000000000000, 8.877416997969525880 ) ) ;
#11026 = ORIENTED_EDGE ( 'NONE', *, *, #8754, .F. ) ;
#11027 = ORIENTED_EDGE ( 'NONE', *, *, #3322, .F. ) ;
#11028 = DIRECTION ( 'NONE',  ( 0.7071067811865475727, -0.000000000000000000, 0.7071067811865475727 ) ) ;
#11029 = CARTESIAN_POINT ( 'NONE',  ( -1.000000000000303757, 17.49999999999999645, -85.49999999999998579 ) ) ;
#11030 = VERTEX_POINT ( 'NONE', #9949 ) ;
#11031 = ORIENTED_EDGE ( 'NONE', *, *, #10450, .T. ) ;
#11032 = AXIS2_PLACEMENT_3D ( 'NONE', #7106, #3671, #7043 ) ;
#11033 = ADVANCED_FACE ( 'NONE', ( #5598 ), #9085, .F. ) ;
#11034 = AXIS2_PLACEMENT_3D ( 'NONE', #195, #5462, #8951 ) ;
#11035 = AXIS2_PLACEMENT_3D ( 'NONE', #4524, #115, #10604 ) ;
#11036 = DIRECTION ( 'NONE',  ( 0.000000000000000000, 0.000000000000000000, 1.000000000000000000 ) ) ;
#11037 = CARTESIAN_POINT ( 'NONE',  ( 41.09999999999999432, 2.500000000000000000, -2.107883832488649745 ) ) ;
#11038 = DIRECTION ( 'NONE',  ( 0.000000000000000000, 0.000000000000000000, -1.000000000000000000 ) ) ;
#11039 = CARTESIAN_POINT ( 'NONE',  ( 4.898979485566334446, 2.500000000000000000, -43.75000000000009237 ) ) ;
#11040 = ORIENTED_EDGE ( 'NONE', *, *, #1322, .T. ) ;
#11041 = ORIENTED_EDGE ( 'NONE', *, *, #3302, .F. ) ;
#11042 = FACE_OUTER_BOUND ( 'NONE', #10800, .T. ) ;
#11043 = CARTESIAN_POINT ( 'NONE',  ( 12.75000000000000178, 2.500000000000002220, 12.75000000000000000 ) ) ;
#11044 = DIRECTION ( 'NONE',  ( 0.000000000000000000, 1.000000000000000000, 0.000000000000000000 ) ) ;
#11045 = VERTEX_POINT ( 'NONE', #272 ) ;
#11046 = CARTESIAN_POINT ( 'NONE',  ( -22.98331580928412166, 19.49999999999999645, 27.95250199011720937 ) ) ;
#11047 = AXIS2_PLACEMENT_3D ( 'NONE', #4340, #1770, #4283 ) ;
#11048 = VECTOR ( 'NONE', #2855, 1000.000000000000000 ) ;
#11049 = VERTEX_POINT ( 'NONE', #7261 ) ;
#11050 = EDGE_LOOP ( 'NONE', ( #10836, #2334, #1389 ) ) ;
#11051 = EDGE_CURVE ( 'NONE', #11045, #10938, #2914, .T. ) ;
#11052 = CARTESIAN_POINT ( 'NONE',  ( -9.993154529414100651, 2.690888066143963808, 11.22004890618233475 ) ) ;
#11053 = VECTOR ( 'NONE', #545, 1000.000000000000000 ) ;
#11054 = DIRECTION ( 'NONE',  ( -0.000000000000000000, -1.000000000000000000, -0.000000000000000000 ) ) ;
#11055 = CIRCLE ( 'NONE', #6296, 4.999999999999997335 ) ;
#11056 = DIRECTION ( 'NONE',  ( -0.7071067811865473507, 0.000000000000000000, -0.7071067811865477948 ) ) ;
#11057 = FILL_AREA_STYLE_COLOUR ( '', #1707 ) ;
#11058 = ADVANCED_FACE ( 'NONE', ( #10239 ), #5829, .T. ) ;
#11059 = CARTESIAN_POINT ( 'NONE',  ( 14.75000000000000178, 2.525161391907780217, 9.707262574007673450 ) ) ;
#11060 = FACE_OUTER_BOUND ( 'NONE', #5735, .T. ) ;
#11061 = VERTEX_POINT ( 'NONE', #6571 ) ;
#11062 = CARTESIAN_POINT ( 'NONE',  ( -2.168404344971008868E-15, 17.49999999999999645, -1.000000000000000000 ) ) ;
#11063 = ORIENTED_EDGE ( 'NONE', *, *, #1151, .T. ) ;
#11064 = CIRCLE ( 'NONE', #9773, 25.00000000000000355 ) ;
#11065 = EDGE_CURVE ( 'NONE', #1945, #2270, #4110, .T. ) ;
#11066 = EDGE_CURVE ( 'NONE', #7057, #1800, #4916, .T. ) ;
#11067 = ORIENTED_EDGE ( 'NONE', *, *, #1144, .T. ) ;
#11068 = ORIENTED_EDGE ( 'NONE', *, *, #6658, .F. ) ;
#11069 = LINE ( 'NONE', #10201, #9002 ) ;
#11070 = DIRECTION ( 'NONE',  ( 2.168404344971008868E-15, -0.000000000000000000, 1.000000000000000000 ) ) ;
#11071 = CIRCLE ( 'NONE', #10520, 27.33493649053890096 ) ;
#11072 = FACE_OUTER_BOUND ( 'NONE', #5974, .T. ) ;
#11073 = ORIENTED_EDGE ( 'NONE', *, *, #2833, .F. ) ;
#11074 = LINE ( 'NONE', #4768, #3660 ) ;
#11075 = LINE ( 'NONE', #6769, #9455 ) ;
#11076 = VERTEX_POINT ( 'NONE', #9369 ) ;
#11077 = ADVANCED_FACE ( 'NONE', ( #6624 ), #7600, .T. ) ;
#11078 = EDGE_CURVE ( 'NONE', #7605, #8821, #6686, .T. ) ;
#11079 = VECTOR ( 'NONE', #11285, 1000.000000000000000 ) ;
#11080 = VERTEX_POINT ( 'NONE', #10288 ) ;
#11081 = VERTEX_POINT ( 'NONE', #8345 ) ;
#11082 = CARTESIAN_POINT ( 'NONE',  ( -27.95250199011694292, 19.49999999999999645, 22.98331580928440232 ) ) ;
#11083 = CARTESIAN_POINT ( 'NONE',  ( -46.04999999999999716, -34.48187929913332539, -2.819749255036780494E-15 ) ) ;
#11084 = DIRECTION ( 'NONE',  ( 0.000000000000000000, 0.000000000000000000, -1.000000000000000000 ) ) ;
#11085 = ORIENTED_EDGE ( 'NONE', *, *, #3013, .F. ) ;
#11086 = ADVANCED_FACE ( 'NONE', ( #1479 ), #2447, .F. ) ;
#11087 = ORIENTED_EDGE ( 'NONE', *, *, #697, .T. ) ;
#11088 = DIRECTION ( 'NONE',  ( -1.000000000000000000, 0.000000000000000000, 1.039958424056858815E-14 ) ) ;
#11089 = LINE ( 'NONE', #5753, #7432 ) ;
#11090 = VECTOR ( 'NONE', #9498, 1000.000000000000000 ) ;
#11091 = ORIENTED_EDGE ( 'NONE', *, *, #1353, .T. ) ;
#11092 = EDGE_LOOP ( 'NONE', ( #8814, #4838, #7494, #881 ) ) ;
#11093 = EDGE_CURVE ( 'NONE', #9512, #2239, #6204, .T. ) ;
#11094 = AXIS2_PLACEMENT_3D ( 'NONE', #2619, #1011, #5311 ) ;
#11095 = LINE ( 'NONE', #5072, #3557 ) ;
#11096 = DIRECTION ( 'NONE',  ( 0.000000000000000000, 0.000000000000000000, 1.000000000000000000 ) ) ;
#11097 = DIRECTION ( 'NONE',  ( -1.000000000000000000, 0.000000000000000000, 2.168404344971009657E-15 ) ) ;
#11098 = DIRECTION ( 'NONE',  ( 0.000000000000000000, 1.000000000000000000, 0.000000000000000000 ) ) ;
#11099 = ORIENTED_EDGE ( 'NONE', *, *, #10092, .T. ) ;
#11100 = EDGE_CURVE ( 'NONE', #9334, #4495, #8512, .T. ) ;
#11101 = VERTEX_POINT ( 'NONE', #7660 ) ;
#11102 = FACE_OUTER_BOUND ( 'NONE', #6202, .T. ) ;
#11103 = DIRECTION ( 'NONE',  ( 0.000000000000000000, 0.000000000000000000, 1.000000000000000000 ) ) ;
#11104 = DIRECTION ( 'NONE',  ( 0.000000000000000000, 0.000000000000000000, -1.000000000000000000 ) ) ;
#11105 = EDGE_CURVE ( 'NONE', #9286, #2382, #2182, .T. ) ;
#11106 = ORIENTED_EDGE ( 'NONE', *, *, #10058, .F. ) ;
#11107 = AXIS2_PLACEMENT_3D ( 'NONE', #2433, #4953, #10274 ) ;
#11108 = ORIENTED_EDGE ( 'NONE', *, *, #6630, .F. ) ;
#11109 = ORIENTED_EDGE ( 'NONE', *, *, #8315, .F. ) ;
#11110 = DIRECTION ( 'NONE',  ( 0.000000000000000000, 1.000000000000000000, 0.000000000000000000 ) ) ;
#11111 = CIRCLE ( 'NONE', #10746, 1.000000000000000888 ) ;
#11112 = DIRECTION ( 'NONE',  ( 0.000000000000000000, 1.000000000000000000, 0.000000000000000000 ) ) ;
#11113 = CARTESIAN_POINT ( 'NONE',  ( -1.518785097687213895E-13, 17.49999999999999645, -42.74999999999999289 ) ) ;
#11114 = DIRECTION ( 'NONE',  ( 0.000000000000000000, 1.000000000000000000, -0.000000000000000000 ) ) ;
#11115 = CYLINDRICAL_SURFACE ( 'NONE', #7855, 1.000000000000000888 ) ;
#11116 = DIRECTION ( 'NONE',  ( -1.000000000000000000, 0.000000000000000000, -0.000000000000000000 ) ) ;
#11117 = VERTEX_POINT ( 'NONE', #3254 ) ;
#11118 = VECTOR ( 'NONE', #1870, 1000.000000000000000 ) ;
#11119 = VECTOR ( 'NONE', #2815, 1000.000000000000000 ) ;
#11120 = EDGE_CURVE ( 'NONE', #10979, #6882, #3099, .T. ) ;
#11121 = VERTEX_POINT ( 'NONE', #6795 ) ;
#11122 = VERTEX_POINT ( 'NONE', #498 ) ;
#11123 = DIRECTION ( 'NONE',  ( 1.000000000000000000, 0.000000000000000000, -3.557752503352412152E-15 ) ) ;
#11124 = CARTESIAN_POINT ( 'NONE',  ( -13.04289321881345032, 2.500000000000000000, -8.170310216782967316 ) ) ;
#11125 = AXIS2_PLACEMENT_3D ( 'NONE', #5230, #7806, #8720 ) ;
#11126 = CIRCLE ( 'NONE', #7647, 25.35466440282023370 ) ;
#11127 = FACE_OUTER_BOUND ( 'NONE', #8284, .T. ) ;
#11128 = VECTOR ( 'NONE', #6289, 1000.000000000000000 ) ;
#11129 = VERTEX_POINT ( 'NONE', #3198 ) ;
#11130 = LINE ( 'NONE', #3334, #7679 ) ;
#11131 = LINE ( 'NONE', #4992, #5803 ) ;
#11132 = ORIENTED_EDGE ( 'NONE', *, *, #1536, .T. ) ;
#11133 = ORIENTED_EDGE ( 'NONE', *, *, #5420, .T. ) ;
#11134 = ADVANCED_FACE ( 'NONE', ( #9424 ), #1588, .T. ) ;
#11135 = VECTOR ( 'NONE', #9744, 1000.000000000000000 ) ;
#11136 = AXIS2_PLACEMENT_3D ( 'NONE', #3827, #6283, #4455 ) ;
#11137 = VERTEX_POINT ( 'NONE', #3084 ) ;
#11138 = ORIENTED_EDGE ( 'NONE', *, *, #8811, .T. ) ;
#11139 = FACE_OUTER_BOUND ( 'NONE', #7109, .T. ) ;
#11140 = ADVANCED_FACE ( 'NONE', ( #9197 ), #1362, .T. ) ;
#11141 = LINE ( 'NONE', #1684, #147 ) ;
#11142 = EDGE_CURVE ( 'NONE', #10618, #10342, #1449, .T. ) ;
#11143 = CYLINDRICAL_SURFACE ( 'NONE', #1600, 0.7500000000000006661 ) ;
#11144 = ORIENTED_EDGE ( 'NONE', *, *, #8625, .F. ) ;
#11145 = VECTOR ( 'NONE', #2219, 1000.000000000000000 ) ;
#11146 = VERTEX_POINT ( 'NONE', #9253 ) ;
#11147 = LINE ( 'NONE', #7642, #3105 ) ;
#11148 = DIRECTION ( 'NONE',  ( 1.000000000000000000, 1.972152263052529514E-31, 8.306039671558391198E-15 ) ) ;
#11149 = ORIENTED_EDGE ( 'NONE', *, *, #5328, .F. ) ;
#11150 = EDGE_LOOP ( 'NONE', ( #10858, #4209 ) ) ;
#11151 = AXIS2_PLACEMENT_3D ( 'NONE', #5376, #9556, #3437 ) ;
#11152 = AXIS2_PLACEMENT_3D ( 'NONE', #5640, #371, #8388 ) ;
#11153 = CARTESIAN_POINT ( 'NONE',  ( -23.82411951180011300, 17.49999999999999645, 27.41116186243831621 ) ) ;
#11154 = CARTESIAN_POINT ( 'NONE',  ( 1.000000000000014655, 17.49999999999999645, 15.41506350946107951 ) ) ;
#11155 = DIRECTION ( 'NONE',  ( -1.000000000000000000, -1.972152263052529514E-31, -8.306039671558391198E-15 ) ) ;
#11156 = DIRECTION ( 'NONE',  ( 2.168404344971008868E-16, 0.000000000000000000, -1.000000000000000000 ) ) ;
#11157 = ORIENTED_EDGE ( 'NONE', *, *, #9694, .T. ) ;
#11158 = EDGE_LOOP ( 'NONE', ( #1248, #3442, #5830, #687, #9341 ) ) ;
#11159 = CARTESIAN_POINT ( 'NONE',  ( 18.92588048819950330, 19.49999999999999645, 15.33883813756178505 ) ) ;
#11160 = DIRECTION ( 'NONE',  ( 0.7071067811865472397, 0.000000000000000000, -0.7071067811865479058 ) ) ;
#11161 = DIRECTION ( 'NONE',  ( 0.000000000000000000, 1.000000000000000000, -0.000000000000000000 ) ) ;
#11162 = ORIENTED_EDGE ( 'NONE', *, *, #1884, .T. ) ;
#11163 = EDGE_CURVE ( 'NONE', #10516, #10737, #1421, .T. ) ;
#11164 = LINE ( 'NONE', #4277, #1426 ) ;
#11165 = EDGE_CURVE ( 'NONE', #4708, #10068, #7543, .T. ) ;
#11166 = EDGE_CURVE ( 'NONE', #4532, #10116, #10521, .T. ) ;
#11167 = CARTESIAN_POINT ( 'NONE',  ( 1.000000000000900835, 17.49999999999999645, 85.49999999999998579 ) ) ;
#11168 = EDGE_CURVE ( 'NONE', #1343, #2919, #5364, .T. ) ;
#11169 = FACE_BOUND ( 'NONE', #6513, .T. ) ;
#11170 = DIRECTION ( 'NONE',  ( 1.000000000000000000, 0.000000000000000000, -9.151367022657275579E-15 ) ) ;
#11171 = LINE ( 'NONE', #1488, #5756 ) ;
#11172 = CARTESIAN_POINT ( 'NONE',  ( 1.000000000000000000, 17.49999999999999645, -5.659885683814142223E-15 ) ) ;
#11173 = DIRECTION ( 'NONE',  ( -1.000000000000000000, 0.000000000000000000, 0.000000000000000000 ) ) ;
#11174 = LINE ( 'NONE', #5895, #10782 ) ;
#11175 = PLANE ( 'NONE',  #1308 ) ;
#11176 = EDGE_CURVE ( 'NONE', #6166, #6594, #10226, .T. ) ;
#11177 = EDGE_LOOP ( 'NONE', ( #10648, #7506, #1791, #1735, #11157 ) ) ;
#11178 = VERTEX_POINT ( 'NONE', #5312 ) ;
#11179 = CARTESIAN_POINT ( 'NONE',  ( -9.839535850691087049, 2.658948054506818259, -11.37366758490533059 ) ) ;
#11180 = LINE ( 'NONE', #9279, #1896 ) ;
#11181 = FACE_OUTER_BOUND ( 'NONE', #7490, .T. ) ;
#11182 = DIRECTION ( 'NONE',  ( -0.000000000000000000, -1.000000000000000000, -0.000000000000000000 ) ) ;
#11183 = ORIENTED_EDGE ( 'NONE', *, *, #8239, .T. ) ;
#11184 = PLANE ( 'NONE',  #9691 ) ;
#11185 = FACE_OUTER_BOUND ( 'NONE', #3213, .T. ) ;
#11186 = VERTEX_POINT ( 'NONE', #10409 ) ;
#11187 = EDGE_LOOP ( 'NONE', ( #8440, #5520, #2007, #9127 ) ) ;
#11188 = EDGE_LOOP ( 'NONE', ( #4852, #9391, #11021, #8434, #7698 ) ) ;
#11189 = VECTOR ( 'NONE', #1098, 1000.000000000000000 ) ;
#11190 = LINE ( 'NONE', #11082, #3154 ) ;
#11191 = ADVANCED_FACE ( 'NONE', ( #6000 ), #6226, .F. ) ;
#11192 = DIRECTION ( 'NONE',  ( -1.387778780781446464E-15, 0.000000000000000000, 1.000000000000000000 ) ) ;
#11193 = LINE ( 'NONE', #5979, #3262 ) ;
#11194 = VERTEX_POINT ( 'NONE', #6959 ) ;
#11195 = ORIENTED_EDGE ( 'NONE', *, *, #8411, .T. ) ;
#11196 = CARTESIAN_POINT ( 'NONE',  ( 18.92588048819949620, 19.49999999999999645, -15.33883813756178860 ) ) ;
#11197 = EDGE_CURVE ( 'NONE', #1800, #871, #9659, .T. ) ;
#11198 = PLANE ( 'NONE',  #6887 ) ;
#11199 = ORIENTED_EDGE ( 'NONE', *, *, #10102, .T. ) ;
#11200 = ORIENTED_EDGE ( 'NONE', *, *, #9441, .F. ) ;
#11201 = VECTOR ( 'NONE', #7203, 1000.000000000000000 ) ;
#11202 = EDGE_CURVE ( 'NONE', #11129, #3217, #899, .T. ) ;
#11203 = EDGE_CURVE ( 'NONE', #9503, #7316, #4446, .T. ) ;
#11204 = FACE_OUTER_BOUND ( 'NONE', #4377, .T. ) ;
#11205 = DIRECTION ( 'NONE',  ( 0.000000000000000000, 1.000000000000000000, 0.000000000000000000 ) ) ;
#11206 = FACE_OUTER_BOUND ( 'NONE', #7341, .T. ) ;
#11207 = CARTESIAN_POINT ( 'NONE',  ( 41.74999999999993605, 24.95324863549492633, -3.471804156800881280 ) ) ;
#11208 = ORIENTED_EDGE ( 'NONE', *, *, #1621, .F. ) ;
#11209 = VERTEX_POINT ( 'NONE', #2741 ) ;
#11210 = DIRECTION ( 'NONE',  ( -0.000000000000000000, -1.000000000000000000, -0.000000000000000000 ) ) ;
#11211 = CARTESIAN_POINT ( 'NONE',  ( 43.75000000000004974, 17.49999999999999645, 27.31663875629274685 ) ) ;
#11212 = DIRECTION ( 'NONE',  ( -1.000000000000000000, 0.000000000000000000, 2.168404344971009657E-15 ) ) ;
#11213 = ORIENTED_EDGE ( 'NONE', *, *, #5672, .T. ) ;
#11214 = LINE ( 'NONE', #9489, #3807 ) ;
#11215 = CIRCLE ( 'NONE', #1524, 1.000000000000000888 ) ;
#11216 = AXIS2_PLACEMENT_3D ( 'NONE', #9280, #6873, #8425 ) ;
#11217 = VERTEX_POINT ( 'NONE', #5251 ) ;
#11218 = DIRECTION ( 'NONE',  ( -1.000000000000000000, 0.000000000000000000, 2.168404344971009657E-15 ) ) ;
#11219 = CARTESIAN_POINT ( 'NONE',  ( -41.75000000000014211, 17.49999999999999645, 42.74999999999999289 ) ) ;
#11220 = FACE_BOUND ( 'NONE', #6185, .T. ) ;
#11221 = CARTESIAN_POINT ( 'NONE',  ( -1.518785097687213895E-13, 17.49999999999999645, -42.74999999999999289 ) ) ;
#11222 = DIRECTION ( 'NONE',  ( 0.000000000000000000, 0.000000000000000000, 1.000000000000000000 ) ) ;
#11223 = CIRCLE ( 'NONE', #6100, 1.500000000000003997 ) ;
#11224 = DIRECTION ( 'NONE',  ( 0.000000000000000000, -0.000000000000000000, 1.000000000000000000 ) ) ;
#11225 = EDGE_CURVE ( 'NONE', #7190, #10240, #93, .T. ) ;
#11226 = DIRECTION ( 'NONE',  ( 0.000000000000000000, 0.000000000000000000, 1.000000000000000000 ) ) ;
#11227 = AXIS2_PLACEMENT_3D ( 'NONE', #803, #7790, #2703 ) ;
#11228 = AXIS2_PLACEMENT_3D ( 'NONE', #10234, #3078, #7765 ) ;
#11229 = VERTEX_POINT ( 'NONE', #1702 ) ;
#11230 = EDGE_LOOP ( 'NONE', ( #5020, #7391, #9203 ) ) ;
#11231 = CARTESIAN_POINT ( 'NONE',  ( -9.071730716813435791, 2.500000000000000444, -12.14147271878297829 ) ) ;
#11232 = CYLINDRICAL_SURFACE ( 'NONE', #984, 25.00000000000000355 ) ;
#11233 = DIRECTION ( 'NONE',  ( 0.7071067811865473507, -0.000000000000000000, -0.7071067811865477948 ) ) ;
#11234 = DIRECTION ( 'NONE',  ( 0.000000000000000000, 1.000000000000000000, -0.000000000000000000 ) ) ;
#11235 = CARTESIAN_POINT ( 'NONE',  ( -13.74999999999999822, 0.000000000000000000, -8.877416997969513446 ) ) ;
#11236 = CARTESIAN_POINT ( 'NONE',  ( -41.09999999999999432, 2.500000000000000000, -2.857883832488648856 ) ) ;
#11237 = EDGE_CURVE ( 'NONE', #4271, #7289, #7709, .T. ) ;
#11238 = VERTEX_POINT ( 'NONE', #1649 ) ;
#11239 = PLANE ( 'NONE',  #6400 ) ;
#11240 = FACE_OUTER_BOUND ( 'NONE', #5164, .T. ) ;
#11241 = AXIS2_PLACEMENT_3D ( 'NONE', #2851, #7950, #320 ) ;
#11242 = EDGE_CURVE ( 'NONE', #5402, #6543, #6110, .T. ) ;
#11243 = VERTEX_POINT ( 'NONE', #3486 ) ;
#11244 = AXIS2_PLACEMENT_3D ( 'NONE', #6340, #43, #1076 ) ;
#11245 = ORIENTED_EDGE ( 'NONE', *, *, #10464, .F. ) ;
#11246 = EDGE_LOOP ( 'NONE', ( #2842, #9106 ) ) ;
#11247 = VECTOR ( 'NONE', #8382, 1000.000000000000000 ) ;
#11248 = DIRECTION ( 'NONE',  ( 0.000000000000000000, 1.000000000000000000, -0.000000000000000000 ) ) ;
#11249 = PLANE ( 'NONE',  #2533 ) ;
#11250 = DIRECTION ( 'NONE',  ( 0.000000000000000000, 0.000000000000000000, 1.000000000000000000 ) ) ;
#11251 = ORIENTED_EDGE ( 'NONE', *, *, #5209, .T. ) ;
#11252 = ORIENTED_EDGE ( 'NONE', *, *, #6918, .T. ) ;
#11253 = CARTESIAN_POINT ( 'NONE',  ( 41.09999999999999432, 2.500000000000000000, 2.107883832488645304 ) ) ;
#11254 = PLANE ( 'NONE',  #9632 ) ;
#11255 = ORIENTED_EDGE ( 'NONE', *, *, #9746, .F. ) ;
#11256 = CARTESIAN_POINT ( 'NONE',  ( -13.48119349357087593, 0.000000000000000000, 13.43217012171423086 ) ) ;
#11257 = VECTOR ( 'NONE', #862, 1000.000000000000000 ) ;
#11258 = PLANE ( 'NONE',  #9924 ) ;
#11259 = LINE ( 'NONE', #3412, #250 ) ;
#11260 = VECTOR ( 'NONE', #8912, 1000.000000000000000 ) ;
#11261 = LINE ( 'NONE', #9535, #3439 ) ;
#11262 = DIRECTION ( 'NONE',  ( 0.000000000000000000, -0.000000000000000000, 1.000000000000000000 ) ) ;
#11263 = ORIENTED_EDGE ( 'NONE', *, *, #11328, .F. ) ;
#11264 = ORIENTED_EDGE ( 'NONE', *, *, #6266, .T. ) ;
#11265 = CARTESIAN_POINT ( 'NONE',  ( -8.877416997969516999, 2.500000000000000000, -14.75000000000000000 ) ) ;
#11266 = DIRECTION ( 'NONE',  ( -0.7071067811865479058, 0.000000000000000000, -0.7071067811865472397 ) ) ;
#11267 = DIRECTION ( 'NONE',  ( -0.000000000000000000, -1.000000000000000000, -0.000000000000000000 ) ) ;
#11268 = VERTEX_POINT ( 'NONE', #2564 ) ;
#11269 = CARTESIAN_POINT ( 'NONE',  ( 5.235365066354933894E-15, 2.500000000000000000, 42.74999999999999289 ) ) ;
#11270 = AXIS2_PLACEMENT_3D ( 'NONE', #7674, #11173, #11222 ) ;
#11271 = EDGE_LOOP ( 'NONE', ( #983, #1820, #3469, #9112, #52 ) ) ;
#11272 = FACE_BOUND ( 'NONE', #1703, .T. ) ;
#11273 = CARTESIAN_POINT ( 'NONE',  ( -41.75000000000004974, 17.49999999999999645, -25.33493649053890451 ) ) ;
#11274 = DIRECTION ( 'NONE',  ( -0.000000000000000000, -1.000000000000000000, -0.000000000000000000 ) ) ;
#11275 = DIRECTION ( 'NONE',  ( 1.264284836150040893E-14, 0.000000000000000000, 1.000000000000000000 ) ) ;
#11276 = LINE ( 'NONE', #9378, #7232 ) ;
#11277 = DIRECTION ( 'NONE',  ( 0.000000000000000000, 0.000000000000000000, -1.000000000000000000 ) ) ;
#11278 = EDGE_CURVE ( 'NONE', #8665, #10433, #9414, .T. ) ;
#11279 = PLANE ( 'NONE',  #4059 ) ;
#11280 = AXIS2_PLACEMENT_3D ( 'NONE', #8089, #5679, #9168 ) ;
#11281 = ADVANCED_FACE ( 'NONE', ( #9600 ), #1761, .F. ) ;
#11282 = ORIENTED_EDGE ( 'NONE', *, *, #2056, .F. ) ;
#11283 = ORIENTED_EDGE ( 'NONE', *, *, #4799, .F. ) ;
#11284 = CIRCLE ( 'NONE', #6349, 1.500000000000001332 ) ;
#11285 = DIRECTION ( 'NONE',  ( -0.000000000000000000, 1.000000000000000000, -0.000000000000000000 ) ) ;
#11286 = DIRECTION ( 'NONE',  ( -0.000000000000000000, -1.000000000000000000, 0.000000000000000000 ) ) ;
#11287 = PLANE ( 'NONE',  #11315 ) ;
#11288 = DIRECTION ( 'NONE',  ( 2.168404344971009657E-15, -1.972152263052529514E-31, 1.000000000000000000 ) ) ;
#11289 = CARTESIAN_POINT ( 'NONE',  ( 9.838180464847564366, 2.658665245958899970, 11.37502297074886748 ) ) ;
#11290 = CARTESIAN_POINT ( 'NONE',  ( 23.75650936579270223, 0.000000000000000000, 2.500000000000030642 ) ) ;
#11291 = ORIENTED_EDGE ( 'NONE', *, *, #7479, .T. ) ;
#11292 = AXIS2_PLACEMENT_3D ( 'NONE', #9076, #2100, #5590 ) ;
#11293 = CARTESIAN_POINT ( 'NONE',  ( 38.41987298107779480, 0.000000000000000000, -2.499999999999992895 ) ) ;
#11294 = CARTESIAN_POINT ( 'NONE',  ( -26.18460386900040859, 0.000000000000000000, 26.18460386900039438 ) ) ;
#11295 = AXIS2_PLACEMENT_3D ( 'NONE', #8770, #8711, #6200 ) ;
#11296 = EDGE_LOOP ( 'NONE', ( #522, #7727 ) ) ;
#11297 = EDGE_CURVE ( 'NONE', #9184, #10581, #4840, .T. ) ;
#11298 = EDGE_CURVE ( 'NONE', #5324, #6629, #7404, .T. ) ;
#11299 = EDGE_LOOP ( 'NONE', ( #8416, #3765, #2372, #8100 ) ) ;
#11300 = VERTEX_POINT ( 'NONE', #841 ) ;
#11301 = VECTOR ( 'NONE', #10403, 1000.000000000000000 ) ;
#11302 = EDGE_CURVE ( 'NONE', #2623, #8428, #6856, .T. ) ;
#11303 = VECTOR ( 'NONE', #510, 1000.000000000000000 ) ;
#11304 = EDGE_CURVE ( 'NONE', #2400, #1320, #1191, .T. ) ;
#11305 = CIRCLE ( 'NONE', #325, 1.500000000000001332 ) ;
#11306 = DIRECTION ( 'NONE',  ( -0.000000000000000000, -1.000000000000000000, 0.000000000000000000 ) ) ;
#11307 = DIRECTION ( 'NONE',  ( -0.000000000000000000, -1.000000000000000000, -0.000000000000000000 ) ) ;
#11308 = CYLINDRICAL_SURFACE ( 'NONE', #7081, 1.000000000000000888 ) ;
#11309 = EDGE_LOOP ( 'NONE', ( #11015, #10309, #13 ) ) ;
#11310 = VERTEX_POINT ( 'NONE', #9932 ) ;
#11311 = CARTESIAN_POINT ( 'NONE',  ( -0.9999999999994296784, 27.36039051652360854, 45.11163244297858910 ) ) ;
#11312 = CARTESIAN_POINT ( 'NONE',  ( -22.53814889626739770, 17.49999999999999645, 27.28291891559792859 ) ) ;
#11313 = VERTEX_POINT ( 'NONE', #10684 ) ;
#11314 = DIRECTION ( 'NONE',  ( -0.000000000000000000, -1.000000000000000000, 0.000000000000000000 ) ) ;
#11315 = AXIS2_PLACEMENT_3D ( 'NONE', #861, #4298, #7964 ) ;
#11316 = VECTOR ( 'NONE', #8721, 1000.000000000000000 ) ;
#11317 = ADVANCED_FACE ( 'NONE', ( #6495 ), #2150, .F. ) ;
#11318 = CARTESIAN_POINT ( 'NONE',  ( 0.9999999999997447597, 27.36039051652360854, -45.11163244297858199 ) ) ;
#11319 = CARTESIAN_POINT ( 'NONE',  ( -41.09999999999999432, -34.48187929913332539, 2.107883832488644416 ) ) ;
#11320 = DIRECTION ( 'NONE',  ( -2.168404344971008868E-15, 0.000000000000000000, -1.000000000000000000 ) ) ;
#11321 = CARTESIAN_POINT ( 'NONE',  ( 3.471804156800722296, 24.95324863549492633, -41.75000000000008527 ) ) ;
#11322 = ORIENTED_EDGE ( 'NONE', *, *, #1496, .F. ) ;
#11323 = ORIENTED_EDGE ( 'NONE', *, *, #513, .T. ) ;
#11324 = CARTESIAN_POINT ( 'NONE',  ( 0.000000000000000000, 2.500000000000000000, -14.75000000000000000 ) ) ;
#11325 = DIRECTION ( 'NONE',  ( -1.000000000000000000, 0.000000000000000000, 5.659885683814142223E-15 ) ) ;
#11326 = CARTESIAN_POINT ( 'NONE',  ( 4.504001642398092977E-13, 17.49999999999999645, 42.74999999999999289 ) ) ;
#11327 = VERTEX_POINT ( 'NONE', #2846 ) ;
#11328 = EDGE_CURVE ( 'NONE', #3055, #3584, #6277, .T. ) ;
#11329 = DIRECTION ( 'NONE',  ( 0.000000000000000000, 0.000000000000000000, 1.000000000000000000 ) ) ;
#11330 = VERTEX_POINT ( 'NONE', #10861 ) ;
#11331 = VECTOR ( 'NONE', #2677, 1000.000000000000000 ) ;
#11332 = AXIS2_PLACEMENT_3D ( 'NONE', #2408, #564, #1549 ) ;
#11333 = ORIENTED_EDGE ( 'NONE', *, *, #297, .T. ) ;
#11334 = CARTESIAN_POINT ( 'NONE',  ( -31.84145811849277408, 0.000000000000000000, 14.16378858882910485 ) ) ;
#11335 = DIRECTION ( 'NONE',  ( 2.602085213965209458E-15, 0.000000000000000000, 1.000000000000000000 ) ) ;
#11336 = CARTESIAN_POINT ( 'NONE',  ( -2.500000000000062172, 0.000000000000000000, 24.41336361528505350 ) ) ;
#11337 = VECTOR ( 'NONE', #2777, 1000.000000000000000 ) ;
#11338 = EDGE_CURVE ( 'NONE', #2676, #3785, #5418, .T. ) ;
#11339 = CYLINDRICAL_SURFACE ( 'NONE', #2306, 4.999999999999997335 ) ;
#11340 = DIRECTION ( 'NONE',  ( 0.000000000000000000, 0.000000000000000000, 1.000000000000000000 ) ) ;
#11341 = DIRECTION ( 'NONE',  ( 0.000000000000000000, 0.000000000000000000, -1.000000000000000000 ) ) ;
#11342 = ADVANCED_FACE ( 'NONE', ( #9880 ), #5473, .F. ) ;
#11343 = AXIS2_PLACEMENT_3D ( 'NONE', #6768, #3456, #7859 ) ;
ENDSEC;
END-ISO-10303-21;
