ISO-10303-21;
HEADER;
FILE_DESCRIPTION (( 'STEP AP214' ),
    '1' );
FILE_NAME ('µç³Ø¼Ü×Ü×°Æ´°æ2.STEP',
    '2026-04-21T12:02:24',
    ( '' ),
    ( '' ),
    'SwSTEP 2.0',
    'SolidWorks 2026',
    '' );
FILE_SCHEMA (( 'AUTOMOTIVE_DESIGN' ));
ENDSEC;

DATA;
#1 = DIRECTION ( 'NONE',  ( 1.000000000000000000, 0.000000000000000000, 2.168404344971010840E-16 ) ) ;
#2 = EDGE_LOOP ( 'NONE', ( #950, #2230, #2961, #292, #3017, #2053, #1559, #806 ) ) ;
#3 = CARTESIAN_POINT ( 'NONE',  ( 5.000000000000031974, 139.6699193696437931, 13.50000000000000533 ) ) ;
#4 = ORIENTED_EDGE ( 'NONE', *, *, #450, .F. ) ;
#5 = DIRECTION ( 'NONE',  ( 1.000000000000000000, 0.000000000000000000, 0.000000000000000000 ) ) ;
#6 = EDGE_CURVE ( 'NONE', #2065, #3001, #2907, .T. ) ;
#7 = DIRECTION ( 'NONE',  ( -2.598698357978766491E-16, 2.124224124800603196E-17, 1.000000000000000000 ) ) ;
#8 = DIRECTION ( 'NONE',  ( 1.770191701106372407E-16, 1.000000000000000000, -1.033096529485792400E-17 ) ) ;
#9 = ORIENTED_EDGE ( 'NONE', *, *, #2400, .F. ) ;
#10 = DIRECTION ( 'NONE',  ( -1.000000000000000000, 0.000000000000000000, 0.000000000000000000 ) ) ;
#11 = LINE ( 'NONE', #511, #1194 ) ;
#12 = DIRECTION ( 'NONE',  ( -1.000000000000000000, 0.000000000000000000, -2.168404344971008868E-16 ) ) ;
#13 = ORIENTED_EDGE ( 'NONE', *, *, #417, .T. ) ;
#14 = ORIENTED_EDGE ( 'NONE', *, *, #2115, .T. ) ;
#15 = DIRECTION ( 'NONE',  ( 1.000000000000000000, 0.000000000000000000, 0.000000000000000000 ) ) ;
#16 = DIRECTION ( 'NONE',  ( 1.770191701106372407E-16, 1.000000000000000000, -1.033096529485792400E-17 ) ) ;
#17 = ADVANCED_FACE ( 'NONE', ( #2678 ), #3226, .F. ) ;
#18 = ORIENTED_EDGE ( 'NONE', *, *, #2780, .T. ) ;
#19 = DIRECTION ( 'NONE',  ( 1.000000000000000000, 0.000000000000000000, 0.000000000000000000 ) ) ;
#20 = DIRECTION ( 'NONE',  ( 1.000000000000000000, 0.000000000000000000, 0.000000000000000000 ) ) ;
#21 = ORIENTED_EDGE ( 'NONE', *, *, #1429, .F. ) ;
#22 = DIRECTION ( 'NONE',  ( 7.964144507004428806E-17, -1.033096529485793786E-17, -1.000000000000000000 ) ) ;
#23 = CIRCLE ( 'NONE', #932, 2.000000000000001776 ) ;
#24 = DIRECTION ( 'NONE',  ( 1.665334536937734811E-16, 1.000000000000000000, -1.033096529485792554E-17 ) ) ;
#25 = CARTESIAN_POINT ( 'NONE',  ( 70.49999999999998579, 146.6699193696437931, -16.49999999999995737 ) ) ;
#26 = VECTOR ( 'NONE', #2057, 1000.000000000000000 ) ;
#27 = VERTEX_POINT ( 'NONE', #3208 ) ;
#28 = EDGE_CURVE ( 'NONE', #1080, #2165, #223, .T. ) ;
#29 = CIRCLE ( 'NONE', #1519, 3.000000000000002665 ) ;
#30 = DIRECTION ( 'NONE',  ( -1.770191701106372407E-16, -1.000000000000000000, 1.033096529485792400E-17 ) ) ;
#31 = AXIS2_PLACEMENT_3D ( 'NONE', #2787, #1996, #45 ) ;
#32 = CARTESIAN_POINT ( 'NONE',  ( 92.50000000000005684, 139.6699193696437931, 13.50000000000003020 ) ) ;
#33 = DIRECTION ( 'NONE',  ( -2.598698357978766491E-16, 2.124224124800603196E-17, 1.000000000000000000 ) ) ;
#34 = ORIENTED_EDGE ( 'NONE', *, *, #1044, .T. ) ;
#35 = EDGE_CURVE ( 'NONE', #2171, #2374, #3454, .T. ) ;
#36 = ORIENTED_EDGE ( 'NONE', *, *, #204, .T. ) ;
#37 = CARTESIAN_POINT ( 'NONE',  ( 70.49999999999998579, 146.6699193696437931, -14.67333333333329648 ) ) ;
#38 = CARTESIAN_POINT ( 'NONE',  ( 92.49999999999998579, 139.6699193696437931, -16.49999999999995737 ) ) ;
#39 = ORIENTED_EDGE ( 'NONE', *, *, #1041, .T. ) ;
#40 = ADVANCED_FACE ( 'NONE', ( #1872 ), #1004, .T. ) ;
#41 = ORIENTED_EDGE ( 'NONE', *, *, #1649, .F. ) ;
#42 = CARTESIAN_POINT ( 'NONE',  ( 4.999999999999984013, 136.6699193696437931, -16.49999999999997158 ) ) ;
#43 = EDGE_CURVE ( 'NONE', #2877, #3384, #2662, .T. ) ;
#44 = AXIS2_PLACEMENT_3D ( 'NONE', #2393, #1852, #3191 ) ;
#45 = DIRECTION ( 'NONE',  ( 1.000000000000000000, 0.000000000000000000, 0.000000000000000000 ) ) ;
#46 = LINE ( 'NONE', #1134, #146 ) ;
#47 = ORIENTED_EDGE ( 'NONE', *, *, #764, .F. ) ;
#48 = VECTOR ( 'NONE', #3249, 1000.000000000000000 ) ;
#49 = LINE ( 'NONE', #2050, #2167 ) ;
#50 = DIRECTION ( 'NONE',  ( -1.770191701106372407E-16, -1.000000000000000000, 1.033096529485792400E-17 ) ) ;
#51 = DIRECTION ( 'NONE',  ( 1.000000000000000000, 0.000000000000000000, 0.000000000000000000 ) ) ;
#52 = EDGE_CURVE ( 'NONE', #1346, #301, #986, .T. ) ;
#53 = ORIENTED_EDGE ( 'NONE', *, *, #1009, .F. ) ;
#54 = EDGE_LOOP ( 'NONE', ( #1409, #3320, #1886, #1504 ) ) ;
#55 = EDGE_CURVE ( 'NONE', #2626, #2397, #1533, .T. ) ;
#56 = DIRECTION ( 'NONE',  ( 1.000000000000000000, 0.000000000000000000, 0.000000000000000000 ) ) ;
#57 = ORIENTED_EDGE ( 'NONE', *, *, #525, .T. ) ;
#58 = DIRECTION ( 'NONE',  ( 1.000000000000000000, 0.000000000000000000, 2.168404344971006896E-16 ) ) ;
#59 = DIRECTION ( 'NONE',  ( 1.770191701106372407E-16, 1.000000000000000000, -1.033096529485792400E-17 ) ) ;
#60 = CARTESIAN_POINT ( 'NONE',  ( 5.500000000000032863, 136.6699193696437931, 24.50000000000000355 ) ) ;
#61 = CYLINDRICAL_SURFACE ( 'NONE', #2327, 1.499999999999982681 ) ;
#62 = ADVANCED_FACE ( 'NONE', ( #2426 ), #1567, .F. ) ;
#63 = CARTESIAN_POINT ( 'NONE',  ( 95.50000000000005684, 139.6699193696437931, 13.50000000000003020 ) ) ;
#64 = VERTEX_POINT ( 'NONE', #3169 ) ;
#65 = LINE ( 'NONE', #1948, #2339 ) ;
#66 = CARTESIAN_POINT ( 'NONE',  ( 70.49999999999997158, 139.6699193696437931, -24.49999999999996092 ) ) ;
#67 = DIRECTION ( 'NONE',  ( 1.770191701106372407E-16, 1.000000000000000000, -1.033096529485792400E-17 ) ) ;
#68 = ORIENTED_EDGE ( 'NONE', *, *, #649, .F. ) ;
#69 = DIRECTION ( 'NONE',  ( 1.770191701106372407E-16, 1.000000000000000000, -1.033096529485792400E-17 ) ) ;
#70 = CARTESIAN_POINT ( 'NONE',  ( 4.999999999999984013, 137.6699193696437931, -16.49999999999997158 ) ) ;
#71 = EDGE_LOOP ( 'NONE', ( #1893, #614, #361, #2009 ) ) ;
#72 = EDGE_CURVE ( 'NONE', #1847, #689, #715, .T. ) ;
#73 = DIRECTION ( 'NONE',  ( 1.000000000000000000, 0.000000000000000000, 0.000000000000000000 ) ) ;
#74 = CARTESIAN_POINT ( 'NONE',  ( 95.49999999999997158, 139.6699193696437931, -29.99999999999996092 ) ) ;
#75 = ORIENTED_EDGE ( 'NONE', *, *, #434, .T. ) ;
#76 = EDGE_CURVE ( 'NONE', #2374, #998, #1759, .T. ) ;
#77 = FACE_OUTER_BOUND ( 'NONE', #2528, .T. ) ;
#78 = DIRECTION ( 'NONE',  ( -6.938893903907233000E-18, -1.000000000000000000, 2.124224124800602887E-17 ) ) ;
#79 = DIRECTION ( 'NONE',  ( 1.000000000000000000, 0.000000000000000000, 0.000000000000000000 ) ) ;
#80 = ORIENTED_EDGE ( 'NONE', *, *, #2870, .F. ) ;
#81 = AXIS2_PLACEMENT_3D ( 'NONE', #1400, #24, #363 ) ;
#82 = ADVANCED_FACE ( 'NONE', ( #173 ), #3241, .F. ) ;
#83 = CARTESIAN_POINT ( 'NONE',  ( 4.999999999999984013, 137.6699193696437931, -16.49999999999997158 ) ) ;
#84 = AXIS2_PLACEMENT_3D ( 'NONE', #1350, #2188, #1911 ) ;
#85 = DIRECTION ( 'NONE',  ( -6.938893903907233000E-18, -1.000000000000000000, 2.124224124800602887E-17 ) ) ;
#86 = ORIENTED_EDGE ( 'NONE', *, *, #2982, .F. ) ;
#87 = CIRCLE ( 'NONE', #142, 1.250000000000001110 ) ;
#88 = CIRCLE ( 'NONE', #1223, 1.999999999999994893 ) ;
#89 = DIRECTION ( 'NONE',  ( 6.938893903907233000E-18, 1.000000000000000000, -2.124224124800602887E-17 ) ) ;
#90 = CARTESIAN_POINT ( 'NONE',  ( 69.05012562893378458, 139.6699193696437931, -36.99999999999996447 ) ) ;
#91 = VECTOR ( 'NONE', #2192, 1000.000000000000000 ) ;
#92 = EDGE_LOOP ( 'NONE', ( #956, #324, #648, #2697 ) ) ;
#93 = DIRECTION ( 'NONE',  ( -6.938893903907233000E-18, -1.000000000000000000, 2.124224124800602887E-17 ) ) ;
#94 = VERTEX_POINT ( 'NONE', #690 ) ;
#95 = CARTESIAN_POINT ( 'NONE',  ( 97.50000000000002842, 139.6699193696437931, 27.00000000000002842 ) ) ;
#96 = EDGE_CURVE ( 'NONE', #3212, #926, #2735, .T. ) ;
#97 = LINE ( 'NONE', #1675, #3462 ) ;
#98 = FACE_OUTER_BOUND ( 'NONE', #3296, .T. ) ;
#99 = ORIENTED_EDGE ( 'NONE', *, *, #2363, .T. ) ;
#100 = AXIS2_PLACEMENT_3D ( 'NONE', #3395, #362, #396 ) ;
#101 = FACE_OUTER_BOUND ( 'NONE', #1122, .T. ) ;
#102 = CARTESIAN_POINT ( 'NONE',  ( 2.775557561562891351E-14, 139.6699193696437931, 2.000000000000001776 ) ) ;
#103 = VERTEX_POINT ( 'NONE', #1289 ) ;
#104 = AXIS2_PLACEMENT_3D ( 'NONE', #346, #93, #1448 ) ;
#105 = CARTESIAN_POINT ( 'NONE',  ( 89.50000000000005684, 137.6699193696437931, 13.50000000000002842 ) ) ;
#106 = LINE ( 'NONE', #357, #1915 ) ;
#107 = EDGE_CURVE ( 'NONE', #1851, #1374, #2106, .T. ) ;
#108 = ORIENTED_EDGE ( 'NONE', *, *, #256, .T. ) ;
#109 = CIRCLE ( 'NONE', #2800, 1.500000000000001332 ) ;
#110 = CARTESIAN_POINT ( 'NONE',  ( 5.499999999999984013, 136.6699193696437931, -27.49999999999996803 ) ) ;
#111 = CARTESIAN_POINT ( 'NONE',  ( 67.00000000000002842, 136.6699193696437931, 32.00000000000002132 ) ) ;
#112 = EDGE_LOOP ( 'NONE', ( #669, #630 ) ) ;
#113 = DIRECTION ( 'NONE',  ( 2.742626278647496239E-16, -3.114764700657966614E-17, -1.000000000000000000 ) ) ;
#114 = ADVANCED_FACE ( 'NONE', ( #203 ), #3493, .F. ) ;
#115 = PLANE ( 'NONE',  #1049 ) ;
#116 = VERTEX_POINT ( 'NONE', #488 ) ;
#117 = ORIENTED_EDGE ( 'NONE', *, *, #2574, .T. ) ;
#118 = ADVANCED_FACE ( 'NONE', ( #257 ), #3543, .F. ) ;
#119 = CYLINDRICAL_SURFACE ( 'NONE', #144, 2.000000000000001776 ) ;
#120 = CARTESIAN_POINT ( 'NONE',  ( 80.49999999999995737, 139.6699193696437931, -5.499999999999958256 ) ) ;
#121 = ORIENTED_EDGE ( 'NONE', *, *, #1000, .F. ) ;
#122 = DIRECTION ( 'NONE',  ( -1.770191701106372407E-16, -1.000000000000000000, 1.033096529485792400E-17 ) ) ;
#123 = DIRECTION ( 'NONE',  ( 1.000000000000000000, -6.938893903907231459E-18, 6.524865300317130089E-17 ) ) ;
#124 = DIRECTION ( 'NONE',  ( 1.000000000000000000, 0.000000000000000000, 0.000000000000000000 ) ) ;
#125 = ORIENTED_EDGE ( 'NONE', *, *, #2280, .T. ) ;
#126 = DIRECTION ( 'NONE',  ( 1.000000000000000000, 0.000000000000000000, 0.000000000000000000 ) ) ;
#127 = DIRECTION ( 'NONE',  ( 1.770191701106372407E-16, 1.000000000000000000, -1.033096529485792400E-17 ) ) ;
#128 = EDGE_CURVE ( 'NONE', #1307, #2086, #2987, .T. ) ;
#129 = EDGE_LOOP ( 'NONE', ( #2489, #1114, #617, #1517 ) ) ;
#130 = DIRECTION ( 'NONE',  ( 6.938893903907233000E-18, 1.000000000000000000, -2.124224124800602887E-17 ) ) ;
#131 = CARTESIAN_POINT ( 'NONE',  ( 95.49999999999998579, 139.6699193696437931, -16.49999999999995737 ) ) ;
#132 = EDGE_LOOP ( 'NONE', ( #1783, #1856, #1271, #267 ) ) ;
#133 = VERTEX_POINT ( 'NONE', #2445 ) ;
#134 = DIRECTION ( 'NONE',  ( 1.000000000000000000, -6.938893903907226837E-18, 2.598698357978766491E-16 ) ) ;
#135 = CARTESIAN_POINT ( 'NONE',  ( 78.50000000000002842, 139.6699193696437931, 21.50000000000001776 ) ) ;
#136 = EDGE_CURVE ( 'NONE', #1956, #601, #548, .T. ) ;
#137 = ORIENTED_EDGE ( 'NONE', *, *, #136, .F. ) ;
#138 = CIRCLE ( 'NONE', #1391, 3.000000000000002665 ) ;
#139 = CARTESIAN_POINT ( 'NONE',  ( 69.05012562893382722, 136.6699193696437931, 36.00000000000002842 ) ) ;
#140 = FACE_OUTER_BOUND ( 'NONE', #2983, .T. ) ;
#141 = EDGE_CURVE ( 'NONE', #596, #133, #1060, .T. ) ;
#142 = AXIS2_PLACEMENT_3D ( 'NONE', #490, #1658, #2700 ) ;
#143 = ORIENTED_EDGE ( 'NONE', *, *, #1782, .T. ) ;
#144 = AXIS2_PLACEMENT_3D ( 'NONE', #2090, #3192, #2304 ) ;
#145 = LINE ( 'NONE', #2064, #3438 ) ;
#146 = VECTOR ( 'NONE', #2252, 1000.000000000000000 ) ;
#147 = VECTOR ( 'NONE', #688, 1000.000000000000000 ) ;
#148 = VERTEX_POINT ( 'NONE', #3002 ) ;
#149 = VERTEX_POINT ( 'NONE', #1081 ) ;
#150 = LINE ( 'NONE', #184, #720 ) ;
#151 = FACE_BOUND ( 'NONE', #868, .T. ) ;
#152 = ADVANCED_FACE ( 'NONE', ( #1890 ), #1906, .F. ) ;
#153 = EDGE_LOOP ( 'NONE', ( #3224, #376, #1769, #527 ) ) ;
#154 = ORIENTED_EDGE ( 'NONE', *, *, #3038, .T. ) ;
#155 = CARTESIAN_POINT ( 'NONE',  ( 1.999999999999980904, 136.6699193696437931, -4.999999999999969802 ) ) ;
#156 = DIRECTION ( 'NONE',  ( -6.938893903907233000E-18, -1.000000000000000000, 2.124224124800602887E-17 ) ) ;
#157 = CIRCLE ( 'NONE', #441, 2.000000000000001776 ) ;
#158 = EDGE_LOOP ( 'NONE', ( #415, #1336, #394, #945 ) ) ;
#159 = VECTOR ( 'NONE', #2883, 1000.000000000000000 ) ;
#160 = LINE ( 'NONE', #2920, #2909 ) ;
#161 = CARTESIAN_POINT ( 'NONE',  ( 78.50000000000002842, 136.6699193696437931, 13.50000000000001954 ) ) ;
#162 = CIRCLE ( 'NONE', #1767, 2.000000000000001776 ) ;
#163 = EDGE_LOOP ( 'NONE', ( #2844, #1701, #2338, #188 ) ) ;
#164 = EDGE_CURVE ( 'NONE', #2122, #2833, #293, .T. ) ;
#165 =( LENGTH_UNIT ( ) NAMED_UNIT ( * ) SI_UNIT ( .MILLI., .METRE. ) );
#166 = VECTOR ( 'NONE', #567, 1000.000000000000000 ) ;
#167 = EDGE_LOOP ( 'NONE', ( #287, #3477, #2862, #1145 ) ) ;
#168 = ORIENTED_EDGE ( 'NONE', *, *, #2870, .T. ) ;
#169 = CARTESIAN_POINT ( 'NONE',  ( 36.99999999999997868, 97.61867099011053028, -32.99999999999997158 ) ) ;
#170 = VECTOR ( 'NONE', #2935, 1000.000000000000000 ) ;
#171 = CARTESIAN_POINT ( 'NONE',  ( 6.749999999999981348, 136.6699193696437931, -27.49999999999996803 ) ) ;
#172 = VERTEX_POINT ( 'NONE', #535 ) ;
#173 = FACE_OUTER_BOUND ( 'NONE', #2093, .T. ) ;
#174 = EDGE_CURVE ( 'NONE', #2854, #3274, #2675, .T. ) ;
#175 = DIRECTION ( 'NONE',  ( 1.000000000000000000, 0.000000000000000000, 0.000000000000000000 ) ) ;
#176 = DIRECTION ( 'NONE',  ( 1.000000000000000000, 0.000000000000000000, 0.000000000000000000 ) ) ;
#177 = ORIENTED_EDGE ( 'NONE', *, *, #550, .T. ) ;
#178 = DIRECTION ( 'NONE',  ( 1.770191701106372407E-16, 1.000000000000000000, -1.033096529485792400E-17 ) ) ;
#179 = CARTESIAN_POINT ( 'NONE',  ( 70.50000000000002842, 139.6699193696437931, 3.673333333333359985 ) ) ;
#180 = ORIENTED_EDGE ( 'NONE', *, *, #128, .F. ) ;
#181 = CARTESIAN_POINT ( 'NONE',  ( -1.387778780781445676E-14, 139.6699193696437931, -29.99999999999997513 ) ) ;
#182 = CARTESIAN_POINT ( 'NONE',  ( 37.99431603205723462, 139.6699193696437931, -1.499999999999978906 ) ) ;
#183 = ADVANCED_FACE ( 'NONE', ( #2159 ), #2464, .F. ) ;
#184 = CARTESIAN_POINT ( 'NONE',  ( 9.499999999999973355, 136.6699193696437931, -24.49999999999996803 ) ) ;
#185 = EDGE_CURVE ( 'NONE', #1089, #1212, #2277, .T. ) ;
#186 = DIRECTION ( 'NONE',  ( 6.938893903907233000E-18, 1.000000000000000000, -2.124224124800602887E-17 ) ) ;
#187 = EDGE_CURVE ( 'NONE', #2711, #1677, #157, .T. ) ;
#188 = ORIENTED_EDGE ( 'NONE', *, *, #2115, .F. ) ;
#189 = CARTESIAN_POINT ( 'NONE',  ( 36.00000000000002842, 139.6699193696437931, 24.50000000000001066 ) ) ;
#190 = DIRECTION ( 'NONE',  ( 1.770191701106372407E-16, 1.000000000000000000, -1.033096529485792400E-17 ) ) ;
#191 = CARTESIAN_POINT ( 'NONE',  ( 3.469446951953614189E-14, 139.6699193696437931, 25.00000000000000000 ) ) ;
#192 = ORIENTED_EDGE ( 'NONE', *, *, #1064, .F. ) ;
#193 = CYLINDRICAL_SURFACE ( 'NONE', #3141, 3.000000000000002665 ) ;
#194 = LINE ( 'NONE', #161, #3063 ) ;
#195 = ORIENTED_EDGE ( 'NONE', *, *, #2730, .T. ) ;
#196 = DIRECTION ( 'NONE',  ( 1.000000000000000000, 0.000000000000000000, 0.000000000000000000 ) ) ;
#197 =( GEOMETRIC_REPRESENTATION_CONTEXT ( 3 ) GLOBAL_UNCERTAINTY_ASSIGNED_CONTEXT ( ( #1650 ) ) GLOBAL_UNIT_ASSIGNED_CONTEXT ( ( #3064, #353, #386 ) ) REPRESENTATION_CONTEXT ( 'NONE', 'WORKASPACE' ) );
#198 = EDGE_LOOP ( 'NONE', ( #3128, #2326, #2242, #2307 ) ) ;
#199 = VECTOR ( 'NONE', #263, 1000.000000000000000 ) ;
#200 = CARTESIAN_POINT ( 'NONE',  ( 37.00000000000003553, 97.61867099011053028, 32.00000000000001421 ) ) ;
#201 = AXIS2_PLACEMENT_3D ( 'NONE', #3313, #1169, #2272 ) ;
#202 = VERTEX_POINT ( 'NONE', #1944 ) ;
#203 = FACE_OUTER_BOUND ( 'NONE', #302, .T. ) ;
#204 = EDGE_CURVE ( 'NONE', #2963, #2824, #1397, .T. ) ;
#205 = AXIS2_PLACEMENT_3D ( 'NONE', #181, #3200, #1233 ) ;
#206 = CARTESIAN_POINT ( 'NONE',  ( 67.00000000000002842, 97.61867099011053028, 32.00000000000002132 ) ) ;
#207 = CARTESIAN_POINT ( 'NONE',  ( 69.00000000000002842, 139.6699193696437931, 32.00000000000002132 ) ) ;
#208 = ORIENTED_EDGE ( 'NONE', *, *, #2182, .F. ) ;
#209 = LINE ( 'NONE', #3215, #1422 ) ;
#210 = FACE_OUTER_BOUND ( 'NONE', #3360, .T. ) ;
#211 = ORIENTED_EDGE ( 'NONE', *, *, #2306, .T. ) ;
#212 = VECTOR ( 'NONE', #472, 1000.000000000000000 ) ;
#213 = LINE ( 'NONE', #1560, #2399 ) ;
#214 = EDGE_CURVE ( 'NONE', #585, #3547, #1636, .T. ) ;
#215 = AXIS2_PLACEMENT_3D ( 'NONE', #711, #2135, #3222 ) ;
#216 = ORIENTED_EDGE ( 'NONE', *, *, #733, .T. ) ;
#217 = LINE ( 'NONE', #3184, #2739 ) ;
#218 = CIRCLE ( 'NONE', #448, 1.249999999999997558 ) ;
#219 = CARTESIAN_POINT ( 'NONE',  ( 37.00000000000003553, 139.6699193696437931, 34.00000000000000711 ) ) ;
#220 = FACE_OUTER_BOUND ( 'NONE', #3394, .T. ) ;
#221 = AXIS2_PLACEMENT_3D ( 'NONE', #2559, #89, #2812 ) ;
#222 = VERTEX_POINT ( 'NONE', #822 ) ;
#223 = LINE ( 'NONE', #1553, #1589 ) ;
#224 = EDGE_CURVE ( 'NONE', #2058, #2594, #1693, .T. ) ;
#225 = AXIS2_PLACEMENT_3D ( 'NONE', #829, #1384, #3281 ) ;
#226 = DIRECTION ( 'NONE',  ( 6.938893903907233000E-18, 1.000000000000000000, -2.124224124800602887E-17 ) ) ;
#227 = DIRECTION ( 'NONE',  ( 1.000000000000000000, -6.938893903907233000E-18, 2.873765282794109252E-18 ) ) ;
#228 = VERTEX_POINT ( 'NONE', #2214 ) ;
#229 = EDGE_CURVE ( 'NONE', #1382, #2923, #1130, .T. ) ;
#230 = DIRECTION ( 'NONE',  ( 1.770191701106372407E-16, 1.000000000000000000, -1.033096529485792400E-17 ) ) ;
#231 = CARTESIAN_POINT ( 'NONE',  ( 80.49999999999995737, 136.6699193696437931, -5.499999999999958256 ) ) ;
#232 = DIRECTION ( 'NONE',  ( 1.000000000000000000, 0.000000000000000000, 2.168404344971006896E-16 ) ) ;
#233 = EDGE_LOOP ( 'NONE', ( #2855, #1219 ) ) ;
#234 = ORIENTED_EDGE ( 'NONE', *, *, #485, .F. ) ;
#235 = CARTESIAN_POINT ( 'NONE',  ( 36.99999999999998579, 136.6699193696437931, -32.99999999999997158 ) ) ;
#236 = ORIENTED_EDGE ( 'NONE', *, *, #901, .F. ) ;
#237 = EDGE_CURVE ( 'NONE', #771, #1435, #1987, .T. ) ;
#238 = LINE ( 'NONE', #967, #2741 ) ;
#239 = VERTEX_POINT ( 'NONE', #2734 ) ;
#240 = DIRECTION ( 'NONE',  ( 1.770191701106372407E-16, 1.000000000000000000, -1.033096529485792400E-17 ) ) ;
#241 = LINE ( 'NONE', #1924, #2607 ) ;
#242 = DIRECTION ( 'NONE',  ( 1.000000000000000000, 0.000000000000000000, 0.000000000000000000 ) ) ;
#243 = ORIENTED_EDGE ( 'NONE', *, *, #962, .T. ) ;
#244 = CARTESIAN_POINT ( 'NONE',  ( 37.25000000000003553, 136.6699193696437931, 24.50000000000001066 ) ) ;
#245 = CYLINDRICAL_SURFACE ( 'NONE', #1713, 2.000000000000001776 ) ;
#246 = FACE_BOUND ( 'NONE', #1881, .T. ) ;
#247 = EDGE_LOOP ( 'NONE', ( #3457, #1566, #14, #1196, #874 ) ) ;
#248 = ORIENTED_EDGE ( 'NONE', *, *, #6, .F. ) ;
#249 = EDGE_CURVE ( 'NONE', #94, #2775, #1923, .T. ) ;
#250 = CARTESIAN_POINT ( 'NONE',  ( 24.99999999999997868, 97.61867099011053028, -37.99999999999997158 ) ) ;
#251 = AXIS2_PLACEMENT_3D ( 'NONE', #2301, #2085, #948 ) ;
#252 = VERTEX_POINT ( 'NONE', #330 ) ;
#253 = DIRECTION ( 'NONE',  ( 1.000000000000000000, 0.000000000000000000, 0.000000000000000000 ) ) ;
#254 = LINE ( 'NONE', #1058, #1416 ) ;
#255 = ORIENTED_EDGE ( 'NONE', *, *, #1447, .F. ) ;
#256 = EDGE_CURVE ( 'NONE', #3152, #919, #2754, .T. ) ;
#257 = FACE_OUTER_BOUND ( 'NONE', #2929, .T. ) ;
#258 = AXIS2_PLACEMENT_3D ( 'NONE', #206, #1291, #1026 ) ;
#259 = CARTESIAN_POINT ( 'NONE',  ( 36.99999999999998579, 136.6699193696437931, -32.99999999999997158 ) ) ;
#260 = VECTOR ( 'NONE', #3273, 1000.000000000000000 ) ;
#261 = ADVANCED_FACE ( 'NONE', ( #875, #927 ), #1200, .T. ) ;
#262 = CIRCLE ( 'NONE', #1328, 1.500000000000003997 ) ;
#263 = DIRECTION ( 'NONE',  ( -6.938893903907233000E-18, -1.000000000000000000, 2.124224124800602887E-17 ) ) ;
#264 = EDGE_LOOP ( 'NONE', ( #577, #2354 ) ) ;
#265 = DIRECTION ( 'NONE',  ( 1.000000000000000000, 0.000000000000000000, 0.000000000000000000 ) ) ;
#266 = FACE_BOUND ( 'NONE', #2498, .T. ) ;
#267 = ORIENTED_EDGE ( 'NONE', *, *, #1494, .F. ) ;
#268 = VERTEX_POINT ( 'NONE', #1183 ) ;
#269 = AXIS2_PLACEMENT_3D ( 'NONE', #2181, #1418, #3523 ) ;
#270 = ORIENTED_EDGE ( 'NONE', *, *, #626, .F. ) ;
#271 = ADVANCED_FACE ( 'NONE', ( #1977 ), #602, .F. ) ;
#272 = CARTESIAN_POINT ( 'NONE',  ( 70.50000000000002842, 129.6699193696437931, 13.50000000000001954 ) ) ;
#273 = AXIS2_PLACEMENT_3D ( 'NONE', #60, #1149, #2627 ) ;
#274 = ORIENTED_EDGE ( 'NONE', *, *, #3432, .F. ) ;
#275 = DIRECTION ( 'NONE',  ( -1.000000000000000000, 6.938893903907226837E-18, -2.598698357978766491E-16 ) ) ;
#276 = AXIS2_PLACEMENT_3D ( 'NONE', #3307, #3520, #785 ) ;
#277 = PLANE ( 'NONE',  #3009 ) ;
#278 = FACE_OUTER_BOUND ( 'NONE', #1604, .T. ) ;
#279 = ORIENTED_EDGE ( 'NONE', *, *, #943, .T. ) ;
#280 = VECTOR ( 'NONE', #810, 1000.000000000000000 ) ;
#281 = FACE_OUTER_BOUND ( 'NONE', #54, .T. ) ;
#282 = DIRECTION ( 'NONE',  ( -6.938893903907233000E-18, -1.000000000000000000, 2.124224124800602887E-17 ) ) ;
#283 = ORIENTED_EDGE ( 'NONE', *, *, #1605, .T. ) ;
#284 = VERTEX_POINT ( 'NONE', #3076 ) ;
#285 = DIRECTION ( 'NONE',  ( 6.938893903907233000E-18, 1.000000000000000000, -2.124224124800602887E-17 ) ) ;
#286 = DIRECTION ( 'NONE',  ( -6.938893903907233000E-18, -1.000000000000000000, 2.124224124800602887E-17 ) ) ;
#287 = ORIENTED_EDGE ( 'NONE', *, *, #294, .T. ) ;
#288 = DIRECTION ( 'NONE',  ( 1.000000000000000000, 0.000000000000000000, 0.000000000000000000 ) ) ;
#289 = DIRECTION ( 'NONE',  ( 6.938893903907233000E-18, 1.000000000000000000, -2.124224124800602887E-17 ) ) ;
#290 = EDGE_CURVE ( 'NONE', #2963, #1668, #1124, .T. ) ;
#291 = ADVANCED_FACE ( 'NONE', ( #2010 ), #2567, .F. ) ;
#292 = ORIENTED_EDGE ( 'NONE', *, *, #1320, .T. ) ;
#293 = LINE ( 'NONE', #1960, #1702 ) ;
#294 = EDGE_CURVE ( 'NONE', #1993, #2877, #3382, .T. ) ;
#295 = CARTESIAN_POINT ( 'NONE',  ( 80.50000000000002842, 139.6699193696437931, 24.50000000000002132 ) ) ;
#296 = DIRECTION ( 'NONE',  ( 1.770191701106372407E-16, 1.000000000000000000, -1.033096529485792400E-17 ) ) ;
#297 = EDGE_LOOP ( 'NONE', ( #34, #2585, #775, #696 ) ) ;
#298 = PLANE ( 'NONE',  #899 ) ;
#299 = CARTESIAN_POINT ( 'NONE',  ( 95.50000000000002842, 139.6699193696437931, 27.00000000000002842 ) ) ;
#300 = LINE ( 'NONE', #1385, #3238 ) ;
#301 = VERTEX_POINT ( 'NONE', #1710 ) ;
#302 = EDGE_LOOP ( 'NONE', ( #703, #3265, #747, #86 ) ) ;
#303 = EDGE_CURVE ( 'NONE', #674, #2854, #3129, .T. ) ;
#304 = DIRECTION ( 'NONE',  ( 1.770191701106372407E-16, 1.000000000000000000, -1.033096529485792400E-17 ) ) ;
#305 = DIRECTION ( 'NONE',  ( 6.938893903907233000E-18, 1.000000000000000000, -2.124224124800602887E-17 ) ) ;
#306 = ORIENTED_EDGE ( 'NONE', *, *, #1649, .T. ) ;
#307 = DIRECTION ( 'NONE',  ( 6.938893903907233000E-18, 1.000000000000000000, -2.124224124800602887E-17 ) ) ;
#308 = DIRECTION ( 'NONE',  ( 1.770191701106372407E-16, 1.000000000000000000, -1.033096529485792400E-17 ) ) ;
#309 = ORIENTED_EDGE ( 'NONE', *, *, #746, .F. ) ;
#310 = DIRECTION ( 'NONE',  ( 1.000000000000000000, 0.000000000000000000, 0.000000000000000000 ) ) ;
#311 = AXIS2_PLACEMENT_3D ( 'NONE', #2487, #543, #3251 ) ;
#312 = ADVANCED_FACE ( 'NONE', ( #77 ), #1726, .F. ) ;
#313 = DIRECTION ( 'NONE',  ( 1.770191701106372407E-16, 1.000000000000000000, -1.033096529485792400E-17 ) ) ;
#314 = DIRECTION ( 'NONE',  ( 6.938893903907233000E-18, 1.000000000000000000, -2.124224124800602887E-17 ) ) ;
#315 = AXIS2_PLACEMENT_3D ( 'NONE', #955, #1224, #972 ) ;
#316 = ORIENTED_EDGE ( 'NONE', *, *, #3402, .F. ) ;
#317 = ADVANCED_FACE ( 'NONE', ( #1488 ), #2586, .T. ) ;
#318 = AXIS2_PLACEMENT_3D ( 'NONE', #1455, #3078, #2501 ) ;
#319 = DIRECTION ( 'NONE',  ( 1.000000000000000000, 0.000000000000000000, 0.000000000000000000 ) ) ;
#320 = VECTOR ( 'NONE', #2736, 1000.000000000000000 ) ;
#321 = DIRECTION ( 'NONE',  ( -1.770191701106372407E-16, -1.000000000000000000, 1.033096529485792400E-17 ) ) ;
#322 = CARTESIAN_POINT ( 'NONE',  ( 95.50000000000002842, 139.6699193696437931, 25.00000000000002842 ) ) ;
#323 = EDGE_LOOP ( 'NONE', ( #334, #3535, #2483, #1302 ) ) ;
#324 = ORIENTED_EDGE ( 'NONE', *, *, #3157, .T. ) ;
#325 = CARTESIAN_POINT ( 'NONE',  ( 17.49999999999997513, 146.6699193696437931, -14.67333333333330359 ) ) ;
#326 = CARTESIAN_POINT ( 'NONE',  ( 78.49999999999997158, 146.6699193696437931, -24.49999999999996092 ) ) ;
#327 = VERTEX_POINT ( 'NONE', #912 ) ;
#328 = DIRECTION ( 'NONE',  ( 1.000000000000000000, 0.000000000000000000, 0.000000000000000000 ) ) ;
#329 = EDGE_LOOP ( 'NONE', ( #1170, #3252 ) ) ;
#330 = CARTESIAN_POINT ( 'NONE',  ( 2.000000000000030642, 139.6699193696437931, 13.50000000000000355 ) ) ;
#331 = AXIS2_PLACEMENT_3D ( 'NONE', #3446, #3175, #444 ) ;
#332 = CARTESIAN_POINT ( 'NONE',  ( 8.000000000000033751, 139.6699193696437931, 13.50000000000000533 ) ) ;
#333 = VECTOR ( 'NONE', #2802, 1000.000000000000000 ) ;
#334 = ORIENTED_EDGE ( 'NONE', *, *, #303, .F. ) ;
#335 = CIRCLE ( 'NONE', #2341, 3.000000000000000888 ) ;
#336 = FACE_OUTER_BOUND ( 'NONE', #3472, .T. ) ;
#337 = CARTESIAN_POINT ( 'NONE',  ( 9.499999999999973355, 136.6699193696437931, -14.67333333333330536 ) ) ;
#338 = SURFACE_STYLE_FILL_AREA ( #3116 ) ;
#339 = EDGE_CURVE ( 'NONE', #1212, #1089, #2044, .T. ) ;
#340 = ORIENTED_EDGE ( 'NONE', *, *, #1379, .F. ) ;
#341 = AXIS2_PLACEMENT_3D ( 'NONE', #479, #2671, #1300 ) ;
#342 = EDGE_CURVE ( 'NONE', #998, #1202, #3110, .T. ) ;
#343 = CARTESIAN_POINT ( 'NONE',  ( 81.74999999999995737, 139.6699193696437931, -5.499999999999958256 ) ) ;
#344 = EDGE_LOOP ( 'NONE', ( #2670, #2562 ) ) ;
#345 = LINE ( 'NONE', #646, #2724 ) ;
#346 = CARTESIAN_POINT ( 'NONE',  ( 5.500000000000032863, 136.6699193696437931, 2.500000000000005773 ) ) ;
#347 = ORIENTED_EDGE ( 'NONE', *, *, #1121, .F. ) ;
#348 = CARTESIAN_POINT ( 'NONE',  ( 9.499999999999973355, 139.6699193696437931, -16.49999999999996803 ) ) ;
#349 = EDGE_CURVE ( 'NONE', #3060, #1847, #1741, .T. ) ;
#350 = FACE_OUTER_BOUND ( 'NONE', #2648, .T. ) ;
#351 = DIRECTION ( 'NONE',  ( 1.000000000000000000, -6.938893903907227607E-18, 2.598698357978766491E-16 ) ) ;
#352 = VERTEX_POINT ( 'NONE', #631 ) ;
#353 =( NAMED_UNIT ( * ) PLANE_ANGLE_UNIT ( ) SI_UNIT ( $, .RADIAN. ) );
#354 = ORIENTED_EDGE ( 'NONE', *, *, #1614, .T. ) ;
#355 = DIRECTION ( 'NONE',  ( 6.938893903907233000E-18, 1.000000000000000000, -2.124224124800602887E-17 ) ) ;
#356 = EDGE_CURVE ( 'NONE', #3274, #573, #3416, .T. ) ;
#357 = CARTESIAN_POINT ( 'NONE',  ( 2.775557561562891351E-14, 136.6699193696437931, 27.00000000000000355 ) ) ;
#358 = ORIENTED_EDGE ( 'NONE', *, *, #1990, .T. ) ;
#359 = EDGE_CURVE ( 'NONE', #821, #427, #1010, .T. ) ;
#360 = CARTESIAN_POINT ( 'NONE',  ( 67.25000000000002842, 136.6699193696437931, 24.50000000000002132 ) ) ;
#361 = ORIENTED_EDGE ( 'NONE', *, *, #2270, .T. ) ;
#362 = DIRECTION ( 'NONE',  ( 6.938893903907233000E-18, 1.000000000000000000, -2.124224124800602887E-17 ) ) ;
#363 = DIRECTION ( 'NONE',  ( 1.000000000000000000, -1.665334536937734811E-16, 1.374051558831415256E-16 ) ) ;
#364 = CARTESIAN_POINT ( 'NONE',  ( 33.00000000000002842, 136.6699193696437931, 36.00000000000001421 ) ) ;
#365 = ORIENTED_EDGE ( 'NONE', *, *, #224, .T. ) ;
#366 = VECTOR ( 'NONE', #749, 1000.000000000000000 ) ;
#367 = EDGE_CURVE ( 'NONE', #1898, #3060, #380, .T. ) ;
#368 = LINE ( 'NONE', #337, #2176 ) ;
#369 = CARTESIAN_POINT ( 'NONE',  ( 2.000000000000029310, 136.6699193696437931, 27.00000000000000355 ) ) ;
#370 = ORIENTED_EDGE ( 'NONE', *, *, #649, .T. ) ;
#371 = AXIS2_PLACEMENT_3D ( 'NONE', #120, #3101, #624 ) ;
#372 = AXIS2_PLACEMENT_3D ( 'NONE', #3475, #1513, #2650 ) ;
#373 = CARTESIAN_POINT ( 'NONE',  ( 5.500000000000032863, 136.6699193696437931, 2.500000000000005773 ) ) ;
#374 = DIRECTION ( 'NONE',  ( 1.770191701106372407E-16, 1.000000000000000000, -1.033096529485792400E-17 ) ) ;
#375 = AXIS2_PLACEMENT_3D ( 'NONE', #2766, #818, #1652 ) ;
#376 = ORIENTED_EDGE ( 'NONE', *, *, #901, .T. ) ;
#377 = CARTESIAN_POINT ( 'NONE',  ( 34.94987437106618700, 136.6699193696437931, -36.99999999999997158 ) ) ;
#378 = ADVANCED_FACE ( 'NONE', ( #2026 ), #2518, .F. ) ;
#379 = VERTEX_POINT ( 'NONE', #1795 ) ;
#380 = LINE ( 'NONE', #1470, #1296 ) ;
#381 = PLANE ( 'NONE',  #251 ) ;
#382 = ORIENTED_EDGE ( 'NONE', *, *, #672, .T. ) ;
#383 = EDGE_LOOP ( 'NONE', ( #2531, #3021 ) ) ;
#384 = CARTESIAN_POINT ( 'NONE',  ( 9.499999999999973355, 139.6699193696437931, -16.49999999999997158 ) ) ;
#385 = CIRCLE ( 'NONE', #1932, 1.499999999999988898 ) ;
#386 =( NAMED_UNIT ( * ) SI_UNIT ( $, .STERADIAN. ) SOLID_ANGLE_UNIT ( ) );
#387 = ORIENTED_EDGE ( 'NONE', *, *, #3515, .T. ) ;
#388 = EDGE_CURVE ( 'NONE', #831, #2002, #2942, .T. ) ;
#389 = DIRECTION ( 'NONE',  ( 1.770191701106372407E-16, 1.000000000000000000, -1.033096529485792400E-17 ) ) ;
#390 = FACE_OUTER_BOUND ( 'NONE', #3099, .T. ) ;
#391 = AXIS2_PLACEMENT_3D ( 'NONE', #2294, #2796, #627 ) ;
#392 = VERTEX_POINT ( 'NONE', #1549 ) ;
#393 = VECTOR ( 'NONE', #1460, 1000.000000000000000 ) ;
#394 = ORIENTED_EDGE ( 'NONE', *, *, #1390, .F. ) ;
#395 = ORIENTED_EDGE ( 'NONE', *, *, #2752, .F. ) ;
#396 = DIRECTION ( 'NONE',  ( 1.000000000000000000, 0.000000000000000000, 0.000000000000000000 ) ) ;
#397 = EDGE_CURVE ( 'NONE', #1544, #1307, #2281, .T. ) ;
#398 = DIRECTION ( 'NONE',  ( 1.770191701106372407E-16, 1.000000000000000000, -1.033096529485792400E-17 ) ) ;
#399 = EDGE_LOOP ( 'NONE', ( #1595, #2803 ) ) ;
#400 = EDGE_LOOP ( 'NONE', ( #1611, #894, #2638, #1450 ) ) ;
#401 = EDGE_CURVE ( 'NONE', #2397, #2472, #3026, .T. ) ;
#402 = DIRECTION ( 'NONE',  ( -6.938893903907233000E-18, -1.000000000000000000, 2.124224124800602887E-17 ) ) ;
#403 = DIRECTION ( 'NONE',  ( 1.770191701106372407E-16, 1.000000000000000000, -1.033096529485792400E-17 ) ) ;
#404 = ORIENTED_EDGE ( 'NONE', *, *, #3345, .F. ) ;
#405 = FACE_OUTER_BOUND ( 'NONE', #1736, .T. ) ;
#406 = EDGE_CURVE ( 'NONE', #973, #832, #2849, .T. ) ;
#407 = ORIENTED_EDGE ( 'NONE', *, *, #3279, .F. ) ;
#408 = DIRECTION ( 'NONE',  ( 1.000000000000000000, 0.000000000000000000, 0.000000000000000000 ) ) ;
#409 = LINE ( 'NONE', #2642, #1939 ) ;
#410 = EDGE_CURVE ( 'NONE', #831, #392, #385, .T. ) ;
#411 = ORIENTED_EDGE ( 'NONE', *, *, #877, .F. ) ;
#412 = CARTESIAN_POINT ( 'NONE',  ( 78.49999999999997158, 136.6699193696437931, -16.49999999999995737 ) ) ;
#413 = ADVANCED_BREP_SHAPE_REPRESENTATION ( '\X2\75356c6067b6603b88c562fc7248\X0\2', ( #2840, #2153 ), #2782 ) ;
#414 = FACE_BOUND ( 'NONE', #847, .T. ) ;
#415 = ORIENTED_EDGE ( 'NONE', *, *, #1583, .F. ) ;
#416 = EDGE_LOOP ( 'NONE', ( #2189, #1037, #881, #2081, #755 ) ) ;
#417 = EDGE_CURVE ( 'NONE', #1943, #1382, #2645, .T. ) ;
#418 = CARTESIAN_POINT ( 'NONE',  ( 78.49999999999997158, 136.6699193696437931, -16.49999999999995737 ) ) ;
#419 = FACE_OUTER_BOUND ( 'NONE', #2693, .T. ) ;
#420 = CIRCLE ( 'NONE', #884, 1.250000000000001110 ) ;
#421 = ORIENTED_EDGE ( 'NONE', *, *, #2859, .F. ) ;
#422 = ADVANCED_FACE ( 'NONE', ( #3203 ), #2926, .F. ) ;
#423 = CIRCLE ( 'NONE', #532, 1.249999999999997558 ) ;
#424 = DIRECTION ( 'NONE',  ( 1.000000000000000000, 0.000000000000000000, 2.168404344971009854E-16 ) ) ;
#425 = CARTESIAN_POINT ( 'NONE',  ( 1.999999999999988010, 136.6699193696437931, -27.99999999999997158 ) ) ;
#426 = CARTESIAN_POINT ( 'NONE',  ( 2.000000000000029310, 139.6699193696437931, 27.00000000000000355 ) ) ;
#427 = VERTEX_POINT ( 'NONE', #1563 ) ;
#428 = VECTOR ( 'NONE', #190, 1000.000000000000000 ) ;
#429 =( NAMED_UNIT ( * ) SI_UNIT ( $, .STERADIAN. ) SOLID_ANGLE_UNIT ( ) );
#430 = CARTESIAN_POINT ( 'NONE',  ( 95.50000000000002842, 139.6699193696437931, 2.775557561562891351E-14 ) ) ;
#431 = CIRCLE ( 'NONE', #2150, 1.250000000000001110 ) ;
#432 = VERTEX_POINT ( 'NONE', #729 ) ;
#433 = DIRECTION ( 'NONE',  ( 1.770191701106372407E-16, 1.000000000000000000, -1.033096529485792400E-17 ) ) ;
#434 = EDGE_CURVE ( 'NONE', #1784, #239, #150, .T. ) ;
#435 = CARTESIAN_POINT ( 'NONE',  ( 79.25000000000002842, 139.6699193696437931, 2.500000000000024425 ) ) ;
#436 = FACE_BOUND ( 'NONE', #2488, .T. ) ;
#437 = ORIENTED_EDGE ( 'NONE', *, *, #2681, .F. ) ;
#438 = CARTESIAN_POINT ( 'NONE',  ( 1.999999999999988010, 139.6699193696437931, -29.99999999999997513 ) ) ;
#439 = DIRECTION ( 'NONE',  ( -6.938893903907233000E-18, -1.000000000000000000, 2.124224124800602887E-17 ) ) ;
#440 = DIRECTION ( 'NONE',  ( 6.938893903907233000E-18, 1.000000000000000000, -2.124224124800602887E-17 ) ) ;
#441 = AXIS2_PLACEMENT_3D ( 'NONE', #3260, #574, #1673 ) ;
#442 = ORIENTED_EDGE ( 'NONE', *, *, #3057, .T. ) ;
#443 = AXIS2_PLACEMENT_3D ( 'NONE', #1086, #492, #1607 ) ;
#444 = DIRECTION ( 'NONE',  ( 1.000000000000000000, 0.000000000000000000, 0.000000000000000000 ) ) ;
#445 = EDGE_CURVE ( 'NONE', #2479, #2508, #217, .T. ) ;
#446 = DIRECTION ( 'NONE',  ( 6.524865300317130089E-17, -2.124224124800603196E-17, -1.000000000000000000 ) ) ;
#447 = EDGE_CURVE ( 'NONE', #1723, #3114, #3201, .T. ) ;
#448 = AXIS2_PLACEMENT_3D ( 'NONE', #3046, #2758, #1116 ) ;
#449 = ORIENTED_EDGE ( 'NONE', *, *, #28, .T. ) ;
#450 = EDGE_CURVE ( 'NONE', #1889, #2387, #1019, .T. ) ;
#451 = AXIS2_PLACEMENT_3D ( 'NONE', #1443, #69, #1158 ) ;
#452 = ORIENTED_EDGE ( 'NONE', *, *, #2384, .F. ) ;
#453 = CARTESIAN_POINT ( 'NONE',  ( 3.469446951953614189E-14, 136.6699193696437931, 3.469446951953614189E-15 ) ) ;
#454 = AXIS2_PLACEMENT_3D ( 'NONE', #579, #2219, #2842 ) ;
#455 = FACE_BOUND ( 'NONE', #1740, .T. ) ;
#456 = ORIENTED_EDGE ( 'NONE', *, *, #445, .T. ) ;
#457 = EDGE_CURVE ( 'NONE', #2413, #802, #1819, .T. ) ;
#458 = CARTESIAN_POINT ( 'NONE',  ( 2.775557561562891351E-14, 139.6699193696437931, 27.00000000000000355 ) ) ;
#459 = CARTESIAN_POINT ( 'NONE',  ( 4.250000000000034639, 136.6699193696437931, 2.500000000000005329 ) ) ;
#460 = CARTESIAN_POINT ( 'NONE',  ( 79.00000000000002842, 139.6699193696437931, 27.00000000000002487 ) ) ;
#461 = VERTEX_POINT ( 'NONE', #2068 ) ;
#462 = DIRECTION ( 'NONE',  ( -1.000000000000000000, 6.938893903907226837E-18, -2.598698357978766491E-16 ) ) ;
#463 = DIRECTION ( 'NONE',  ( 1.000000000000000000, 0.000000000000000000, 0.000000000000000000 ) ) ;
#464 = CYLINDRICAL_SURFACE ( 'NONE', #876, 1.250000000000001110 ) ;
#465 = VERTEX_POINT ( 'NONE', #3237 ) ;
#466 = CARTESIAN_POINT ( 'NONE',  ( 2.775557561562891351E-14, 139.6699193696437931, 27.00000000000000355 ) ) ;
#467 = EDGE_LOOP ( 'NONE', ( #3431, #1812, #3284, #21 ) ) ;
#468 = ADVANCED_FACE ( 'NONE', ( #1867 ), #2964, .F. ) ;
#469 = CARTESIAN_POINT ( 'NONE',  ( 4.250000000000034639, 136.6699193696437931, 2.500000000000005329 ) ) ;
#470 = CARTESIAN_POINT ( 'NONE',  ( 6.749999999999981348, 139.6699193696437931, -27.49999999999996803 ) ) ;
#471 = ORIENTED_EDGE ( 'NONE', *, *, #2222, .T. ) ;
#472 = DIRECTION ( 'NONE',  ( -6.938893903907233000E-18, -1.000000000000000000, 2.124224124800602887E-17 ) ) ;
#473 = CARTESIAN_POINT ( 'NONE',  ( 67.00000000000002842, 139.6699193696437931, 32.00000000000002132 ) ) ;
#474 = CARTESIAN_POINT ( 'NONE',  ( 66.99999999999997158, 139.6699193696437931, -36.99999999999996447 ) ) ;
#475 = ORIENTED_EDGE ( 'NONE', *, *, #3328, .T. ) ;
#476 = CARTESIAN_POINT ( 'NONE',  ( 66.99999999999997158, 97.61867099011051607, -36.99999999999996447 ) ) ;
#477 = DIRECTION ( 'NONE',  ( 1.000000000000000000, 0.000000000000000000, 0.000000000000000000 ) ) ;
#478 = VERTEX_POINT ( 'NONE', #1529 ) ;
#479 = CARTESIAN_POINT ( 'NONE',  ( 2.000000000000036415, 139.6699193696437931, 25.00000000000000000 ) ) ;
#480 = CIRCLE ( 'NONE', #3066, 2.000000000000001776 ) ;
#481 = ORIENTED_EDGE ( 'NONE', *, *, #2519, .F. ) ;
#482 = CARTESIAN_POINT ( 'NONE',  ( 92.50000000000005684, 137.6699193696437931, 13.50000000000003020 ) ) ;
#483 = VECTOR ( 'NONE', #1439, 1000.000000000000000 ) ;
#484 = AXIS2_PLACEMENT_3D ( 'NONE', #2035, #1839, #693 ) ;
#485 = EDGE_CURVE ( 'NONE', #461, #1089, #1277, .T. ) ;
#486 = FACE_OUTER_BOUND ( 'NONE', #3531, .T. ) ;
#487 = EDGE_LOOP ( 'NONE', ( #2392, #3441 ) ) ;
#488 = CARTESIAN_POINT ( 'NONE',  ( 6.749999999999981348, 136.6699193696437931, -27.49999999999996803 ) ) ;
#489 = DIRECTION ( 'NONE',  ( 1.770191701106372407E-16, 1.000000000000000000, -1.033096529485792400E-17 ) ) ;
#490 = CARTESIAN_POINT ( 'NONE',  ( 80.50000000000002842, 139.6699193696437931, 24.50000000000002132 ) ) ;
#491 = ORIENTED_EDGE ( 'NONE', *, *, #2017, .T. ) ;
#492 = DIRECTION ( 'NONE',  ( -1.770191701106372407E-16, -1.000000000000000000, 1.033096529485792400E-17 ) ) ;
#493 = CARTESIAN_POINT ( 'NONE',  ( 67.00000000000002842, 97.61867099011053028, 32.00000000000002132 ) ) ;
#494 = AXIS2_PLACEMENT_3D ( 'NONE', #2194, #22, #1617 ) ;
#495 = DIRECTION ( 'NONE',  ( 1.000000000000000000, -1.665334536937734811E-16, 2.530533876149287227E-16 ) ) ;
#496 = ORIENTED_EDGE ( 'NONE', *, *, #2473, .T. ) ;
#497 = ADVANCED_FACE ( 'NONE', ( #2385 ), #193, .F. ) ;
#498 = VECTOR ( 'NONE', #2804, 1000.000000000000000 ) ;
#499 = CIRCLE ( 'NONE', #954, 8.000000000000000000 ) ;
#500 = AXIS2_PLACEMENT_3D ( 'NONE', #1550, #2629, #1849 ) ;
#501 = CARTESIAN_POINT ( 'NONE',  ( 64.74999999999997158, 136.6699193696437931, -27.49999999999996092 ) ) ;
#502 = DIRECTION ( 'NONE',  ( -6.938893903907233000E-18, -1.000000000000000000, 2.124224124800602887E-17 ) ) ;
#503 = CIRCLE ( 'NONE', #1711, 1.500000000000003997 ) ;
#504 = ORIENTED_EDGE ( 'NONE', *, *, #2198, .T. ) ;
#505 = DIRECTION ( 'NONE',  ( -1.770191701106372407E-16, -1.000000000000000000, 1.033096529485792400E-17 ) ) ;
#506 = EDGE_CURVE ( 'NONE', #432, #3230, #160, .T. ) ;
#507 = CARTESIAN_POINT ( 'NONE',  ( 66.00000000000002842, 136.6699193696437931, 24.50000000000002132 ) ) ;
#508 = DIRECTION ( 'NONE',  ( 1.000000000000000000, 0.000000000000000000, 0.000000000000000000 ) ) ;
#509 = ORIENTED_EDGE ( 'NONE', *, *, #290, .T. ) ;
#510 = EDGE_CURVE ( 'NONE', #2576, #942, #1499, .T. ) ;
#511 = CARTESIAN_POINT ( 'NONE',  ( 78.99999999999997158, 139.6699193696437931, -29.99999999999996447 ) ) ;
#512 = CARTESIAN_POINT ( 'NONE',  ( 37.00000000000003553, 97.61867099011053028, 34.00000000000000711 ) ) ;
#513 = ORIENTED_EDGE ( 'NONE', *, *, #1494, .T. ) ;
#514 = ORIENTED_EDGE ( 'NONE', *, *, #2042, .F. ) ;
#515 = EDGE_CURVE ( 'NONE', #392, #3174, #2364, .T. ) ;
#516 = LINE ( 'NONE', #2496, #91 ) ;
#517 = ORIENTED_EDGE ( 'NONE', *, *, #2971, .T. ) ;
#518 = CARTESIAN_POINT ( 'NONE',  ( 9.500000000000028422, 139.6699193696437931, 11.67333333333334444 ) ) ;
#519 = DIRECTION ( 'NONE',  ( -6.938893903907233000E-18, -1.000000000000000000, 2.124224124800602887E-17 ) ) ;
#520 = CYLINDRICAL_SURFACE ( 'NONE', #593, 7.999999999999992895 ) ;
#521 = ORIENTED_EDGE ( 'NONE', *, *, #1295, .F. ) ;
#522 = EDGE_CURVE ( 'NONE', #3551, #1153, #1184, .T. ) ;
#523 = DIRECTION ( 'NONE',  ( 1.770191701106372407E-16, 1.000000000000000000, -1.033096529485792400E-17 ) ) ;
#524 = PLANE ( 'NONE',  #84 ) ;
#525 = EDGE_CURVE ( 'NONE', #3050, #719, #2965, .T. ) ;
#526 = VERTEX_POINT ( 'NONE', #739 ) ;
#527 = ORIENTED_EDGE ( 'NONE', *, *, #1763, .F. ) ;
#528 = CARTESIAN_POINT ( 'NONE',  ( 6.499999999999987566, 136.6699193696437931, -16.49999999999997158 ) ) ;
#529 = CIRCLE ( 'NONE', #768, 2.000000000000000000 ) ;
#530 = CARTESIAN_POINT ( 'NONE',  ( 69.05012562893382722, 139.6699193696437931, 34.00000000000002132 ) ) ;
#531 = FACE_OUTER_BOUND ( 'NONE', #2331, .T. ) ;
#532 = AXIS2_PLACEMENT_3D ( 'NONE', #2884, #2062, #2922 ) ;
#533 = EDGE_CURVE ( 'NONE', #3449, #961, #1876, .T. ) ;
#534 = ORIENTED_EDGE ( 'NONE', *, *, #522, .F. ) ;
#535 = CARTESIAN_POINT ( 'NONE',  ( 4.249999999999986677, 139.6699193696437931, -5.499999999999968026 ) ) ;
#536 = AXIS2_PLACEMENT_3D ( 'NONE', #1716, #2791, #1441 ) ;
#537 = CARTESIAN_POINT ( 'NONE',  ( 37.99431603205723462, 136.6699193696437931, -2.999999999999961364 ) ) ;
#538 = CIRCLE ( 'NONE', #2836, 3.000000000000000888 ) ;
#539 = CARTESIAN_POINT ( 'NONE',  ( -2.081668171172168513E-14, 139.6699193696437931, -2.999999999999968026 ) ) ;
#540 = ORIENTED_EDGE ( 'NONE', *, *, #1438, .T. ) ;
#541 = CARTESIAN_POINT ( 'NONE',  ( -1.387778780781445676E-14, 139.6699193696437931, -27.99999999999997158 ) ) ;
#542 = DIRECTION ( 'NONE',  ( 1.000000000000000000, 0.000000000000000000, 0.000000000000000000 ) ) ;
#543 = DIRECTION ( 'NONE',  ( -6.938893903907233000E-18, -1.000000000000000000, 2.124224124800602887E-17 ) ) ;
#544 = EDGE_LOOP ( 'NONE', ( #3290, #1063, #18, #2829, #143, #3506, #2193, #154 ) ) ;
#545 = EDGE_LOOP ( 'NONE', ( #686, #1610 ) ) ;
#546 = ADVANCED_FACE ( 'NONE', ( #2867 ), #1228, .F. ) ;
#547 = FACE_OUTER_BOUND ( 'NONE', #3399, .T. ) ;
#548 = CIRCLE ( 'NONE', #3254, 1.500000000000001332 ) ;
#549 = EDGE_LOOP ( 'NONE', ( #2284, #1250 ) ) ;
#550 = EDGE_CURVE ( 'NONE', #800, #202, #3257, .T. ) ;
#551 = DIRECTION ( 'NONE',  ( 1.770191701106372407E-16, 1.000000000000000000, -1.033096529485792400E-17 ) ) ;
#552 = CYLINDRICAL_SURFACE ( 'NONE', #1708, 1.250000000000001110 ) ;
#553 = AXIS2_PLACEMENT_3D ( 'NONE', #3280, #3498, #10 ) ;
#554 = EDGE_LOOP ( 'NONE', ( #36, #2076, #3218, #216 ) ) ;
#555 = CARTESIAN_POINT ( 'NONE',  ( 89.50000000000005684, 137.6699193696437931, 13.50000000000002842 ) ) ;
#556 = CIRCLE ( 'NONE', #2452, 2.000000000000001776 ) ;
#557 = CARTESIAN_POINT ( 'NONE',  ( 64.74999999999997158, 136.6699193696437931, -27.49999999999996092 ) ) ;
#558 = AXIS2_PLACEMENT_3D ( 'NONE', #1527, #1234, #196 ) ;
#559 = LINE ( 'NONE', #1908, #199 ) ;
#560 = EDGE_CURVE ( 'NONE', #2409, #1668, #2038, .T. ) ;
#561 = ORIENTED_EDGE ( 'NONE', *, *, #2270, .F. ) ;
#562 = CIRCLE ( 'NONE', #3034, 2.000000000000001776 ) ;
#563 = CARTESIAN_POINT ( 'NONE',  ( 95.50000000000005684, 137.6699193696437931, 13.50000000000003020 ) ) ;
#564 = FACE_BOUND ( 'NONE', #1976, .T. ) ;
#565 = ORIENTED_EDGE ( 'NONE', *, *, #572, .T. ) ;
#566 = ORIENTED_EDGE ( 'NONE', *, *, #2955, .T. ) ;
#567 = DIRECTION ( 'NONE',  ( -1.000000000000000000, 1.665334536937734811E-16, -2.530533876149287227E-16 ) ) ;
#568 = DIRECTION ( 'NONE',  ( 6.938893903907233000E-18, 1.000000000000000000, -2.124224124800602887E-17 ) ) ;
#569 = ORIENTED_EDGE ( 'NONE', *, *, #770, .T. ) ;
#570 = DIRECTION ( 'NONE',  ( 1.000000000000000000, 0.000000000000000000, 0.000000000000000000 ) ) ;
#571 = DIRECTION ( 'NONE',  ( 1.000000000000000000, 0.000000000000000000, 0.000000000000000000 ) ) ;
#572 = EDGE_CURVE ( 'NONE', #202, #1120, #2060, .T. ) ;
#573 = VERTEX_POINT ( 'NONE', #1557 ) ;
#574 = DIRECTION ( 'NONE',  ( -6.938893903907233000E-18, -1.000000000000000000, 2.124224124800602887E-17 ) ) ;
#575 = DIRECTION ( 'NONE',  ( 6.938893903907233000E-18, 1.000000000000000000, -2.124224124800602887E-17 ) ) ;
#576 = CARTESIAN_POINT ( 'NONE',  ( 5.499999999999984013, 139.6699193696437931, -27.49999999999996803 ) ) ;
#577 = ORIENTED_EDGE ( 'NONE', *, *, #3530, .T. ) ;
#578 = CARTESIAN_POINT ( 'NONE',  ( 66.00000000000002842, 136.6699193696437931, 24.50000000000002132 ) ) ;
#579 = CARTESIAN_POINT ( 'NONE',  ( 17.49999999999997513, 146.6699193696437931, -16.49999999999996447 ) ) ;
#580 = EDGE_LOOP ( 'NONE', ( #2750, #2573, #1069, #2863 ) ) ;
#581 = EDGE_CURVE ( 'NONE', #1331, #432, #1534, .T. ) ;
#582 = ORIENTED_EDGE ( 'NONE', *, *, #2960, .F. ) ;
#583 = LINE ( 'NONE', #920, #1017 ) ;
#584 = CARTESIAN_POINT ( 'NONE',  ( 25.00000000000003197, 136.6699193696437931, 27.00000000000001066 ) ) ;
#585 = VERTEX_POINT ( 'NONE', #1521 ) ;
#586 = ORIENTED_EDGE ( 'NONE', *, *, #2694, .T. ) ;
#587 = DIRECTION ( 'NONE',  ( 1.000000000000000000, 0.000000000000000000, 0.000000000000000000 ) ) ;
#588 = EDGE_CURVE ( 'NONE', #3513, #2151, #1263, .T. ) ;
#589 = DIRECTION ( 'NONE',  ( -6.938893903907233000E-18, -1.000000000000000000, 2.124224124800602887E-17 ) ) ;
#590 = CYLINDRICAL_SURFACE ( 'NONE', #1338, 1.250000000000001110 ) ;
#591 = AXIS2_PLACEMENT_3D ( 'NONE', #2524, #1717, #1175 ) ;
#592 = ORIENTED_EDGE ( 'NONE', *, *, #1333, .F. ) ;
#593 = AXIS2_PLACEMENT_3D ( 'NONE', #25, #3277, #1364 ) ;
#594 = CIRCLE ( 'NONE', #695, 1.250000000000001110 ) ;
#595 = DIRECTION ( 'NONE',  ( 1.000000000000000000, 0.000000000000000000, -6.505213034913029562E-16 ) ) ;
#596 = VERTEX_POINT ( 'NONE', #1065 ) ;
#597 = CYLINDRICAL_SURFACE ( 'NONE', #3182, 1.499999999999989120 ) ;
#598 = EDGE_CURVE ( 'NONE', #2382, #1445, #499, .T. ) ;
#599 = ORIENTED_EDGE ( 'NONE', *, *, #445, .F. ) ;
#600 = VECTOR ( 'NONE', #2634, 1000.000000000000000 ) ;
#601 = VERTEX_POINT ( 'NONE', #3298 ) ;
#602 = PLANE ( 'NONE',  #893 ) ;
#603 = AXIS2_PLACEMENT_3D ( 'NONE', #3549, #2401, #2186 ) ;
#604 = DIRECTION ( 'NONE',  ( 1.442216040660895012E-16, -2.124224124800603196E-17, -1.000000000000000000 ) ) ;
#605 = CARTESIAN_POINT ( 'NONE',  ( 80.50000000000002842, 136.6699193696437931, 2.500000000000024869 ) ) ;
#606 = AXIS2_PLACEMENT_3D ( 'NONE', #1326, #2432, #3532 ) ;
#607 = ORIENTED_EDGE ( 'NONE', *, *, #2132, .T. ) ;
#608 = CIRCLE ( 'NONE', #3206, 1.250000000000001110 ) ;
#609 = FACE_OUTER_BOUND ( 'NONE', #1008, .T. ) ;
#610 = EDGE_LOOP ( 'NONE', ( #1937, #1768 ) ) ;
#611 = ADVANCED_FACE ( 'NONE', ( #2127 ), #2956, .F. ) ;
#612 = VECTOR ( 'NONE', #50, 1000.000000000000000 ) ;
#613 = DIRECTION ( 'NONE',  ( 1.000000000000000000, 0.000000000000000000, 0.000000000000000000 ) ) ;
#614 = ORIENTED_EDGE ( 'NONE', *, *, #3178, .T. ) ;
#615 = FACE_OUTER_BOUND ( 'NONE', #153, .T. ) ;
#616 = CARTESIAN_POINT ( 'NONE',  ( 9.500000000000028422, 129.6699193696437931, 21.50000000000000355 ) ) ;
#617 = ORIENTED_EDGE ( 'NONE', *, *, #3432, .T. ) ;
#618 = DIRECTION ( 'NONE',  ( 6.938893903907233000E-18, 1.000000000000000000, -2.124224124800602887E-17 ) ) ;
#619 = EDGE_CURVE ( 'NONE', #2086, #3255, #839, .T. ) ;
#620 = DIRECTION ( 'NONE',  ( 1.000000000000000000, 0.000000000000000000, 0.000000000000000000 ) ) ;
#621 = DIRECTION ( 'NONE',  ( 1.770191701106372407E-16, 1.000000000000000000, -1.033096529485792400E-17 ) ) ;
#622 = VERTEX_POINT ( 'NONE', #1573 ) ;
#623 = CARTESIAN_POINT ( 'NONE',  ( 36.99999999999998579, 139.6699193696437931, -34.99999999999997158 ) ) ;
#624 = DIRECTION ( 'NONE',  ( 1.000000000000000000, 0.000000000000000000, 0.000000000000000000 ) ) ;
#625 = VERTEX_POINT ( 'NONE', #1347 ) ;
#626 = EDGE_CURVE ( 'NONE', #1528, #3164, #1764, .T. ) ;
#627 = DIRECTION ( 'NONE',  ( 1.000000000000000000, 0.000000000000000000, 0.000000000000000000 ) ) ;
#628 = ORIENTED_EDGE ( 'NONE', *, *, #1035, .F. ) ;
#629 = DIRECTION ( 'NONE',  ( 1.000000000000000000, 0.000000000000000000, 0.000000000000000000 ) ) ;
#630 = ORIENTED_EDGE ( 'NONE', *, *, #2101, .T. ) ;
#631 = CARTESIAN_POINT ( 'NONE',  ( 9.500000000000028422, 136.6699193696437931, 13.50000000000000355 ) ) ;
#632 = LINE ( 'NONE', #2028, #3245 ) ;
#633 = ORIENTED_EDGE ( 'NONE', *, *, #2121, .F. ) ;
#634 = ORIENTED_EDGE ( 'NONE', *, *, #1524, .T. ) ;
#635 = VECTOR ( 'NONE', #2598, 1000.000000000000000 ) ;
#636 = CYLINDRICAL_SURFACE ( 'NONE', #1079, 1.500000000000001332 ) ;
#637 = AXIS2_PLACEMENT_3D ( 'NONE', #2953, #1310, #242 ) ;
#638 = CARTESIAN_POINT ( 'NONE',  ( 66.99999999999997158, 139.6699193696437931, -34.99999999999996447 ) ) ;
#639 = EDGE_LOOP ( 'NONE', ( #2404, #765, #977, #852 ) ) ;
#640 = CIRCLE ( 'NONE', #1578, 2.000000000000001776 ) ;
#641 = DIRECTION ( 'NONE',  ( -6.938893903907233000E-18, -1.000000000000000000, 2.124224124800602887E-17 ) ) ;
#642 = DIRECTION ( 'NONE',  ( 1.000000000000000000, 0.000000000000000000, 0.000000000000000000 ) ) ;
#643 = VECTOR ( 'NONE', #2708, 1000.000000000000000 ) ;
#644 = EDGE_LOOP ( 'NONE', ( #1616, #2424, #1600, #2041 ) ) ;
#645 = EDGE_CURVE ( 'NONE', #2878, #2774, #2449, .T. ) ;
#646 = CARTESIAN_POINT ( 'NONE',  ( 4.249999999999986677, 136.6699193696437931, -5.499999999999968026 ) ) ;
#647 = DIRECTION ( 'NONE',  ( -1.770191701106372407E-16, -1.000000000000000000, 1.033096529485792400E-17 ) ) ;
#648 = ORIENTED_EDGE ( 'NONE', *, *, #2834, .T. ) ;
#649 = EDGE_CURVE ( 'NONE', #2165, #2775, #656, .T. ) ;
#650 = CARTESIAN_POINT ( 'NONE',  ( 3.469446951953614189E-14, 139.6699193696437931, 3.469446951953614189E-15 ) ) ;
#651 = CARTESIAN_POINT ( 'NONE',  ( 32.99999999999998579, 136.6699193696437931, -38.99999999999997158 ) ) ;
#652 = ORIENTED_EDGE ( 'NONE', *, *, #3236, .F. ) ;
#653 = ORIENTED_EDGE ( 'NONE', *, *, #3530, .F. ) ;
#654 = VECTOR ( 'NONE', #2499, 1000.000000000000000 ) ;
#655 = CARTESIAN_POINT ( 'NONE',  ( 37.00000000000003553, 136.6699193696437931, 32.00000000000001421 ) ) ;
#656 = CIRCLE ( 'NONE', #2679, 1.500000000000001332 ) ;
#657 = LINE ( 'NONE', #135, #3121 ) ;
#658 = ORIENTED_EDGE ( 'NONE', *, *, #2335, .F. ) ;
#659 = AXIS2_PLACEMENT_3D ( 'NONE', #982, #2069, #1868 ) ;
#660 = DIRECTION ( 'NONE',  ( 1.770191701106372407E-16, 1.000000000000000000, -1.033096529485792400E-17 ) ) ;
#661 = LINE ( 'NONE', #958, #2344 ) ;
#662 = FACE_OUTER_BOUND ( 'NONE', #2692, .T. ) ;
#663 = AXIS2_PLACEMENT_3D ( 'NONE', #1388, #1104, #2206 ) ;
#664 = ORIENTED_EDGE ( 'NONE', *, *, #2622, .T. ) ;
#665 = CIRCLE ( 'NONE', #1481, 1.250000000000001110 ) ;
#666 = LINE ( 'NONE', #360, #2229 ) ;
#667 = ORIENTED_EDGE ( 'NONE', *, *, #3323, .F. ) ;
#668 = EDGE_CURVE ( 'NONE', #2761, #116, #2624, .T. ) ;
#669 = ORIENTED_EDGE ( 'NONE', *, *, #3092, .T. ) ;
#670 = DIRECTION ( 'NONE',  ( 1.000000000000000000, 0.000000000000000000, 0.000000000000000000 ) ) ;
#671 = DIRECTION ( 'NONE',  ( 6.938893903907233000E-18, 1.000000000000000000, -2.124224124800602887E-17 ) ) ;
#672 = EDGE_CURVE ( 'NONE', #2099, #2472, #2742, .T. ) ;
#673 = FACE_OUTER_BOUND ( 'NONE', #3207, .T. ) ;
#674 = VERTEX_POINT ( 'NONE', #541 ) ;
#675 = VERTEX_POINT ( 'NONE', #244 ) ;
#676 = LINE ( 'NONE', #3455, #428 ) ;
#677 = CARTESIAN_POINT ( 'NONE',  ( 80.50000000000002842, 136.6699193696437931, 24.50000000000002132 ) ) ;
#678 = ORIENTED_EDGE ( 'NONE', *, *, #1446, .F. ) ;
#679 = DIRECTION ( 'NONE',  ( 1.000000000000000000, 0.000000000000000000, 0.000000000000000000 ) ) ;
#680 = DIRECTION ( 'NONE',  ( 1.770191701106372407E-16, 1.000000000000000000, -1.033096529485792400E-17 ) ) ;
#681 = CARTESIAN_POINT ( 'NONE',  ( 95.50000000000002842, 139.6699193696437931, 2.000000000000027978 ) ) ;
#682 = EDGE_CURVE ( 'NONE', #103, #865, #951, .T. ) ;
#683 = ORIENTED_EDGE ( 'NONE', *, *, #1722, .F. ) ;
#684 = CARTESIAN_POINT ( 'NONE',  ( 8.000000000000033751, 137.6699193696437931, 13.50000000000000533 ) ) ;
#685 = ORIENTED_EDGE ( 'NONE', *, *, #3485, .T. ) ;
#686 = ORIENTED_EDGE ( 'NONE', *, *, #2879, .F. ) ;
#687 = DIRECTION ( 'NONE',  ( 1.000000000000000000, 0.000000000000000000, 2.168404344971008868E-16 ) ) ;
#688 = DIRECTION ( 'NONE',  ( 1.000000000000000000, -1.665334536937734811E-16, 1.374051558831415256E-16 ) ) ;
#689 = VERTEX_POINT ( 'NONE', #3267 ) ;
#690 = CARTESIAN_POINT ( 'NONE',  ( 93.99999999999998579, 137.6699193696437931, -16.49999999999995737 ) ) ;
#691 = EDGE_CURVE ( 'NONE', #2590, #252, #2146, .T. ) ;
#692 = EDGE_CURVE ( 'NONE', #1847, #239, #3261, .T. ) ;
#693 = DIRECTION ( 'NONE',  ( 1.000000000000000000, 0.000000000000000000, 0.000000000000000000 ) ) ;
#694 = DIRECTION ( 'NONE',  ( 1.770191701106372407E-16, 1.000000000000000000, -1.033096529485792400E-17 ) ) ;
#695 = AXIS2_PLACEMENT_3D ( 'NONE', #2755, #78, #2251 ) ;
#696 = ORIENTED_EDGE ( 'NONE', *, *, #2011, .F. ) ;
#697 = ADVANCED_FACE ( 'NONE', ( #2168 ), #793, .F. ) ;
#698 = AXIS2_PLACEMENT_3D ( 'NONE', #851, #1368, #12 ) ;
#699 = DIRECTION ( 'NONE',  ( 1.770191701106372407E-16, 1.000000000000000000, -1.033096529485792400E-17 ) ) ;
#700 = CARTESIAN_POINT ( 'NONE',  ( 32.95989949685299081, 139.6699193696437931, 34.20000000000000995 ) ) ;
#701 = DIRECTION ( 'NONE',  ( 1.000000000000000000, 0.000000000000000000, 0.000000000000000000 ) ) ;
#702 = AXIS2_PLACEMENT_3D ( 'NONE', #805, #1892, #2989 ) ;
#703 = ORIENTED_EDGE ( 'NONE', *, *, #2529, .F. ) ;
#704 = CIRCLE ( 'NONE', #3067, 2.000000000000000000 ) ;
#705 = PRODUCT_CONTEXT ( 'NONE', #3170, 'mechanical' ) ;
#706 = CARTESIAN_POINT ( 'NONE',  ( 80.49999999999995737, 139.6699193696437931, -27.49999999999996092 ) ) ;
#707 = VECTOR ( 'NONE', #2022, 1000.000000000000000 ) ;
#708 = VECTOR ( 'NONE', #3383, 1000.000000000000000 ) ;
#709 = EDGE_CURVE ( 'NONE', #2866, #2313, #65, .T. ) ;
#710 = ORIENTED_EDGE ( 'NONE', *, *, #447, .T. ) ;
#711 = CARTESIAN_POINT ( 'NONE',  ( 65.99999999999997158, 136.6699193696437931, -27.49999999999996092 ) ) ;
#712 = CARTESIAN_POINT ( 'NONE',  ( 44.79272004953050157, 136.6699193696437931, 1.510972375616535407E-14 ) ) ;
#713 = CARTESIAN_POINT ( 'NONE',  ( 36.99999999999998579, 136.6699193696437931, -36.99999999999996447 ) ) ;
#714 = ORIENTED_EDGE ( 'NONE', *, *, #1586, .T. ) ;
#715 = LINE ( 'NONE', #2139, #1238 ) ;
#716 = CARTESIAN_POINT ( 'NONE',  ( 79.25000000000002842, 136.6699193696437931, 2.500000000000024425 ) ) ;
#717 = FACE_OUTER_BOUND ( 'NONE', #129, .T. ) ;
#718 = VECTOR ( 'NONE', #2480, 1000.000000000000000 ) ;
#719 = VERTEX_POINT ( 'NONE', #2238 ) ;
#720 = VECTOR ( 'NONE', #1038, 1000.000000000000000 ) ;
#721 = DIRECTION ( 'NONE',  ( 1.770191701106372407E-16, 1.000000000000000000, -1.033096529485792400E-17 ) ) ;
#722 = PLANE ( 'NONE',  #3118 ) ;
#723 = EDGE_CURVE ( 'NONE', #222, #3436, #2322, .T. ) ;
#724 = AXIS2_PLACEMENT_3D ( 'NONE', #3125, #647, #2248 ) ;
#725 = ORIENTED_EDGE ( 'NONE', *, *, #918, .F. ) ;
#726 = FACE_OUTER_BOUND ( 'NONE', #2882, .T. ) ;
#727 = AXIS2_PLACEMENT_3D ( 'NONE', #1724, #127, #925 ) ;
#728 = EDGE_LOOP ( 'NONE', ( #964, #2351, #1252, #1387 ) ) ;
#729 = CARTESIAN_POINT ( 'NONE',  ( 17.49999999999996803, 136.6699193696437931, -6.673333333333301809 ) ) ;
#730 = AXIS2_PLACEMENT_3D ( 'NONE', #850, #2504, #2015 ) ;
#731 = FACE_OUTER_BOUND ( 'NONE', #2405, .T. ) ;
#732 = LINE ( 'NONE', #3490, #2152 ) ;
#733 = EDGE_CURVE ( 'NONE', #2774, #2963, #49, .T. ) ;
#734 = ORIENTED_EDGE ( 'NONE', *, *, #619, .T. ) ;
#735 = ORIENTED_EDGE ( 'NONE', *, *, #3310, .T. ) ;
#736 = DIRECTION ( 'NONE',  ( -1.770191701106372407E-16, -1.000000000000000000, 1.033096529485792400E-17 ) ) ;
#737 = DIRECTION ( 'NONE',  ( 6.938893903907233000E-18, 1.000000000000000000, -2.124224124800602887E-17 ) ) ;
#738 = EDGE_LOOP ( 'NONE', ( #2369, #3331, #2959, #1486 ) ) ;
#739 = CARTESIAN_POINT ( 'NONE',  ( 36.99999999999998579, 139.6699193696437931, -36.99999999999996447 ) ) ;
#740 = LINE ( 'NONE', #995, #170 ) ;
#741 = DIRECTION ( 'NONE',  ( 1.770191701106372407E-16, 1.000000000000000000, -1.033096529485792400E-17 ) ) ;
#742 = ORIENTED_EDGE ( 'NONE', *, *, #1982, .T. ) ;
#743 = ADVANCED_FACE ( 'NONE', ( #336 ), #298, .F. ) ;
#744 = DIRECTION ( 'NONE',  ( 1.000000000000000000, 0.000000000000000000, 0.000000000000000000 ) ) ;
#745 = LINE ( 'NONE', #3450, #2912 ) ;
#746 = EDGE_CURVE ( 'NONE', #2413, #3007, #1660, .T. ) ;
#747 = ORIENTED_EDGE ( 'NONE', *, *, #1143, .T. ) ;
#748 = DIRECTION ( 'NONE',  ( 1.770191701106372407E-16, 1.000000000000000000, -1.033096529485792400E-17 ) ) ;
#749 = DIRECTION ( 'NONE',  ( 6.938893903907233000E-18, 1.000000000000000000, -2.124224124800602887E-17 ) ) ;
#750 = ORIENTED_EDGE ( 'NONE', *, *, #2101, .F. ) ;
#751 = DIRECTION ( 'NONE',  ( 1.000000000000000000, 0.000000000000000000, 0.000000000000000000 ) ) ;
#752 = LINE ( 'NONE', #3508, #1171 ) ;
#753 = CARTESIAN_POINT ( 'NONE',  ( 2.775557561562891351E-14, 136.6699193696437931, 2.000000000000001776 ) ) ;
#754 = EDGE_CURVE ( 'NONE', #3538, #352, #3317, .T. ) ;
#755 = ORIENTED_EDGE ( 'NONE', *, *, #770, .F. ) ;
#756 = CARTESIAN_POINT ( 'NONE',  ( -2.081668171172168513E-14, 136.6699193696437931, -4.999999999999968026 ) ) ;
#757 = DIRECTION ( 'NONE',  ( 2.175692415135432533E-17, -3.114764700657962916E-17, -1.000000000000000000 ) ) ;
#758 = EDGE_LOOP ( 'NONE', ( #828, #923 ) ) ;
#759 = EDGE_LOOP ( 'NONE', ( #2753, #2793 ) ) ;
#760 = AXIS2_PLACEMENT_3D ( 'NONE', #2538, #85, #2275 ) ;
#761 = DIRECTION ( 'NONE',  ( 3.366375155851267169E-16, -3.114764700657967846E-17, -1.000000000000000000 ) ) ;
#762 = VECTOR ( 'NONE', #2843, 1000.000000000000000 ) ;
#763 = VECTOR ( 'NONE', #2286, 1000.000000000000000 ) ;
#764 = EDGE_CURVE ( 'NONE', #3012, #2479, #218, .T. ) ;
#765 = ORIENTED_EDGE ( 'NONE', *, *, #2762, .T. ) ;
#766 = DIRECTION ( 'NONE',  ( 1.000000000000000000, 0.000000000000000000, 0.000000000000000000 ) ) ;
#767 = AXIS2_PLACEMENT_3D ( 'NONE', #576, #1113, #1188 ) ;
#768 = AXIS2_PLACEMENT_3D ( 'NONE', #1766, #1256, #3397 ) ;
#769 = CYLINDRICAL_SURFACE ( 'NONE', #1633, 1.500000000000001332 ) ;
#770 = EDGE_CURVE ( 'NONE', #1943, #2494, #957, .T. ) ;
#771 = VERTEX_POINT ( 'NONE', #2218 ) ;
#772 = CARTESIAN_POINT ( 'NONE',  ( 78.99999999999997158, 136.6699193696437931, -37.99999999999996447 ) ) ;
#773 = DIRECTION ( 'NONE',  ( -1.000000000000000000, 1.665334536937734811E-16, -2.175692415135433457E-17 ) ) ;
#774 = DIRECTION ( 'NONE',  ( 1.770191701106372407E-16, 1.000000000000000000, -1.033096529485792400E-17 ) ) ;
#775 = ORIENTED_EDGE ( 'NONE', *, *, #682, .F. ) ;
#776 = EDGE_CURVE ( 'NONE', #1580, #1182, #1936, .T. ) ;
#777 = CARTESIAN_POINT ( 'NONE',  ( 2.000000000000036415, 136.6699193696437931, 25.00000000000000000 ) ) ;
#778 = CARTESIAN_POINT ( 'NONE',  ( 79.24999999999995737, 139.6699193696437931, -27.49999999999996092 ) ) ;
#779 = AXIS2_PLACEMENT_3D ( 'NONE', #1216, #3346, #2319 ) ;
#780 = CARTESIAN_POINT ( 'NONE',  ( 37.99431603205723462, 147.1008208751676136, -2.999999999999961808 ) ) ;
#781 = ORIENTED_EDGE ( 'NONE', *, *, #3310, .F. ) ;
#782 = VECTOR ( 'NONE', #3213, 1000.000000000000000 ) ;
#783 = AXIS2_PLACEMENT_3D ( 'NONE', #1547, #1579, #761 ) ;
#784 = CARTESIAN_POINT ( 'NONE',  ( -2.081668171172168513E-14, 139.6699193696437931, -4.999999999999968026 ) ) ;
#785 = DIRECTION ( 'NONE',  ( 1.000000000000000000, 0.000000000000000000, 0.000000000000000000 ) ) ;
#786 = CIRCLE ( 'NONE', #1829, 1.249999999999997558 ) ;
#787 = ORIENTED_EDGE ( 'NONE', *, *, #1949, .F. ) ;
#788 = CARTESIAN_POINT ( 'NONE',  ( 97.50000000000004263, 139.6699193696437931, 2.000000000000026201 ) ) ;
#789 = EDGE_CURVE ( 'NONE', #3440, #596, #556, .T. ) ;
#790 = LINE ( 'NONE', #3244, #2433 ) ;
#791 = DIRECTION ( 'NONE',  ( 1.000000000000000000, 0.000000000000000000, 0.000000000000000000 ) ) ;
#792 = ORIENTED_EDGE ( 'NONE', *, *, #3038, .F. ) ;
#793 = PLANE ( 'NONE',  #3434 ) ;
#794 = CARTESIAN_POINT ( 'NONE',  ( 1.999999999999988010, 139.6699193696437931, -27.99999999999997158 ) ) ;
#795 = LINE ( 'NONE', #2454, #2143 ) ;
#796 = ORIENTED_EDGE ( 'NONE', *, *, #572, .F. ) ;
#797 = ORIENTED_EDGE ( 'NONE', *, *, #1185, .T. ) ;
#798 = LINE ( 'NONE', #1900, #2231 ) ;
#799 = EDGE_CURVE ( 'NONE', #2604, #3174, #1355, .T. ) ;
#800 = VERTEX_POINT ( 'NONE', #219 ) ;
#801 = CARTESIAN_POINT ( 'NONE',  ( 33.00000000000002842, 139.6699193696437931, 36.00000000000001421 ) ) ;
#802 = VERTEX_POINT ( 'NONE', #501 ) ;
#803 = DIRECTION ( 'NONE',  ( 6.938893903907233000E-18, 1.000000000000000000, -2.124224124800602887E-17 ) ) ;
#804 = CARTESIAN_POINT ( 'NONE',  ( 69.00000000000002842, 136.6699193696437931, 32.00000000000002132 ) ) ;
#805 = CARTESIAN_POINT ( 'NONE',  ( 66.99999999999997158, 136.6699193696437931, -34.99999999999996447 ) ) ;
#806 = ORIENTED_EDGE ( 'NONE', *, *, #974, .T. ) ;
#807 = ADVANCED_FACE ( 'NONE', ( #731 ), #2927, .F. ) ;
#808 = EDGE_CURVE ( 'NONE', #27, #1597, #238, .T. ) ;
#809 = DIRECTION ( 'NONE',  ( 1.770191701106372407E-16, 1.000000000000000000, -1.033096529485792400E-17 ) ) ;
#810 = DIRECTION ( 'NONE',  ( 1.770191701106372407E-16, 1.000000000000000000, -1.033096529485792400E-17 ) ) ;
#811 = FACE_OUTER_BOUND ( 'NONE', #329, .T. ) ;
#812 = ORIENTED_EDGE ( 'NONE', *, *, #3388, .T. ) ;
#813 = ORIENTED_EDGE ( 'NONE', *, *, #410, .F. ) ;
#814 = CARTESIAN_POINT ( 'NONE',  ( 3.500000000000028422, 136.6699193696437931, 13.50000000000000533 ) ) ;
#815 = CIRCLE ( 'NONE', #3061, 3.000000000000002665 ) ;
#816 = ORIENTED_EDGE ( 'NONE', *, *, #3143, .F. ) ;
#817 = UNCERTAINTY_MEASURE_WITH_UNIT (LENGTH_MEASURE( 1.000000000000000082E-05 ), #165, 'distance_accuracy_value', 'NONE');
#818 = DIRECTION ( 'NONE',  ( -6.938893903907233000E-18, -1.000000000000000000, 2.124224124800602887E-17 ) ) ;
#819 = EDGE_CURVE ( 'NONE', #64, #926, #3186, .T. ) ;
#820 = AXIS2_PLACEMENT_3D ( 'NONE', #3343, #1970, #56 ) ;
#821 = VERTEX_POINT ( 'NONE', #1286 ) ;
#822 = CARTESIAN_POINT ( 'NONE',  ( 67.00000000000002842, 136.6699193696437931, 34.00000000000001421 ) ) ;
#823 = AXIS2_PLACEMENT_3D ( 'NONE', #2196, #1925, #2412 ) ;
#824 = AXIS2_PLACEMENT_3D ( 'NONE', #1771, #1554, #1786 ) ;
#825 = CARTESIAN_POINT ( 'NONE',  ( 36.00000000000002842, 136.6699193696437931, 24.50000000000001066 ) ) ;
#826 = AXIS2_PLACEMENT_3D ( 'NONE', #1729, #2770, #1151 ) ;
#827 = CARTESIAN_POINT ( 'NONE',  ( 35.99999999999999289, 136.6699193696437931, -27.49999999999996803 ) ) ;
#828 = ORIENTED_EDGE ( 'NONE', *, *, #3552, .T. ) ;
#829 = CARTESIAN_POINT ( 'NONE',  ( 35.99999999999999289, 136.6699193696437931, -27.49999999999996803 ) ) ;
#830 = FACE_BOUND ( 'NONE', #3482, .T. ) ;
#831 = VERTEX_POINT ( 'NONE', #712 ) ;
#832 = VERTEX_POINT ( 'NONE', #435 ) ;
#833 = EDGE_CURVE ( 'NONE', #919, #2725, #2973, .T. ) ;
#834 = CARTESIAN_POINT ( 'NONE',  ( 67.25000000000002842, 136.6699193696437931, 24.50000000000002132 ) ) ;
#835 = FACE_OUTER_BOUND ( 'NONE', #3095, .T. ) ;
#836 = VERTEX_POINT ( 'NONE', #2371 ) ;
#837 = CARTESIAN_POINT ( 'NONE',  ( 81.74999999999995737, 139.6699193696437931, -27.49999999999996092 ) ) ;
#838 = CYLINDRICAL_SURFACE ( 'NONE', #3204, 1.250000000000001110 ) ;
#839 = CIRCLE ( 'NONE', #603, 3.000000000000002665 ) ;
#840 = ORIENTED_EDGE ( 'NONE', *, *, #3420, .T. ) ;
#841 = CARTESIAN_POINT ( 'NONE',  ( 92.50000000000005684, 137.6699193696437931, 13.50000000000003020 ) ) ;
#842 = AXIS2_PLACEMENT_3D ( 'NONE', #616, #2263, #2582 ) ;
#843 = CARTESIAN_POINT ( 'NONE',  ( 5.000000000000031974, 136.6699193696437931, 13.50000000000000533 ) ) ;
#844 = AXIS2_PLACEMENT_3D ( 'NONE', #182, #2100, #2117 ) ;
#845 = EDGE_CURVE ( 'NONE', #674, #915, #3469, .T. ) ;
#846 = PLANE ( 'NONE',  #2550 ) ;
#847 = EDGE_LOOP ( 'NONE', ( #471, #607 ) ) ;
#848 = AXIS2_PLACEMENT_3D ( 'NONE', #794, #1348, #1641 ) ;
#849 = DIRECTION ( 'NONE',  ( 1.000000000000000000, 0.000000000000000000, 0.000000000000000000 ) ) ;
#850 = CARTESIAN_POINT ( 'NONE',  ( 92.49999999999998579, 137.6699193696437931, -16.49999999999995737 ) ) ;
#851 = CARTESIAN_POINT ( 'NONE',  ( 17.50000000000002842, 136.6699193696437931, 13.50000000000000533 ) ) ;
#852 = ORIENTED_EDGE ( 'NONE', *, *, #388, .F. ) ;
#853 = ORIENTED_EDGE ( 'NONE', *, *, #1614, .F. ) ;
#854 = ADVANCED_FACE ( 'NONE', ( #2390 ), #1022, .T. ) ;
#855 = LINE ( 'NONE', #235, #166 ) ;
#856 = CARTESIAN_POINT ( 'NONE',  ( 70.49999999999997158, 139.6699193696437931, -16.49999999999995737 ) ) ;
#857 = VERTEX_POINT ( 'NONE', #1904 ) ;
#858 = EDGE_CURVE ( 'NONE', #2151, #857, #1072, .T. ) ;
#859 = CARTESIAN_POINT ( 'NONE',  ( 97.49999999999997158, 136.6699193696437931, -29.99999999999996092 ) ) ;
#860 = CARTESIAN_POINT ( 'NONE',  ( 17.50000000000003553, 139.6699193696437931, 3.673333333333346218 ) ) ;
#861 = VERTEX_POINT ( 'NONE', #1888 ) ;
#862 = DIRECTION ( 'NONE',  ( -1.770191701106372407E-16, -1.000000000000000000, 1.033096529485792400E-17 ) ) ;
#863 = FACE_OUTER_BOUND ( 'NONE', #3065, .T. ) ;
#864 = CARTESIAN_POINT ( 'NONE',  ( 1.999999999999980904, 139.6699193696437931, -2.999999999999968026 ) ) ;
#865 = VERTEX_POINT ( 'NONE', #3020 ) ;
#866 = ADVANCED_FACE ( 'NONE', ( #1689 ), #838, .F. ) ;
#867 = LINE ( 'NONE', #2822, #2209 ) ;
#868 = EDGE_LOOP ( 'NONE', ( #1681, #970 ) ) ;
#869 = CARTESIAN_POINT ( 'NONE',  ( 78.50000000000002842, 129.6699193696437931, 21.50000000000001776 ) ) ;
#870 = CARTESIAN_POINT ( 'NONE',  ( -1.387778780781445676E-14, 139.6699193696437931, -29.99999999999997513 ) ) ;
#871 = VERTEX_POINT ( 'NONE', #2985 ) ;
#872 = DIRECTION ( 'NONE',  ( 1.770191701106372407E-16, 1.000000000000000000, -1.033096529485792400E-17 ) ) ;
#873 = AXIS2_PLACEMENT_3D ( 'NONE', #1287, #2966, #1599 ) ;
#874 = ORIENTED_EDGE ( 'NONE', *, *, #2659, .T. ) ;
#875 = FACE_OUTER_BOUND ( 'NONE', #3492, .T. ) ;
#876 = AXIS2_PLACEMENT_3D ( 'NONE', #1558, #1278, #2958 ) ;
#877 = EDGE_CURVE ( 'NONE', #2775, #2165, #1536, .T. ) ;
#878 = CARTESIAN_POINT ( 'NONE',  ( 71.04010050314701630, 136.6699193696437931, -37.19999999999996021 ) ) ;
#879 = FACE_OUTER_BOUND ( 'NONE', #2014, .T. ) ;
#880 = VECTOR ( 'NONE', #2429, 1000.000000000000000 ) ;
#881 = ORIENTED_EDGE ( 'NONE', *, *, #789, .F. ) ;
#882 = VECTOR ( 'NONE', #773, 1000.000000000000000 ) ;
#883 = VECTOR ( 'NONE', #3329, 1000.000000000000000 ) ;
#884 = AXIS2_PLACEMENT_3D ( 'NONE', #2500, #589, #620 ) ;
#885 = DIRECTION ( 'NONE',  ( 6.938893903907233000E-18, 1.000000000000000000, -2.124224124800602887E-17 ) ) ;
#886 = CARTESIAN_POINT ( 'NONE',  ( 17.50000000000003197, 136.6699193696437931, 3.673333333333346218 ) ) ;
#887 = EDGE_LOOP ( 'NONE', ( #1288, #1718, #456, #1176 ) ) ;
#888 = DIRECTION ( 'NONE',  ( -6.938893903907233000E-18, -1.000000000000000000, 2.124224124800602887E-17 ) ) ;
#889 = CARTESIAN_POINT ( 'NONE',  ( 64.74999999999997158, 139.6699193696437931, -27.49999999999996092 ) ) ;
#890 = ADVANCED_FACE ( 'NONE', ( #1941 ), #552, .F. ) ;
#891 = ORIENTED_EDGE ( 'NONE', *, *, #76, .T. ) ;
#892 = FACE_OUTER_BOUND ( 'NONE', #1325, .T. ) ;
#893 = AXIS2_PLACEMENT_3D ( 'NONE', #650, #2817, #618 ) ;
#894 = ORIENTED_EDGE ( 'NONE', *, *, #776, .T. ) ;
#895 = DIRECTION ( 'NONE',  ( 1.000000000000000000, -1.665334536937734564E-16, 1.374051558831415009E-16 ) ) ;
#896 = AXIS2_PLACEMENT_3D ( 'NONE', #482, #2083, #965 ) ;
#897 = CARTESIAN_POINT ( 'NONE',  ( 37.00000000000003553, 136.6699193696437931, 34.00000000000000711 ) ) ;
#898 = CARTESIAN_POINT ( 'NONE',  ( 37.99431603205723462, 136.6699193696437931, -1.499999999999978906 ) ) ;
#899 = AXIS2_PLACEMENT_3D ( 'NONE', #1765, #2858, #671 ) ;
#900 = EDGE_LOOP ( 'NONE', ( #2468, #653, #211, #2723 ) ) ;
#901 = EDGE_CURVE ( 'NONE', #601, #961, #254, .T. ) ;
#902 = CIRCLE ( 'NONE', #3376, 2.000000000000000000 ) ;
#903 = PLANE ( 'NONE',  #3413 ) ;
#904 = CARTESIAN_POINT ( 'NONE',  ( -2.081668171172168513E-14, 139.6699193696437931, -4.999999999999968026 ) ) ;
#905 = ORIENTED_EDGE ( 'NONE', *, *, #588, .T. ) ;
#906 = AXIS2_PLACEMENT_3D ( 'NONE', #1191, #2274, #3318 ) ;
#907 = CARTESIAN_POINT ( 'NONE',  ( 80.50000000000002842, 136.6699193696437931, 2.500000000000024869 ) ) ;
#908 = DIRECTION ( 'NONE',  ( 0.000000000000000000, 0.000000000000000000, -1.000000000000000000 ) ) ;
#909 = EDGE_LOOP ( 'NONE', ( #1532, #1341 ) ) ;
#910 = CARTESIAN_POINT ( 'NONE',  ( 97.49999999999997158, 139.6699193696437931, -4.999999999999953815 ) ) ;
#911 = VERTEX_POINT ( 'NONE', #2423 ) ;
#912 = CARTESIAN_POINT ( 'NONE',  ( 1.999999999999980904, 136.6699193696437931, -2.999999999999968026 ) ) ;
#913 = LINE ( 'NONE', #929, #1623 ) ;
#914 = ORIENTED_EDGE ( 'NONE', *, *, #2226, .T. ) ;
#915 = VERTEX_POINT ( 'NONE', #3040 ) ;
#916 = FACE_BOUND ( 'NONE', #3514, .T. ) ;
#917 = DIRECTION ( 'NONE',  ( -1.000000000000000000, 0.000000000000000000, 0.000000000000000000 ) ) ;
#918 = EDGE_CURVE ( 'NONE', #2067, #252, #3544, .T. ) ;
#919 = VERTEX_POINT ( 'NONE', #1127 ) ;
#920 = CARTESIAN_POINT ( 'NONE',  ( 2.775557561562891351E-14, 139.6699193696437931, 2.000000000000001776 ) ) ;
#921 = CARTESIAN_POINT ( 'NONE',  ( 81.75000000000002842, 139.6699193696437931, 24.50000000000002132 ) ) ;
#922 = ADVANCED_FACE ( 'NONE', ( #531 ), #1340, .F. ) ;
#923 = ORIENTED_EDGE ( 'NONE', *, *, #764, .T. ) ;
#924 = CARTESIAN_POINT ( 'NONE',  ( 7.999999999999984901, 137.6699193696437931, -16.49999999999997158 ) ) ;
#925 = DIRECTION ( 'NONE',  ( 1.000000000000000000, 0.000000000000000000, 0.000000000000000000 ) ) ;
#926 = VERTEX_POINT ( 'NONE', #1376 ) ;
#927 = FACE_BOUND ( 'NONE', #383, .T. ) ;
#928 = EDGE_CURVE ( 'NONE', #2058, #2711, #2478, .T. ) ;
#929 = CARTESIAN_POINT ( 'NONE',  ( 36.99999999999997868, 97.61867099011053028, -36.99999999999996447 ) ) ;
#930 = EDGE_LOOP ( 'NONE', ( #57, #2422 ) ) ;
#931 = ORIENTED_EDGE ( 'NONE', *, *, #691, .F. ) ;
#932 = AXIS2_PLACEMENT_3D ( 'NONE', #1844, #2130, #701 ) ;
#933 = LINE ( 'NONE', #2880, #1399 ) ;
#934 = VECTOR ( 'NONE', #1804, 1000.000000000000000 ) ;
#935 = CARTESIAN_POINT ( 'NONE',  ( 70.50000000000001421, 136.6699193696437931, 21.50000000000001776 ) ) ;
#936 = EDGE_LOOP ( 'NONE', ( #566, #1432 ) ) ;
#937 = AXIS2_PLACEMENT_3D ( 'NONE', #110, #1757, #73 ) ;
#938 = CIRCLE ( 'NONE', #2776, 1.250000000000001110 ) ;
#939 = DIRECTION ( 'NONE',  ( 1.000000000000000000, 0.000000000000000000, 0.000000000000000000 ) ) ;
#940 = CARTESIAN_POINT ( 'NONE',  ( 67.00000000000002842, 139.6699193696437931, 32.00000000000002132 ) ) ;
#941 = DIRECTION ( 'NONE',  ( -1.000000000000000000, 1.665334536937734811E-16, -1.374051558831415256E-16 ) ) ;
#942 = VERTEX_POINT ( 'NONE', #860 ) ;
#943 = EDGE_CURVE ( 'NONE', #1992, #1098, #162, .T. ) ;
#944 = EDGE_LOOP ( 'NONE', ( #1052, #1189, #2584, #39 ) ) ;
#945 = ORIENTED_EDGE ( 'NONE', *, *, #845, .F. ) ;
#946 = DIRECTION ( 'NONE',  ( -1.000000000000000000, 0.000000000000000000, 0.000000000000000000 ) ) ;
#947 = AXIS2_PLACEMENT_3D ( 'NONE', #1025, #2123, #1585 ) ;
#948 = DIRECTION ( 'NONE',  ( 1.770191701106372407E-16, 1.000000000000000000, -1.033096529485792400E-17 ) ) ;
#949 = ORIENTED_EDGE ( 'NONE', *, *, #1719, .T. ) ;
#950 = ORIENTED_EDGE ( 'NONE', *, *, #72, .F. ) ;
#951 = CIRCLE ( 'NONE', #2561, 1.249999999999997558 ) ;
#952 = EDGE_CURVE ( 'NONE', #622, #771, #1108, .T. ) ;
#953 = CYLINDRICAL_SURFACE ( 'NONE', #1975, 1.250000000000001110 ) ;
#954 = AXIS2_PLACEMENT_3D ( 'NONE', #1859, #1366, #265 ) ;
#955 = CARTESIAN_POINT ( 'NONE',  ( 70.49999999999997158, 139.6699193696437931, -14.67333333333329648 ) ) ;
#956 = ORIENTED_EDGE ( 'NONE', *, *, #1315, .F. ) ;
#957 = CIRCLE ( 'NONE', #3430, 1.999999999999994893 ) ;
#958 = CARTESIAN_POINT ( 'NONE',  ( -1.387778780781445676E-14, 136.6699193696437931, -29.99999999999997513 ) ) ;
#959 = CARTESIAN_POINT ( 'NONE',  ( 9.499999999999973355, 136.6699193696437931, -8.499999999999964473 ) ) ;
#960 = AXIS2_PLACEMENT_3D ( 'NONE', #869, #123, #1463 ) ;
#961 = VERTEX_POINT ( 'NONE', #1974 ) ;
#962 = EDGE_CURVE ( 'NONE', #3378, #1492, #3146, .T. ) ;
#963 = ORIENTED_EDGE ( 'NONE', *, *, #3092, .F. ) ;
#964 = ORIENTED_EDGE ( 'NONE', *, *, #1883, .F. ) ;
#965 = DIRECTION ( 'NONE',  ( 1.000000000000000000, 0.000000000000000000, 0.000000000000000000 ) ) ;
#966 = ADVANCED_FACE ( 'NONE', ( #3094 ), #2516, .T. ) ;
#967 = CARTESIAN_POINT ( 'NONE',  ( 34.74999999999998579, 136.6699193696437931, -27.49999999999996803 ) ) ;
#968 = FACE_BOUND ( 'NONE', #759, .T. ) ;
#969 = EDGE_LOOP ( 'NONE', ( #2914, #3073, #449, #370 ) ) ;
#970 = ORIENTED_EDGE ( 'NONE', *, *, #2462, .T. ) ;
#971 = DIRECTION ( 'NONE',  ( -6.938893903907233000E-18, -1.000000000000000000, 2.124224124800602887E-17 ) ) ;
#972 = DIRECTION ( 'NONE',  ( 1.000000000000000000, 0.000000000000000000, 2.168404344971010840E-16 ) ) ;
#973 = VERTEX_POINT ( 'NONE', #2008 ) ;
#974 = EDGE_CURVE ( 'NONE', #2667, #689, #1821, .T. ) ;
#975 = LINE ( 'NONE', #2078, #1654 ) ;
#976 = DIRECTION ( 'NONE',  ( -6.938893903907233000E-18, -1.000000000000000000, 2.124224124800602887E-17 ) ) ;
#977 = ORIENTED_EDGE ( 'NONE', *, *, #1099, .T. ) ;
#978 = SHAPE_DEFINITION_REPRESENTATION ( #2646, #413 ) ;
#979 = DIRECTION ( 'NONE',  ( 1.000000000000000000, 0.000000000000000000, 3.469446951953621091E-16 ) ) ;
#980 = ORIENTED_EDGE ( 'NONE', *, *, #2960, .T. ) ;
#981 = DIRECTION ( 'NONE',  ( 1.000000000000000000, 0.000000000000000000, 3.469446951953611231E-16 ) ) ;
#982 = CARTESIAN_POINT ( 'NONE',  ( 95.49999999999997158, 136.6699193696437931, -4.999999999999953815 ) ) ;
#983 = FACE_BOUND ( 'NONE', #930, .T. ) ;
#984 = EDGE_CURVE ( 'NONE', #1889, #2054, #1647, .T. ) ;
#985 = ORIENTED_EDGE ( 'NONE', *, *, #3225, .T. ) ;
#986 = LINE ( 'NONE', #2948, #1815 ) ;
#987 = EDGE_CURVE ( 'NONE', #2517, #2604, #1434, .T. ) ;
#988 = DIRECTION ( 'NONE',  ( 1.000000000000000000, 0.000000000000000000, 0.000000000000000000 ) ) ;
#989 = LINE ( 'NONE', #2881, #26 ) ;
#990 = CIRCLE ( 'NONE', #873, 1.249999999999997558 ) ;
#991 = ORIENTED_EDGE ( 'NONE', *, *, #3368, .F. ) ;
#992 = PRODUCT_DEFINITION ( 'æœ', '', #1921, #3018 ) ;
#993 = CIRCLE ( 'NONE', #311, 8.000000000000000000 ) ;
#994 = DIRECTION ( 'NONE',  ( 1.000000000000000000, -6.938893903907229918E-18, 1.442216040660895012E-16 ) ) ;
#995 = CARTESIAN_POINT ( 'NONE',  ( 95.50000000000005684, 137.6699193696437931, 13.50000000000003020 ) ) ;
#996 = DIRECTION ( 'NONE',  ( 6.938893903907233000E-18, 1.000000000000000000, -2.124224124800602887E-17 ) ) ;
#997 = AXIS2_PLACEMENT_3D ( 'NONE', #677, #1772, #2932 ) ;
#998 = VERTEX_POINT ( 'NONE', #74 ) ;
#999 = CIRCLE ( 'NONE', #3299, 1.999999999999994893 ) ;
#1000 = EDGE_CURVE ( 'NONE', #3234, #2387, #2109, .T. ) ;
#1001 = ORIENTED_EDGE ( 'NONE', *, *, #1459, .T. ) ;
#1002 = PLANE ( 'NONE',  #3528 ) ;
#1003 = ORIENTED_EDGE ( 'NONE', *, *, #1190, .F. ) ;
#1004 = CYLINDRICAL_SURFACE ( 'NONE', #3311, 2.000000000000000000 ) ;
#1005 = CARTESIAN_POINT ( 'NONE',  ( 5.000000000000031974, 137.6699193696437931, 13.50000000000000533 ) ) ;
#1006 = LINE ( 'NONE', #2110, #3409 ) ;
#1007 = VECTOR ( 'NONE', #803, 1000.000000000000000 ) ;
#1008 = EDGE_LOOP ( 'NONE', ( #1371, #1698 ) ) ;
#1009 = EDGE_CURVE ( 'NONE', #2257, #379, #3489, .T. ) ;
#1010 = CIRCLE ( 'NONE', #1591, 1.250000000000001110 ) ;
#1011 = CARTESIAN_POINT ( 'NONE',  ( 92.50000000000005684, 136.6699193696437931, 13.50000000000003020 ) ) ;
#1012 = PLANE ( 'NONE',  #1136 ) ;
#1013 = DIRECTION ( 'NONE',  ( 6.938893903907233000E-18, 1.000000000000000000, -2.124224124800602887E-17 ) ) ;
#1014 = AXIS2_PLACEMENT_3D ( 'NONE', #2179, #1615, #571 ) ;
#1015 = EDGE_LOOP ( 'NONE', ( #442, #1755, #1351, #306 ) ) ;
#1016 = CARTESIAN_POINT ( 'NONE',  ( 69.05012562893378458, 139.6699193696437931, -38.99999999999996447 ) ) ;
#1017 = VECTOR ( 'NONE', #1683, 1000.000000000000000 ) ;
#1018 = EDGE_LOOP ( 'NONE', ( #1625, #3465, #2476, #2430 ) ) ;
#1019 = LINE ( 'NONE', #469, #2225 ) ;
#1020 = CIRCLE ( 'NONE', #2635, 7.999999999999992895 ) ;
#1021 = ADVANCED_FACE ( 'NONE', ( #892 ), #2544, .F. ) ;
#1022 = CYLINDRICAL_SURFACE ( 'NONE', #1014, 2.000000000000001776 ) ;
#1023 = DIRECTION ( 'NONE',  ( 1.000000000000000000, 0.000000000000000000, 2.168404344971008868E-16 ) ) ;
#1024 = ORIENTED_EDGE ( 'NONE', *, *, #2519, .T. ) ;
#1025 = CARTESIAN_POINT ( 'NONE',  ( 2.775557561562891351E-14, 139.6699193696437931, 27.00000000000000355 ) ) ;
#1026 = DIRECTION ( 'NONE',  ( 1.000000000000000000, 0.000000000000000000, 0.000000000000000000 ) ) ;
#1027 = CYLINDRICAL_SURFACE ( 'NONE', #3524, 1.250000000000001110 ) ;
#1028 = ORIENTED_EDGE ( 'NONE', *, *, #2924, .F. ) ;
#1029 = DIRECTION ( 'NONE',  ( 1.000000000000000000, 0.000000000000000000, 0.000000000000000000 ) ) ;
#1030 = EDGE_CURVE ( 'NONE', #222, #1963, #2853, .T. ) ;
#1031 = DIRECTION ( 'NONE',  ( 6.938893903907233000E-18, 1.000000000000000000, -2.124224124800602887E-17 ) ) ;
#1032 = DIRECTION ( 'NONE',  ( 1.000000000000000000, 0.000000000000000000, 0.000000000000000000 ) ) ;
#1033 = EDGE_LOOP ( 'NONE', ( #2343, #1135, #1584, #628 ) ) ;
#1034 = ORIENTED_EDGE ( 'NONE', *, *, #3302, .T. ) ;
#1035 = EDGE_CURVE ( 'NONE', #1182, #427, #666, .T. ) ;
#1036 = PLANE ( 'NONE',  #783 ) ;
#1037 = ORIENTED_EDGE ( 'NONE', *, *, #3178, .F. ) ;
#1038 = DIRECTION ( 'NONE',  ( 1.000000000000000000, -1.665334536937734811E-16, 1.374051558831415256E-16 ) ) ;
#1039 = DIRECTION ( 'NONE',  ( 6.938893903907233000E-18, 1.000000000000000000, -2.124224124800602887E-17 ) ) ;
#1040 = ORIENTED_EDGE ( 'NONE', *, *, #3515, .F. ) ;
#1041 = EDGE_CURVE ( 'NONE', #1261, #1597, #1131, .T. ) ;
#1042 = DIRECTION ( 'NONE',  ( -2.742626278647496239E-16, 3.114764700657966614E-17, 1.000000000000000000 ) ) ;
#1043 = DIRECTION ( 'NONE',  ( 6.938893903907233000E-18, 1.000000000000000000, -2.124224124800602887E-17 ) ) ;
#1044 = EDGE_CURVE ( 'NONE', #1070, #1752, #2857, .T. ) ;
#1045 = CARTESIAN_POINT ( 'NONE',  ( 2.775557561562891351E-14, 139.6699193696437931, 27.00000000000000355 ) ) ;
#1046 = ORIENTED_EDGE ( 'NONE', *, *, #1949, .T. ) ;
#1047 = DIRECTION ( 'NONE',  ( 1.000000000000000000, 0.000000000000000000, 0.000000000000000000 ) ) ;
#1048 = FACE_OUTER_BOUND ( 'NONE', #644, .T. ) ;
#1049 = AXIS2_PLACEMENT_3D ( 'NONE', #2630, #186, #3452 ) ;
#1050 = FACE_BOUND ( 'NONE', #2237, .T. ) ;
#1051 = ORIENTED_EDGE ( 'NONE', *, *, #107, .F. ) ;
#1052 = ORIENTED_EDGE ( 'NONE', *, *, #808, .F. ) ;
#1053 = VECTOR ( 'NONE', #282, 1000.000000000000000 ) ;
#1054 = CIRCLE ( 'NONE', #2545, 2.000000000000000000 ) ;
#1055 = EDGE_LOOP ( 'NONE', ( #236, #3103, #2901, #1931 ) ) ;
#1056 = ADVANCED_FACE ( 'NONE', ( #1415 ), #1036, .F. ) ;
#1057 = DIRECTION ( 'NONE',  ( 1.000000000000000000, 0.000000000000000000, 0.000000000000000000 ) ) ;
#1058 = CARTESIAN_POINT ( 'NONE',  ( 94.00000000000005684, 139.6699193696437931, 13.50000000000003020 ) ) ;
#1059 = EDGE_LOOP ( 'NONE', ( #2317, #2677, #1140, #3461 ) ) ;
#1060 = LINE ( 'NONE', #3042, #2160 ) ;
#1061 = CARTESIAN_POINT ( 'NONE',  ( 1.999999999999981792, 137.6699193696437931, -16.49999999999997158 ) ) ;
#1062 = FACE_OUTER_BOUND ( 'NONE', #944, .T. ) ;
#1063 = ORIENTED_EDGE ( 'NONE', *, *, #2290, .T. ) ;
#1064 = EDGE_CURVE ( 'NONE', #2923, #133, #1885, .T. ) ;
#1065 = CARTESIAN_POINT ( 'NONE',  ( 68.99999999999997158, 136.6699193696437931, -34.99999999999996447 ) ) ;
#1066 = CARTESIAN_POINT ( 'NONE',  ( 37.24999999999999289, 136.6699193696437931, -27.49999999999996803 ) ) ;
#1067 = VECTOR ( 'NONE', #3291, 1000.000000000000000 ) ;
#1068 = FACE_BOUND ( 'NONE', #112, .T. ) ;
#1069 = ORIENTED_EDGE ( 'NONE', *, *, #581, .F. ) ;
#1070 = VERTEX_POINT ( 'NONE', #2368 ) ;
#1071 = AXIS2_PLACEMENT_3D ( 'NONE', #2453, #809, #1029 ) ;
#1072 = CIRCLE ( 'NONE', #276, 3.000000000000000888 ) ;
#1073 = ORIENTED_EDGE ( 'NONE', *, *, #3377, .F. ) ;
#1074 = AXIS2_PLACEMENT_3D ( 'NONE', #373, #355, #2019 ) ;
#1075 = DIRECTION ( 'NONE',  ( -1.770191701106372407E-16, -1.000000000000000000, 1.033096529485792400E-17 ) ) ;
#1076 = CARTESIAN_POINT ( 'NONE',  ( 69.05012562893382722, 136.6699193696437931, 34.00000000000002132 ) ) ;
#1077 = EDGE_CURVE ( 'NONE', #2774, #3113, #745, .T. ) ;
#1078 = APPLICATION_CONTEXT ( 'automotive_design' ) ;
#1079 = AXIS2_PLACEMENT_3D ( 'NONE', #32, #2485, #1405 ) ;
#1080 = VERTEX_POINT ( 'NONE', #2623 ) ;
#1081 = CARTESIAN_POINT ( 'NONE',  ( 81.75000000000002842, 136.6699193696437931, 2.500000000000025313 ) ) ;
#1082 = EDGE_CURVE ( 'NONE', #573, #268, #2514, .T. ) ;
#1083 = CARTESIAN_POINT ( 'NONE',  ( 69.05012562893382722, 136.6699193696437931, 36.00000000000002842 ) ) ;
#1084 = CARTESIAN_POINT ( 'NONE',  ( 3.500000000000028422, 139.6699193696437931, 13.50000000000000533 ) ) ;
#1085 = ORIENTED_EDGE ( 'NONE', *, *, #229, .F. ) ;
#1086 = CARTESIAN_POINT ( 'NONE',  ( 92.49999999999998579, 139.6699193696437931, -16.49999999999995737 ) ) ;
#1087 = CARTESIAN_POINT ( 'NONE',  ( 2.775557561562891351E-14, 136.6699193696437931, 27.00000000000000355 ) ) ;
#1088 = DIRECTION ( 'NONE',  ( 6.938893903907233000E-18, 1.000000000000000000, -2.124224124800602887E-17 ) ) ;
#1089 = VERTEX_POINT ( 'NONE', #1282 ) ;
#1090 = ORIENTED_EDGE ( 'NONE', *, *, #1837, .F. ) ;
#1091 = EDGE_LOOP ( 'NONE', ( #1687, #1981 ) ) ;
#1092 = CARTESIAN_POINT ( 'NONE',  ( 5.000000000000031974, 137.6699193696437931, 13.50000000000000533 ) ) ;
#1093 = DIRECTION ( 'NONE',  ( 6.938893903907233000E-18, 1.000000000000000000, -2.124224124800602887E-17 ) ) ;
#1094 = EDGE_LOOP ( 'NONE', ( #1705, #1417 ) ) ;
#1095 = DIRECTION ( 'NONE',  ( 1.770191701106372407E-16, 1.000000000000000000, -1.033096529485792400E-17 ) ) ;
#1096 = CARTESIAN_POINT ( 'NONE',  ( 66.99999999999997158, 97.61867099011051607, -34.99999999999996447 ) ) ;
#1097 = FACE_OUTER_BOUND ( 'NONE', #1059, .T. ) ;
#1098 = VERTEX_POINT ( 'NONE', #1792 ) ;
#1099 = EDGE_CURVE ( 'NONE', #1413, #2002, #1865, .T. ) ;
#1100 = FACE_OUTER_BOUND ( 'NONE', #167, .T. ) ;
#1101 = CARTESIAN_POINT ( 'NONE',  ( 4.249999999999986677, 136.6699193696437931, -27.49999999999996803 ) ) ;
#1102 = ORIENTED_EDGE ( 'NONE', *, *, #987, .T. ) ;
#1103 = ORIENTED_EDGE ( 'NONE', *, *, #1722, .T. ) ;
#1104 = DIRECTION ( 'NONE',  ( 1.770191701106372407E-16, 1.000000000000000000, -1.033096529485792400E-17 ) ) ;
#1105 = DIRECTION ( 'NONE',  ( 1.770191701106372407E-16, 1.000000000000000000, -1.033096529485792400E-17 ) ) ;
#1106 = AXIS2_PLACEMENT_3D ( 'NONE', #2869, #3390, #2020 ) ;
#1107 = VERTEX_POINT ( 'NONE', #684 ) ;
#1108 = LINE ( 'NONE', #2815, #333 ) ;
#1109 = VECTOR ( 'NONE', #737, 1000.000000000000000 ) ;
#1110 = ORIENTED_EDGE ( 'NONE', *, *, #3248, .T. ) ;
#1111 = DIRECTION ( 'NONE',  ( -1.000000000000000000, 0.000000000000000000, 0.000000000000000000 ) ) ;
#1112 = DIRECTION ( 'NONE',  ( -6.938893903907233000E-18, -1.000000000000000000, 2.124224124800602887E-17 ) ) ;
#1113 = DIRECTION ( 'NONE',  ( 1.770191701106372407E-16, 1.000000000000000000, -1.033096529485792400E-17 ) ) ;
#1114 = ORIENTED_EDGE ( 'NONE', *, *, #1402, .F. ) ;
#1115 = EDGE_CURVE ( 'NONE', #2054, #3234, #409, .T. ) ;
#1116 = DIRECTION ( 'NONE',  ( 1.000000000000000000, 0.000000000000000000, 0.000000000000000000 ) ) ;
#1117 = CARTESIAN_POINT ( 'NONE',  ( 95.50000000000002842, 136.6699193696437931, 27.00000000000002842 ) ) ;
#1118 = CARTESIAN_POINT ( 'NONE',  ( 93.99999999999998579, 136.6699193696437931, -16.49999999999995737 ) ) ;
#1119 = ADVANCED_FACE ( 'NONE', ( #726 ), #1503, .F. ) ;
#1120 = VERTEX_POINT ( 'NONE', #2082 ) ;
#1121 = EDGE_CURVE ( 'NONE', #1311, #1993, #145, .T. ) ;
#1122 = EDGE_LOOP ( 'NONE', ( #1953, #2765, #3344, #2202 ) ) ;
#1123 = LINE ( 'NONE', #2749, #3357 ) ;
#1124 = CIRCLE ( 'NONE', #1873, 2.000000000000000000 ) ;
#1125 = ORIENTED_EDGE ( 'NONE', *, *, #237, .T. ) ;
#1126 = CARTESIAN_POINT ( 'NONE',  ( 67.00000000000002842, 139.6699193696437931, 34.00000000000001421 ) ) ;
#1127 = CARTESIAN_POINT ( 'NONE',  ( 9.499999999999973355, 139.6699193696437931, -16.49999999999996803 ) ) ;
#1128 = AXIS2_PLACEMENT_3D ( 'NONE', #1834, #2355, #981 ) ;
#1129 = EDGE_LOOP ( 'NONE', ( #1966, #3522, #1024, #1465 ) ) ;
#1130 = LINE ( 'NONE', #2234, #654 ) ;
#1131 = CIRCLE ( 'NONE', #727, 1.250000000000001110 ) ;
#1132 = DIRECTION ( 'NONE',  ( 1.000000000000000000, 0.000000000000000000, 0.000000000000000000 ) ) ;
#1133 = CIRCLE ( 'NONE', #1995, 1.249999999999997558 ) ;
#1134 = CARTESIAN_POINT ( 'NONE',  ( 81.74999999999995737, 136.6699193696437931, -27.49999999999996092 ) ) ;
#1135 = ORIENTED_EDGE ( 'NONE', *, *, #1806, .T. ) ;
#1136 = AXIS2_PLACEMENT_3D ( 'NONE', #1248, #2402, #2113 ) ;
#1137 = CARTESIAN_POINT ( 'NONE',  ( 66.99999999999997158, 136.6699193696437931, -34.99999999999996447 ) ) ;
#1138 = LINE ( 'NONE', #3115, #393 ) ;
#1139 = CARTESIAN_POINT ( 'NONE',  ( 1.999999999999988010, 136.6699193696437931, -29.99999999999997513 ) ) ;
#1140 = ORIENTED_EDGE ( 'NONE', *, *, #515, .T. ) ;
#1141 = ORIENTED_EDGE ( 'NONE', *, *, #2080, .F. ) ;
#1142 = FACE_OUTER_BOUND ( 'NONE', #3161, .T. ) ;
#1143 = EDGE_CURVE ( 'NONE', #1487, #3202, #1832, .T. ) ;
#1144 = DIRECTION ( 'NONE',  ( 1.000000000000000000, 0.000000000000000000, 0.000000000000000000 ) ) ;
#1145 = ORIENTED_EDGE ( 'NONE', *, *, #1121, .T. ) ;
#1146 = EDGE_CURVE ( 'NONE', #1492, #3378, #608, .T. ) ;
#1147 = LINE ( 'NONE', #2515, #883 ) ;
#1148 = ORIENTED_EDGE ( 'NONE', *, *, #2121, .T. ) ;
#1149 = DIRECTION ( 'NONE',  ( 6.938893903907233000E-18, 1.000000000000000000, -2.124224124800602887E-17 ) ) ;
#1150 = LINE ( 'NONE', #897, #2825 ) ;
#1151 = DIRECTION ( 'NONE',  ( 1.000000000000000000, 0.000000000000000000, 0.000000000000000000 ) ) ;
#1152 = EDGE_CURVE ( 'NONE', #1456, #2996, #213, .T. ) ;
#1153 = VERTEX_POINT ( 'NONE', #1016 ) ;
#1154 = ADVANCED_FACE ( 'NONE', ( #1846 ), #2939, .T. ) ;
#1155 = CYLINDRICAL_SURFACE ( 'NONE', #2265, 1.250000000000001110 ) ;
#1156 = CARTESIAN_POINT ( 'NONE',  ( 70.50000000000002842, 139.6699193696437931, 11.67333333333336043 ) ) ;
#1157 = ORIENTED_EDGE ( 'NONE', *, *, #388, .T. ) ;
#1158 = DIRECTION ( 'NONE',  ( 1.000000000000000000, 0.000000000000000000, 0.000000000000000000 ) ) ;
#1159 = CARTESIAN_POINT ( 'NONE',  ( 78.99999999999997158, 139.6699193696437931, -37.99999999999996447 ) ) ;
#1160 = ORIENTED_EDGE ( 'NONE', *, *, #2465, .F. ) ;
#1161 = DIRECTION ( 'NONE',  ( 1.000000000000000000, 0.000000000000000000, 0.000000000000000000 ) ) ;
#1162 = DIRECTION ( 'NONE',  ( 1.000000000000000000, 0.000000000000000000, 0.000000000000000000 ) ) ;
#1163 = CIRCLE ( 'NONE', #1339, 7.999999999999992895 ) ;
#1164 = EDGE_CURVE ( 'NONE', #625, #1851, #503, .T. ) ;
#1165 = ORIENTED_EDGE ( 'NONE', *, *, #356, .T. ) ;
#1166 = DIRECTION ( 'NONE',  ( 5.168659063129591889E-16, -2.124224124800603504E-17, -1.000000000000000000 ) ) ;
#1167 = MECHANICAL_DESIGN_GEOMETRIC_PRESENTATION_REPRESENTATION (  '', ( #1332 ), #197 ) ;
#1168 = CARTESIAN_POINT ( 'NONE',  ( 70.50000000000002842, 139.6699193696437931, 3.673333333333359985 ) ) ;
#1169 = DIRECTION ( 'NONE',  ( 1.770191701106372407E-16, 1.000000000000000000, -1.033096529485792400E-17 ) ) ;
#1170 = ORIENTED_EDGE ( 'NONE', *, *, #397, .F. ) ;
#1171 = VECTOR ( 'NONE', #2271, 1000.000000000000000 ) ;
#1172 = VECTOR ( 'NONE', #3348, 1000.000000000000000 ) ;
#1173 = AXIS2_PLACEMENT_3D ( 'NONE', #3131, #2894, #3112 ) ;
#1174 = CARTESIAN_POINT ( 'NONE',  ( 17.49999999999997158, 139.6699193696437931, -14.67333333333330359 ) ) ;
#1175 = DIRECTION ( 'NONE',  ( 1.000000000000000000, 0.000000000000000000, 3.469446951953611231E-16 ) ) ;
#1176 = ORIENTED_EDGE ( 'NONE', *, *, #2605, .T. ) ;
#1177 = EDGE_CURVE ( 'NONE', #268, #836, #3285, .T. ) ;
#1178 = DIRECTION ( 'NONE',  ( 1.000000000000000000, 0.000000000000000000, 0.000000000000000000 ) ) ;
#1179 = FACE_OUTER_BOUND ( 'NONE', #2507, .T. ) ;
#1180 = ORIENTED_EDGE ( 'NONE', *, *, #1077, .T. ) ;
#1181 = CARTESIAN_POINT ( 'NONE',  ( 91.00000000000005684, 136.6699193696437931, 13.50000000000003020 ) ) ;
#1182 = VERTEX_POINT ( 'NONE', #834 ) ;
#1183 = CARTESIAN_POINT ( 'NONE',  ( 37.99431603205723462, 139.6699193696437931, 1.301042606982605321E-14 ) ) ;
#1184 = CIRCLE ( 'NONE', #1471, 2.000000000000001776 ) ;
#1185 = EDGE_CURVE ( 'NONE', #1236, #1943, #855, .T. ) ;
#1186 = DIRECTION ( 'NONE',  ( 1.000000000000000000, 0.000000000000000000, 0.000000000000000000 ) ) ;
#1187 = ADVANCED_FACE ( 'NONE', ( #1884 ), #2962, .F. ) ;
#1188 = DIRECTION ( 'NONE',  ( 1.000000000000000000, 0.000000000000000000, 0.000000000000000000 ) ) ;
#1189 = ORIENTED_EDGE ( 'NONE', *, *, #1606, .F. ) ;
#1190 = EDGE_CURVE ( 'NONE', #252, #2067, #2568, .T. ) ;
#1191 = CARTESIAN_POINT ( 'NONE',  ( 95.50000000000002842, 139.6699193696437931, 25.00000000000002842 ) ) ;
#1192 = FACE_OUTER_BOUND ( 'NONE', #2450, .T. ) ;
#1193 = ORIENTED_EDGE ( 'NONE', *, *, #2032, .T. ) ;
#1194 = VECTOR ( 'NONE', #1313, 1000.000000000000000 ) ;
#1195 = FACE_OUTER_BOUND ( 'NONE', #1015, .T. ) ;
#1196 = ORIENTED_EDGE ( 'NONE', *, *, #1030, .T. ) ;
#1197 = PLANE ( 'NONE',  #205 ) ;
#1198 = DIRECTION ( 'NONE',  ( 6.938893903907233000E-18, 1.000000000000000000, -2.124224124800602887E-17 ) ) ;
#1199 = VERTEX_POINT ( 'NONE', #814 ) ;
#1200 = PLANE ( 'NONE',  #2446 ) ;
#1201 = FACE_OUTER_BOUND ( 'NONE', #3156, .T. ) ;
#1202 = VERTEX_POINT ( 'NONE', #1612 ) ;
#1203 = ORIENTED_EDGE ( 'NONE', *, *, #224, .F. ) ;
#1204 = ADVANCED_FACE ( 'NONE', ( #2707 ), #3272, .F. ) ;
#1205 = DIRECTION ( 'NONE',  ( 1.000000000000000000, 0.000000000000000000, 0.000000000000000000 ) ) ;
#1206 = CARTESIAN_POINT ( 'NONE',  ( -1.387778780781445676E-14, 136.6699193696437931, -29.99999999999997513 ) ) ;
#1207 = EDGE_LOOP ( 'NONE', ( #3391, #3349, #3286, #3133 ) ) ;
#1208 = EDGE_CURVE ( 'NONE', #3174, #2975, #798, .T. ) ;
#1209 = DIRECTION ( 'NONE',  ( 1.000000000000000000, 0.000000000000000000, 0.000000000000000000 ) ) ;
#1210 = FACE_OUTER_BOUND ( 'NONE', #2302, .T. ) ;
#1211 = CARTESIAN_POINT ( 'NONE',  ( 6.749999999999981348, 139.6699193696437931, -5.499999999999968026 ) ) ;
#1212 = VERTEX_POINT ( 'NONE', #528 ) ;
#1213 = FACE_OUTER_BOUND ( 'NONE', #1207, .T. ) ;
#1214 = ORIENTED_EDGE ( 'NONE', *, *, #1115, .T. ) ;
#1215 = ORIENTED_EDGE ( 'NONE', *, *, #1337, .T. ) ;
#1216 = CARTESIAN_POINT ( 'NONE',  ( 4.999999999999984013, 136.6699193696437931, -16.49999999999997158 ) ) ;
#1217 = ADVANCED_FACE ( 'NONE', ( #1629 ), #2458, .F. ) ;
#1218 = FACE_BOUND ( 'NONE', #544, .T. ) ;
#1219 = ORIENTED_EDGE ( 'NONE', *, *, #2335, .T. ) ;
#1220 = ORIENTED_EDGE ( 'NONE', *, *, #1420, .F. ) ;
#1221 = LINE ( 'NONE', #2614, #1335 ) ;
#1222 = CIRCLE ( 'NONE', #2264, 8.000000000000007105 ) ;
#1223 = AXIS2_PLACEMENT_3D ( 'NONE', #623, #2378, #1535 ) ;
#1224 = DIRECTION ( 'NONE',  ( -1.770191701106372407E-16, -1.000000000000000000, 1.033096529485792400E-17 ) ) ;
#1225 = ORIENTED_EDGE ( 'NONE', *, *, #3171, .T. ) ;
#1226 = CIRCLE ( 'NONE', #2208, 2.000000000000001776 ) ;
#1227 = VECTOR ( 'NONE', #1728, 1000.000000000000000 ) ;
#1228 = CYLINDRICAL_SURFACE ( 'NONE', #331, 1.249999999999997558 ) ;
#1229 = ADVANCED_FACE ( 'NONE', ( #547 ), #2474, .T. ) ;
#1230 = DIRECTION ( 'NONE',  ( -6.938893903907233000E-18, -1.000000000000000000, 2.124224124800602887E-17 ) ) ;
#1231 = DIRECTION ( 'NONE',  ( -1.000000000000000000, 1.665334536937734811E-16, -2.175692415135433149E-17 ) ) ;
#1232 = ORIENTED_EDGE ( 'NONE', *, *, #1427, .F. ) ;
#1233 = DIRECTION ( 'NONE',  ( -1.770191701106372407E-16, -1.000000000000000000, 1.033096529485792400E-17 ) ) ;
#1234 = DIRECTION ( 'NONE',  ( 1.770191701106372407E-16, 1.000000000000000000, -1.033096529485792400E-17 ) ) ;
#1235 = EDGE_LOOP ( 'NONE', ( #1141, #2580, #2807, #742 ) ) ;
#1236 = VERTEX_POINT ( 'NONE', #2491 ) ;
#1237 = DIRECTION ( 'NONE',  ( -6.938893903907233000E-18, -1.000000000000000000, 2.124224124800602887E-17 ) ) ;
#1238 = VECTOR ( 'NONE', #1042, 1000.000000000000000 ) ;
#1239 = LINE ( 'NONE', #3470, #2269 ) ;
#1240 = ORIENTED_EDGE ( 'NONE', *, *, #1719, .F. ) ;
#1241 = ADVANCED_FACE ( 'NONE', ( #2777 ), #2243, .F. ) ;
#1242 = EDGE_LOOP ( 'NONE', ( #2896, #2440 ) ) ;
#1243 = CARTESIAN_POINT ( 'NONE',  ( 91.00000000000005684, 139.6699193696437931, 13.50000000000003020 ) ) ;
#1244 = VECTOR ( 'NONE', #2893, 1000.000000000000000 ) ;
#1245 = DIRECTION ( 'NONE',  ( -1.770191701106372407E-16, -1.000000000000000000, 1.033096529485792400E-17 ) ) ;
#1246 = ORIENTED_EDGE ( 'NONE', *, *, #515, .F. ) ;
#1247 = CIRCLE ( 'NONE', #1770, 1.250000000000001110 ) ;
#1248 = CARTESIAN_POINT ( 'NONE',  ( 76.49999999999997158, 146.6699193696437931, -6.673333333333294703 ) ) ;
#1249 = FACE_OUTER_BOUND ( 'NONE', #2691, .T. ) ;
#1250 = ORIENTED_EDGE ( 'NONE', *, *, #1793, .F. ) ;
#1251 = DIRECTION ( 'NONE',  ( 6.938893903907233000E-18, 1.000000000000000000, -2.124224124800602887E-17 ) ) ;
#1252 = ORIENTED_EDGE ( 'NONE', *, *, #1938, .T. ) ;
#1253 = ORIENTED_EDGE ( 'NONE', *, *, #1408, .T. ) ;
#1254 = EDGE_CURVE ( 'NONE', #1752, #1070, #1133, .T. ) ;
#1255 = DIRECTION ( 'NONE',  ( 1.770191701106372407E-16, 1.000000000000000000, -1.033096529485792400E-17 ) ) ;
#1256 = DIRECTION ( 'NONE',  ( 6.938893903907233000E-18, 1.000000000000000000, -2.124224124800602887E-17 ) ) ;
#1257 = VERTEX_POINT ( 'NONE', #3087 ) ;
#1258 = DIRECTION ( 'NONE',  ( 2.598698357978766491E-16, -2.124224124800603196E-17, -1.000000000000000000 ) ) ;
#1259 = DIRECTION ( 'NONE',  ( 6.938893903907233000E-18, 1.000000000000000000, -2.124224124800602887E-17 ) ) ;
#1260 = CARTESIAN_POINT ( 'NONE',  ( 2.000000000000036415, 139.6699193696437931, 3.469446951953614189E-15 ) ) ;
#1261 = VERTEX_POINT ( 'NONE', #3407 ) ;
#1262 = ADVANCED_FACE ( 'NONE', ( #1142 ), #3051, .T. ) ;
#1263 = LINE ( 'NONE', #1825, #2107 ) ;
#1264 = DIRECTION ( 'NONE',  ( 1.000000000000000000, 0.000000000000000000, 0.000000000000000000 ) ) ;
#1265 = CYLINDRICAL_SURFACE ( 'NONE', #3292, 3.000000000000002665 ) ;
#1266 = ORIENTED_EDGE ( 'NONE', *, *, #799, .T. ) ;
#1267 = VERTEX_POINT ( 'NONE', #1753 ) ;
#1268 = CARTESIAN_POINT ( 'NONE',  ( 34.75000000000002842, 136.6699193696437931, 24.50000000000001066 ) ) ;
#1269 = ADVANCED_FACE ( 'NONE', ( #1210 ), #1482, .F. ) ;
#1270 = FACE_BOUND ( 'NONE', #2733, .T. ) ;
#1271 = ORIENTED_EDGE ( 'NONE', *, *, #974, .F. ) ;
#1272 = DIRECTION ( 'NONE',  ( -6.938893903907233000E-18, -1.000000000000000000, 2.124224124800602887E-17 ) ) ;
#1273 = DIRECTION ( 'NONE',  ( 1.000000000000000000, 0.000000000000000000, 2.168404344971006896E-16 ) ) ;
#1274 = DIRECTION ( 'NONE',  ( 1.000000000000000000, 0.000000000000000000, 0.000000000000000000 ) ) ;
#1275 = CIRCLE ( 'NONE', #1739, 2.000000000000001776 ) ;
#1276 = ORIENTED_EDGE ( 'NONE', *, *, #174, .F. ) ;
#1277 = LINE ( 'NONE', #2846, #2509 ) ;
#1278 = DIRECTION ( 'NONE',  ( 1.770191701106372407E-16, 1.000000000000000000, -1.033096529485792400E-17 ) ) ;
#1279 = AXIS2_PLACEMENT_3D ( 'NONE', #3339, #3386, #917 ) ;
#1280 = VERTEX_POINT ( 'NONE', #2510 ) ;
#1281 =( NAMED_UNIT ( * ) PLANE_ANGLE_UNIT ( ) SI_UNIT ( $, .RADIAN. ) );
#1282 = CARTESIAN_POINT ( 'NONE',  ( 3.499999999999979572, 136.6699193696437931, -16.49999999999997158 ) ) ;
#1283 = AXIS2_PLACEMENT_3D ( 'NONE', #3039, #551, #2984 ) ;
#1284 = ORIENTED_EDGE ( 'NONE', *, *, #3106, .T. ) ;
#1285 = DIRECTION ( 'NONE',  ( -1.000000000000000000, 0.000000000000000000, -1.084202172485503448E-15 ) ) ;
#1286 = CARTESIAN_POINT ( 'NONE',  ( 64.75000000000002842, 139.6699193696437931, 24.50000000000002132 ) ) ;
#1287 = CARTESIAN_POINT ( 'NONE',  ( 5.500000000000032863, 139.6699193696437931, 2.500000000000005773 ) ) ;
#1288 = ORIENTED_EDGE ( 'NONE', *, *, #3516, .F. ) ;
#1289 = CARTESIAN_POINT ( 'NONE',  ( 6.750000000000030198, 139.6699193696437931, 24.50000000000000355 ) ) ;
#1290 = ADVANCED_FACE ( 'NONE', ( #1195 ), #2577, .F. ) ;
#1291 = DIRECTION ( 'NONE',  ( 6.938893903907233000E-18, 1.000000000000000000, -2.124224124800602887E-17 ) ) ;
#1292 = DIRECTION ( 'NONE',  ( 1.000000000000000000, -1.665334536937734564E-16, 1.374051558831415009E-16 ) ) ;
#1293 = VECTOR ( 'NONE', #1601, 1000.000000000000000 ) ;
#1294 = ORIENTED_EDGE ( 'NONE', *, *, #1208, .F. ) ;
#1295 = EDGE_CURVE ( 'NONE', #2824, #3113, #583, .T. ) ;
#1296 = VECTOR ( 'NONE', #113, 1000.000000000000000 ) ;
#1297 = CARTESIAN_POINT ( 'NONE',  ( 5.000000000000031974, 137.6699193696437931, 13.50000000000000533 ) ) ;
#1298 = AXIS2_PLACEMENT_3D ( 'NONE', #111, #1198, #3393 ) ;
#1299 = ORIENTED_EDGE ( 'NONE', *, *, #2762, .F. ) ;
#1300 = DIRECTION ( 'NONE',  ( 1.000000000000000000, 0.000000000000000000, 0.000000000000000000 ) ) ;
#1301 = VECTOR ( 'NONE', #3463, 1000.000000000000000 ) ;
#1302 = ORIENTED_EDGE ( 'NONE', *, *, #3364, .T. ) ;
#1303 = CARTESIAN_POINT ( 'NONE',  ( 70.50000000000002842, 139.6699193696437931, 13.50000000000001954 ) ) ;
#1304 = AXIS2_PLACEMENT_3D ( 'NONE', #1367, #2148, #1860 ) ;
#1305 = DIRECTION ( 'NONE',  ( 6.938893903907233000E-18, 1.000000000000000000, -2.124224124800602887E-17 ) ) ;
#1306 = CARTESIAN_POINT ( 'NONE',  ( 4.250000000000034639, 139.6699193696437931, 2.500000000000005329 ) ) ;
#1307 = VERTEX_POINT ( 'NONE', #105 ) ;
#1308 = DIRECTION ( 'NONE',  ( -6.938893903907233000E-18, -1.000000000000000000, 2.124224124800602887E-17 ) ) ;
#1309 = DIRECTION ( 'NONE',  ( 6.938893903907233000E-18, 1.000000000000000000, -2.124224124800602887E-17 ) ) ;
#1310 = DIRECTION ( 'NONE',  ( -6.938893903907233000E-18, -1.000000000000000000, 2.124224124800602887E-17 ) ) ;
#1311 = VERTEX_POINT ( 'NONE', #2310 ) ;
#1312 = CARTESIAN_POINT ( 'NONE',  ( 92.49999999999998579, 136.6699193696437931, -16.49999999999995737 ) ) ;
#1313 = DIRECTION ( 'NONE',  ( 1.770191701106372407E-16, 1.000000000000000000, -1.033096529485792400E-17 ) ) ;
#1314 = FACE_BOUND ( 'NONE', #909, .T. ) ;
#1315 = EDGE_CURVE ( 'NONE', #1947, #3513, #335, .T. ) ;
#1316 = PRODUCT ( '\X2\75356c6067b6603b88c562fc7248\X0\2', '\X2\75356c6067b6603b88c562fc7248\X0\2', '', ( #705 ) ) ;
#1317 = ORIENTED_EDGE ( 'NONE', *, *, #1990, .F. ) ;
#1318 = ORIENTED_EDGE ( 'NONE', *, *, #3420, .F. ) ;
#1319 = VERTEX_POINT ( 'NONE', #1969 ) ;
#1320 = EDGE_CURVE ( 'NONE', #1784, #3152, #1477, .T. ) ;
#1321 = ORIENTED_EDGE ( 'NONE', *, *, #3219, .F. ) ;
#1322 = DIRECTION ( 'NONE',  ( -6.938893903907233000E-18, -1.000000000000000000, 2.124224124800602887E-17 ) ) ;
#1323 = LINE ( 'NONE', #2714, #1515 ) ;
#1324 = DIRECTION ( 'NONE',  ( -2.873765282794109252E-18, 2.124224124800602887E-17, 1.000000000000000000 ) ) ;
#1325 = EDGE_LOOP ( 'NONE', ( #1034, #2543, #2525, #1552 ) ) ;
#1326 = CARTESIAN_POINT ( 'NONE',  ( 70.49999999999997158, 136.6699193696437931, -16.49999999999995737 ) ) ;
#1327 = CARTESIAN_POINT ( 'NONE',  ( 34.94987437106618700, 136.6699193696437931, -38.99999999999997158 ) ) ;
#1328 = AXIS2_PLACEMENT_3D ( 'NONE', #843, #575, #2481 ) ;
#1329 = FACE_BOUND ( 'NONE', #1242, .T. ) ;
#1330 = ORIENTED_EDGE ( 'NONE', *, *, #3258, .T. ) ;
#1331 = VERTEX_POINT ( 'NONE', #3068 ) ;
#1332 = STYLED_ITEM ( 'NONE', ( #1965 ), #2840 ) ;
#1333 = EDGE_CURVE ( 'NONE', #865, #103, #2976, .T. ) ;
#1334 = CIRCLE ( 'NONE', #315, 7.999999999999992895 ) ;
#1335 = VECTOR ( 'NONE', #2360, 1000.000000000000000 ) ;
#1336 = ORIENTED_EDGE ( 'NONE', *, *, #43, .F. ) ;
#1337 = EDGE_CURVE ( 'NONE', #1396, #2171, #3491, .T. ) ;
#1338 = AXIS2_PLACEMENT_3D ( 'NONE', #605, #2553, #1423 ) ;
#1339 = AXIS2_PLACEMENT_3D ( 'NONE', #2778, #286, #2676 ) ;
#1340 = CYLINDRICAL_SURFACE ( 'NONE', #2565, 3.000000000000000888 ) ;
#1341 = ORIENTED_EDGE ( 'NONE', *, *, #2834, .F. ) ;
#1342 = DIRECTION ( 'NONE',  ( 6.938893903907233000E-18, 1.000000000000000000, -2.124224124800602887E-17 ) ) ;
#1343 = FACE_OUTER_BOUND ( 'NONE', #467, .T. ) ;
#1344 = CYLINDRICAL_SURFACE ( 'NONE', #1742, 3.000000000000000888 ) ;
#1345 = ADVANCED_FACE ( 'NONE', ( #3355 ), #2847, .F. ) ;
#1346 = VERTEX_POINT ( 'NONE', #3374 ) ;
#1347 = CARTESIAN_POINT ( 'NONE',  ( 3.500000000000028422, 137.6699193696437931, 13.50000000000000533 ) ) ;
#1348 = DIRECTION ( 'NONE',  ( 1.770191701106372407E-16, 1.000000000000000000, -1.033096529485792400E-17 ) ) ;
#1349 = VECTOR ( 'NONE', #2410, 1000.000000000000000 ) ;
#1350 = CARTESIAN_POINT ( 'NONE',  ( 92.50000000000005684, 137.6699193696437931, 13.50000000000003020 ) ) ;
#1351 = ORIENTED_EDGE ( 'NONE', *, *, #2617, .F. ) ;
#1352 = ORIENTED_EDGE ( 'NONE', *, *, #1706, .T. ) ;
#1353 = VECTOR ( 'NONE', #433, 1000.000000000000000 ) ;
#1354 = DIRECTION ( 'NONE',  ( 1.770191701106372407E-16, 1.000000000000000000, -1.033096529485792400E-17 ) ) ;
#1355 = CIRCLE ( 'NONE', #659, 2.000000000000001776 ) ;
#1356 = EDGE_LOOP ( 'NONE', ( #2757, #195, #787, #985, #3381, #2045, #2303, #710 ) ) ;
#1357 = EDGE_CURVE ( 'NONE', #149, #1999, #1247, .T. ) ;
#1358 = CARTESIAN_POINT ( 'NONE',  ( 65.99999999999997158, 136.6699193696437931, -27.49999999999996092 ) ) ;
#1359 = EDGE_CURVE ( 'NONE', #719, #3050, #3150, .T. ) ;
#1360 = AXIS2_PLACEMENT_3D ( 'NONE', #940, #2039, #2332 ) ;
#1361 = ORIENTED_EDGE ( 'NONE', *, *, #858, .T. ) ;
#1362 = DIRECTION ( 'NONE',  ( 6.938893903907233000E-18, 1.000000000000000000, -2.124224124800602887E-17 ) ) ;
#1363 = CARTESIAN_POINT ( 'NONE',  ( 95.50000000000000000, 136.6699193696437931, 2.775557561562891351E-14 ) ) ;
#1364 = DIRECTION ( 'NONE',  ( 1.000000000000000000, 0.000000000000000000, 0.000000000000000000 ) ) ;
#1365 = ORIENTED_EDGE ( 'NONE', *, *, #3037, .T. ) ;
#1366 = DIRECTION ( 'NONE',  ( -6.938893903907233000E-18, -1.000000000000000000, 2.124224124800602887E-17 ) ) ;
#1367 = CARTESIAN_POINT ( 'NONE',  ( 95.49999999999997158, 139.6699193696437931, -27.99999999999995737 ) ) ;
#1368 = DIRECTION ( 'NONE',  ( 6.938893903907233000E-18, 1.000000000000000000, -2.124224124800602887E-17 ) ) ;
#1369 = ORIENTED_EDGE ( 'NONE', *, *, #2133, .F. ) ;
#1370 = EDGE_CURVE ( 'NONE', #465, #1257, #1598, .T. ) ;
#1371 = ORIENTED_EDGE ( 'NONE', *, *, #2441, .T. ) ;
#1372 = DIRECTION ( 'NONE',  ( 1.000000000000000000, 0.000000000000000000, 0.000000000000000000 ) ) ;
#1373 = DIRECTION ( 'NONE',  ( -1.770191701106372407E-16, -1.000000000000000000, 1.033096529485792400E-17 ) ) ;
#1374 = VERTEX_POINT ( 'NONE', #1827 ) ;
#1375 = LINE ( 'NONE', #801, #260 ) ;
#1376 = CARTESIAN_POINT ( 'NONE',  ( 34.75000000000002842, 139.6699193696437931, 24.50000000000001066 ) ) ;
#1377 = ORIENTED_EDGE ( 'NONE', *, *, #141, .T. ) ;
#1378 = CARTESIAN_POINT ( 'NONE',  ( 2.775557561562891351E-14, 139.6699193696437931, 27.00000000000000355 ) ) ;
#1379 = EDGE_CURVE ( 'NONE', #2517, #2374, #209, .T. ) ;
#1380 = CARTESIAN_POINT ( 'NONE',  ( 70.50000000000002842, 136.6699193696437931, 3.673333333333359985 ) ) ;
#1381 = LINE ( 'NONE', #2184, #880 ) ;
#1382 = VERTEX_POINT ( 'NONE', #2061 ) ;
#1383 = CARTESIAN_POINT ( 'NONE',  ( 36.99999999999998579, 136.6699193696437931, -34.99999999999997158 ) ) ;
#1384 = DIRECTION ( 'NONE',  ( 1.770191701106372407E-16, 1.000000000000000000, -1.033096529485792400E-17 ) ) ;
#1385 = CARTESIAN_POINT ( 'NONE',  ( 9.500000000000028422, 136.6699193696437931, 13.50000000000000711 ) ) ;
#1386 = EDGE_LOOP ( 'NONE', ( #2204, #99, #2652, #2925 ) ) ;
#1387 = ORIENTED_EDGE ( 'NONE', *, *, #2129, .F. ) ;
#1388 = CARTESIAN_POINT ( 'NONE',  ( 34.94987437106617989, 97.61867099011053028, -36.99999999999997158 ) ) ;
#1389 = DIRECTION ( 'NONE',  ( 1.000000000000000000, 0.000000000000000000, 0.000000000000000000 ) ) ;
#1390 = EDGE_CURVE ( 'NONE', #915, #2877, #902, .T. ) ;
#1391 = AXIS2_PLACEMENT_3D ( 'NONE', #2936, #3177, #477 ) ;
#1392 = VERTEX_POINT ( 'NONE', #2365 ) ;
#1393 = CARTESIAN_POINT ( 'NONE',  ( 1.999999999999988010, 139.6699193696437931, -29.99999999999997513 ) ) ;
#1394 = CARTESIAN_POINT ( 'NONE',  ( 92.49999999999998579, 136.6699193696437931, -16.49999999999995737 ) ) ;
#1395 = AXIS2_PLACEMENT_3D ( 'NONE', #3443, #403, #176 ) ;
#1396 = VERTEX_POINT ( 'NONE', #2868 ) ;
#1397 = LINE ( 'NONE', #1378, #718 ) ;
#1398 = AXIS2_PLACEMENT_3D ( 'NONE', #2751, #1632, #1940 ) ;
#1399 = VECTOR ( 'NONE', #439, 1000.000000000000000 ) ;
#1400 = CARTESIAN_POINT ( 'NONE',  ( 92.49999999999998579, 137.6699193696437931, -16.49999999999995737 ) ) ;
#1401 = ORIENTED_EDGE ( 'NONE', *, *, #510, .T. ) ;
#1402 = EDGE_CURVE ( 'NONE', #2871, #1992, #1574, .T. ) ;
#1403 = ADVANCED_FACE ( 'NONE', ( #3480 ), #1012, .F. ) ;
#1404 = DIRECTION ( 'NONE',  ( 6.938893903907233000E-18, 1.000000000000000000, -2.124224124800602887E-17 ) ) ;
#1405 = DIRECTION ( 'NONE',  ( -1.000000000000000000, 0.000000000000000000, 0.000000000000000000 ) ) ;
#1406 = LINE ( 'NONE', #1206, #3006 ) ;
#1407 = ORIENTED_EDGE ( 'NONE', *, *, #214, .T. ) ;
#1408 = EDGE_CURVE ( 'NONE', #1544, #3255, #740, .T. ) ;
#1409 = ORIENTED_EDGE ( 'NONE', *, *, #2659, .F. ) ;
#1410 = AXIS2_PLACEMENT_3D ( 'NONE', #42, #862, #1111 ) ;
#1411 = DIRECTION ( 'NONE',  ( -6.938893903907233000E-18, -1.000000000000000000, 2.124224124800602887E-17 ) ) ;
#1412 = CARTESIAN_POINT ( 'NONE',  ( 25.00000000000003197, 139.6699193696437931, 27.00000000000001066 ) ) ;
#1413 = VERTEX_POINT ( 'NONE', #3447 ) ;
#1414 = CYLINDRICAL_SURFACE ( 'NONE', #3527, 1.500000000000001332 ) ;
#1415 = FACE_OUTER_BOUND ( 'NONE', #323, .T. ) ;
#1416 = VECTOR ( 'NONE', #2156, 1000.000000000000000 ) ;
#1417 = ORIENTED_EDGE ( 'NONE', *, *, #984, .F. ) ;
#1418 = DIRECTION ( 'NONE',  ( 1.770191701106372407E-16, 1.000000000000000000, -1.033096529485792400E-17 ) ) ;
#1419 = VECTOR ( 'NONE', #2102, 1000.000000000000000 ) ;
#1420 = EDGE_CURVE ( 'NONE', #327, #1913, #975, .T. ) ;
#1421 = CARTESIAN_POINT ( 'NONE',  ( 81.74999999999995737, 136.6699193696437931, -5.499999999999958256 ) ) ;
#1422 = VECTOR ( 'NONE', #2349, 1000.000000000000000 ) ;
#1423 = DIRECTION ( 'NONE',  ( 1.000000000000000000, 0.000000000000000000, 3.469446951953611231E-16 ) ) ;
#1424 = VERTEX_POINT ( 'NONE', #1522 ) ;
#1425 = CARTESIAN_POINT ( 'NONE',  ( 78.50000000000002842, 139.6699193696437931, 13.50000000000001954 ) ) ;
#1426 = CARTESIAN_POINT ( 'NONE',  ( 95.49999999999998579, 137.6699193696437931, -16.49999999999995737 ) ) ;
#1427 = EDGE_CURVE ( 'NONE', #3440, #2979, #1843, .T. ) ;
#1428 = ORIENTED_EDGE ( 'NONE', *, *, #943, .F. ) ;
#1429 = EDGE_CURVE ( 'NONE', #3032, #3436, #2690, .T. ) ;
#1430 = CARTESIAN_POINT ( 'NONE',  ( 5.000000000000031974, 139.6699193696437931, 13.50000000000000533 ) ) ;
#1431 = DIRECTION ( 'NONE',  ( 6.938893903907233000E-18, 1.000000000000000000, -2.124224124800602887E-17 ) ) ;
#1432 = ORIENTED_EDGE ( 'NONE', *, *, #359, .T. ) ;
#1433 = DIRECTION ( 'NONE',  ( 1.770191701106372407E-16, 1.000000000000000000, -1.033096529485792400E-17 ) ) ;
#1434 = LINE ( 'NONE', #910, #2683 ) ;
#1435 = VERTEX_POINT ( 'NONE', #700 ) ;
#1436 = DIRECTION ( 'NONE',  ( 1.000000000000000000, -6.938893903907226837E-18, 2.598698357978766491E-16 ) ) ;
#1437 = CYLINDRICAL_SURFACE ( 'NONE', #1695, 3.000000000000002665 ) ;
#1438 = EDGE_CURVE ( 'NONE', #1435, #1445, #3196, .T. ) ;
#1439 = DIRECTION ( 'NONE',  ( 1.000000000000000000, -6.938893903907226837E-18, 2.598698357978766491E-16 ) ) ;
#1440 = ORIENTED_EDGE ( 'NONE', *, *, #28, .F. ) ;
#1441 = DIRECTION ( 'NONE',  ( -1.000000000000000000, 0.000000000000000000, 0.000000000000000000 ) ) ;
#1442 = ORIENTED_EDGE ( 'NONE', *, *, #107, .T. ) ;
#1443 = CARTESIAN_POINT ( 'NONE',  ( 17.49999999999997158, 136.6699193696437931, -16.49999999999996447 ) ) ;
#1444 = DIRECTION ( 'NONE',  ( -1.000000000000000000, 6.938893903907226837E-18, -2.598698357978766491E-16 ) ) ;
#1445 = VERTEX_POINT ( 'NONE', #3428 ) ;
#1446 = EDGE_CURVE ( 'NONE', #1396, #3001, #661, .T. ) ;
#1447 = EDGE_CURVE ( 'NONE', #1202, #3551, #1020, .T. ) ;
#1448 = DIRECTION ( 'NONE',  ( 1.000000000000000000, 0.000000000000000000, 3.469446951953621091E-16 ) ) ;
#1449 = VECTOR ( 'NONE', #941, 1000.000000000000000 ) ;
#1450 = ORIENTED_EDGE ( 'NONE', *, *, #359, .F. ) ;
#1451 = EDGE_CURVE ( 'NONE', #1319, #2353, #786, .T. ) ;
#1452 = CARTESIAN_POINT ( 'NONE',  ( -1.387778780781445676E-14, 136.6699193696437931, -29.99999999999997513 ) ) ;
#1453 = CIRCLE ( 'NONE', #1106, 3.000000000000002665 ) ;
#1454 = DIRECTION ( 'NONE',  ( 6.938893903907233000E-18, 1.000000000000000000, -2.124224124800602887E-17 ) ) ;
#1455 = CARTESIAN_POINT ( 'NONE',  ( 17.50000000000002842, 139.6699193696437931, 11.67333333333334622 ) ) ;
#1456 = VERTEX_POINT ( 'NONE', #3459 ) ;
#1457 = VECTOR ( 'NONE', #519, 1000.000000000000000 ) ;
#1458 = AXIS2_PLACEMENT_3D ( 'NONE', #1887, #3519, #570 ) ;
#1459 = EDGE_CURVE ( 'NONE', #2725, #1784, #2921, .T. ) ;
#1460 = DIRECTION ( 'NONE',  ( 6.938893903907233000E-18, 1.000000000000000000, -2.124224124800602887E-17 ) ) ;
#1461 = CYLINDRICAL_SURFACE ( 'NONE', #3242, 2.000000000000001776 ) ;
#1462 = VERTEX_POINT ( 'NONE', #756 ) ;
#1463 = DIRECTION ( 'NONE',  ( -6.524865300317130089E-17, 2.124224124800603196E-17, 1.000000000000000000 ) ) ;
#1464 = LINE ( 'NONE', #3356, #1508 ) ;
#1465 = ORIENTED_EDGE ( 'NONE', *, *, #1420, .T. ) ;
#1466 = DIRECTION ( 'NONE',  ( -1.770191701106372407E-16, -1.000000000000000000, 1.033096529485792400E-17 ) ) ;
#1467 = DIRECTION ( 'NONE',  ( 1.000000000000000000, 0.000000000000000000, 2.168404344971010840E-16 ) ) ;
#1468 = VECTOR ( 'NONE', #2532, 1000.000000000000000 ) ;
#1469 = ORIENTED_EDGE ( 'NONE', *, *, #3402, .T. ) ;
#1470 = CARTESIAN_POINT ( 'NONE',  ( 78.49999999999997158, 139.6699193696437931, -16.49999999999995737 ) ) ;
#1471 = AXIS2_PLACEMENT_3D ( 'NONE', #2309, #699, #1209 ) ;
#1472 = EDGE_CURVE ( 'NONE', #961, #3449, #109, .T. ) ;
#1473 = DIRECTION ( 'NONE',  ( 6.938893903907233000E-18, 1.000000000000000000, -2.124224124800602887E-17 ) ) ;
#1474 = AXIS2_PLACEMENT_3D ( 'NONE', #2657, #1305, #2696 ) ;
#1475 = EDGE_LOOP ( 'NONE', ( #316, #1103, #1986, #234 ) ) ;
#1476 = ORIENTED_EDGE ( 'NONE', *, *, #1826, .T. ) ;
#1477 = CIRCLE ( 'NONE', #451, 7.999999999999996447 ) ;
#1478 = DIRECTION ( 'NONE',  ( 6.938893903907233000E-18, 1.000000000000000000, -2.124224124800602887E-17 ) ) ;
#1479 = SURFACE_SIDE_STYLE ('',( #338 ) ) ;
#1480 = ORIENTED_EDGE ( 'NONE', *, *, #626, .T. ) ;
#1481 = AXIS2_PLACEMENT_3D ( 'NONE', #231, #523, #2721 ) ;
#1482 = CYLINDRICAL_SURFACE ( 'NONE', #1074, 1.249999999999997558 ) ;
#1483 = CARTESIAN_POINT ( 'NONE',  ( 6.749999999999981348, 136.6699193696437931, -5.499999999999968026 ) ) ;
#1484 = ORIENTED_EDGE ( 'NONE', *, *, #1670, .F. ) ;
#1485 = DIRECTION ( 'NONE',  ( -1.000000000000000000, 0.000000000000000000, 0.000000000000000000 ) ) ;
#1486 = ORIENTED_EDGE ( 'NONE', *, *, #1572, .T. ) ;
#1487 = VERTEX_POINT ( 'NONE', #299 ) ;
#1488 = FACE_OUTER_BOUND ( 'NONE', #3041, .T. ) ;
#1489 = DIRECTION ( 'NONE',  ( 6.938893903907233000E-18, 1.000000000000000000, -2.124224124800602887E-17 ) ) ;
#1490 = ADVANCED_FACE ( 'NONE', ( #281 ), #245, .F. ) ;
#1491 = LINE ( 'NONE', #651, #147 ) ;
#1492 = VERTEX_POINT ( 'NONE', #778 ) ;
#1493 = ORIENTED_EDGE ( 'NONE', *, *, #2212, .F. ) ;
#1494 = EDGE_CURVE ( 'NONE', #3503, #2667, #1879, .T. ) ;
#1495 = ADVANCED_FACE ( 'NONE', ( #1048 ), #2759, .T. ) ;
#1496 = CARTESIAN_POINT ( 'NONE',  ( 6.500000000000036415, 137.6699193696437931, 13.50000000000000533 ) ) ;
#1497 = CARTESIAN_POINT ( 'NONE',  ( 67.24999999999997158, 139.6699193696437931, -27.49999999999996092 ) ) ;
#1498 = ORIENTED_EDGE ( 'NONE', *, *, #1760, .F. ) ;
#1499 = LINE ( 'NONE', #1809, #159 ) ;
#1500 = DIRECTION ( 'NONE',  ( 1.000000000000000000, 0.000000000000000000, 0.000000000000000000 ) ) ;
#1501 = DIRECTION ( 'NONE',  ( 1.770191701106372407E-16, 1.000000000000000000, -1.033096529485792400E-17 ) ) ;
#1502 = ORIENTED_EDGE ( 'NONE', *, *, #1831, .T. ) ;
#1503 = CYLINDRICAL_SURFACE ( 'NONE', #1824, 1.249999999999997558 ) ;
#1504 = ORIENTED_EDGE ( 'NONE', *, *, #2345, .F. ) ;
#1505 = ORIENTED_EDGE ( 'NONE', *, *, #214, .F. ) ;
#1506 = DIRECTION ( 'NONE',  ( 1.770191701106372407E-16, 1.000000000000000000, -1.033096529485792400E-17 ) ) ;
#1507 = CARTESIAN_POINT ( 'NONE',  ( 9.500000000000028422, 136.6699193696437931, 13.50000000000000355 ) ) ;
#1508 = VECTOR ( 'NONE', #2527, 1000.000000000000000 ) ;
#1509 = FACE_BOUND ( 'NONE', #2, .T. ) ;
#1510 = EDGE_LOOP ( 'NONE', ( #561, #797, #13, #1794 ) ) ;
#1511 = ORIENTED_EDGE ( 'NONE', *, *, #447, .F. ) ;
#1512 = CIRCLE ( 'NONE', #698, 8.000000000000000000 ) ;
#1513 = DIRECTION ( 'NONE',  ( 1.770191701106372407E-16, 1.000000000000000000, -1.033096529485792400E-17 ) ) ;
#1514 = AXIS2_PLACEMENT_3D ( 'NONE', #3005, #296, #508 ) ;
#1515 = VECTOR ( 'NONE', #1891, 1000.000000000000000 ) ;
#1516 = PLANE ( 'NONE',  #2027 ) ;
#1517 = ORIENTED_EDGE ( 'NONE', *, *, #952, .F. ) ;
#1518 = EDGE_CURVE ( 'NONE', #2382, #2878, #3250, .T. ) ;
#1519 = AXIS2_PLACEMENT_3D ( 'NONE', #2731, #3288, #19 ) ;
#1520 = VECTOR ( 'NONE', #1797, 1000.000000000000000 ) ;
#1521 = CARTESIAN_POINT ( 'NONE',  ( 9.500000000000028422, 136.6699193696437931, 11.67333333333334444 ) ) ;
#1522 = CARTESIAN_POINT ( 'NONE',  ( 37.00000000000003553, 136.6699193696437931, 30.00000000000002132 ) ) ;
#1523 = CARTESIAN_POINT ( 'NONE',  ( 97.50000000000004263, 139.6699193696437931, 2.000000000000026201 ) ) ;
#1524 = EDGE_CURVE ( 'NONE', #2975, #2517, #562, .T. ) ;
#1525 = ORIENTED_EDGE ( 'NONE', *, *, #1572, .F. ) ;
#1526 = APPLICATION_PROTOCOL_DEFINITION ( 'draft international standard', 'automotive_design', 1998, #1078 ) ;
#1527 = CARTESIAN_POINT ( 'NONE',  ( 66.99999999999997158, 139.6699193696437931, -34.99999999999996447 ) ) ;
#1528 = VERTEX_POINT ( 'NONE', #2469 ) ;
#1529 = CARTESIAN_POINT ( 'NONE',  ( 78.50000000000002842, 136.6699193696437931, 13.50000000000002132 ) ) ;
#1530 = AXIS2_PLACEMENT_3D ( 'NONE', #458, #1258, #2649 ) ;
#1531 = DIRECTION ( 'NONE',  ( -1.000000000000000000, 1.665334536937734811E-16, -1.374051558831415256E-16 ) ) ;
#1532 = ORIENTED_EDGE ( 'NONE', *, *, #858, .F. ) ;
#1533 = LINE ( 'NONE', #2087, #600 ) ;
#1534 = CIRCLE ( 'NONE', #2049, 7.999999999999996447 ) ;
#1535 = DIRECTION ( 'NONE',  ( 1.000000000000000000, 0.000000000000000000, 0.000000000000000000 ) ) ;
#1536 = CIRCLE ( 'NONE', #3316, 1.500000000000001332 ) ;
#1537 = LINE ( 'NONE', #3155, #2718 ) ;
#1538 = ORIENTED_EDGE ( 'NONE', *, *, #1152, .F. ) ;
#1539 = AXIS2_PLACEMENT_3D ( 'NONE', #3359, #2852, #3411 ) ;
#1540 = CARTESIAN_POINT ( 'NONE',  ( 2.775557561562891351E-14, 139.6699193696437931, 27.00000000000000355 ) ) ;
#1541 = CARTESIAN_POINT ( 'NONE',  ( 5.499999999999984013, 139.6699193696437931, -27.49999999999996803 ) ) ;
#1542 = CARTESIAN_POINT ( 'NONE',  ( 70.49999999999997158, 136.6699193696437931, -6.673333333333294703 ) ) ;
#1543 = VECTOR ( 'NONE', #1750, 1000.000000000000000 ) ;
#1544 = VERTEX_POINT ( 'NONE', #563 ) ;
#1545 = ADVANCED_FACE ( 'NONE', ( #1100 ), #2199, .F. ) ;
#1546 = DIRECTION ( 'NONE',  ( 1.770191701106372407E-16, 1.000000000000000000, -1.033096529485792400E-17 ) ) ;
#1547 = CARTESIAN_POINT ( 'NONE',  ( -1.387778780781445676E-14, 139.6699193696437931, -29.99999999999997513 ) ) ;
#1548 = ORIENTED_EDGE ( 'NONE', *, *, #2254, .F. ) ;
#1549 = CARTESIAN_POINT ( 'NONE',  ( 44.79272004953048736, 136.6699193696437931, -2.999999999999961808 ) ) ;
#1550 = CARTESIAN_POINT ( 'NONE',  ( 17.49999999999997158, 139.6699193696437931, -16.49999999999996447 ) ) ;
#1551 = FACE_BOUND ( 'NONE', #344, .T. ) ;
#1552 = ORIENTED_EDGE ( 'NONE', *, *, #2325, .T. ) ;
#1553 = CARTESIAN_POINT ( 'NONE',  ( 90.99999999999998579, 139.6699193696437931, -16.49999999999995737 ) ) ;
#1554 = DIRECTION ( 'NONE',  ( -1.000000000000000000, 6.938893903907227607E-18, -2.598698357978766491E-16 ) ) ;
#1555 = CARTESIAN_POINT ( 'NONE',  ( 95.49999999999994316, 139.6699193696437931, -2.999999999999954259 ) ) ;
#1556 = VERTEX_POINT ( 'NONE', #1327 ) ;
#1557 = CARTESIAN_POINT ( 'NONE',  ( 37.99431603205723462, 139.6699193696437931, -2.999999999999961808 ) ) ;
#1558 = CARTESIAN_POINT ( 'NONE',  ( 35.99999999999999289, 136.6699193696437931, -27.49999999999996803 ) ) ;
#1559 = ORIENTED_EDGE ( 'NONE', *, *, #1605, .F. ) ;
#1560 = CARTESIAN_POINT ( 'NONE',  ( 2.000000000000036415, 139.6699193696437931, 3.469446951953614189E-15 ) ) ;
#1561 = EDGE_CURVE ( 'NONE', #3085, #1261, #2977, .T. ) ;
#1562 = ORIENTED_EDGE ( 'NONE', *, *, #1857, .F. ) ;
#1563 = CARTESIAN_POINT ( 'NONE',  ( 67.25000000000002842, 139.6699193696437931, 24.50000000000002132 ) ) ;
#1564 = CYLINDRICAL_SURFACE ( 'NONE', #2438, 8.000000000000000000 ) ;
#1565 = EDGE_CURVE ( 'NONE', #2099, #2626, #665, .T. ) ;
#1566 = ORIENTED_EDGE ( 'NONE', *, *, #1902, .T. ) ;
#1567 = CYLINDRICAL_SURFACE ( 'NONE', #3367, 1.250000000000001110 ) ;
#1568 = CARTESIAN_POINT ( 'NONE',  ( 17.50000000000003197, 136.6699193696437931, 3.673333333333346218 ) ) ;
#1569 = DIRECTION ( 'NONE',  ( 1.000000000000000000, 0.000000000000000000, 0.000000000000000000 ) ) ;
#1570 = AXIS2_PLACEMENT_3D ( 'NONE', #681, #1789, #3448 ) ;
#1571 = ORIENTED_EDGE ( 'NONE', *, *, #2995, .T. ) ;
#1572 = EDGE_CURVE ( 'NONE', #3001, #1202, #11, .T. ) ;
#1573 = CARTESIAN_POINT ( 'NONE',  ( 34.94987437106622963, 136.6699193696437931, 36.00000000000001421 ) ) ;
#1574 = LINE ( 'NONE', #139, #2459 ) ;
#1575 = FACE_OUTER_BOUND ( 'NONE', #1510, .T. ) ;
#1576 = AXIS2_PLACEMENT_3D ( 'NONE', #3334, #621, #2788 ) ;
#1577 = ORIENTED_EDGE ( 'NONE', *, *, #204, .F. ) ;
#1578 = AXIS2_PLACEMENT_3D ( 'NONE', #473, #2950, #2663 ) ;
#1579 = DIRECTION ( 'NONE',  ( 1.000000000000000000, -1.665334536937734811E-16, 3.366375155851267169E-16 ) ) ;
#1580 = VERTEX_POINT ( 'NONE', #2434 ) ;
#1581 = DIRECTION ( 'NONE',  ( 0.000000000000000000, -1.000000000000000000, 0.000000000000000000 ) ) ;
#1582 = DIRECTION ( 'NONE',  ( -1.770191701106372407E-16, -1.000000000000000000, 1.033096529485792400E-17 ) ) ;
#1583 = EDGE_CURVE ( 'NONE', #3384, #674, #3266, .T. ) ;
#1584 = ORIENTED_EDGE ( 'NONE', *, *, #2955, .F. ) ;
#1585 = DIRECTION ( 'NONE',  ( -6.938893903907233000E-18, -1.000000000000000000, 2.124224124800602887E-17 ) ) ;
#1586 = EDGE_CURVE ( 'NONE', #911, #1882, #2187, .T. ) ;
#1587 = DIRECTION ( 'NONE',  ( 1.000000000000000000, 0.000000000000000000, 0.000000000000000000 ) ) ;
#1588 = DIRECTION ( 'NONE',  ( 1.770191701106372407E-16, 1.000000000000000000, -1.033096529485792400E-17 ) ) ;
#1589 = VECTOR ( 'NONE', #505, 1000.000000000000000 ) ;
#1590 = EDGE_LOOP ( 'NONE', ( #3221, #1725, #382, #3518 ) ) ;
#1591 = AXIS2_PLACEMENT_3D ( 'NONE', #2250, #2835, #670 ) ;
#1592 = DIRECTION ( 'NONE',  ( -6.938893903907233000E-18, -1.000000000000000000, 2.124224124800602887E-17 ) ) ;
#1593 = LINE ( 'NONE', #3300, #2861 ) ;
#1594 = FACE_BOUND ( 'NONE', #2126, .T. ) ;
#1595 = ORIENTED_EDGE ( 'NONE', *, *, #457, .T. ) ;
#1596 = AXIS2_PLACEMENT_3D ( 'NONE', #3074, #2872, #1467 ) ;
#1597 = VERTEX_POINT ( 'NONE', #2169 ) ;
#1598 = CIRCLE ( 'NONE', #3263, 3.000000000000002665 ) ;
#1599 = DIRECTION ( 'NONE',  ( 1.000000000000000000, 0.000000000000000000, 3.469446951953621091E-16 ) ) ;
#1600 = ORIENTED_EDGE ( 'NONE', *, *, #1337, .F. ) ;
#1601 = DIRECTION ( 'NONE',  ( 1.770191701106372407E-16, 1.000000000000000000, -1.033096529485792400E-17 ) ) ;
#1602 = DIRECTION ( 'NONE',  ( 1.770191701106372407E-16, 1.000000000000000000, -1.033096529485792400E-17 ) ) ;
#1603 = DIRECTION ( 'NONE',  ( -1.000000000000000000, 0.000000000000000000, -2.168404344971008868E-16 ) ) ;
#1604 = EDGE_LOOP ( 'NONE', ( #2025, #2457, #1805, #2282 ) ) ;
#1605 = EDGE_CURVE ( 'NONE', #2667, #432, #1593, .T. ) ;
#1606 = EDGE_CURVE ( 'NONE', #3085, #27, #3209, .T. ) ;
#1607 = DIRECTION ( 'NONE',  ( -1.000000000000000000, 0.000000000000000000, 0.000000000000000000 ) ) ;
#1608 = CARTESIAN_POINT ( 'NONE',  ( 79.25000000000002842, 136.6699193696437931, 24.50000000000002132 ) ) ;
#1609 = DIRECTION ( 'NONE',  ( -6.938893903907233000E-18, -1.000000000000000000, 2.124224124800602887E-17 ) ) ;
#1610 = ORIENTED_EDGE ( 'NONE', *, *, #401, .F. ) ;
#1611 = ORIENTED_EDGE ( 'NONE', *, *, #1806, .F. ) ;
#1612 = CARTESIAN_POINT ( 'NONE',  ( 78.99999999999997158, 139.6699193696437931, -29.99999999999996447 ) ) ;
#1613 = ORIENTED_EDGE ( 'NONE', *, *, #2462, .F. ) ;
#1614 = EDGE_CURVE ( 'NONE', #2594, #148, #2416, .T. ) ;
#1615 = DIRECTION ( 'NONE',  ( 6.938893903907233000E-18, 1.000000000000000000, -2.124224124800602887E-17 ) ) ;
#1616 = ORIENTED_EDGE ( 'NONE', *, *, #76, .F. ) ;
#1617 = DIRECTION ( 'NONE',  ( 1.770191701106372407E-16, 1.000000000000000000, -1.033096529485792400E-17 ) ) ;
#1618 = LINE ( 'NONE', #2682, #882 ) ;
#1619 = CARTESIAN_POINT ( 'NONE',  ( 44.79272004953050157, 139.6699193696437931, -2.999999999999961808 ) ) ;
#1620 = ORIENTED_EDGE ( 'NONE', *, *, #3225, .F. ) ;
#1621 = DIRECTION ( 'NONE',  ( -1.000000000000000000, 0.000000000000000000, 0.000000000000000000 ) ) ;
#1622 = DIRECTION ( 'NONE',  ( -1.770191701106372407E-16, -1.000000000000000000, 1.033096529485792400E-17 ) ) ;
#1623 = VECTOR ( 'NONE', #2323, 1000.000000000000000 ) ;
#1624 = FACE_BOUND ( 'NONE', #1091, .T. ) ;
#1625 = ORIENTED_EDGE ( 'NONE', *, *, #3143, .T. ) ;
#1626 = ORIENTED_EDGE ( 'NONE', *, *, #185, .T. ) ;
#1627 = VECTOR ( 'NONE', #996, 1000.000000000000000 ) ;
#1628 = EDGE_CURVE ( 'NONE', #861, #1331, #368, .T. ) ;
#1629 = FACE_OUTER_BOUND ( 'NONE', #132, .T. ) ;
#1630 = CIRCLE ( 'NONE', #591, 1.250000000000001110 ) ;
#1631 = AXIS2_PLACEMENT_3D ( 'NONE', #1174, #1964, #595 ) ;
#1632 = DIRECTION ( 'NONE',  ( 1.770191701106372407E-16, 1.000000000000000000, -1.033096529485792400E-17 ) ) ;
#1633 = AXIS2_PLACEMENT_3D ( 'NONE', #38, #1582, #1835 ) ;
#1634 = DIRECTION ( 'NONE',  ( -5.168659063129591889E-16, 2.124224124800603504E-17, 1.000000000000000000 ) ) ;
#1635 = EDGE_LOOP ( 'NONE', ( #1085, #1498, #514, #80, #192 ) ) ;
#1636 = LINE ( 'NONE', #518, #1067 ) ;
#1637 = DIRECTION ( 'NONE',  ( 7.964144507004428806E-17, -1.033096529485793786E-17, -1.000000000000000000 ) ) ;
#1638 = CARTESIAN_POINT ( 'NONE',  ( 70.50000000000001421, 139.6699193696437931, 21.50000000000001776 ) ) ;
#1639 = VERTEX_POINT ( 'NONE', #1731 ) ;
#1640 = CARTESIAN_POINT ( 'NONE',  ( 2.000000000000030642, 137.6699193696437931, 13.50000000000000355 ) ) ;
#1641 = DIRECTION ( 'NONE',  ( 1.000000000000000000, 0.000000000000000000, 0.000000000000000000 ) ) ;
#1642 = FACE_OUTER_BOUND ( 'NONE', #2233, .T. ) ;
#1643 = ORIENTED_EDGE ( 'NONE', *, *, #2819, .F. ) ;
#1644 = ORIENTED_EDGE ( 'NONE', *, *, #2441, .F. ) ;
#1645 = VECTOR ( 'NONE', #462, 1000.000000000000000 ) ;
#1646 = DIRECTION ( 'NONE',  ( 1.000000000000000000, 0.000000000000000000, 0.000000000000000000 ) ) ;
#1647 = CIRCLE ( 'NONE', #104, 1.249999999999997558 ) ;
#1648 = ORIENTED_EDGE ( 'NONE', *, *, #1586, .F. ) ;
#1649 = EDGE_CURVE ( 'NONE', #478, #1723, #1138, .T. ) ;
#1650 = UNCERTAINTY_MEASURE_WITH_UNIT (LENGTH_MEASURE( 1.000000000000000082E-05 ), #3064, 'distance_accuracy_value', 'NONE');
#1651 = AXIS2_PLACEMENT_3D ( 'NONE', #3033, #2981, #1646 ) ;
#1652 = DIRECTION ( 'NONE',  ( 1.000000000000000000, 0.000000000000000000, 0.000000000000000000 ) ) ;
#1653 = DIRECTION ( 'NONE',  ( 1.000000000000000000, 0.000000000000000000, 0.000000000000000000 ) ) ;
#1654 = VECTOR ( 'NONE', #3176, 1000.000000000000000 ) ;
#1655 = ORIENTED_EDGE ( 'NONE', *, *, #2133, .T. ) ;
#1656 = DIRECTION ( 'NONE',  ( -1.770191701106372407E-16, -1.000000000000000000, 1.033096529485792400E-17 ) ) ;
#1657 = FACE_OUTER_BOUND ( 'NONE', #3358, .T. ) ;
#1658 = DIRECTION ( 'NONE',  ( -6.938893903907233000E-18, -1.000000000000000000, 2.124224124800602887E-17 ) ) ;
#1659 = EDGE_LOOP ( 'NONE', ( #991, #2566, #2654, #2021 ) ) ;
#1660 = LINE ( 'NONE', #3336, #2512 ) ;
#1661 = ADVANCED_FACE ( 'NONE', ( #1950 ), #636, .F. ) ;
#1662 = CARTESIAN_POINT ( 'NONE',  ( 95.49999999999997158, 139.6699193696437931, -4.999999999999953815 ) ) ;
#1663 = FACE_BOUND ( 'NONE', #233, .T. ) ;
#1664 = ORIENTED_EDGE ( 'NONE', *, *, #1190, .T. ) ;
#1665 = ORIENTED_EDGE ( 'NONE', *, *, #522, .T. ) ;
#1666 = DIRECTION ( 'NONE',  ( 1.770191701106372407E-16, 1.000000000000000000, -1.033096529485792400E-17 ) ) ;
#1667 = FACE_OUTER_BOUND ( 'NONE', #2554, .T. ) ;
#1668 = VERTEX_POINT ( 'NONE', #2291 ) ;
#1669 = DIRECTION ( 'NONE',  ( -1.000000000000000000, 0.000000000000000000, 0.000000000000000000 ) ) ;
#1670 = EDGE_CURVE ( 'NONE', #1153, #2502, #2523, .T. ) ;
#1671 = EDGE_CURVE ( 'NONE', #919, #861, #2555, .T. ) ;
#1672 = ORIENTED_EDGE ( 'NONE', *, *, #1524, .F. ) ;
#1673 = DIRECTION ( 'NONE',  ( -1.000000000000000000, 0.000000000000000000, 0.000000000000000000 ) ) ;
#1674 = EDGE_CURVE ( 'NONE', #3283, #1424, #2772, .T. ) ;
#1675 = CARTESIAN_POINT ( 'NONE',  ( 8.000000000000033751, 137.6699193696437931, 13.50000000000000533 ) ) ;
#1676 = DIRECTION ( 'NONE',  ( 1.000000000000000000, 0.000000000000000000, 0.000000000000000000 ) ) ;
#1677 = VERTEX_POINT ( 'NONE', #1117 ) ;
#1678 = DIRECTION ( 'NONE',  ( -6.938893903907233000E-18, -1.000000000000000000, 2.124224124800602887E-17 ) ) ;
#1679 = FACE_OUTER_BOUND ( 'NONE', #1814, .T. ) ;
#1680 = DIRECTION ( 'NONE',  ( -1.000000000000000000, 0.000000000000000000, -2.168404344971006896E-16 ) ) ;
#1681 = ORIENTED_EDGE ( 'NONE', *, *, #1606, .T. ) ;
#1682 = VERTEX_POINT ( 'NONE', #66 ) ;
#1683 = DIRECTION ( 'NONE',  ( -6.938893903907233000E-18, -1.000000000000000000, 2.124224124800602887E-17 ) ) ;
#1684 = DIRECTION ( 'NONE',  ( 1.000000000000000000, -1.665334536937734811E-16, 2.742626278647495746E-16 ) ) ;
#1685 = ADVANCED_FACE ( 'NONE', ( #101 ), #2537, .F. ) ;
#1686 = AXIS2_PLACEMENT_3D ( 'NONE', #512, #2470, #2689 ) ;
#1687 = ORIENTED_EDGE ( 'NONE', *, *, #962, .F. ) ;
#1688 = CARTESIAN_POINT ( 'NONE',  ( 66.99999999999997158, 136.6699193696437931, -36.99999999999996447 ) ) ;
#1689 = FACE_OUTER_BOUND ( 'NONE', #3235, .T. ) ;
#1690 = CIRCLE ( 'NONE', #997, 1.250000000000001110 ) ;
#1691 = VECTOR ( 'NONE', #402, 1000.000000000000000 ) ;
#1692 = EDGE_LOOP ( 'NONE', ( #1548, #1538, #2342, #521 ) ) ;
#1693 = LINE ( 'NONE', #788, #1007 ) ;
#1694 = CIRCLE ( 'NONE', #1283, 1.250000000000001110 ) ;
#1695 = AXIS2_PLACEMENT_3D ( 'NONE', #2533, #1454, #1186 ) ;
#1696 = LINE ( 'NONE', #1712, #1227 ) ;
#1697 = LINE ( 'NONE', #2236, #2951 ) ;
#1698 = ORIENTED_EDGE ( 'NONE', *, *, #1315, .T. ) ;
#1699 = EDGE_CURVE ( 'NONE', #1487, #148, #1997, .T. ) ;
#1700 = CYLINDRICAL_SURFACE ( 'NONE', #536, 2.000000000000001776 ) ;
#1701 = ORIENTED_EDGE ( 'NONE', *, *, #2694, .F. ) ;
#1702 = VECTOR ( 'NONE', #275, 1000.000000000000000 ) ;
#1703 = DIRECTION ( 'NONE',  ( -6.938893903907233000E-18, -1.000000000000000000, 2.124224124800602887E-17 ) ) ;
#1704 = VECTOR ( 'NONE', #994, 1000.000000000000000 ) ;
#1705 = ORIENTED_EDGE ( 'NONE', *, *, #3106, .F. ) ;
#1706 = EDGE_CURVE ( 'NONE', #1080, #94, #2287, .T. ) ;
#1707 = CARTESIAN_POINT ( 'NONE',  ( 70.49999999999997158, 139.6699193696437931, -6.673333333333294703 ) ) ;
#1708 = AXIS2_PLACEMENT_3D ( 'NONE', #2497, #289, #3000 ) ;
#1709 = ORIENTED_EDGE ( 'NONE', *, *, #1938, .F. ) ;
#1710 = CARTESIAN_POINT ( 'NONE',  ( 32.95989949685294818, 136.6699193696437931, -37.19999999999996732 ) ) ;
#1711 = AXIS2_PLACEMENT_3D ( 'NONE', #2227, #285, #1372 ) ;
#1712 = CARTESIAN_POINT ( 'NONE',  ( 34.94987437106618700, 139.6699193696437931, -38.99999999999997158 ) ) ;
#1713 = AXIS2_PLACEMENT_3D ( 'NONE', #493, #1031, #542 ) ;
#1714 = LINE ( 'NONE', #2806, #483 ) ;
#1715 = ORIENTED_EDGE ( 'NONE', *, *, #1143, .F. ) ;
#1716 = CARTESIAN_POINT ( 'NONE',  ( 95.49999999999997158, 139.6699193696437931, -4.999999999999953815 ) ) ;
#1717 = DIRECTION ( 'NONE',  ( -6.938893903907233000E-18, -1.000000000000000000, 2.124224124800602887E-17 ) ) ;
#1718 = ORIENTED_EDGE ( 'NONE', *, *, #3552, .F. ) ;
#1719 = EDGE_CURVE ( 'NONE', #2002, #2058, #2748, .T. ) ;
#1720 = DIRECTION ( 'NONE',  ( 1.770191701106372407E-16, 1.000000000000000000, -1.033096529485792400E-17 ) ) ;
#1721 = LINE ( 'NONE', #2311, #2828 ) ;
#1722 = EDGE_CURVE ( 'NONE', #1639, #1212, #867, .T. ) ;
#1723 = VERTEX_POINT ( 'NONE', #1425 ) ;
#1724 = CARTESIAN_POINT ( 'NONE',  ( 35.99999999999999289, 139.6699193696437931, -27.49999999999996803 ) ) ;
#1725 = ORIENTED_EDGE ( 'NONE', *, *, #1565, .F. ) ;
#1726 = PLANE ( 'NONE',  #3138 ) ;
#1727 = EDGE_CURVE ( 'NONE', #3230, #861, #3468, .T. ) ;
#1728 = DIRECTION ( 'NONE',  ( 1.770191701106372407E-16, 1.000000000000000000, -1.033096529485792400E-17 ) ) ;
#1729 = CARTESIAN_POINT ( 'NONE',  ( 80.50000000000002842, 136.6699193696437931, 24.50000000000002132 ) ) ;
#1730 = EDGE_LOOP ( 'NONE', ( #2105, #3322, #1620, #1505 ) ) ;
#1731 = CARTESIAN_POINT ( 'NONE',  ( 6.499999999999987566, 137.6699193696437931, -16.49999999999997158 ) ) ;
#1732 = FACE_OUTER_BOUND ( 'NONE', #2816, .T. ) ;
#1733 = EDGE_LOOP ( 'NONE', ( #9, #2986, #2814, #592 ) ) ;
#1734 = DIRECTION ( 'NONE',  ( 1.000000000000000000, 0.000000000000000000, 3.469446951953611231E-16 ) ) ;
#1735 = DIRECTION ( 'NONE',  ( -6.938893903907233000E-18, -1.000000000000000000, 2.124224124800602887E-17 ) ) ;
#1736 = EDGE_LOOP ( 'NONE', ( #3415, #1644, #905, #1361 ) ) ;
#1737 = ADVANCED_FACE ( 'NONE', ( #1679 ), #1700, .T. ) ;
#1738 = CARTESIAN_POINT ( 'NONE',  ( 92.50000000000005684, 139.6699193696437931, 13.50000000000003020 ) ) ;
#1739 = AXIS2_PLACEMENT_3D ( 'NONE', #2386, #1013, #1032 ) ;
#1740 = EDGE_LOOP ( 'NONE', ( #68, #411 ) ) ;
#1741 = LINE ( 'NONE', #412, #498 ) ;
#1742 = AXIS2_PLACEMENT_3D ( 'NONE', #2141, #1588, #791 ) ;
#1743 = CARTESIAN_POINT ( 'NONE',  ( 66.99999999999997158, 97.61867099011051607, -32.99999999999996447 ) ) ;
#1744 = AXIS2_PLACEMENT_3D ( 'NONE', #827, #8, #2974 ) ;
#1745 = ORIENTED_EDGE ( 'NONE', *, *, #3516, .T. ) ;
#1746 = AXIS2_PLACEMENT_3D ( 'NONE', #2972, #1602, #2195 ) ;
#1747 = ORIENTED_EDGE ( 'NONE', *, *, #1009, .T. ) ;
#1748 = AXIS2_PLACEMENT_3D ( 'NONE', #3539, #1075, #288 ) ;
#1749 = ADVANCED_FACE ( 'NONE', ( #3369 ), #1155, .F. ) ;
#1750 = DIRECTION ( 'NONE',  ( -7.964144507004430038E-17, 3.114764700657963532E-17, 1.000000000000000000 ) ) ;
#1751 = CARTESIAN_POINT ( 'NONE',  ( 95.49999999999997158, 139.6699193696437931, -29.99999999999996092 ) ) ;
#1752 = VERTEX_POINT ( 'NONE', #3082 ) ;
#1753 = CARTESIAN_POINT ( 'NONE',  ( 37.00000000000003553, 136.6699193696437931, 34.00000000000000711 ) ) ;
#1754 = CARTESIAN_POINT ( 'NONE',  ( 44.79272004953050157, 147.1008208751676136, -1.499999999999974909 ) ) ;
#1755 = ORIENTED_EDGE ( 'NONE', *, *, #709, .T. ) ;
#1756 = ADVANCED_FACE ( 'NONE', ( #609, #916 ), #903, .T. ) ;
#1757 = DIRECTION ( 'NONE',  ( 1.770191701106372407E-16, 1.000000000000000000, -1.033096529485792400E-17 ) ) ;
#1758 = DIRECTION ( 'NONE',  ( 1.000000000000000000, 0.000000000000000000, 3.469446951953621091E-16 ) ) ;
#1759 = CIRCLE ( 'NONE', #44, 2.000000000000001776 ) ;
#1760 = EDGE_CURVE ( 'NONE', #526, #1382, #88, .T. ) ;
#1761 = ORIENTED_EDGE ( 'NONE', *, *, #1447, .T. ) ;
#1762 = DIRECTION ( 'NONE',  ( -1.770191701106372407E-16, -1.000000000000000000, 1.033096529485792400E-17 ) ) ;
#1763 = EDGE_CURVE ( 'NONE', #1956, #3449, #2899, .T. ) ;
#1764 = CIRCLE ( 'NONE', #553, 1.499999999999987566 ) ;
#1765 = CARTESIAN_POINT ( 'NONE',  ( 3.469446951953614189E-14, 139.6699193696437931, 3.469446951953614189E-15 ) ) ;
#1766 = CARTESIAN_POINT ( 'NONE',  ( 2.000000000000029310, 139.6699193696437931, 2.000000000000001776 ) ) ;
#1767 = AXIS2_PLACEMENT_3D ( 'NONE', #1076, #2732, #20 ) ;
#1768 = ORIENTED_EDGE ( 'NONE', *, *, #339, .F. ) ;
#1769 = ORIENTED_EDGE ( 'NONE', *, *, #533, .F. ) ;
#1770 = AXIS2_PLACEMENT_3D ( 'NONE', #907, #641, #1734 ) ;
#1771 = CARTESIAN_POINT ( 'NONE',  ( 9.500000000000028422, 129.6699193696437931, 5.500000000000009770 ) ) ;
#1772 = DIRECTION ( 'NONE',  ( -6.938893903907233000E-18, -1.000000000000000000, 2.124224124800602887E-17 ) ) ;
#1773 = ORIENTED_EDGE ( 'NONE', *, *, #1472, .T. ) ;
#1774 = EDGE_CURVE ( 'NONE', #1993, #301, #2091, .T. ) ;
#1775 = CARTESIAN_POINT ( 'NONE',  ( 17.49999999999997158, 136.6699193696437931, -14.67333333333330359 ) ) ;
#1776 = DIRECTION ( 'NONE',  ( -1.000000000000000000, 1.665334536937734811E-16, -1.374051558831415256E-16 ) ) ;
#1777 = DIRECTION ( 'NONE',  ( 1.770191701106372407E-16, 1.000000000000000000, -1.033096529485792400E-17 ) ) ;
#1778 = ORIENTED_EDGE ( 'NONE', *, *, #984, .T. ) ;
#1779 = ORIENTED_EDGE ( 'NONE', *, *, #187, .F. ) ;
#1780 = DIRECTION ( 'NONE',  ( -1.000000000000000000, 0.000000000000000000, 0.000000000000000000 ) ) ;
#1781 = DIRECTION ( 'NONE',  ( 1.000000000000000000, -1.665334536937734811E-16, 2.175692415135433457E-17 ) ) ;
#1782 = EDGE_CURVE ( 'NONE', #1280, #2919, #3210, .T. ) ;
#1783 = ORIENTED_EDGE ( 'NONE', *, *, #2971, .F. ) ;
#1784 = VERTEX_POINT ( 'NONE', #2056 ) ;
#1785 = ADVANCED_FACE ( 'NONE', ( #2864 ), #3400, .F. ) ;
#1786 = DIRECTION ( 'NONE',  ( -6.938893903907233000E-18, -1.000000000000000000, 2.124224124800602887E-17 ) ) ;
#1787 = LINE ( 'NONE', #2092, #934 ) ;
#1788 = ORIENTED_EDGE ( 'NONE', *, *, #1177, .T. ) ;
#1789 = DIRECTION ( 'NONE',  ( 6.938893903907233000E-18, 1.000000000000000000, -2.124224124800602887E-17 ) ) ;
#1790 = ADVANCED_FACE ( 'NONE', ( #3154 ), #119, .F. ) ;
#1791 = ORIENTED_EDGE ( 'NONE', *, *, #2451, .F. ) ;
#1792 = CARTESIAN_POINT ( 'NONE',  ( 71.04010050314707314, 136.6699193696437931, 34.20000000000002416 ) ) ;
#1793 = EDGE_CURVE ( 'NONE', #2513, #3007, #2952, .T. ) ;
#1794 = ORIENTED_EDGE ( 'NONE', *, *, #229, .T. ) ;
#1795 = CARTESIAN_POINT ( 'NONE',  ( 89.49999999999998579, 139.6699193696437931, -16.49999999999995737 ) ) ;
#1796 = VECTOR ( 'NONE', #1781, 1000.000000000000000 ) ;
#1797 = DIRECTION ( 'NONE',  ( 1.000000000000000000, -1.665334536937734811E-16, 1.374051558831415256E-16 ) ) ;
#1798 = ORIENTED_EDGE ( 'NONE', *, *, #1958, .F. ) ;
#1799 = CARTESIAN_POINT ( 'NONE',  ( 97.49999999999997158, 139.6699193696437931, -27.99999999999995737 ) ) ;
#1800 = AXIS2_PLACEMENT_3D ( 'NONE', #2978, #1609, #232 ) ;
#1801 = LINE ( 'NONE', #3135, #2832 ) ;
#1802 = CIRCLE ( 'NONE', #2379, 2.000000000000001776 ) ;
#1803 = AXIS2_PLACEMENT_3D ( 'NONE', #3442, #971, #1273 ) ;
#1804 = DIRECTION ( 'NONE',  ( -1.000000000000000000, 1.665334536937734811E-16, -1.374051558831415256E-16 ) ) ;
#1805 = ORIENTED_EDGE ( 'NONE', *, *, #692, .F. ) ;
#1806 = EDGE_CURVE ( 'NONE', #1580, #821, #1221, .T. ) ;
#1807 = AXIS2_PLACEMENT_3D ( 'NONE', #2581, #872, #1161 ) ;
#1808 = CIRCLE ( 'NONE', #2084, 7.999999999999992895 ) ;
#1809 = CARTESIAN_POINT ( 'NONE',  ( 76.50000000000004263, 139.6699193696437931, 3.673333333333361761 ) ) ;
#1810 = CARTESIAN_POINT ( 'NONE',  ( 78.99999999999997158, 139.6699193696437931, -37.99999999999996447 ) ) ;
#1811 = CARTESIAN_POINT ( 'NONE',  ( 36.99999999999997868, 97.61867099011053028, -32.99999999999997158 ) ) ;
#1812 = ORIENTED_EDGE ( 'NONE', *, *, #1030, .F. ) ;
#1813 = DIRECTION ( 'NONE',  ( 1.770191701106372407E-16, 1.000000000000000000, -1.033096529485792400E-17 ) ) ;
#1814 = EDGE_LOOP ( 'NONE', ( #1672, #1294, #3183, #2810 ) ) ;
#1815 = VECTOR ( 'NONE', #2898, 1000.000000000000000 ) ;
#1816 = FACE_OUTER_BOUND ( 'NONE', #2799, .T. ) ;
#1817 = ORIENTED_EDGE ( 'NONE', *, *, #1674, .F. ) ;
#1818 = DIRECTION ( 'NONE',  ( 1.000000000000000000, 0.000000000000000000, 0.000000000000000000 ) ) ;
#1819 = CIRCLE ( 'NONE', #215, 1.250000000000001110 ) ;
#1820 = FACE_OUTER_BOUND ( 'NONE', #400, .T. ) ;
#1821 = CIRCLE ( 'NONE', #1596, 7.999999999999992895 ) ;
#1822 = DIRECTION ( 'NONE',  ( -2.598698357978766491E-16, 2.124224124800603196E-17, 1.000000000000000000 ) ) ;
#1823 = ORIENTED_EDGE ( 'NONE', *, *, #1671, .F. ) ;
#1824 = AXIS2_PLACEMENT_3D ( 'NONE', #2601, #3220, #979 ) ;
#1825 = CARTESIAN_POINT ( 'NONE',  ( 7.999999999999984901, 137.6699193696437931, -16.49999999999997158 ) ) ;
#1826 = EDGE_CURVE ( 'NONE', #2409, #2382, #933, .T. ) ;
#1827 = CARTESIAN_POINT ( 'NONE',  ( 6.500000000000036415, 136.6699193696437931, 13.50000000000000533 ) ) ;
#1828 = CARTESIAN_POINT ( 'NONE',  ( 2.000000000000030642, 137.6699193696437931, 13.50000000000000355 ) ) ;
#1829 = AXIS2_PLACEMENT_3D ( 'NONE', #1541, #2639, #1264 ) ;
#1830 = EDGE_LOOP ( 'NONE', ( #1959, #2980, #1511, #41 ) ) ;
#1831 = EDGE_CURVE ( 'NONE', #327, #1462, #704, .T. ) ;
#1832 = LINE ( 'NONE', #466, #2055 ) ;
#1833 = ORIENTED_EDGE ( 'NONE', *, *, #1152, .T. ) ;
#1834 = CARTESIAN_POINT ( 'NONE',  ( 80.50000000000002842, 139.6699193696437931, 2.500000000000024869 ) ) ;
#1835 = DIRECTION ( 'NONE',  ( -1.000000000000000000, 0.000000000000000000, 0.000000000000000000 ) ) ;
#1836 = ORIENTED_EDGE ( 'NONE', *, *, #2591, .T. ) ;
#1837 = EDGE_CURVE ( 'NONE', #926, #3212, #3243, .T. ) ;
#1838 = CARTESIAN_POINT ( 'NONE',  ( 5.000000000000031974, 139.6699193696437931, 13.50000000000000533 ) ) ;
#1839 = DIRECTION ( 'NONE',  ( 1.770191701106372407E-16, 1.000000000000000000, -1.033096529485792400E-17 ) ) ;
#1840 = DIRECTION ( 'NONE',  ( 1.000000000000000000, 0.000000000000000000, 0.000000000000000000 ) ) ;
#1841 = ORIENTED_EDGE ( 'NONE', *, *, #410, .T. ) ;
#1842 = DIRECTION ( 'NONE',  ( -6.938893903907233000E-18, -1.000000000000000000, 2.124224124800602887E-17 ) ) ;
#1843 = LINE ( 'NONE', #476, #3324 ) ;
#1844 = CARTESIAN_POINT ( 'NONE',  ( 67.00000000000002842, 136.6699193696437931, 32.00000000000002132 ) ) ;
#1845 = EDGE_LOOP ( 'NONE', ( #283, #3240, #914, #513 ) ) ;
#1846 = FACE_OUTER_BOUND ( 'NONE', #198, .T. ) ;
#1847 = VERTEX_POINT ( 'NONE', #418 ) ;
#1848 = ADVANCED_FACE ( 'NONE', ( #2592 ), #2346, .F. ) ;
#1849 = DIRECTION ( 'NONE',  ( 1.000000000000000000, 0.000000000000000000, 0.000000000000000000 ) ) ;
#1850 = LINE ( 'NONE', #2391, #2612 ) ;
#1851 = VERTEX_POINT ( 'NONE', #1496 ) ;
#1852 = DIRECTION ( 'NONE',  ( 1.770191701106372407E-16, 1.000000000000000000, -1.033096529485792400E-17 ) ) ;
#1853 = FACE_OUTER_BOUND ( 'NONE', #71, .T. ) ;
#1854 = CYLINDRICAL_SURFACE ( 'NONE', #2383, 1.250000000000001110 ) ;
#1855 = AXIS2_PLACEMENT_3D ( 'NONE', #1811, #3232, #495 ) ;
#1856 = ORIENTED_EDGE ( 'NONE', *, *, #2940, .F. ) ;
#1857 = EDGE_CURVE ( 'NONE', #2065, #3551, #676, .T. ) ;
#1858 = CIRCLE ( 'NONE', #3467, 1.250000000000001110 ) ;
#1859 = CARTESIAN_POINT ( 'NONE',  ( 25.00000000000002842, 136.6699193696437931, 35.00000000000000711 ) ) ;
#1860 = DIRECTION ( 'NONE',  ( -1.000000000000000000, 0.000000000000000000, 0.000000000000000000 ) ) ;
#1861 = LINE ( 'NONE', #959, #635 ) ;
#1862 = AXIS2_PLACEMENT_3D ( 'NONE', #2283, #2247, #629 ) ;
#1863 = ORIENTED_EDGE ( 'NONE', *, *, #619, .F. ) ;
#1864 = VECTOR ( 'NONE', #7, 1000.000000000000000 ) ;
#1865 = LINE ( 'NONE', #430, #1301 ) ;
#1866 = ORIENTED_EDGE ( 'NONE', *, *, #3396, .T. ) ;
#1867 = FACE_OUTER_BOUND ( 'NONE', #1730, .T. ) ;
#1868 = DIRECTION ( 'NONE',  ( 1.000000000000000000, 0.000000000000000000, 0.000000000000000000 ) ) ;
#1869 = EDGE_CURVE ( 'NONE', #1851, #625, #2546, .T. ) ;
#1870 = CARTESIAN_POINT ( 'NONE',  ( 92.50000000000005684, 137.6699193696437931, 13.50000000000003020 ) ) ;
#1871 = ORIENTED_EDGE ( 'NONE', *, *, #3236, .T. ) ;
#1872 = FACE_OUTER_BOUND ( 'NONE', #1692, .T. ) ;
#1873 = AXIS2_PLACEMENT_3D ( 'NONE', #2549, #130, #946 ) ;
#1874 = CYLINDRICAL_SURFACE ( 'NONE', #3127, 2.000000000000001776 ) ;
#1875 = FACE_OUTER_BOUND ( 'NONE', #3473, .T. ) ;
#1876 = CIRCLE ( 'NONE', #2164, 1.500000000000001332 ) ;
#1877 = ORIENTED_EDGE ( 'NONE', *, *, #928, .T. ) ;
#1878 = VECTOR ( 'NONE', #1634, 1000.000000000000000 ) ;
#1879 = LINE ( 'NONE', #3029, #1942 ) ;
#1880 = PLANE ( 'NONE',  #1686 ) ;
#1881 = EDGE_LOOP ( 'NONE', ( #565, #1193, #3542, #586, #177 ) ) ;
#1882 = VERTEX_POINT ( 'NONE', #2931 ) ;
#1883 = EDGE_CURVE ( 'NONE', #1999, #832, #3172, .T. ) ;
#1884 = FACE_OUTER_BOUND ( 'NONE', #887, .T. ) ;
#1885 = CIRCLE ( 'NONE', #558, 2.000000000000001776 ) ;
#1886 = ORIENTED_EDGE ( 'NONE', *, *, #2032, .F. ) ;
#1887 = CARTESIAN_POINT ( 'NONE',  ( 24.99999999999998579, 139.6699193696437931, -37.99999999999997158 ) ) ;
#1888 = CARTESIAN_POINT ( 'NONE',  ( 9.499999999999973355, 139.6699193696437931, -14.67333333333330536 ) ) ;
#1889 = VERTEX_POINT ( 'NONE', #459 ) ;
#1890 = FACE_OUTER_BOUND ( 'NONE', #1129, .T. ) ;
#1891 = DIRECTION ( 'NONE',  ( 1.770191701106372407E-16, 1.000000000000000000, -1.033096529485792400E-17 ) ) ;
#1892 = DIRECTION ( 'NONE',  ( -1.770191701106372407E-16, -1.000000000000000000, 1.033096529485792400E-17 ) ) ;
#1893 = ORIENTED_EDGE ( 'NONE', *, *, #141, .F. ) ;
#1894 = EDGE_CURVE ( 'NONE', #1424, #202, #1801, .T. ) ;
#1895 = CARTESIAN_POINT ( 'NONE',  ( 97.49999999999997158, 139.6699193696437931, -29.99999999999996092 ) ) ;
#1896 = CARTESIAN_POINT ( 'NONE',  ( 92.50000000000005684, 136.6699193696437931, 13.50000000000003020 ) ) ;
#1897 = FACE_BOUND ( 'NONE', #1356, .T. ) ;
#1898 = VERTEX_POINT ( 'NONE', #2329 ) ;
#1899 = ORIENTED_EDGE ( 'NONE', *, *, #294, .F. ) ;
#1900 = CARTESIAN_POINT ( 'NONE',  ( 95.49999999999997158, 139.6699193696437931, -2.999999999999954259 ) ) ;
#1901 = EDGE_LOOP ( 'NONE', ( #2033, #1377, #168, #1232 ) ) ;
#1902 = EDGE_CURVE ( 'NONE', #1424, #1267, #999, .T. ) ;
#1903 = CYLINDRICAL_SURFACE ( 'NONE', #1978, 8.000000000000007105 ) ;
#1904 = CARTESIAN_POINT ( 'NONE',  ( 1.999999999999981792, 139.6699193696437931, -16.49999999999997158 ) ) ;
#1905 = ORIENTED_EDGE ( 'NONE', *, *, #3134, .F. ) ;
#1906 = PLANE ( 'NONE',  #494 ) ;
#1907 = CARTESIAN_POINT ( 'NONE',  ( 34.94987437106618700, 139.6699193696437931, -38.99999999999997158 ) ) ;
#1908 = CARTESIAN_POINT ( 'NONE',  ( 44.79272004953050157, 147.1008208751676136, -2.999999999999961808 ) ) ;
#1909 = ORIENTED_EDGE ( 'NONE', *, *, #3258, .F. ) ;
#1910 = CARTESIAN_POINT ( 'NONE',  ( 97.50000000000002842, 139.6699193696437931, 27.00000000000002842 ) ) ;
#1911 = DIRECTION ( 'NONE',  ( 1.000000000000000000, -6.938893903907226837E-18, 2.598698357978766491E-16 ) ) ;
#1912 = ADVANCED_FACE ( 'NONE', ( #1820 ), #953, .F. ) ;
#1913 = VERTEX_POINT ( 'NONE', #537 ) ;
#1914 = ORIENTED_EDGE ( 'NONE', *, *, #1670, .T. ) ;
#1915 = VECTOR ( 'NONE', #1444, 1000.000000000000000 ) ;
#1916 = AXIS2_PLACEMENT_3D ( 'NONE', #2593, #2361, #2396 ) ;
#1917 = VECTOR ( 'NONE', #134, 1000.000000000000000 ) ;
#1918 = ORIENTED_EDGE ( 'NONE', *, *, #3396, .F. ) ;
#1919 = AXIS2_PLACEMENT_3D ( 'NONE', #898, #1998, #3365 ) ;
#1920 = DIRECTION ( 'NONE',  ( -6.938893903907233000E-18, -1.000000000000000000, 2.124224124800602887E-17 ) ) ;
#1921 = PRODUCT_DEFINITION_FORMATION_WITH_SPECIFIED_SOURCE ( 'ä»', '', #1316, .NOT_KNOWN. ) ;
#1922 = ORIENTED_EDGE ( 'NONE', *, *, #1774, .T. ) ;
#1923 = LINE ( 'NONE', #3022, #3199 ) ;
#1924 = CARTESIAN_POINT ( 'NONE',  ( 81.75000000000002842, 136.6699193696437931, 2.500000000000025313 ) ) ;
#1925 = DIRECTION ( 'NONE',  ( -6.938893903907233000E-18, -1.000000000000000000, 2.124224124800602887E-17 ) ) ;
#1926 = ORIENTED_EDGE ( 'NONE', *, *, #2579, .T. ) ;
#1927 = CARTESIAN_POINT ( 'NONE',  ( -1.387778780781445676E-14, 139.6699193696437931, -29.99999999999997513 ) ) ;
#1928 = VECTOR ( 'NONE', #2048, 1000.000000000000000 ) ;
#1929 = DIRECTION ( 'NONE',  ( -1.000000000000000000, 6.938893903907224526E-18, -3.755180675296638216E-16 ) ) ;
#1930 = EDGE_LOOP ( 'NONE', ( #137, #2362 ) ) ;
#1931 = ORIENTED_EDGE ( 'NONE', *, *, #1472, .F. ) ;
#1932 = AXIS2_PLACEMENT_3D ( 'NONE', #2370, #1581, #2406 ) ;
#1933 = ADVANCED_FACE ( 'NONE', ( #2394 ), #277, .T. ) ;
#1934 = CARTESIAN_POINT ( 'NONE',  ( 37.99431603205723462, 147.1008208751676136, 1.312144789424242279E-14 ) ) ;
#1935 = CYLINDRICAL_SURFACE ( 'NONE', #3003, 1.249999999999997558 ) ;
#1936 = CIRCLE ( 'NONE', #2628, 1.250000000000001110 ) ;
#1937 = ORIENTED_EDGE ( 'NONE', *, *, #185, .F. ) ;
#1938 = EDGE_CURVE ( 'NONE', #149, #973, #241, .T. ) ;
#1939 = VECTOR ( 'NONE', #1251, 1000.000000000000000 ) ;
#1940 = DIRECTION ( 'NONE',  ( 1.000000000000000000, 0.000000000000000000, 0.000000000000000000 ) ) ;
#1941 = FACE_OUTER_BOUND ( 'NONE', #728, .T. ) ;
#1942 = VECTOR ( 'NONE', #3010, 1000.000000000000000 ) ;
#1943 = VERTEX_POINT ( 'NONE', #259 ) ;
#1944 = CARTESIAN_POINT ( 'NONE',  ( 37.00000000000003553, 139.6699193696437931, 30.00000000000002132 ) ) ;
#1945 = CARTESIAN_POINT ( 'NONE',  ( 89.50000000000005684, 139.6699193696437931, 13.50000000000002842 ) ) ;
#1946 = DIRECTION ( 'NONE',  ( 2.598698357978766491E-16, -2.124224124800603196E-17, -1.000000000000000000 ) ) ;
#1947 = VERTEX_POINT ( 'NONE', #1061 ) ;
#1948 = CARTESIAN_POINT ( 'NONE',  ( 78.50000000000002842, 136.6699193696437931, 11.67333333333336221 ) ) ;
#1949 = EDGE_CURVE ( 'NONE', #3547, #3538, #3276, .T. ) ;
#1950 = FACE_OUTER_BOUND ( 'NONE', #1055, .T. ) ;
#1951 = FACE_OUTER_BOUND ( 'NONE', #2890, .T. ) ;
#1952 = ORIENTED_EDGE ( 'NONE', *, *, #2080, .T. ) ;
#1953 = ORIENTED_EDGE ( 'NONE', *, *, #833, .F. ) ;
#1954 = DIRECTION ( 'NONE',  ( 1.770191701106372407E-16, 1.000000000000000000, -1.033096529485792400E-17 ) ) ;
#1955 = DIRECTION ( 'NONE',  ( 1.770191701106372407E-16, 1.000000000000000000, -1.033096529485792400E-17 ) ) ;
#1956 = VERTEX_POINT ( 'NONE', #2699 ) ;
#1957 = DIRECTION ( 'NONE',  ( -6.938893903907233000E-18, -1.000000000000000000, 2.124224124800602887E-17 ) ) ;
#1958 = EDGE_CURVE ( 'NONE', #719, #1492, #1323, .T. ) ;
#1959 = ORIENTED_EDGE ( 'NONE', *, *, #3362, .F. ) ;
#1960 = CARTESIAN_POINT ( 'NONE',  ( 48.75000000000001421, 136.6699193696437931, 3.673333333333354656 ) ) ;
#1961 = PLANE ( 'NONE',  #81 ) ;
#1962 = CARTESIAN_POINT ( 'NONE',  ( 67.00000000000002842, 136.6699193696437931, 30.00000000000002132 ) ) ;
#1963 = VERTEX_POINT ( 'NONE', #804 ) ;
#1964 = DIRECTION ( 'NONE',  ( -1.770191701106372407E-16, -1.000000000000000000, 1.033096529485792400E-17 ) ) ;
#1965 = PRESENTATION_STYLE_ASSIGNMENT (( #2809 ) ) ;
#1966 = ORIENTED_EDGE ( 'NONE', *, *, #2738, .F. ) ;
#1967 = ADVANCED_FACE ( 'NONE', ( #1853 ), #1874, .F. ) ;
#1968 = CIRCLE ( 'NONE', #2886, 1.500000000000001332 ) ;
#1969 = CARTESIAN_POINT ( 'NONE',  ( 4.249999999999986677, 139.6699193696437931, -27.49999999999996803 ) ) ;
#1970 = DIRECTION ( 'NONE',  ( 1.770191701106372407E-16, 1.000000000000000000, -1.033096529485792400E-17 ) ) ;
#1971 = COLOUR_RGB ( '',0.7921568627450980005, 0.8196078431372548767, 0.9333333333333333481 ) ;
#1972 = ORIENTED_EDGE ( 'NONE', *, *, #1177, .F. ) ;
#1973 = DIRECTION ( 'NONE',  ( 6.938893903907233000E-18, 1.000000000000000000, -2.124224124800602887E-17 ) ) ;
#1974 = CARTESIAN_POINT ( 'NONE',  ( 94.00000000000005684, 136.6699193696437931, 13.50000000000003020 ) ) ;
#1975 = AXIS2_PLACEMENT_3D ( 'NONE', #507, #1043, #1587 ) ;
#1976 = EDGE_LOOP ( 'NONE', ( #2873, #3049 ) ) ;
#1977 = FACE_OUTER_BOUND ( 'NONE', #639, .T. ) ;
#1978 = AXIS2_PLACEMENT_3D ( 'NONE', #272, #2461, #58 ) ;
#1979 = PLANE ( 'NONE',  #3180 ) ;
#1980 = CARTESIAN_POINT ( 'NONE',  ( 66.00000000000002842, 136.6699193696437931, 24.50000000000002132 ) ) ;
#1981 = ORIENTED_EDGE ( 'NONE', *, *, #1146, .F. ) ;
#1982 = EDGE_CURVE ( 'NONE', #3007, #2513, #3525, .T. ) ;
#1983 = DIRECTION ( 'NONE',  ( 1.773546254450381162E-16, 3.114764700657959218E-17, 1.000000000000000000 ) ) ;
#1984 = DIRECTION ( 'NONE',  ( 1.000000000000000000, 0.000000000000000000, 0.000000000000000000 ) ) ;
#1985 = CARTESIAN_POINT ( 'NONE',  ( 4.999999999999984013, 139.6699193696437931, -16.49999999999997158 ) ) ;
#1986 = ORIENTED_EDGE ( 'NONE', *, *, #339, .T. ) ;
#1987 = CIRCLE ( 'NONE', #3424, 2.000000000000001776 ) ;
#1988 = DIRECTION ( 'NONE',  ( 1.000000000000000000, 0.000000000000000000, 2.168404344971008868E-16 ) ) ;
#1989 = CARTESIAN_POINT ( 'NONE',  ( 97.49999999999997158, 139.6699193696437931, -4.999999999999953815 ) ) ;
#1990 = EDGE_CURVE ( 'NONE', #1257, #379, #2124, .T. ) ;
#1991 = AXIS2_PLACEMENT_3D ( 'NONE', #3488, #1255, #2673 ) ;
#1992 = VERTEX_POINT ( 'NONE', #1083 ) ;
#1993 = VERTEX_POINT ( 'NONE', #3293 ) ;
#1994 = DIRECTION ( 'NONE',  ( -1.000000000000000000, 6.938893903907222215E-18, -5.168659063129591889E-16 ) ) ;
#1995 = AXIS2_PLACEMENT_3D ( 'NONE', #2526, #1411, #2540 ) ;
#1996 = DIRECTION ( 'NONE',  ( 6.938893903907233000E-18, 1.000000000000000000, -2.124224124800602887E-17 ) ) ;
#1997 = CIRCLE ( 'NONE', #906, 2.000000000000001776 ) ;
#1998 = DIRECTION ( 'NONE',  ( 0.000000000000000000, -1.000000000000000000, 0.000000000000000000 ) ) ;
#1999 = VERTEX_POINT ( 'NONE', #2161 ) ;
#2000 = DIRECTION ( 'NONE',  ( 1.665334536937734811E-16, 1.000000000000000000, -1.033096529485792554E-17 ) ) ;
#2001 = DIRECTION ( 'NONE',  ( 1.770191701106372407E-16, 1.000000000000000000, -1.033096529485792400E-17 ) ) ;
#2002 = VERTEX_POINT ( 'NONE', #1363 ) ;
#2003 = ADVANCED_FACE ( 'NONE', ( #3545 ), #2466, .F. ) ;
#2004 = CARTESIAN_POINT ( 'NONE',  ( 80.49999999999995737, 136.6699193696437931, -27.49999999999996092 ) ) ;
#2005 = DIRECTION ( 'NONE',  ( 1.770191701106372407E-16, 1.000000000000000000, -1.033096529485792400E-17 ) ) ;
#2006 = PRODUCT_RELATED_PRODUCT_CATEGORY ( 'part', '', ( #1316 ) ) ;
#2007 = EDGE_LOOP ( 'NONE', ( #792, #3179, #421, #633 ) ) ;
#2008 = CARTESIAN_POINT ( 'NONE',  ( 81.75000000000002842, 139.6699193696437931, 2.500000000000025313 ) ) ;
#2009 = ORIENTED_EDGE ( 'NONE', *, *, #1064, .T. ) ;
#2010 = FACE_OUTER_BOUND ( 'NONE', #297, .T. ) ;
#2011 = EDGE_CURVE ( 'NONE', #1070, #103, #790, .T. ) ;
#2012 = DIRECTION ( 'NONE',  ( 1.770191701106372407E-16, 1.000000000000000000, -1.033096529485792400E-17 ) ) ;
#2013 = EDGE_LOOP ( 'NONE', ( #2318, #714, #963, #2241 ) ) ;
#2014 = EDGE_LOOP ( 'NONE', ( #1648, #2522, #125, #750 ) ) ;
#2015 = DIRECTION ( 'NONE',  ( 1.000000000000000000, 0.000000000000000000, 0.000000000000000000 ) ) ;
#2016 = LINE ( 'NONE', #1751, #762 ) ;
#2017 = EDGE_CURVE ( 'NONE', #942, #2833, #2988, .T. ) ;
#2018 = VERTEX_POINT ( 'NONE', #1907 ) ;
#2019 = DIRECTION ( 'NONE',  ( 1.000000000000000000, 0.000000000000000000, 3.469446951953621091E-16 ) ) ;
#2020 = DIRECTION ( 'NONE',  ( 1.000000000000000000, 0.000000000000000000, 0.000000000000000000 ) ) ;
#2021 = ORIENTED_EDGE ( 'NONE', *, *, #672, .F. ) ;
#2022 = DIRECTION ( 'NONE',  ( -1.773546254450381162E-16, -3.114764700657959218E-17, -1.000000000000000000 ) ) ;
#2023 = CARTESIAN_POINT ( 'NONE',  ( 80.49999999999995737, 139.6699193696437931, -27.49999999999996092 ) ) ;
#2024 = AXIS2_PLACEMENT_3D ( 'NONE', #3120, #2005, #124 ) ;
#2025 = ORIENTED_EDGE ( 'NONE', *, *, #2407, .F. ) ;
#2026 = FACE_OUTER_BOUND ( 'NONE', #1733, .T. ) ;
#2027 = AXIS2_PLACEMENT_3D ( 'NONE', #2615, #1822, #2918 ) ;
#2028 = CARTESIAN_POINT ( 'NONE',  ( 48.74999999999995737, 139.6699193696437931, -24.49999999999996447 ) ) ;
#2029 = CIRCLE ( 'NONE', #201, 1.250000000000001110 ) ;
#2030 = ORIENTED_EDGE ( 'NONE', *, *, #2254, .T. ) ;
#2031 = VECTOR ( 'NONE', #313, 1000.000000000000000 ) ;
#2032 = EDGE_CURVE ( 'NONE', #1120, #3032, #640, .T. ) ;
#2033 = ORIENTED_EDGE ( 'NONE', *, *, #789, .T. ) ;
#2034 = CIRCLE ( 'NONE', #2668, 1.249999999999997558 ) ;
#2035 = CARTESIAN_POINT ( 'NONE',  ( 65.99999999999997158, 139.6699193696437931, -27.49999999999996092 ) ) ;
#2036 = CARTESIAN_POINT ( 'NONE',  ( 66.99999999999997158, 139.6699193696437931, -32.99999999999996447 ) ) ;
#2037 = ORIENTED_EDGE ( 'NONE', *, *, #2451, .T. ) ;
#2038 = LINE ( 'NONE', #1540, #1645 ) ;
#2039 = DIRECTION ( 'NONE',  ( -6.938893903907233000E-18, -1.000000000000000000, 2.124224124800602887E-17 ) ) ;
#2040 = DIRECTION ( 'NONE',  ( 1.000000000000000000, 0.000000000000000000, 0.000000000000000000 ) ) ;
#2041 = ORIENTED_EDGE ( 'NONE', *, *, #2913, .F. ) ;
#2042 = EDGE_CURVE ( 'NONE', #2979, #526, #1618, .T. ) ;
#2043 = CARTESIAN_POINT ( 'NONE',  ( 0.000000000000000000, 0.000000000000000000, 0.000000000000000000 ) ) ;
#2044 = CIRCLE ( 'NONE', #779, 1.500000000000003997 ) ;
#2045 = ORIENTED_EDGE ( 'NONE', *, *, #2859, .T. ) ;
#2046 = ORIENTED_EDGE ( 'NONE', *, *, #1164, .T. ) ;
#2047 = ADVANCED_FACE ( 'NONE', ( #1343 ), #3004, .F. ) ;
#2048 = DIRECTION ( 'NONE',  ( 1.770191701106372407E-16, 1.000000000000000000, -1.033096529485792400E-17 ) ) ;
#2049 = AXIS2_PLACEMENT_3D ( 'NONE', #1775, #721, #424 ) ;
#2050 = CARTESIAN_POINT ( 'NONE',  ( 3.469446951953614189E-14, 139.6699193696437931, 25.00000000000000000 ) ) ;
#2051 = DIRECTION ( 'NONE',  ( 6.938893903907233000E-18, 1.000000000000000000, -2.124224124800602887E-17 ) ) ;
#2052 = VECTOR ( 'NONE', #2608, 1000.000000000000000 ) ;
#2053 = ORIENTED_EDGE ( 'NONE', *, *, #581, .T. ) ;
#2054 = VERTEX_POINT ( 'NONE', #3227 ) ;
#2055 = VECTOR ( 'NONE', #3181, 1000.000000000000000 ) ;
#2056 = CARTESIAN_POINT ( 'NONE',  ( 17.49999999999997158, 136.6699193696437931, -24.49999999999996447 ) ) ;
#2057 = DIRECTION ( 'NONE',  ( 6.938893903907233000E-18, 1.000000000000000000, -2.124224124800602887E-17 ) ) ;
#2058 = VERTEX_POINT ( 'NONE', #2411 ) ;
#2059 = EDGE_CURVE ( 'NONE', #1963, #3032, #752, .T. ) ;
#2060 = LINE ( 'NONE', #2096, #1704 ) ;
#2061 = CARTESIAN_POINT ( 'NONE',  ( 36.99999999999998579, 139.6699193696437931, -32.99999999999997158 ) ) ;
#2062 = DIRECTION ( 'NONE',  ( 1.770191701106372407E-16, 1.000000000000000000, -1.033096529485792400E-17 ) ) ;
#2063 = ORIENTED_EDGE ( 'NONE', *, *, #2819, .T. ) ;
#2064 = CARTESIAN_POINT ( 'NONE',  ( 24.99999999999998579, 139.6699193696437931, -29.99999999999997158 ) ) ;
#2065 = VERTEX_POINT ( 'NONE', #878 ) ;
#2066 = EDGE_CURVE ( 'NONE', #3202, #1392, #3185, .T. ) ;
#2067 = VERTEX_POINT ( 'NONE', #332 ) ;
#2068 = CARTESIAN_POINT ( 'NONE',  ( 3.499999999999979572, 137.6699193696437931, -16.49999999999997158 ) ) ;
#2069 = DIRECTION ( 'NONE',  ( -1.770191701106372407E-16, -1.000000000000000000, 1.033096529485792400E-17 ) ) ;
#2070 = EDGE_CURVE ( 'NONE', #1098, #1392, #3058, .T. ) ;
#2071 = FACE_BOUND ( 'NONE', #399, .T. ) ;
#2072 = ORIENTED_EDGE ( 'NONE', *, *, #2946, .T. ) ;
#2073 = DIRECTION ( 'NONE',  ( 1.770191701106372407E-16, 1.000000000000000000, -1.033096529485792400E-17 ) ) ;
#2074 = DIRECTION ( 'NONE',  ( 6.938893903907233000E-18, 1.000000000000000000, -2.124224124800602887E-17 ) ) ;
#2075 = CARTESIAN_POINT ( 'NONE',  ( 80.50000000000002842, 136.6699193696437931, 24.50000000000002132 ) ) ;
#2076 = ORIENTED_EDGE ( 'NONE', *, *, #1295, .T. ) ;
#2077 = DIRECTION ( 'NONE',  ( 1.000000000000000000, 0.000000000000000000, 0.000000000000000000 ) ) ;
#2078 = CARTESIAN_POINT ( 'NONE',  ( -2.081668171172168513E-14, 136.6699193696437931, -2.999999999999968026 ) ) ;
#2079 = DIRECTION ( 'NONE',  ( 1.000000000000000000, 0.000000000000000000, 0.000000000000000000 ) ) ;
#2080 = EDGE_CURVE ( 'NONE', #802, #2513, #2818, .T. ) ;
#2081 = ORIENTED_EDGE ( 'NONE', *, *, #2198, .F. ) ;
#2082 = CARTESIAN_POINT ( 'NONE',  ( 67.00000000000002842, 139.6699193696437931, 30.00000000000002132 ) ) ;
#2083 = DIRECTION ( 'NONE',  ( -6.938893903907233000E-18, -1.000000000000000000, 2.124224124800602887E-17 ) ) ;
#2084 = AXIS2_PLACEMENT_3D ( 'NONE', #856, #1373, #2207 ) ;
#2085 = DIRECTION ( 'NONE',  ( 7.964144507004428806E-17, -1.033096529485793786E-17, -1.000000000000000000 ) ) ;
#2086 = VERTEX_POINT ( 'NONE', #1945 ) ;
#2087 = CARTESIAN_POINT ( 'NONE',  ( 79.24999999999995737, 136.6699193696437931, -5.499999999999958256 ) ) ;
#2088 = AXIS2_PLACEMENT_3D ( 'NONE', #1985, #67, #2792 ) ;
#2089 = ADVANCED_FACE ( 'NONE', ( #1657 ), #61, .F. ) ;
#2090 = CARTESIAN_POINT ( 'NONE',  ( 66.99999999999997158, 97.61867099011051607, -34.99999999999996447 ) ) ;
#2091 = CIRCLE ( 'NONE', #372, 7.999999999999996447 ) ;
#2092 = CARTESIAN_POINT ( 'NONE',  ( 32.99999999999998579, 139.6699193696437931, -38.99999999999997158 ) ) ;
#2093 = EDGE_LOOP ( 'NONE', ( #2299, #117, #3137, #2348 ) ) ;
#2094 = CIRCLE ( 'NONE', #318, 8.000000000000000000 ) ;
#2095 = AXIS2_PLACEMENT_3D ( 'NONE', #200, #305, #1389 ) ;
#2096 = CARTESIAN_POINT ( 'NONE',  ( 37.00000000000003553, 139.6699193696437931, 30.00000000000002132 ) ) ;
#2097 = DIRECTION ( 'NONE',  ( 1.770191701106372407E-16, 1.000000000000000000, -1.033096529485792400E-17 ) ) ;
#2098 = CARTESIAN_POINT ( 'NONE',  ( 36.99999999999997868, 97.61867099011053028, -36.99999999999996447 ) ) ;
#2099 = VERTEX_POINT ( 'NONE', #1421 ) ;
#2100 = DIRECTION ( 'NONE',  ( -1.770191701106372407E-16, -1.000000000000000000, 1.033096529485792400E-17 ) ) ;
#2101 = EDGE_CURVE ( 'NONE', #1882, #2539, #938, .T. ) ;
#2102 = DIRECTION ( 'NONE',  ( -1.770191701106372407E-16, -1.000000000000000000, 1.033096529485792400E-17 ) ) ;
#2103 = VECTOR ( 'NONE', #3096, 1000.000000000000000 ) ;
#2104 = FACE_OUTER_BOUND ( 'NONE', #969, .T. ) ;
#2105 = ORIENTED_EDGE ( 'NONE', *, *, #2290, .F. ) ;
#2106 = LINE ( 'NONE', #2930, #212 ) ;
#2107 = VECTOR ( 'NONE', #2934, 1000.000000000000000 ) ;
#2108 = DIRECTION ( 'NONE',  ( 1.000000000000000000, 0.000000000000000000, 0.000000000000000000 ) ) ;
#2109 = CIRCLE ( 'NONE', #3028, 1.249999999999997558 ) ;
#2110 = CARTESIAN_POINT ( 'NONE',  ( 97.50000000000002842, 139.6699193696437931, 25.00000000000002842 ) ) ;
#2111 = ORIENTED_EDGE ( 'NONE', *, *, #2644, .T. ) ;
#2112 = AXIS2_PLACEMENT_3D ( 'NONE', #325, #1720, #1988 ) ;
#2113 = DIRECTION ( 'NONE',  ( -1.770191701106372407E-16, -1.000000000000000000, 1.033096529485792400E-17 ) ) ;
#2114 = CARTESIAN_POINT ( 'NONE',  ( 79.24999999999995737, 136.6699193696437931, -5.499999999999958256 ) ) ;
#2115 = EDGE_CURVE ( 'NONE', #1267, #222, #1150, .T. ) ;
#2116 = ORIENTED_EDGE ( 'NONE', *, *, #2212, .T. ) ;
#2117 = DIRECTION ( 'NONE',  ( -1.000000000000000000, 0.000000000000000000, 0.000000000000000000 ) ) ;
#2118 = EDGE_LOOP ( 'NONE', ( #2990, #1773 ) ) ;
#2119 = DIRECTION ( 'NONE',  ( 1.000000000000000000, -6.938893903907227607E-18, 2.598698357978766491E-16 ) ) ;
#2120 = LINE ( 'NONE', #2764, #2897 ) ;
#2121 = EDGE_CURVE ( 'NONE', #2122, #2576, #3043, .T. ) ;
#2122 = VERTEX_POINT ( 'NONE', #1380 ) ;
#2123 = DIRECTION ( 'NONE',  ( 2.598698357978766491E-16, -2.124224124800603196E-17, -1.000000000000000000 ) ) ;
#2124 = LINE ( 'NONE', #3526, #320 ) ;
#2125 = CARTESIAN_POINT ( 'NONE',  ( 79.00000000000002842, 139.6699193696437931, 27.00000000000002487 ) ) ;
#2126 = EDGE_LOOP ( 'NONE', ( #2210, #2620, #3014, #517, #3341, #3403, #1823, #3107 ) ) ;
#2127 = FACE_OUTER_BOUND ( 'NONE', #3142, .T. ) ;
#2128 = DIRECTION ( 'NONE',  ( 1.770191701106372407E-16, 1.000000000000000000, -1.033096529485792400E-17 ) ) ;
#2129 = EDGE_CURVE ( 'NONE', #832, #973, #594, .T. ) ;
#2130 = DIRECTION ( 'NONE',  ( 6.938893903907233000E-18, 1.000000000000000000, -2.124224124800602887E-17 ) ) ;
#2131 = ORIENTED_EDGE ( 'NONE', *, *, #808, .T. ) ;
#2132 = EDGE_CURVE ( 'NONE', #1374, #1199, #262, .T. ) ;
#2133 = EDGE_CURVE ( 'NONE', #1107, #2067, #97, .T. ) ;
#2134 = ORIENTED_EDGE ( 'NONE', *, *, #598, .F. ) ;
#2135 = DIRECTION ( 'NONE',  ( 1.770191701106372407E-16, 1.000000000000000000, -1.033096529485792400E-17 ) ) ;
#2136 = DIRECTION ( 'NONE',  ( -1.770191701106372407E-16, -1.000000000000000000, 1.033096529485792400E-17 ) ) ;
#2137 = CARTESIAN_POINT ( 'NONE',  ( 79.24999999999995737, 139.6699193696437931, -5.499999999999958256 ) ) ;
#2138 = ORIENTED_EDGE ( 'NONE', *, *, #164, .F. ) ;
#2139 = CARTESIAN_POINT ( 'NONE',  ( 78.49999999999997158, 136.6699193696437931, -24.49999999999996092 ) ) ;
#2140 = CARTESIAN_POINT ( 'NONE',  ( 9.500000000000028422, 139.6699193696437931, 5.500000000000009770 ) ) ;
#2141 = CARTESIAN_POINT ( 'NONE',  ( 4.999999999999984013, 137.6699193696437931, -16.49999999999997158 ) ) ;
#2142 = ADVANCED_FACE ( 'NONE', ( #863, #2235 ), #1961, .T. ) ;
#2143 = VECTOR ( 'NONE', #1929, 1000.000000000000000 ) ;
#2144 = ORIENTED_EDGE ( 'NONE', *, *, #525, .F. ) ;
#2145 = CIRCLE ( 'NONE', #637, 1.250000000000001110 ) ;
#2146 = LINE ( 'NONE', #1640, #48 ) ;
#2147 = VECTOR ( 'NONE', #1478, 1000.000000000000000 ) ;
#2148 = DIRECTION ( 'NONE',  ( -1.770191701106372407E-16, -1.000000000000000000, 1.033096529485792400E-17 ) ) ;
#2149 = FACE_BOUND ( 'NONE', #549, .T. ) ;
#2150 = AXIS2_PLACEMENT_3D ( 'NONE', #2521, #2534, #79 ) ;
#2151 = VERTEX_POINT ( 'NONE', #3347 ) ;
#2152 = VECTOR ( 'NONE', #568, 1000.000000000000000 ) ;
#2153 = AXIS2_PLACEMENT_3D ( 'NONE', #2043, #3144, #408 ) ;
#2154 = ORIENTED_EDGE ( 'NONE', *, *, #2325, .F. ) ;
#2155 = DIRECTION ( 'NONE',  ( -6.938893903907233000E-18, -1.000000000000000000, 2.124224124800602887E-17 ) ) ;
#2156 = DIRECTION ( 'NONE',  ( -6.938893903907233000E-18, -1.000000000000000000, 2.124224124800602887E-17 ) ) ;
#2157 = ADVANCED_FACE ( 'NONE', ( #2215 ), #1979, .F. ) ;
#2158 = ORIENTED_EDGE ( 'NONE', *, *, #485, .T. ) ;
#2159 = FACE_OUTER_BOUND ( 'NONE', #1659, .T. ) ;
#2160 = VECTOR ( 'NONE', #1095, 1000.000000000000000 ) ;
#2161 = CARTESIAN_POINT ( 'NONE',  ( 79.25000000000002842, 136.6699193696437931, 2.500000000000024425 ) ) ;
#2162 = DIRECTION ( 'NONE',  ( -6.938893903907233000E-18, -1.000000000000000000, 2.124224124800602887E-17 ) ) ;
#2163 = EDGE_CURVE ( 'NONE', #64, #675, #420, .T. ) ;
#2164 = AXIS2_PLACEMENT_3D ( 'NONE', #1011, #3458, #2596 ) ;
#2165 = VERTEX_POINT ( 'NONE', #3024 ) ;
#2166 = EDGE_CURVE ( 'NONE', #1556, #2018, #1696, .T. ) ;
#2167 = VECTOR ( 'NONE', #1489, 1000.000000000000000 ) ;
#2168 = FACE_OUTER_BOUND ( 'NONE', #2599, .T. ) ;
#2169 = CARTESIAN_POINT ( 'NONE',  ( 34.74999999999998579, 139.6699193696437931, -27.49999999999996803 ) ) ;
#2170 = CARTESIAN_POINT ( 'NONE',  ( 97.50000000000002842, 136.6699193696437931, 25.00000000000002842 ) ) ;
#2171 = VERTEX_POINT ( 'NONE', #2805 ) ;
#2172 = AXIS2_PLACEMENT_3D ( 'NONE', #3119, #1703, #2259 ) ;
#2173 = ADVANCED_FACE ( 'NONE', ( #350 ), #1437, .F. ) ;
#2174 = EDGE_LOOP ( 'NONE', ( #53, #1160 ) ) ;
#2175 = CARTESIAN_POINT ( 'NONE',  ( 5.499999999999984013, 136.6699193696437931, -5.499999999999968026 ) ) ;
#2176 = VECTOR ( 'NONE', #321, 1000.000000000000000 ) ;
#2177 = ORIENTED_EDGE ( 'NONE', *, *, #349, .T. ) ;
#2178 = FACE_OUTER_BOUND ( 'NONE', #1830, .T. ) ;
#2179 = CARTESIAN_POINT ( 'NONE',  ( 34.94987437106622963, 97.61867099011053028, 34.00000000000000711 ) ) ;
#2180 = ORIENTED_EDGE ( 'NONE', *, *, #187, .T. ) ;
#2181 = CARTESIAN_POINT ( 'NONE',  ( 1.999999999999980904, 139.6699193696437931, -4.999999999999969802 ) ) ;
#2182 = EDGE_CURVE ( 'NONE', #2494, #526, #913, .T. ) ;
#2183 = DIRECTION ( 'NONE',  ( 6.938893903907233000E-18, 1.000000000000000000, -2.124224124800602887E-17 ) ) ;
#2184 = CARTESIAN_POINT ( 'NONE',  ( 1.999999999999982681, 137.6699193696437931, -16.49999999999997158 ) ) ;
#2185 = ORIENTED_EDGE ( 'NONE', *, *, #1869, .T. ) ;
#2186 = DIRECTION ( 'NONE',  ( 1.000000000000000000, 0.000000000000000000, 0.000000000000000000 ) ) ;
#2187 = LINE ( 'NONE', #1608, #3494 ) ;
#2188 = DIRECTION ( 'NONE',  ( 6.938893903907233000E-18, 1.000000000000000000, -2.124224124800602887E-17 ) ) ;
#2189 = ORIENTED_EDGE ( 'NONE', *, *, #1185, .F. ) ;
#2190 = ORIENTED_EDGE ( 'NONE', *, *, #3368, .T. ) ;
#2191 = ORIENTED_EDGE ( 'NONE', *, *, #1099, .F. ) ;
#2192 = DIRECTION ( 'NONE',  ( 1.000000000000000000, -6.938893903907227607E-18, 2.598698357978766491E-16 ) ) ;
#2193 = ORIENTED_EDGE ( 'NONE', *, *, #2617, .T. ) ;
#2194 = CARTESIAN_POINT ( 'NONE',  ( -2.081668171172168513E-14, 139.6699193696437931, -2.999999999999968026 ) ) ;
#2195 = DIRECTION ( 'NONE',  ( 1.000000000000000000, 0.000000000000000000, 0.000000000000000000 ) ) ;
#2196 = CARTESIAN_POINT ( 'NONE',  ( 5.500000000000032863, 136.6699193696437931, 2.500000000000005773 ) ) ;
#2197 = EDGE_LOOP ( 'NONE', ( #2046, #1442, #3253, #1905 ) ) ;
#2198 = EDGE_CURVE ( 'NONE', #2494, #3440, #3187, .T. ) ;
#2199 = PLANE ( 'NONE',  #2232 ) ;
#2200 = CIRCLE ( 'NONE', #1570, 2.000000000000001776 ) ;
#2201 = LINE ( 'NONE', #3301, #2716 ) ;
#2202 = ORIENTED_EDGE ( 'NONE', *, *, #1459, .F. ) ;
#2203 = EDGE_CURVE ( 'NONE', #1682, #2725, #632, .T. ) ;
#2204 = ORIENTED_EDGE ( 'NONE', *, *, #668, .F. ) ;
#2205 = CIRCLE ( 'NONE', #2606, 1.500000000000001332 ) ;
#2206 = DIRECTION ( 'NONE',  ( 1.000000000000000000, 0.000000000000000000, 0.000000000000000000 ) ) ;
#2207 = DIRECTION ( 'NONE',  ( 1.000000000000000000, 0.000000000000000000, -8.673617379884043361E-16 ) ) ;
#2208 = AXIS2_PLACEMENT_3D ( 'NONE', #530, #1920, #253 ) ;
#2209 = VECTOR ( 'NONE', #3062, 1000.000000000000000 ) ;
#2210 = ORIENTED_EDGE ( 'NONE', *, *, #2203, .F. ) ;
#2211 = CIRCLE ( 'NONE', #3070, 8.000000000000007105 ) ;
#2212 = EDGE_CURVE ( 'NONE', #1556, #2502, #1491, .T. ) ;
#2213 = ORIENTED_EDGE ( 'NONE', *, *, #342, .T. ) ;
#2214 = CARTESIAN_POINT ( 'NONE',  ( 81.75000000000002842, 136.6699193696437931, 24.50000000000002132 ) ) ;
#2215 = FACE_OUTER_BOUND ( 'NONE', #2767, .T. ) ;
#2216 = CARTESIAN_POINT ( 'NONE',  ( 6.750000000000030198, 139.6699193696437931, 2.500000000000006217 ) ) ;
#2217 = ORIENTED_EDGE ( 'NONE', *, *, #2425, .T. ) ;
#2218 = CARTESIAN_POINT ( 'NONE',  ( 34.94987437106622963, 139.6699193696437931, 36.00000000000001421 ) ) ;
#2219 = DIRECTION ( 'NONE',  ( 1.770191701106372407E-16, 1.000000000000000000, -1.033096529485792400E-17 ) ) ;
#2220 = VECTOR ( 'NONE', #3332, 1000.000000000000000 ) ;
#2221 = FACE_BOUND ( 'NONE', #936, .T. ) ;
#2222 = EDGE_CURVE ( 'NONE', #1199, #1374, #2427, .T. ) ;
#2223 = ORIENTED_EDGE ( 'NONE', *, *, #1837, .T. ) ;
#2224 = ORIENTED_EDGE ( 'NONE', *, *, #1041, .F. ) ;
#2225 = VECTOR ( 'NONE', #3504, 1000.000000000000000 ) ;
#2226 = EDGE_CURVE ( 'NONE', #3230, #3503, #3418, .T. ) ;
#2227 = CARTESIAN_POINT ( 'NONE',  ( 5.000000000000031974, 137.6699193696437931, 13.50000000000000533 ) ) ;
#2228 = DIRECTION ( 'NONE',  ( 2.742626278647495746E-16, -3.114764700657966614E-17, -1.000000000000000000 ) ) ;
#2229 = VECTOR ( 'NONE', #2315, 1000.000000000000000 ) ;
#2230 = ORIENTED_EDGE ( 'NONE', *, *, #692, .T. ) ;
#2231 = VECTOR ( 'NONE', #2997, 1000.000000000000000 ) ;
#2232 = AXIS2_PLACEMENT_3D ( 'NONE', #1927, #3268, #1622 ) ;
#2233 = EDGE_LOOP ( 'NONE', ( #3075, #1203, #1240, #2191 ) ) ;
#2234 = CARTESIAN_POINT ( 'NONE',  ( 36.99999999999998579, 139.6699193696437931, -32.99999999999997158 ) ) ;
#2235 = FACE_BOUND ( 'NONE', #3335, .T. ) ;
#2236 = CARTESIAN_POINT ( 'NONE',  ( 3.469446951953614189E-14, 139.6699193696437931, 3.469446951953614189E-15 ) ) ;
#2237 = EDGE_LOOP ( 'NONE', ( #3453, #734 ) ) ;
#2238 = CARTESIAN_POINT ( 'NONE',  ( 79.24999999999995737, 136.6699193696437931, -27.49999999999996092 ) ) ;
#2239 = DIRECTION ( 'NONE',  ( -1.000000000000000000, 6.938893903907229918E-18, -1.442216040660895012E-16 ) ) ;
#2240 = CARTESIAN_POINT ( 'NONE',  ( 69.05012562893382722, 139.6699193696437931, 36.00000000000002842 ) ) ;
#2241 = ORIENTED_EDGE ( 'NONE', *, *, #2280, .F. ) ;
#2242 = ORIENTED_EDGE ( 'NONE', *, *, #645, .F. ) ;
#2243 = CYLINDRICAL_SURFACE ( 'NONE', #2112, 8.000000000000000000 ) ;
#2244 = DIRECTION ( 'NONE',  ( 1.770191701106372407E-16, 1.000000000000000000, -1.033096529485792400E-17 ) ) ;
#2245 = ORIENTED_EDGE ( 'NONE', *, *, #128, .T. ) ;
#2246 = ADVANCED_FACE ( 'NONE', ( #1816 ), #381, .F. ) ;
#2247 = DIRECTION ( 'NONE',  ( 1.770191701106372407E-16, 1.000000000000000000, -1.033096529485792400E-17 ) ) ;
#2248 = DIRECTION ( 'NONE',  ( -1.000000000000000000, 0.000000000000000000, 0.000000000000000000 ) ) ;
#2249 = ORIENTED_EDGE ( 'NONE', *, *, #3081, .F. ) ;
#2250 = CARTESIAN_POINT ( 'NONE',  ( 66.00000000000002842, 139.6699193696437931, 24.50000000000002132 ) ) ;
#2251 = DIRECTION ( 'NONE',  ( 1.000000000000000000, 0.000000000000000000, 3.469446951953611231E-16 ) ) ;
#2252 = DIRECTION ( 'NONE',  ( 1.770191701106372407E-16, 1.000000000000000000, -1.033096529485792400E-17 ) ) ;
#2253 = ORIENTED_EDGE ( 'NONE', *, *, #776, .F. ) ;
#2254 = EDGE_CURVE ( 'NONE', #2996, #2824, #529, .T. ) ;
#2255 = CARTESIAN_POINT ( 'NONE',  ( 37.00000000000003553, 136.6699193696437931, 30.00000000000002132 ) ) ;
#2256 = DIRECTION ( 'NONE',  ( -3.366375155851267169E-16, 3.114764700657967846E-17, 1.000000000000000000 ) ) ;
#2257 = VERTEX_POINT ( 'NONE', #131 ) ;
#2258 = VECTOR ( 'NONE', #2012, 1000.000000000000000 ) ;
#2259 = DIRECTION ( 'NONE',  ( 1.000000000000000000, 0.000000000000000000, 0.000000000000000000 ) ) ;
#2260 = CIRCLE ( 'NONE', #820, 1.250000000000001110 ) ;
#2261 = ORIENTED_EDGE ( 'NONE', *, *, #2166, .T. ) ;
#2262 = FACE_OUTER_BOUND ( 'NONE', #738, .T. ) ;
#2263 = DIRECTION ( 'NONE',  ( -2.598698357978766491E-16, 2.124224124800603196E-17, 1.000000000000000000 ) ) ;
#2264 = AXIS2_PLACEMENT_3D ( 'NONE', #1156, #3352, #1680 ) ;
#2265 = AXIS2_PLACEMENT_3D ( 'NONE', #3350, #885, #1984 ) ;
#2266 = ORIENTED_EDGE ( 'NONE', *, *, #52, .T. ) ;
#2267 = CARTESIAN_POINT ( 'NONE',  ( -2.081668171172168513E-14, 139.6699193696437931, -2.999999999999968026 ) ) ;
#2268 = CIRCLE ( 'NONE', #767, 1.249999999999997558 ) ;
#2269 = VECTOR ( 'NONE', #1473, 1000.000000000000000 ) ;
#2270 = EDGE_CURVE ( 'NONE', #1236, #2923, #2911, .T. ) ;
#2271 = DIRECTION ( 'NONE',  ( 6.938893903907233000E-18, 1.000000000000000000, -2.124224124800602887E-17 ) ) ;
#2272 = DIRECTION ( 'NONE',  ( 1.000000000000000000, 0.000000000000000000, 0.000000000000000000 ) ) ;
#2273 = ORIENTED_EDGE ( 'NONE', *, *, #3134, .T. ) ;
#2274 = DIRECTION ( 'NONE',  ( 6.938893903907233000E-18, 1.000000000000000000, -2.124224124800602887E-17 ) ) ;
#2275 = DIRECTION ( 'NONE',  ( 1.000000000000000000, 0.000000000000000000, 0.000000000000000000 ) ) ;
#2276 = ORIENTED_EDGE ( 'NONE', *, *, #691, .T. ) ;
#2277 = CIRCLE ( 'NONE', #1410, 1.500000000000003997 ) ;
#2278 = DIRECTION ( 'NONE',  ( -1.000000000000000000, 0.000000000000000000, 0.000000000000000000 ) ) ;
#2279 = CYLINDRICAL_SURFACE ( 'NONE', #3464, 7.999999999999992895 ) ;
#2280 = EDGE_CURVE ( 'NONE', #228, #2539, #1239, .T. ) ;
#2281 = CIRCLE ( 'NONE', #896, 3.000000000000002665 ) ;
#2282 = ORIENTED_EDGE ( 'NONE', *, *, #349, .F. ) ;
#2283 = CARTESIAN_POINT ( 'NONE',  ( 80.49999999999995737, 136.6699193696437931, -5.499999999999958256 ) ) ;
#2284 = ORIENTED_EDGE ( 'NONE', *, *, #1982, .F. ) ;
#2285 = CARTESIAN_POINT ( 'NONE',  ( 5.000000000000031974, 137.6699193696437931, 13.50000000000000533 ) ) ;
#2286 = DIRECTION ( 'NONE',  ( 6.938893903907233000E-18, 1.000000000000000000, -2.124224124800602887E-17 ) ) ;
#2287 = CIRCLE ( 'NONE', #730, 1.500000000000001332 ) ;
#2288 = CARTESIAN_POINT ( 'NONE',  ( 76.50000000000004263, 129.6699193696437931, 3.673333333333361761 ) ) ;
#2289 = ORIENTED_EDGE ( 'NONE', *, *, #819, .F. ) ;
#2290 = EDGE_CURVE ( 'NONE', #2833, #585, #2713, .T. ) ;
#2291 = CARTESIAN_POINT ( 'NONE',  ( 2.000000000000029310, 139.6699193696437931, 27.00000000000000355 ) ) ;
#2292 = CYLINDRICAL_SURFACE ( 'NONE', #1279, 1.500000000000003997 ) ;
#2293 = ORIENTED_EDGE ( 'NONE', *, *, #1774, .F. ) ;
#2294 = CARTESIAN_POINT ( 'NONE',  ( 95.49999999999997158, 136.6699193696437931, -27.99999999999995737 ) ) ;
#2295 = PLANE ( 'NONE',  #3404 ) ;
#2296 = ORIENTED_EDGE ( 'NONE', *, *, #1831, .F. ) ;
#2297 = CARTESIAN_POINT ( 'NONE',  ( 92.49999999999998579, 139.6699193696437931, -16.49999999999995737 ) ) ;
#2298 = ADVANCED_FACE ( 'NONE', ( #1218, #2356, #414, #3439, #1551, #1270, #2570, #436, #968, #673, #2876, #1509, #455, #2609, #151, #2647, #983, #2340, #2071, #3167, #2837 ), #115, .F. ) ;
#2299 = ORIENTED_EDGE ( 'NONE', *, *, #560, .T. ) ;
#2300 = CARTESIAN_POINT ( 'NONE',  ( -1.387778780781445676E-14, 139.6699193696437931, -29.99999999999997513 ) ) ;
#2301 = CARTESIAN_POINT ( 'NONE',  ( 9.499999999999973355, 146.6699193696437931, -24.49999999999996803 ) ) ;
#2302 = EDGE_LOOP ( 'NONE', ( #1284, #3055, #121, #3165 ) ) ;
#2303 = ORIENTED_EDGE ( 'NONE', *, *, #3057, .F. ) ;
#2304 = DIRECTION ( 'NONE',  ( 1.000000000000000000, 0.000000000000000000, 0.000000000000000000 ) ) ;
#2305 = DIRECTION ( 'NONE',  ( -6.938893903907233000E-18, -1.000000000000000000, 2.124224124800602887E-17 ) ) ;
#2306 = EDGE_CURVE ( 'NONE', #116, #2353, #2373, .T. ) ;
#2307 = ORIENTED_EDGE ( 'NONE', *, *, #2574, .F. ) ;
#2308 = ADVANCED_FACE ( 'NONE', ( #1201 ), #1002, .F. ) ;
#2309 = CARTESIAN_POINT ( 'NONE',  ( 69.05012562893378458, 139.6699193696437931, -36.99999999999996447 ) ) ;
#2310 = CARTESIAN_POINT ( 'NONE',  ( 24.99999999999998579, 139.6699193696437931, -29.99999999999997158 ) ) ;
#2311 = CARTESIAN_POINT ( 'NONE',  ( 1.999999999999980904, 139.6699193696437931, -2.999999999999968026 ) ) ;
#2312 = ADVANCED_FACE ( 'NONE', ( #2104 ), #769, .F. ) ;
#2313 = VERTEX_POINT ( 'NONE', #3205 ) ;
#2314 = CARTESIAN_POINT ( 'NONE',  ( 5.499999999999984013, 136.6699193696437931, -5.499999999999968026 ) ) ;
#2315 = DIRECTION ( 'NONE',  ( 6.938893903907233000E-18, 1.000000000000000000, -2.124224124800602887E-17 ) ) ;
#2316 = CIRCLE ( 'NONE', #760, 1.250000000000001110 ) ;
#2317 = ORIENTED_EDGE ( 'NONE', *, *, #3037, .F. ) ;
#2318 = ORIENTED_EDGE ( 'NONE', *, *, #3345, .T. ) ;
#2319 = DIRECTION ( 'NONE',  ( -1.000000000000000000, 0.000000000000000000, 0.000000000000000000 ) ) ;
#2320 = AXIS2_PLACEMENT_3D ( 'NONE', #1045, #227, #1324 ) ;
#2321 = AXIS2_PLACEMENT_3D ( 'NONE', #825, #1309, #3262 ) ;
#2322 = LINE ( 'NONE', #3417, #3086 ) ;
#2323 = DIRECTION ( 'NONE',  ( 1.770191701106372407E-16, 1.000000000000000000, -1.033096529485792400E-17 ) ) ;
#2324 = CIRCLE ( 'NONE', #1919, 1.499999999999982458 ) ;
#2325 = EDGE_CURVE ( 'NONE', #1280, #284, #1850, .T. ) ;
#2326 = ORIENTED_EDGE ( 'NONE', *, *, #733, .F. ) ;
#2327 = AXIS2_PLACEMENT_3D ( 'NONE', #2552, #3097, #3333 ) ;
#2328 = EDGE_LOOP ( 'NONE', ( #1493, #2261, #2885, #1914 ) ) ;
#2329 = CARTESIAN_POINT ( 'NONE',  ( 78.49999999999997158, 139.6699193696437931, -14.67333333333329470 ) ) ;
#2330 = DIRECTION ( 'NONE',  ( 6.524865300317130089E-17, -2.124224124800603196E-17, -1.000000000000000000 ) ) ;
#2331 = EDGE_LOOP ( 'NONE', ( #2389, #2276, #725, #1369 ) ) ;
#2332 = DIRECTION ( 'NONE',  ( 1.000000000000000000, 0.000000000000000000, 0.000000000000000000 ) ) ;
#2333 = DIRECTION ( 'NONE',  ( 1.000000000000000000, 0.000000000000000000, 0.000000000000000000 ) ) ;
#2334 = ORIENTED_EDGE ( 'NONE', *, *, #3248, .F. ) ;
#2335 = EDGE_CURVE ( 'NONE', #2387, #3234, #990, .T. ) ;
#2336 = AXIS2_PLACEMENT_3D ( 'NONE', #2656, #2891, #687 ) ;
#2337 = ORIENTED_EDGE ( 'NONE', *, *, #2991, .F. ) ;
#2338 = ORIENTED_EDGE ( 'NONE', *, *, #723, .F. ) ;
#2339 = VECTOR ( 'NONE', #2503, 1000.000000000000000 ) ;
#2340 = FACE_BOUND ( 'NONE', #758, .T. ) ;
#2341 = AXIS2_PLACEMENT_3D ( 'NONE', #3342, #1954, #1178 ) ;
#2342 = ORIENTED_EDGE ( 'NONE', *, *, #3171, .F. ) ;
#2343 = ORIENTED_EDGE ( 'NONE', *, *, #2811, .T. ) ;
#2344 = VECTOR ( 'NONE', #1776, 1000.000000000000000 ) ;
#2345 = EDGE_CURVE ( 'NONE', #3283, #1120, #732, .T. ) ;
#2346 = CYLINDRICAL_SURFACE ( 'NONE', #1803, 8.000000000000007105 ) ;
#2347 = CARTESIAN_POINT ( 'NONE',  ( 78.49999999999995737, 139.6699193696437931, -14.67333333333329470 ) ) ;
#2348 = ORIENTED_EDGE ( 'NONE', *, *, #1826, .F. ) ;
#2349 = DIRECTION ( 'NONE',  ( -1.773546254450381162E-16, -3.114764700657959218E-17, -1.000000000000000000 ) ) ;
#2350 = LINE ( 'NONE', #3160, #2486 ) ;
#2351 = ORIENTED_EDGE ( 'NONE', *, *, #2841, .T. ) ;
#2352 = ADVANCED_FACE ( 'NONE', ( #486 ), #2945, .F. ) ;
#2353 = VERTEX_POINT ( 'NONE', #470 ) ;
#2354 = ORIENTED_EDGE ( 'NONE', *, *, #668, .T. ) ;
#2355 = DIRECTION ( 'NONE',  ( -6.938893903907233000E-18, -1.000000000000000000, 2.124224124800602887E-17 ) ) ;
#2356 = FACE_BOUND ( 'NONE', #2118, .T. ) ;
#2357 = ADVANCED_FACE ( 'NONE', ( #1667 ), #1564, .F. ) ;
#2358 = ORIENTED_EDGE ( 'NONE', *, *, #645, .T. ) ;
#2359 = DIRECTION ( 'NONE',  ( -1.000000000000000000, 0.000000000000000000, 0.000000000000000000 ) ) ;
#2360 = DIRECTION ( 'NONE',  ( 6.938893903907233000E-18, 1.000000000000000000, -2.124224124800602887E-17 ) ) ;
#2361 = DIRECTION ( 'NONE',  ( 6.938893903907233000E-18, 1.000000000000000000, -2.124224124800602887E-17 ) ) ;
#2362 = ORIENTED_EDGE ( 'NONE', *, *, #3054, .F. ) ;
#2363 = EDGE_CURVE ( 'NONE', #2761, #1319, #2120, .T. ) ;
#2364 = LINE ( 'NONE', #3479, #782 ) ;
#2365 = CARTESIAN_POINT ( 'NONE',  ( 71.04010050314707314, 139.6699193696437931, 34.20000000000002416 ) ) ;
#2366 = DIRECTION ( 'NONE',  ( 6.938893903907233000E-18, 1.000000000000000000, -2.124224124800602887E-17 ) ) ;
#2367 = ORIENTED_EDGE ( 'NONE', *, *, #2465, .T. ) ;
#2368 = CARTESIAN_POINT ( 'NONE',  ( 6.750000000000030198, 136.6699193696437931, 24.50000000000000355 ) ) ;
#2369 = ORIENTED_EDGE ( 'NONE', *, *, #342, .F. ) ;
#2370 = CARTESIAN_POINT ( 'NONE',  ( 44.79272004953050157, 136.6699193696437931, -1.499999999999974687 ) ) ;
#2371 = CARTESIAN_POINT ( 'NONE',  ( 37.99431603205722041, 136.6699193696437931, 1.334302362045694745E-14 ) ) ;
#2372 = CIRCLE ( 'NONE', #3517, 3.000000000000000888 ) ;
#2373 = LINE ( 'NONE', #171, #2258 ) ;
#2374 = VERTEX_POINT ( 'NONE', #3223 ) ;
#2375 = DIRECTION ( 'NONE',  ( 1.000000000000000000, 0.000000000000000000, 0.000000000000000000 ) ) ;
#2376 = CIRCLE ( 'NONE', #2658, 8.000000000000000000 ) ;
#2377 = EDGE_CURVE ( 'NONE', #1267, #800, #2492, .T. ) ;
#2378 = DIRECTION ( 'NONE',  ( 1.770191701106372407E-16, 1.000000000000000000, -1.033096529485792400E-17 ) ) ;
#2379 = AXIS2_PLACEMENT_3D ( 'NONE', #2865, #1245, #1840 ) ;
#2380 = AXIS2_PLACEMENT_3D ( 'NONE', #1005, #2074, #2108 ) ;
#2381 = CARTESIAN_POINT ( 'NONE',  ( 66.00000000000002842, 139.6699193696437931, 24.50000000000002132 ) ) ;
#2382 = VERTEX_POINT ( 'NONE', #584 ) ;
#2383 = AXIS2_PLACEMENT_3D ( 'NONE', #1980, #314, #1676 ) ;
#2384 = EDGE_CURVE ( 'NONE', #1098, #871, #1163, .T. ) ;
#2385 = FACE_OUTER_BOUND ( 'NONE', #3444, .T. ) ;
#2386 = CARTESIAN_POINT ( 'NONE',  ( 34.94987437106622963, 136.6699193696437931, 34.00000000000000711 ) ) ;
#2387 = VERTEX_POINT ( 'NONE', #1306 ) ;
#2388 = ADVANCED_FACE ( 'NONE', ( #220 ), #3505, .F. ) ;
#2389 = ORIENTED_EDGE ( 'NONE', *, *, #3337, .T. ) ;
#2390 = FACE_OUTER_BOUND ( 'NONE', #2937, .T. ) ;
#2391 = CARTESIAN_POINT ( 'NONE',  ( 17.50000000000002487, 139.6699193696437931, 21.50000000000000355 ) ) ;
#2392 = ORIENTED_EDGE ( 'NONE', *, *, #3228, .F. ) ;
#2393 = CARTESIAN_POINT ( 'NONE',  ( 95.49999999999997158, 139.6699193696437931, -27.99999999999995737 ) ) ;
#2394 = FACE_OUTER_BOUND ( 'NONE', #2328, .T. ) ;
#2395 = AXIS2_PLACEMENT_3D ( 'NONE', #2297, #59, #1162 ) ;
#2396 = DIRECTION ( 'NONE',  ( -1.000000000000000000, 0.000000000000000000, -2.168404344971006896E-16 ) ) ;
#2397 = VERTEX_POINT ( 'NONE', #2137 ) ;
#2398 = EDGE_CURVE ( 'NONE', #1307, #1544, #815, .T. ) ;
#2399 = VECTOR ( 'NONE', #3484, 1000.000000000000000 ) ;
#2400 = EDGE_CURVE ( 'NONE', #1752, #865, #1123, .T. ) ;
#2401 = DIRECTION ( 'NONE',  ( -6.938893903907233000E-18, -1.000000000000000000, 2.124224124800602887E-17 ) ) ;
#2402 = DIRECTION ( 'NONE',  ( -7.964144507004428806E-17, 1.033096529485793786E-17, 1.000000000000000000 ) ) ;
#2403 = PLANE ( 'NONE',  #1855 ) ;
#2404 = ORIENTED_EDGE ( 'NONE', *, *, #2439, .F. ) ;
#2405 = EDGE_LOOP ( 'NONE', ( #496, #1476, #3198, #2729 ) ) ;
#2406 = DIRECTION ( 'NONE',  ( 0.000000000000000000, 0.000000000000000000, -1.000000000000000000 ) ) ;
#2407 = EDGE_CURVE ( 'NONE', #1682, #3060, #1808, .T. ) ;
#2408 = CARTESIAN_POINT ( 'NONE',  ( 37.00000000000003553, 97.61867099011053028, 34.00000000000000711 ) ) ;
#2409 = VERTEX_POINT ( 'NONE', #1412 ) ;
#2410 = DIRECTION ( 'NONE',  ( 1.770191701106372407E-16, 1.000000000000000000, -1.033096529485792400E-17 ) ) ;
#2411 = CARTESIAN_POINT ( 'NONE',  ( 97.50000000000004263, 136.6699193696437931, 2.000000000000026201 ) ) ;
#2412 = DIRECTION ( 'NONE',  ( 1.000000000000000000, 0.000000000000000000, 3.469446951953621091E-16 ) ) ;
#2413 = VERTEX_POINT ( 'NONE', #2511 ) ;
#2414 = DIRECTION ( 'NONE',  ( -1.770191701106372407E-16, -1.000000000000000000, 1.033096529485792400E-17 ) ) ;
#2415 = ADVANCED_FACE ( 'NONE', ( #835 ), #1935, .F. ) ;
#2416 = LINE ( 'NONE', #1910, #2571 ) ;
#2417 = FACE_BOUND ( 'NONE', #2933, .T. ) ;
#2418 = ORIENTED_EDGE ( 'NONE', *, *, #1793, .T. ) ;
#2419 = ORIENTED_EDGE ( 'NONE', *, *, #2946, .F. ) ;
#2420 = ADVANCED_FACE ( 'NONE', ( #662 ), #2541, .T. ) ;
#2421 = DIRECTION ( 'NONE',  ( -6.938893903907233000E-18, -1.000000000000000000, 2.124224124800602887E-17 ) ) ;
#2422 = ORIENTED_EDGE ( 'NONE', *, *, #1359, .T. ) ;
#2423 = CARTESIAN_POINT ( 'NONE',  ( 79.25000000000002842, 136.6699193696437931, 24.50000000000002132 ) ) ;
#2424 = ORIENTED_EDGE ( 'NONE', *, *, #35, .F. ) ;
#2425 = EDGE_CURVE ( 'NONE', #1311, #3384, #3375, .T. ) ;
#2426 = FACE_OUTER_BOUND ( 'NONE', #1235, .T. ) ;
#2427 = CIRCLE ( 'NONE', #1173, 1.500000000000003997 ) ;
#2428 = DIRECTION ( 'NONE',  ( 1.770191701106372407E-16, 1.000000000000000000, -1.033096529485792400E-17 ) ) ;
#2429 = DIRECTION ( 'NONE',  ( 1.770191701106372407E-16, 1.000000000000000000, -1.033096529485792400E-17 ) ) ;
#2430 = ORIENTED_EDGE ( 'NONE', *, *, #2579, .F. ) ;
#2431 = AXIS2_PLACEMENT_3D ( 'NONE', #539, #3294, #774 ) ;
#2432 = DIRECTION ( 'NONE',  ( 1.770191701106372407E-16, 1.000000000000000000, -1.033096529485792400E-17 ) ) ;
#2433 = VECTOR ( 'NONE', #226, 1000.000000000000000 ) ;
#2434 = CARTESIAN_POINT ( 'NONE',  ( 64.75000000000002842, 136.6699193696437931, 24.50000000000002132 ) ) ;
#2435 = FACE_BOUND ( 'NONE', #487, .T. ) ;
#2436 = EDGE_LOOP ( 'NONE', ( #2289, #3036, #1926, #1090 ) ) ;
#2437 = ORIENTED_EDGE ( 'NONE', *, *, #2070, .T. ) ;
#2438 = AXIS2_PLACEMENT_3D ( 'NONE', #2475, #2928, #1023 ) ;
#2439 = EDGE_CURVE ( 'NONE', #1528, #831, #1464, .T. ) ;
#2440 = ORIENTED_EDGE ( 'NONE', *, *, #1333, .T. ) ;
#2441 = EDGE_CURVE ( 'NONE', #3513, #1947, #2372, .T. ) ;
#2442 = DIRECTION ( 'NONE',  ( 1.000000000000000000, 0.000000000000000000, 0.000000000000000000 ) ) ;
#2443 = CARTESIAN_POINT ( 'NONE',  ( 97.50000000000002842, 136.6699193696437931, 27.00000000000002842 ) ) ;
#2444 = ORIENTED_EDGE ( 'NONE', *, *, #397, .T. ) ;
#2445 = CARTESIAN_POINT ( 'NONE',  ( 68.99999999999997158, 139.6699193696437931, -34.99999999999996447 ) ) ;
#2446 = AXIS2_PLACEMENT_3D ( 'NONE', #2285, #2856, #1436 ) ;
#2447 = CARTESIAN_POINT ( 'NONE',  ( 32.99999999999997868, 97.61867099011053028, -38.99999999999997158 ) ) ;
#2448 = PLANE ( 'NONE',  #2320 ) ;
#2449 = CIRCLE ( 'NONE', #2970, 2.000000000000000000 ) ;
#2450 = EDGE_LOOP ( 'NONE', ( #683, #1318, #2158, #1626 ) ) ;
#2451 = EDGE_CURVE ( 'NONE', #94, #1080, #1968, .T. ) ;
#2452 = AXIS2_PLACEMENT_3D ( 'NONE', #1137, #2136, #2674 ) ;
#2453 = CARTESIAN_POINT ( 'NONE',  ( 5.499999999999984013, 136.6699193696437931, -27.49999999999996803 ) ) ;
#2454 = CARTESIAN_POINT ( 'NONE',  ( 37.00000000000003553, 139.6699193696437931, 34.00000000000000711 ) ) ;
#2455 = ORIENTED_EDGE ( 'NONE', *, *, #1699, .F. ) ;
#2456 = AXIS2_PLACEMENT_3D ( 'NONE', #2004, #3389, #3104 ) ;
#2457 = ORIENTED_EDGE ( 'NONE', *, *, #2622, .F. ) ;
#2458 = CYLINDRICAL_SURFACE ( 'NONE', #2798, 7.999999999999992895 ) ;
#2459 = VECTOR ( 'NONE', #1230, 1000.000000000000000 ) ;
#2460 = ORIENTED_EDGE ( 'NONE', *, *, #2398, .T. ) ;
#2461 = DIRECTION ( 'NONE',  ( -6.938893903907233000E-18, -1.000000000000000000, 2.124224124800602887E-17 ) ) ;
#2462 = EDGE_CURVE ( 'NONE', #27, #3085, #2260, .T. ) ;
#2463 = ORIENTED_EDGE ( 'NONE', *, *, #877, .T. ) ;
#2464 = CYLINDRICAL_SURFACE ( 'NONE', #2621, 1.250000000000001110 ) ;
#2465 = EDGE_CURVE ( 'NONE', #379, #2257, #1453, .T. ) ;
#2466 = CYLINDRICAL_SURFACE ( 'NONE', #2321, 1.250000000000001110 ) ;
#2467 = FACE_OUTER_BOUND ( 'NONE', #554, .T. ) ;
#2468 = ORIENTED_EDGE ( 'NONE', *, *, #2363, .F. ) ;
#2469 = CARTESIAN_POINT ( 'NONE',  ( 44.79272004953050157, 139.6699193696437931, 1.474514954580286030E-14 ) ) ;
#2470 = DIRECTION ( 'NONE',  ( -3.755180675296638216E-16, 2.124224124800603196E-17, 1.000000000000000000 ) ) ;
#2471 = ORIENTED_EDGE ( 'NONE', *, *, #3337, .F. ) ;
#2472 = VERTEX_POINT ( 'NONE', #343 ) ;
#2473 = EDGE_CURVE ( 'NONE', #1435, #2409, #2376, .T. ) ;
#2474 = CYLINDRICAL_SURFACE ( 'NONE', #663, 2.000000000000001776 ) ;
#2475 = CARTESIAN_POINT ( 'NONE',  ( 17.50000000000002842, 129.6699193696437931, 13.50000000000000533 ) ) ;
#2476 = ORIENTED_EDGE ( 'NONE', *, *, #96, .F. ) ;
#2477 = CARTESIAN_POINT ( 'NONE',  ( 4.999999999999984013, 137.6699193696437931, -16.49999999999997158 ) ) ;
#2478 = LINE ( 'NONE', #2443, #1878 ) ;
#2479 = VERTEX_POINT ( 'NONE', #1483 ) ;
#2480 = DIRECTION ( 'NONE',  ( 2.873765282794109252E-18, -2.124224124800602887E-17, -1.000000000000000000 ) ) ;
#2481 = DIRECTION ( 'NONE',  ( -1.000000000000000000, 0.000000000000000000, 0.000000000000000000 ) ) ;
#2482 = DIRECTION ( 'NONE',  ( -6.938893903907233000E-18, -1.000000000000000000, 2.124224124800602887E-17 ) ) ;
#2483 = ORIENTED_EDGE ( 'NONE', *, *, #2794, .T. ) ;
#2484 = ADVANCED_FACE ( 'NONE', ( #2578 ), #597, .F. ) ;
#2485 = DIRECTION ( 'NONE',  ( -6.938893903907233000E-18, -1.000000000000000000, 2.124224124800602887E-17 ) ) ;
#2486 = VECTOR ( 'NONE', #741, 1000.000000000000000 ) ;
#2487 = CARTESIAN_POINT ( 'NONE',  ( 17.50000000000002842, 139.6699193696437931, 13.50000000000000533 ) ) ;
#2488 = EDGE_LOOP ( 'NONE', ( #3109, #2253 ) ) ;
#2489 = ORIENTED_EDGE ( 'NONE', *, *, #3279, .T. ) ;
#2490 = CIRCLE ( 'NONE', #823, 1.249999999999997558 ) ;
#2491 = CARTESIAN_POINT ( 'NONE',  ( 66.99999999999997158, 136.6699193696437931, -32.99999999999996447 ) ) ;
#2492 = LINE ( 'NONE', #2408, #366 ) ;
#2493 = AXIS2_PLACEMENT_3D ( 'NONE', #2477, #3019, #2442 ) ;
#2494 = VERTEX_POINT ( 'NONE', #3408 ) ;
#2495 = ADVANCED_FACE ( 'NONE', ( #405 ), #3140, .F. ) ;
#2496 = CARTESIAN_POINT ( 'NONE',  ( 3.469446951953614189E-14, 136.6699193696437931, 3.469446951953614189E-15 ) ) ;
#2497 = CARTESIAN_POINT ( 'NONE',  ( 80.50000000000002842, 136.6699193696437931, 2.500000000000024869 ) ) ;
#2498 = EDGE_LOOP ( 'NONE', ( #2771, #2223 ) ) ;
#2499 = DIRECTION ( 'NONE',  ( 1.000000000000000000, -1.665334536937734811E-16, 2.530533876149287227E-16 ) ) ;
#2500 = CARTESIAN_POINT ( 'NONE',  ( 36.00000000000002842, 136.6699193696437931, 24.50000000000001066 ) ) ;
#2501 = DIRECTION ( 'NONE',  ( -1.000000000000000000, 0.000000000000000000, -2.168404344971008868E-16 ) ) ;
#2502 = VERTEX_POINT ( 'NONE', #2797 ) ;
#2503 = DIRECTION ( 'NONE',  ( -6.938893903907233000E-18, -1.000000000000000000, 2.124224124800602887E-17 ) ) ;
#2504 = DIRECTION ( 'NONE',  ( -1.770191701106372407E-16, -1.000000000000000000, 1.033096529485792400E-17 ) ) ;
#2505 = VECTOR ( 'NONE', #895, 1000.000000000000000 ) ;
#2506 = ADVANCED_FACE ( 'NONE', ( #390 ), #2279, .F. ) ;
#2507 = EDGE_LOOP ( 'NONE', ( #2745, #3189, #1836, #108 ) ) ;
#2508 = VERTEX_POINT ( 'NONE', #1211 ) ;
#2509 = VECTOR ( 'NONE', #122, 1000.000000000000000 ) ;
#2510 = CARTESIAN_POINT ( 'NONE',  ( 17.50000000000002487, 136.6699193696437931, 21.50000000000000355 ) ) ;
#2511 = CARTESIAN_POINT ( 'NONE',  ( 67.24999999999997158, 136.6699193696437931, -27.49999999999996092 ) ) ;
#2512 = VECTOR ( 'NONE', #2875, 1000.000000000000000 ) ;
#2513 = VERTEX_POINT ( 'NONE', #889 ) ;
#2514 = CIRCLE ( 'NONE', #844, 1.499999999999980460 ) ;
#2515 = CARTESIAN_POINT ( 'NONE',  ( 70.50000000000001421, 136.6699193696437931, 21.50000000000001776 ) ) ;
#2516 = CYLINDRICAL_SURFACE ( 'NONE', #724, 1.999999999999999556 ) ;
#2517 = VERTEX_POINT ( 'NONE', #1989 ) ;
#2518 = CYLINDRICAL_SURFACE ( 'NONE', #273, 1.249999999999997558 ) ;
#2519 = EDGE_CURVE ( 'NONE', #3274, #327, #1721, .T. ) ;
#2520 = DIRECTION ( 'NONE',  ( 1.000000000000000000, -6.938893903907224526E-18, 3.755180675296638216E-16 ) ) ;
#2521 = CARTESIAN_POINT ( 'NONE',  ( 35.99999999999999289, 139.6699193696437931, -27.49999999999996803 ) ) ;
#2522 = ORIENTED_EDGE ( 'NONE', *, *, #2924, .T. ) ;
#2523 = LINE ( 'NONE', #2808, #612 ) ;
#2524 = CARTESIAN_POINT ( 'NONE',  ( 80.50000000000002842, 136.6699193696437931, 2.500000000000024869 ) ) ;
#2525 = ORIENTED_EDGE ( 'NONE', *, *, #1782, .F. ) ;
#2526 = CARTESIAN_POINT ( 'NONE',  ( 5.500000000000032863, 136.6699193696437931, 24.50000000000000355 ) ) ;
#2527 = DIRECTION ( 'NONE',  ( -6.938893903907233000E-18, -1.000000000000000000, 2.124224124800602887E-17 ) ) ;
#2528 = EDGE_LOOP ( 'NONE', ( #3510, #365, #354, #980 ) ) ;
#2529 = EDGE_CURVE ( 'NONE', #1677, #871, #106, .T. ) ;
#2530 = DIRECTION ( 'NONE',  ( -1.770191701106372407E-16, -1.000000000000000000, 1.033096529485792400E-17 ) ) ;
#2531 = ORIENTED_EDGE ( 'NONE', *, *, #1164, .F. ) ;
#2532 = DIRECTION ( 'NONE',  ( -1.000000000000000000, 1.665334536937734811E-16, -1.374051558831415256E-16 ) ) ;
#2533 = CARTESIAN_POINT ( 'NONE',  ( 92.50000000000005684, 137.6699193696437931, 13.50000000000003020 ) ) ;
#2534 = DIRECTION ( 'NONE',  ( 1.770191701106372407E-16, 1.000000000000000000, -1.033096529485792400E-17 ) ) ;
#2535 = ADVANCED_FACE ( 'NONE', ( #1179 ), #2295, .F. ) ;
#2536 = ORIENTED_EDGE ( 'NONE', *, *, #417, .F. ) ;
#2537 = CYLINDRICAL_SURFACE ( 'NONE', #454, 8.000000000000000000 ) ;
#2538 = CARTESIAN_POINT ( 'NONE',  ( 66.00000000000002842, 136.6699193696437931, 24.50000000000002132 ) ) ;
#2539 = VERTEX_POINT ( 'NONE', #921 ) ;
#2540 = DIRECTION ( 'NONE',  ( 1.000000000000000000, 0.000000000000000000, 0.000000000000000000 ) ) ;
#2541 = CYLINDRICAL_SURFACE ( 'NONE', #2551, 2.000000000000001776 ) ;
#2542 = AXIS2_PLACEMENT_3D ( 'NONE', #3500, #2653, #3481 ) ;
#2543 = ORIENTED_EDGE ( 'NONE', *, *, #3474, .T. ) ;
#2544 = PLANE ( 'NONE',  #842 ) ;
#2545 = AXIS2_PLACEMENT_3D ( 'NONE', #3529, #2482, #1603 ) ;
#2546 = CIRCLE ( 'NONE', #2380, 1.500000000000003997 ) ;
#2547 = ADVANCED_FACE ( 'NONE', ( #140 ), #722, .F. ) ;
#2548 = ORIENTED_EDGE ( 'NONE', *, *, #2163, .F. ) ;
#2549 = CARTESIAN_POINT ( 'NONE',  ( 2.000000000000036415, 139.6699193696437931, 25.00000000000000000 ) ) ;
#2550 = AXIS2_PLACEMENT_3D ( 'NONE', #2288, #1946, #2695 ) ;
#2551 = AXIS2_PLACEMENT_3D ( 'NONE', #90, #1777, #1144 ) ;
#2552 = CARTESIAN_POINT ( 'NONE',  ( 37.99431603205723462, 147.1008208751676136, -1.499999999999979128 ) ) ;
#2553 = DIRECTION ( 'NONE',  ( 6.938893903907233000E-18, 1.000000000000000000, -2.124224124800602887E-17 ) ) ;
#2554 = EDGE_LOOP ( 'NONE', ( #395, #3117, #2998, #2154 ) ) ;
#2555 = LINE ( 'NONE', #384, #1543 ) ;
#2556 = DIRECTION ( 'NONE',  ( 1.000000000000000000, 0.000000000000000000, 0.000000000000000000 ) ) ;
#2557 = ORIENTED_EDGE ( 'NONE', *, *, #1082, .F. ) ;
#2558 = VECTOR ( 'NONE', #3149, 1000.000000000000000 ) ;
#2559 = CARTESIAN_POINT ( 'NONE',  ( 69.05012562893382722, 139.6699193696437931, 34.00000000000002132 ) ) ;
#2560 = DIRECTION ( 'NONE',  ( -1.000000000000000000, 1.770191701106372407E-16, -1.374051558831415256E-16 ) ) ;
#2561 = AXIS2_PLACEMENT_3D ( 'NONE', #2719, #1842, #1047 ) ;
#2562 = ORIENTED_EDGE ( 'NONE', *, *, #2841, .F. ) ;
#2563 = CYLINDRICAL_SURFACE ( 'NONE', #3126, 7.999999999999992895 ) ;
#2564 = DIRECTION ( 'NONE',  ( -6.938893903907233000E-18, -1.000000000000000000, 2.124224124800602887E-17 ) ) ;
#2565 = AXIS2_PLACEMENT_3D ( 'NONE', #3330, #1093, #1653 ) ;
#2566 = ORIENTED_EDGE ( 'NONE', *, *, #55, .T. ) ;
#2567 = CYLINDRICAL_SURFACE ( 'NONE', #100, 1.249999999999997558 ) ;
#2568 = CIRCLE ( 'NONE', #1651, 3.000000000000000888 ) ;
#2569 = ADVANCED_FACE ( 'NONE', ( #210 ), #1265, .F. ) ;
#2570 = FACE_BOUND ( 'NONE', #1094, .T. ) ;
#2571 = VECTOR ( 'NONE', #3511, 1000.000000000000000 ) ;
#2572 = EDGE_LOOP ( 'NONE', ( #3435, #2266, #2293, #347 ) ) ;
#2573 = ORIENTED_EDGE ( 'NONE', *, *, #506, .F. ) ;
#2574 = EDGE_CURVE ( 'NONE', #1668, #2878, #3460, .T. ) ;
#2575 = CARTESIAN_POINT ( 'NONE',  ( 48.75000000000001421, 136.6699193696437931, 21.50000000000001066 ) ) ;
#2576 = VERTEX_POINT ( 'NONE', #179 ) ;
#2577 = PLANE ( 'NONE',  #960 ) ;
#2578 = FACE_OUTER_BOUND ( 'NONE', #2613, .T. ) ;
#2579 = EDGE_CURVE ( 'NONE', #675, #3212, #3216, .T. ) ;
#2580 = ORIENTED_EDGE ( 'NONE', *, *, #457, .F. ) ;
#2581 = CARTESIAN_POINT ( 'NONE',  ( 80.49999999999995737, 136.6699193696437931, -27.49999999999996092 ) ) ;
#2582 = DIRECTION ( 'NONE',  ( -6.938893903907233000E-18, -1.000000000000000000, 2.124224124800602887E-17 ) ) ;
#2583 = ADVANCED_FACE ( 'NONE', ( #3197 ), #2669, .F. ) ;
#2584 = ORIENTED_EDGE ( 'NONE', *, *, #1561, .T. ) ;
#2585 = ORIENTED_EDGE ( 'NONE', *, *, #2400, .T. ) ;
#2586 = CYLINDRICAL_SURFACE ( 'NONE', #3023, 1.999999999999999556 ) ;
#2587 = DIRECTION ( 'NONE',  ( -1.000000000000000000, 1.665334536937734811E-16, 1.773546254450381162E-16 ) ) ;
#2588 = CARTESIAN_POINT ( 'NONE',  ( 17.50000000000002842, 136.6699193696437931, 11.67333333333334622 ) ) ;
#2589 = ORIENTED_EDGE ( 'NONE', *, *, #2680, .T. ) ;
#2590 = VERTEX_POINT ( 'NONE', #1828 ) ;
#2591 = EDGE_CURVE ( 'NONE', #1331, #3152, #1861, .T. ) ;
#2592 = FACE_OUTER_BOUND ( 'NONE', #2007, .T. ) ;
#2593 = CARTESIAN_POINT ( 'NONE',  ( 70.50000000000002842, 136.6699193696437931, 11.67333333333336043 ) ) ;
#2594 = VERTEX_POINT ( 'NONE', #1523 ) ;
#2595 = EDGE_CURVE ( 'NONE', #1445, #622, #1275, .T. ) ;
#2596 = DIRECTION ( 'NONE',  ( -1.000000000000000000, 0.000000000000000000, 0.000000000000000000 ) ) ;
#2597 = DIRECTION ( 'NONE',  ( 1.000000000000000000, 0.000000000000000000, 0.000000000000000000 ) ) ;
#2598 = DIRECTION ( 'NONE',  ( 7.964144507004430038E-17, -3.114764700657963532E-17, -1.000000000000000000 ) ) ;
#2599 = EDGE_LOOP ( 'NONE', ( #340, #1102, #387, #3398 ) ) ;
#2600 = APPLICATION_PROTOCOL_DEFINITION ( 'draft international standard', 'automotive_design', 1998, #3170 ) ;
#2601 = CARTESIAN_POINT ( 'NONE',  ( 5.500000000000032863, 136.6699193696437931, 2.500000000000005773 ) ) ;
#2602 = AXIS2_PLACEMENT_3D ( 'NONE', #1297, #2904, #2079 ) ;
#2603 = EDGE_LOOP ( 'NONE', ( #3487, #1407, #1046, #3090 ) ) ;
#2604 = VERTEX_POINT ( 'NONE', #2619 ) ;
#2605 = EDGE_CURVE ( 'NONE', #2508, #172, #423, .T. ) ;
#2606 = AXIS2_PLACEMENT_3D ( 'NONE', #3456, #3136, #1569 ) ;
#2607 = VECTOR ( 'NONE', #2183, 1000.000000000000000 ) ;
#2608 = DIRECTION ( 'NONE',  ( -6.938893903907233000E-18, -1.000000000000000000, 2.124224124800602887E-17 ) ) ;
#2609 = FACE_BOUND ( 'NONE', #610, .T. ) ;
#2610 = CIRCLE ( 'NONE', #1458, 7.999999999999996447 ) ;
#2611 = ORIENTED_EDGE ( 'NONE', *, *, #2794, .F. ) ;
#2612 = VECTOR ( 'NONE', #1039, 1000.000000000000000 ) ;
#2613 = EDGE_LOOP ( 'NONE', ( #270, #3340, #1841, #2249 ) ) ;
#2614 = CARTESIAN_POINT ( 'NONE',  ( 64.75000000000002842, 136.6699193696437931, 24.50000000000002132 ) ) ;
#2615 = CARTESIAN_POINT ( 'NONE',  ( 33.00000000000002842, 97.61867099011053028, 36.00000000000001421 ) ) ;
#2616 = ORIENTED_EDGE ( 'NONE', *, *, #3406, .F. ) ;
#2617 = EDGE_CURVE ( 'NONE', #478, #2313, #194, .T. ) ;
#2618 = DIRECTION ( 'NONE',  ( -6.938893903907233000E-18, -1.000000000000000000, 2.124224124800602887E-17 ) ) ;
#2619 = CARTESIAN_POINT ( 'NONE',  ( 97.49999999999997158, 136.6699193696437931, -4.999999999999953815 ) ) ;
#2620 = ORIENTED_EDGE ( 'NONE', *, *, #2407, .T. ) ;
#2621 = AXIS2_PLACEMENT_3D ( 'NONE', #3056, #3309, #587 ) ;
#2622 = EDGE_CURVE ( 'NONE', #239, #1682, #2350, .T. ) ;
#2623 = CARTESIAN_POINT ( 'NONE',  ( 90.99999999999998579, 137.6699193696437931, -16.49999999999995737 ) ) ;
#2624 = CIRCLE ( 'NONE', #1071, 1.249999999999997558 ) ;
#2625 = ORIENTED_EDGE ( 'NONE', *, *, #237, .F. ) ;
#2626 = VERTEX_POINT ( 'NONE', #2114 ) ;
#2627 = DIRECTION ( 'NONE',  ( 1.000000000000000000, 0.000000000000000000, 0.000000000000000000 ) ) ;
#2628 = AXIS2_PLACEMENT_3D ( 'NONE', #578, #1678, #319 ) ;
#2629 = DIRECTION ( 'NONE',  ( -1.770191701106372407E-16, -1.000000000000000000, 1.033096529485792400E-17 ) ) ;
#2630 = CARTESIAN_POINT ( 'NONE',  ( 48.75000000000001421, 136.6699193696437931, 13.50000000000001776 ) ) ;
#2631 = AXIS2_PLACEMENT_3D ( 'NONE', #250, #1666, #3016 ) ;
#2632 = ORIENTED_EDGE ( 'NONE', *, *, #2595, .T. ) ;
#2633 = ADVANCED_FACE ( 'NONE', ( #1249 ), #464, .F. ) ;
#2634 = DIRECTION ( 'NONE',  ( 1.770191701106372407E-16, 1.000000000000000000, -1.033096529485792400E-17 ) ) ;
#2635 = AXIS2_PLACEMENT_3D ( 'NONE', #1810, #2903, #463 ) ;
#2636 = DIRECTION ( 'NONE',  ( -6.938893903907233000E-18, -1.000000000000000000, 2.124224124800602887E-17 ) ) ;
#2637 = CARTESIAN_POINT ( 'NONE',  ( 4.249999999999986677, 136.6699193696437931, -5.499999999999968026 ) ) ;
#2638 = ORIENTED_EDGE ( 'NONE', *, *, #1035, .T. ) ;
#2639 = DIRECTION ( 'NONE',  ( 1.770191701106372407E-16, 1.000000000000000000, -1.033096529485792400E-17 ) ) ;
#2640 = CARTESIAN_POINT ( 'NONE',  ( 92.50000000000005684, 137.6699193696437931, 13.50000000000003020 ) ) ;
#2641 = ORIENTED_EDGE ( 'NONE', *, *, #303, .T. ) ;
#2642 = CARTESIAN_POINT ( 'NONE',  ( 6.750000000000030198, 136.6699193696437931, 2.500000000000006217 ) ) ;
#2643 = ORIENTED_EDGE ( 'NONE', *, *, #1894, .T. ) ;
#2644 = EDGE_CURVE ( 'NONE', #2594, #1413, #2200, .T. ) ;
#2645 = LINE ( 'NONE', #169, #1353 ) ;
#2646 = PRODUCT_DEFINITION_SHAPE ( 'NONE', 'NONE',  #992 ) ;
#2647 = FACE_BOUND ( 'NONE', #2994, .T. ) ;
#2648 = EDGE_LOOP ( 'NONE', ( #2444, #2245, #437, #2839 ) ) ;
#2649 = DIRECTION ( 'NONE',  ( -6.938893903907233000E-18, -1.000000000000000000, 2.124224124800602887E-17 ) ) ;
#2650 = DIRECTION ( 'NONE',  ( 1.000000000000000000, 0.000000000000000000, 0.000000000000000000 ) ) ;
#2651 = LINE ( 'NONE', #460, #1109 ) ;
#2652 = ORIENTED_EDGE ( 'NONE', *, *, #1451, .T. ) ;
#2653 = DIRECTION ( 'NONE',  ( -1.770191701106372407E-16, -1.000000000000000000, 1.033096529485792400E-17 ) ) ;
#2654 = ORIENTED_EDGE ( 'NONE', *, *, #401, .T. ) ;
#2655 = EDGE_LOOP ( 'NONE', ( #1798, #2144, #1871, #243 ) ) ;
#2656 = CARTESIAN_POINT ( 'NONE',  ( 17.50000000000002842, 129.6699193696437931, 11.67333333333334799 ) ) ;
#2657 = CARTESIAN_POINT ( 'NONE',  ( 25.00000000000002842, 97.61867099011053028, 35.00000000000000711 ) ) ;
#2658 = AXIS2_PLACEMENT_3D ( 'NONE', #2827, #1431, #3069 ) ;
#2659 = EDGE_CURVE ( 'NONE', #1963, #3283, #23, .T. ) ;
#2660 = DIRECTION ( 'NONE',  ( 1.000000000000000000, 0.000000000000000000, 0.000000000000000000 ) ) ;
#2661 = ORIENTED_EDGE ( 'NONE', *, *, #3388, .F. ) ;
#2662 = LINE ( 'NONE', #438, #1349 ) ;
#2663 = DIRECTION ( 'NONE',  ( 1.000000000000000000, 0.000000000000000000, 0.000000000000000000 ) ) ;
#2664 = CIRCLE ( 'NONE', #3412, 2.000000000000001776 ) ;
#2665 = AXIS2_PLACEMENT_3D ( 'NONE', #3385, #3047, #3338 ) ;
#2666 = FACE_OUTER_BOUND ( 'NONE', #2013, .T. ) ;
#2667 = VERTEX_POINT ( 'NONE', #1542 ) ;
#2668 = AXIS2_PLACEMENT_3D ( 'NONE', #2314, #1546, #744 ) ;
#2669 = CYLINDRICAL_SURFACE ( 'NONE', #2542, 1.500000000000003997 ) ;
#2670 = ORIENTED_EDGE ( 'NONE', *, *, #1357, .F. ) ;
#2671 = DIRECTION ( 'NONE',  ( -6.938893903907233000E-18, -1.000000000000000000, 2.124224124800602887E-17 ) ) ;
#2672 = EDGE_LOOP ( 'NONE', ( #3327, #3414, #3366, #1709 ) ) ;
#2673 = DIRECTION ( 'NONE',  ( 1.000000000000000000, 0.000000000000000000, 0.000000000000000000 ) ) ;
#2674 = DIRECTION ( 'NONE',  ( 1.000000000000000000, 0.000000000000000000, 0.000000000000000000 ) ) ;
#2675 = CIRCLE ( 'NONE', #269, 2.000000000000000000 ) ;
#2676 = DIRECTION ( 'NONE',  ( 1.000000000000000000, 0.000000000000000000, 0.000000000000000000 ) ) ;
#2677 = ORIENTED_EDGE ( 'NONE', *, *, #3081, .T. ) ;
#2678 = FACE_OUTER_BOUND ( 'NONE', #2906, .T. ) ;
#2679 = AXIS2_PLACEMENT_3D ( 'NONE', #1312, #2414, #1621 ) ;
#2680 = EDGE_CURVE ( 'NONE', #2590, #1107, #2944, .T. ) ;
#2681 = EDGE_CURVE ( 'NONE', #3255, #2086, #138, .T. ) ;
#2682 = CARTESIAN_POINT ( 'NONE',  ( 36.99999999999998579, 139.6699193696437931, -36.99999999999996447 ) ) ;
#2683 = VECTOR ( 'NONE', #2530, 1000.000000000000000 ) ;
#2684 = LINE ( 'NONE', #1084, #2949 ) ;
#2685 = ORIENTED_EDGE ( 'NONE', *, *, #1857, .T. ) ;
#2686 = ADVANCED_FACE ( 'NONE', ( #1575 ), #2403, .F. ) ;
#2687 = CARTESIAN_POINT ( 'NONE',  ( 81.74999999999995737, 136.6699193696437931, -5.499999999999958256 ) ) ;
#2688 = DIRECTION ( 'NONE',  ( -1.000000000000000000, 1.665334536937734811E-16, -1.374051558831415256E-16 ) ) ;
#2689 = DIRECTION ( 'NONE',  ( -1.000000000000000000, 6.938893903907224526E-18, -3.755180675296638216E-16 ) ) ;
#2690 = CIRCLE ( 'NONE', #1360, 2.000000000000001776 ) ;
#2691 = EDGE_LOOP ( 'NONE', ( #1613, #2131, #735, #3387 ) ) ;
#2692 = EDGE_LOOP ( 'NONE', ( #2419, #1484, #534, #1562 ) ) ;
#2693 = EDGE_LOOP ( 'NONE', ( #2661, #358, #2367, #1643 ) ) ;
#2694 = EDGE_CURVE ( 'NONE', #3436, #800, #795, .T. ) ;
#2695 = DIRECTION ( 'NONE',  ( 6.938893903907233000E-18, 1.000000000000000000, -2.124224124800602887E-17 ) ) ;
#2696 = DIRECTION ( 'NONE',  ( 1.000000000000000000, 0.000000000000000000, 0.000000000000000000 ) ) ;
#2697 = ORIENTED_EDGE ( 'NONE', *, *, #588, .F. ) ;
#2698 = ORIENTED_EDGE ( 'NONE', *, *, #952, .T. ) ;
#2699 = CARTESIAN_POINT ( 'NONE',  ( 91.00000000000005684, 137.6699193696437931, 13.50000000000003020 ) ) ;
#2700 = DIRECTION ( 'NONE',  ( 1.000000000000000000, 0.000000000000000000, 0.000000000000000000 ) ) ;
#2701 = ORIENTED_EDGE ( 'NONE', *, *, #2182, .T. ) ;
#2702 = DIRECTION ( 'NONE',  ( -1.000000000000000000, 0.000000000000000000, 0.000000000000000000 ) ) ;
#2703 = DIRECTION ( 'NONE',  ( 6.938893903907233000E-18, 1.000000000000000000, -2.124224124800602887E-17 ) ) ;
#2704 = FACE_BOUND ( 'NONE', #3536, .T. ) ;
#2705 = ADVANCED_FACE ( 'NONE', ( #3011 ), #1880, .F. ) ;
#2706 = ORIENTED_EDGE ( 'NONE', *, *, #560, .F. ) ;
#2707 = FACE_OUTER_BOUND ( 'NONE', #2572, .T. ) ;
#2708 = DIRECTION ( 'NONE',  ( 1.770191701106372407E-16, 1.000000000000000000, -1.033096529485792400E-17 ) ) ;
#2709 = DIRECTION ( 'NONE',  ( -6.938893903907233000E-18, -1.000000000000000000, 2.124224124800602887E-17 ) ) ;
#2710 = ADVANCED_FACE ( 'NONE', ( #1642 ), #3269, .T. ) ;
#2711 = VERTEX_POINT ( 'NONE', #2170 ) ;
#2712 = CARTESIAN_POINT ( 'NONE',  ( 34.94987437106622963, 139.6699193696437931, 34.00000000000000711 ) ) ;
#2713 = CIRCLE ( 'NONE', #3190, 8.000000000000000000 ) ;
#2714 = CARTESIAN_POINT ( 'NONE',  ( 79.24999999999995737, 136.6699193696437931, -27.49999999999996092 ) ) ;
#2715 = CARTESIAN_POINT ( 'NONE',  ( 37.25000000000003553, 139.6699193696437931, 24.50000000000001066 ) ) ;
#2716 = VECTOR ( 'NONE', #3030, 1000.000000000000000 ) ;
#2717 = ORIENTED_EDGE ( 'NONE', *, *, #2738, .T. ) ;
#2718 = VECTOR ( 'NONE', #1292, 1000.000000000000000 ) ;
#2719 = CARTESIAN_POINT ( 'NONE',  ( 5.500000000000032863, 139.6699193696437931, 24.50000000000000355 ) ) ;
#2720 = AXIS2_PLACEMENT_3D ( 'NONE', #2917, #2636, #175 ) ;
#2721 = DIRECTION ( 'NONE',  ( 1.000000000000000000, 0.000000000000000000, 0.000000000000000000 ) ) ;
#2722 = FACE_BOUND ( 'NONE', #1635, .T. ) ;
#2723 = ORIENTED_EDGE ( 'NONE', *, *, #3228, .T. ) ;
#2724 = VECTOR ( 'NONE', #1433, 1000.000000000000000 ) ;
#2725 = VERTEX_POINT ( 'NONE', #3048 ) ;
#2726 = VECTOR ( 'NONE', #398, 1000.000000000000000 ) ;
#2727 = ADVANCED_FACE ( 'NONE', ( #1897, #830, #1050, #266, #564, #1068, #1663, #2221, #1329, #1951, #246, #1594, #1314, #2993, #2417, #3512, #1624, #2704, #2149, #2435, #2722 ), #3550, .T. ) ;
#2728 = ADVANCED_FACE ( 'NONE', ( #811, #3534 ), #524, .T. ) ;
#2729 = ORIENTED_EDGE ( 'NONE', *, *, #1438, .F. ) ;
#2730 = EDGE_CURVE ( 'NONE', #284, #3538, #993, .T. ) ;
#2731 = CARTESIAN_POINT ( 'NONE',  ( 92.49999999999998579, 137.6699193696437931, -16.49999999999995737 ) ) ;
#2732 = DIRECTION ( 'NONE',  ( 6.938893903907233000E-18, 1.000000000000000000, -2.124224124800602887E-17 ) ) ;
#2733 = EDGE_LOOP ( 'NONE', ( #404, #1028 ) ) ;
#2734 = CARTESIAN_POINT ( 'NONE',  ( 70.49999999999997158, 136.6699193696437931, -24.49999999999996092 ) ) ;
#2735 = CIRCLE ( 'NONE', #3483, 1.250000000000001110 ) ;
#2736 = DIRECTION ( 'NONE',  ( 1.770191701106372407E-16, 1.000000000000000000, -1.033096529485792400E-17 ) ) ;
#2737 = CARTESIAN_POINT ( 'NONE',  ( 9.499999999999973355, 136.6699193696437931, -16.49999999999996803 ) ) ;
#2738 = EDGE_CURVE ( 'NONE', #573, #1913, #2744, .T. ) ;
#2739 = VECTOR ( 'NONE', #3466, 1000.000000000000000 ) ;
#2740 = ORIENTED_EDGE ( 'NONE', *, *, #1760, .T. ) ;
#2741 = VECTOR ( 'NONE', #748, 1000.000000000000000 ) ;
#2742 = LINE ( 'NONE', #2687, #3486 ) ;
#2743 = DIRECTION ( 'NONE',  ( -1.770191701106372407E-16, -1.000000000000000000, 1.033096529485792400E-17 ) ) ;
#2744 = LINE ( 'NONE', #780, #1053 ) ;
#2745 = ORIENTED_EDGE ( 'NONE', *, *, #1671, .T. ) ;
#2746 = VECTOR ( 'NONE', #2421, 1000.000000000000000 ) ;
#2747 = ORIENTED_EDGE ( 'NONE', *, *, #1379, .T. ) ;
#2748 = CIRCLE ( 'NONE', #2665, 2.000000000000001776 ) ;
#2749 = CARTESIAN_POINT ( 'NONE',  ( 4.250000000000034639, 136.6699193696437931, 24.50000000000000355 ) ) ;
#2750 = ORIENTED_EDGE ( 'NONE', *, *, #1727, .F. ) ;
#2751 = CARTESIAN_POINT ( 'NONE',  ( 5.499999999999984013, 139.6699193696437931, -5.499999999999968026 ) ) ;
#2752 = EDGE_CURVE ( 'NONE', #352, #1280, #1512, .T. ) ;
#2753 = ORIENTED_EDGE ( 'NONE', *, *, #1044, .F. ) ;
#2754 = LINE ( 'NONE', #348, #1928 ) ;
#2755 = CARTESIAN_POINT ( 'NONE',  ( 80.50000000000002842, 139.6699193696437931, 2.500000000000024869 ) ) ;
#2756 = CYLINDRICAL_SURFACE ( 'NONE', #1514, 1.250000000000001110 ) ;
#2757 = ORIENTED_EDGE ( 'NONE', *, *, #3302, .F. ) ;
#2758 = DIRECTION ( 'NONE',  ( 1.770191701106372407E-16, 1.000000000000000000, -1.033096529485792400E-17 ) ) ;
#2759 = CYLINDRICAL_SURFACE ( 'NONE', #1304, 2.000000000000001776 ) ;
#2760 = CARTESIAN_POINT ( 'NONE',  ( 3.469446951953614189E-14, 136.6699193696437931, 25.00000000000000000 ) ) ;
#2761 = VERTEX_POINT ( 'NONE', #1101 ) ;
#2762 = EDGE_CURVE ( 'NONE', #1528, #1413, #2201, .T. ) ;
#2763 = ORIENTED_EDGE ( 'NONE', *, *, #1427, .T. ) ;
#2764 = CARTESIAN_POINT ( 'NONE',  ( 4.249999999999986677, 136.6699193696437931, -27.49999999999996803 ) ) ;
#2765 = ORIENTED_EDGE ( 'NONE', *, *, #256, .F. ) ;
#2766 = CARTESIAN_POINT ( 'NONE',  ( 80.50000000000002842, 136.6699193696437931, 24.50000000000002132 ) ) ;
#2767 = EDGE_LOOP ( 'NONE', ( #2781, #796, #3079, #1817 ) ) ;
#2768 = CARTESIAN_POINT ( 'NONE',  ( 5.000000000000031974, 137.6699193696437931, 13.50000000000000533 ) ) ;
#2769 = DIRECTION ( 'NONE',  ( 6.938893903907233000E-18, 1.000000000000000000, -2.124224124800602887E-17 ) ) ;
#2770 = DIRECTION ( 'NONE',  ( 6.938893903907233000E-18, 1.000000000000000000, -2.124224124800602887E-17 ) ) ;
#2771 = ORIENTED_EDGE ( 'NONE', *, *, #96, .T. ) ;
#2772 = LINE ( 'NONE', #2255, #3091 ) ;
#2773 = CIRCLE ( 'NONE', #2088, 3.000000000000000888 ) ;
#2774 = VERTEX_POINT ( 'NONE', #2760 ) ;
#2775 = VERTEX_POINT ( 'NONE', #1118 ) ;
#2776 = AXIS2_PLACEMENT_3D ( 'NONE', #295, #1112, #1132 ) ;
#2777 = FACE_OUTER_BOUND ( 'NONE', #580, .T. ) ;
#2778 = CARTESIAN_POINT ( 'NONE',  ( 79.00000000000002842, 136.6699193696437931, 35.00000000000002132 ) ) ;
#2779 = CIRCLE ( 'NONE', #1576, 2.000000000000001776 ) ;
#2780 = EDGE_CURVE ( 'NONE', #585, #352, #300, .T. ) ;
#2781 = ORIENTED_EDGE ( 'NONE', *, *, #2345, .T. ) ;
#2782 =( GEOMETRIC_REPRESENTATION_CONTEXT ( 3 ) GLOBAL_UNCERTAINTY_ASSIGNED_CONTEXT ( ( #817 ) ) GLOBAL_UNIT_ASSIGNED_CONTEXT ( ( #165, #1281, #429 ) ) REPRESENTATION_CONTEXT ( 'NONE', 'WORKASPACE' ) );
#2783 = FACE_OUTER_BOUND ( 'NONE', #1590, .T. ) ;
#2784 = DIRECTION ( 'NONE',  ( -1.770191701106372407E-16, -1.000000000000000000, 1.033096529485792400E-17 ) ) ;
#2785 = ORIENTED_EDGE ( 'NONE', *, *, #3364, .F. ) ;
#2786 = DIRECTION ( 'NONE',  ( 1.000000000000000000, 0.000000000000000000, 0.000000000000000000 ) ) ;
#2787 = CARTESIAN_POINT ( 'NONE',  ( 79.00000000000002842, 139.6699193696437931, 35.00000000000002132 ) ) ;
#2788 = DIRECTION ( 'NONE',  ( 1.000000000000000000, 0.000000000000000000, 0.000000000000000000 ) ) ;
#2789 = ORIENTED_EDGE ( 'NONE', *, *, #2680, .F. ) ;
#2790 = AXIS2_PLACEMENT_3D ( 'NONE', #1838, #1308, #2359 ) ;
#2791 = DIRECTION ( 'NONE',  ( -1.770191701106372407E-16, -1.000000000000000000, 1.033096529485792400E-17 ) ) ;
#2792 = DIRECTION ( 'NONE',  ( 1.000000000000000000, 0.000000000000000000, 0.000000000000000000 ) ) ;
#2793 = ORIENTED_EDGE ( 'NONE', *, *, #1254, .F. ) ;
#2794 = EDGE_CURVE ( 'NONE', #915, #1462, #1406, .T. ) ;
#2795 = AXIS2_PLACEMENT_3D ( 'NONE', #3, #2709, #3289 ) ;
#2796 = DIRECTION ( 'NONE',  ( -1.770191701106372407E-16, -1.000000000000000000, 1.033096529485792400E-17 ) ) ;
#2797 = CARTESIAN_POINT ( 'NONE',  ( 69.05012562893378458, 136.6699193696437931, -38.99999999999996447 ) ) ;
#2798 = AXIS2_PLACEMENT_3D ( 'NONE', #37, #304, #1 ) ;
#2799 = EDGE_LOOP ( 'NONE', ( #75, #664, #3194, #1001 ) ) ;
#2800 = AXIS2_PLACEMENT_3D ( 'NONE', #1896, #2957, #2992 ) ;
#2801 = LINE ( 'NONE', #859, #707 ) ;
#2802 = DIRECTION ( 'NONE',  ( 6.938893903907233000E-18, 1.000000000000000000, -2.124224124800602887E-17 ) ) ;
#2803 = ORIENTED_EDGE ( 'NONE', *, *, #3323, .T. ) ;
#2804 = DIRECTION ( 'NONE',  ( -1.770191701106372407E-16, -1.000000000000000000, 1.033096529485792400E-17 ) ) ;
#2805 = CARTESIAN_POINT ( 'NONE',  ( 97.49999999999997158, 136.6699193696437931, -27.99999999999995737 ) ) ;
#2806 = CARTESIAN_POINT ( 'NONE',  ( 9.500000000000028422, 139.6699193696437931, 21.50000000000000355 ) ) ;
#2807 = ORIENTED_EDGE ( 'NONE', *, *, #746, .T. ) ;
#2808 = CARTESIAN_POINT ( 'NONE',  ( 69.05012562893378458, 136.6699193696437931, -38.99999999999996447 ) ) ;
#2809 = SURFACE_STYLE_USAGE ( .BOTH. , #1479 ) ;
#2810 = ORIENTED_EDGE ( 'NONE', *, *, #987, .F. ) ;
#2811 = EDGE_CURVE ( 'NONE', #1182, #1580, #2316, .T. ) ;
#2812 = DIRECTION ( 'NONE',  ( 1.000000000000000000, 0.000000000000000000, 0.000000000000000000 ) ) ;
#2813 = DIRECTION ( 'NONE',  ( -1.770191701106372407E-16, -1.000000000000000000, 1.033096529485792400E-17 ) ) ;
#2814 = ORIENTED_EDGE ( 'NONE', *, *, #2011, .T. ) ;
#2815 = CARTESIAN_POINT ( 'NONE',  ( 34.94987437106622963, 139.6699193696437931, 36.00000000000001421 ) ) ;
#2816 = EDGE_LOOP ( 'NONE', ( #2455, #2337, #1779, #582 ) ) ;
#2817 = DIRECTION ( 'NONE',  ( -2.598698357978766491E-16, 2.124224124800603196E-17, 1.000000000000000000 ) ) ;
#2818 = LINE ( 'NONE', #557, #2031 ) ;
#2819 = EDGE_CURVE ( 'NONE', #465, #2257, #2823, .T. ) ;
#2820 = LINE ( 'NONE', #364, #1172 ) ;
#2821 = ORIENTED_EDGE ( 'NONE', *, *, #367, .T. ) ;
#2822 = CARTESIAN_POINT ( 'NONE',  ( 6.499999999999987566, 139.6699193696437931, -16.49999999999997158 ) ) ;
#2823 = LINE ( 'NONE', #1426, #3521 ) ;
#2824 = VERTEX_POINT ( 'NONE', #102 ) ;
#2825 = VECTOR ( 'NONE', #2520, 1000.000000000000000 ) ;
#2826 = CARTESIAN_POINT ( 'NONE',  ( 92.49999999999998579, 137.6699193696437931, -16.49999999999995737 ) ) ;
#2827 = CARTESIAN_POINT ( 'NONE',  ( 25.00000000000002842, 139.6699193696437931, 35.00000000000000711 ) ) ;
#2828 = VECTOR ( 'NONE', #2813, 1000.000000000000000 ) ;
#2829 = ORIENTED_EDGE ( 'NONE', *, *, #2752, .T. ) ;
#2830 = CYLINDRICAL_SURFACE ( 'NONE', #1807, 1.250000000000001110 ) ;
#2831 = DIRECTION ( 'NONE',  ( 1.000000000000000000, 0.000000000000000000, 0.000000000000000000 ) ) ;
#2832 = VECTOR ( 'NONE', #1259, 1000.000000000000000 ) ;
#2833 = VERTEX_POINT ( 'NONE', #886 ) ;
#2834 = EDGE_CURVE ( 'NONE', #857, #2151, #2773, .T. ) ;
#2835 = DIRECTION ( 'NONE',  ( -6.938893903907233000E-18, -1.000000000000000000, 2.124224124800602887E-17 ) ) ;
#2836 = AXIS2_PLACEMENT_3D ( 'NONE', #1092, #2155, #1057 ) ;
#2837 = FACE_BOUND ( 'NONE', #416, .T. ) ;
#2838 = ORIENTED_EDGE ( 'NONE', *, *, #3377, .T. ) ;
#2839 = ORIENTED_EDGE ( 'NONE', *, *, #1408, .F. ) ;
#2840 = MANIFOLD_SOLID_BREP ( '\X2\51f853f0\X0\-\X2\62c94f38\X0\1', #3080 ) ;
#2841 = EDGE_CURVE ( 'NONE', #1999, #149, #1630, .T. ) ;
#2842 = DIRECTION ( 'NONE',  ( 1.000000000000000000, 0.000000000000000000, 0.000000000000000000 ) ) ;
#2843 = DIRECTION ( 'NONE',  ( -1.770191701106372407E-16, -1.000000000000000000, 1.033096529485792400E-17 ) ) ;
#2844 = ORIENTED_EDGE ( 'NONE', *, *, #2377, .T. ) ;
#2845 = AXIS2_PLACEMENT_3D ( 'NONE', #772, #240, #1818 ) ;
#2846 = CARTESIAN_POINT ( 'NONE',  ( 3.499999999999979572, 139.6699193696437931, -16.49999999999997158 ) ) ;
#2847 = CYLINDRICAL_SURFACE ( 'NONE', #3321, 1.500000000000003997 ) ;
#2848 = CARTESIAN_POINT ( 'NONE',  ( 92.49999999999998579, 137.6699193696437931, -16.49999999999995737 ) ) ;
#2849 = CIRCLE ( 'NONE', #1128, 1.250000000000001110 ) ;
#2850 = ORIENTED_EDGE ( 'NONE', *, *, #2132, .F. ) ;
#2851 = CARTESIAN_POINT ( 'NONE',  ( 79.00000000000002842, 139.6699193696437931, 35.00000000000002132 ) ) ;
#2852 = DIRECTION ( 'NONE',  ( -6.938893903907233000E-18, -1.000000000000000000, 2.124224124800602887E-17 ) ) ;
#2853 = CIRCLE ( 'NONE', #1298, 2.000000000000001776 ) ;
#2854 = VERTEX_POINT ( 'NONE', #904 ) ;
#2855 = ORIENTED_EDGE ( 'NONE', *, *, #1000, .T. ) ;
#2856 = DIRECTION ( 'NONE',  ( 6.938893903907233000E-18, 1.000000000000000000, -2.124224124800602887E-17 ) ) ;
#2857 = CIRCLE ( 'NONE', #1539, 1.249999999999997558 ) ;
#2858 = DIRECTION ( 'NONE',  ( -2.598698357978766491E-16, 2.124224124800603196E-17, 1.000000000000000000 ) ) ;
#2859 = EDGE_CURVE ( 'NONE', #2576, #2866, #1222, .T. ) ;
#2860 = CARTESIAN_POINT ( 'NONE',  ( 48.74999999999995737, 139.6699193696437931, -6.673333333333298256 ) ) ;
#2861 = VECTOR ( 'NONE', #2688, 1000.000000000000000 ) ;
#2862 = ORIENTED_EDGE ( 'NONE', *, *, #2425, .F. ) ;
#2863 = ORIENTED_EDGE ( 'NONE', *, *, #1628, .F. ) ;
#2864 = FACE_OUTER_BOUND ( 'NONE', #2603, .T. ) ;
#2865 = CARTESIAN_POINT ( 'NONE',  ( 69.05012562893378458, 136.6699193696437931, -36.99999999999996447 ) ) ;
#2866 = VERTEX_POINT ( 'NONE', #3371 ) ;
#2867 = FACE_OUTER_BOUND ( 'NONE', #1386, .T. ) ;
#2868 = CARTESIAN_POINT ( 'NONE',  ( 95.49999999999997158, 136.6699193696437931, -29.99999999999996092 ) ) ;
#2869 = CARTESIAN_POINT ( 'NONE',  ( 92.49999999999998579, 139.6699193696437931, -16.49999999999995737 ) ) ;
#2870 = EDGE_CURVE ( 'NONE', #133, #2979, #480, .T. ) ;
#2871 = VERTEX_POINT ( 'NONE', #2240 ) ;
#2872 = DIRECTION ( 'NONE',  ( 1.770191701106372407E-16, 1.000000000000000000, -1.033096529485792400E-17 ) ) ;
#2873 = ORIENTED_EDGE ( 'NONE', *, *, #406, .T. ) ;
#2874 = CARTESIAN_POINT ( 'NONE',  ( 1.999999999999980904, 139.6699193696437931, -4.999999999999969802 ) ) ;
#2875 = DIRECTION ( 'NONE',  ( 1.770191701106372407E-16, 1.000000000000000000, -1.033096529485792400E-17 ) ) ;
#2876 = FACE_BOUND ( 'NONE', #247, .T. ) ;
#2877 = VERTEX_POINT ( 'NONE', #1139 ) ;
#2878 = VERTEX_POINT ( 'NONE', #369 ) ;
#2879 = EDGE_CURVE ( 'NONE', #2472, #2397, #3008, .T. ) ;
#2880 = CARTESIAN_POINT ( 'NONE',  ( 25.00000000000003197, 139.6699193696437931, 27.00000000000001066 ) ) ;
#2881 = CARTESIAN_POINT ( 'NONE',  ( 95.50000000000002842, 139.6699193696437931, 27.00000000000002842 ) ) ;
#2882 = EDGE_LOOP ( 'NONE', ( #4, #1778, #1214, #658 ) ) ;
#2883 = DIRECTION ( 'NONE',  ( -1.000000000000000000, 6.938893903907226837E-18, -2.598698357978766491E-16 ) ) ;
#2884 = CARTESIAN_POINT ( 'NONE',  ( 5.499999999999984013, 139.6699193696437931, -5.499999999999968026 ) ) ;
#2885 = ORIENTED_EDGE ( 'NONE', *, *, #2995, .F. ) ;
#2886 = AXIS2_PLACEMENT_3D ( 'NONE', #2848, #3088, #613 ) ;
#2887 = ADVANCED_FACE ( 'NONE', ( #1732 ), #1461, .T. ) ;
#2888 = AXIS2_PLACEMENT_3D ( 'NONE', #3282, #1088, #3319 ) ;
#2889 = ORIENTED_EDGE ( 'NONE', *, *, #2042, .T. ) ;
#2890 = EDGE_LOOP ( 'NONE', ( #853, #2111, #1299, #1480, #1365, #634, #2747, #891, #2213, #1761, #1665, #1571, #1330, #475, #2217, #2968, #2641, #3410, #1165, #3303, #1321, #2030, #1577, #509, #2706, #3168, #2625, #274, #1918, #3270, #1715, #3122 ) ) ;
#2891 = DIRECTION ( 'NONE',  ( -6.938893903907233000E-18, -1.000000000000000000, 2.124224124800602887E-17 ) ) ;
#2892 = VECTOR ( 'NONE', #694, 1000.000000000000000 ) ;
#2893 = DIRECTION ( 'NONE',  ( 6.938893903907233000E-18, 1.000000000000000000, -2.124224124800602887E-17 ) ) ;
#2894 = DIRECTION ( 'NONE',  ( 6.938893903907233000E-18, 1.000000000000000000, -2.124224124800602887E-17 ) ) ;
#2895 = CIRCLE ( 'NONE', #2493, 1.500000000000003997 ) ;
#2896 = ORIENTED_EDGE ( 'NONE', *, *, #682, .T. ) ;
#2897 = VECTOR ( 'NONE', #16, 1000.000000000000000 ) ;
#2898 = DIRECTION ( 'NONE',  ( -1.770191701106372407E-16, -1.000000000000000000, 1.033096529485792400E-17 ) ) ;
#2899 = LINE ( 'NONE', #1243, #1691 ) ;
#2900 = CARTESIAN_POINT ( 'NONE',  ( 78.99999999999997158, 136.6699193696437931, -29.99999999999996447 ) ) ;
#2901 = ORIENTED_EDGE ( 'NONE', *, *, #1763, .T. ) ;
#2902 = CARTESIAN_POINT ( 'NONE',  ( 92.49999999999998579, 137.6699193696437931, -16.49999999999995737 ) ) ;
#2903 = DIRECTION ( 'NONE',  ( -1.770191701106372407E-16, -1.000000000000000000, 1.033096529485792400E-17 ) ) ;
#2904 = DIRECTION ( 'NONE',  ( -6.938893903907233000E-18, -1.000000000000000000, 2.124224124800602887E-17 ) ) ;
#2905 = ADVANCED_FACE ( 'NONE', ( #1192 ), #2292, .F. ) ;
#2906 = EDGE_LOOP ( 'NONE', ( #1051, #2185, #2273, #2850 ) ) ;
#2907 = CIRCLE ( 'NONE', #2845, 7.999999999999992895 ) ;
#2908 = DIRECTION ( 'NONE',  ( 1.000000000000000000, 0.000000000000000000, 0.000000000000000000 ) ) ;
#2909 = VECTOR ( 'NONE', #660, 1000.000000000000000 ) ;
#2910 = ORIENTED_EDGE ( 'NONE', *, *, #1370, .F. ) ;
#2911 = LINE ( 'NONE', #1743, #2726 ) ;
#2912 = VECTOR ( 'NONE', #3433, 1000.000000000000000 ) ;
#2913 = EDGE_CURVE ( 'NONE', #998, #1396, #2016, .T. ) ;
#2914 = ORIENTED_EDGE ( 'NONE', *, *, #249, .F. ) ;
#2915 = DIRECTION ( 'NONE',  ( 1.000000000000000000, 0.000000000000000000, 2.168404344971008868E-16 ) ) ;
#2916 = VECTOR ( 'NONE', #2743, 1000.000000000000000 ) ;
#2917 = CARTESIAN_POINT ( 'NONE',  ( 36.00000000000002842, 139.6699193696437931, 24.50000000000001066 ) ) ;
#2918 = DIRECTION ( 'NONE',  ( 6.938893903907233000E-18, 1.000000000000000000, -2.124224124800602887E-17 ) ) ;
#2919 = VERTEX_POINT ( 'NONE', #935 ) ;
#2920 = CARTESIAN_POINT ( 'NONE',  ( 17.49999999999997158, 139.6699193696437931, -6.673333333333301809 ) ) ;
#2921 = LINE ( 'NONE', #3499, #2916 ) ;
#2922 = DIRECTION ( 'NONE',  ( 1.000000000000000000, 0.000000000000000000, 0.000000000000000000 ) ) ;
#2923 = VERTEX_POINT ( 'NONE', #2036 ) ;
#2924 = EDGE_CURVE ( 'NONE', #911, #228, #1690, .T. ) ;
#2925 = ORIENTED_EDGE ( 'NONE', *, *, #2306, .F. ) ;
#2926 = CYLINDRICAL_SURFACE ( 'NONE', #1991, 1.249999999999997558 ) ;
#2927 = CYLINDRICAL_SURFACE ( 'NONE', #1474, 8.000000000000000000 ) ;
#2928 = DIRECTION ( 'NONE',  ( -6.938893903907233000E-18, -1.000000000000000000, 2.124224124800602887E-17 ) ) ;
#2929 = EDGE_LOOP ( 'NONE', ( #931, #2589, #1655, #1003 ) ) ;
#2930 = CARTESIAN_POINT ( 'NONE',  ( 6.500000000000036415, 139.6699193696437931, 13.50000000000000533 ) ) ;
#2931 = CARTESIAN_POINT ( 'NONE',  ( 79.25000000000002842, 139.6699193696437931, 24.50000000000002132 ) ) ;
#2932 = DIRECTION ( 'NONE',  ( 1.000000000000000000, 0.000000000000000000, 0.000000000000000000 ) ) ;
#2933 = EDGE_LOOP ( 'NONE', ( #2224, #781 ) ) ;
#2934 = DIRECTION ( 'NONE',  ( 1.770191701106372407E-16, 1.000000000000000000, -1.033096529485792400E-17 ) ) ;
#2935 = DIRECTION ( 'NONE',  ( 6.938893903907233000E-18, 1.000000000000000000, -2.124224124800602887E-17 ) ) ;
#2936 = CARTESIAN_POINT ( 'NONE',  ( 92.50000000000005684, 139.6699193696437931, 13.50000000000003020 ) ) ;
#2937 = EDGE_LOOP ( 'NONE', ( #2632, #2698, #1125, #540 ) ) ;
#2938 = CARTESIAN_POINT ( 'NONE',  ( 71.04010050314701630, 139.6699193696437931, -37.19999999999996021 ) ) ;
#2939 = CYLINDRICAL_SURFACE ( 'NONE', #341, 2.000000000000000000 ) ;
#2940 = EDGE_CURVE ( 'NONE', #689, #1898, #3173, .T. ) ;
#2941 = ORIENTED_EDGE ( 'NONE', *, *, #2377, .F. ) ;
#2942 = LINE ( 'NONE', #453, #3540 ) ;
#2943 = CARTESIAN_POINT ( 'NONE',  ( -1.387778780781445676E-14, 139.6699193696437931, -27.99999999999997158 ) ) ;
#2944 = CIRCLE ( 'NONE', #2602, 3.000000000000000888 ) ;
#2945 = CYLINDRICAL_SURFACE ( 'NONE', #3072, 1.999999999999994893 ) ;
#2946 = EDGE_CURVE ( 'NONE', #2502, #2065, #1802, .T. ) ;
#2947 = ORIENTED_EDGE ( 'NONE', *, *, #2595, .F. ) ;
#2948 = CARTESIAN_POINT ( 'NONE',  ( 32.95989949685293396, 97.61867099011053028, -37.19999999999996732 ) ) ;
#2949 = VECTOR ( 'NONE', #2162, 1000.000000000000000 ) ;
#2950 = DIRECTION ( 'NONE',  ( -6.938893903907233000E-18, -1.000000000000000000, 2.124224124800602887E-17 ) ) ;
#2951 = VECTOR ( 'NONE', #351, 1000.000000000000000 ) ;
#2952 = CIRCLE ( 'NONE', #484, 1.250000000000001110 ) ;
#2953 = CARTESIAN_POINT ( 'NONE',  ( 36.00000000000002842, 136.6699193696437931, 24.50000000000001066 ) ) ;
#2954 = ORIENTED_EDGE ( 'NONE', *, *, #2605, .F. ) ;
#2955 = EDGE_CURVE ( 'NONE', #427, #821, #1858, .T. ) ;
#2956 = CYLINDRICAL_SURFACE ( 'NONE', #443, 1.500000000000001332 ) ;
#2957 = DIRECTION ( 'NONE',  ( 6.938893903907233000E-18, 1.000000000000000000, -2.124224124800602887E-17 ) ) ;
#2958 = DIRECTION ( 'NONE',  ( 1.000000000000000000, 0.000000000000000000, 0.000000000000000000 ) ) ;
#2959 = ORIENTED_EDGE ( 'NONE', *, *, #1446, .T. ) ;
#2960 = EDGE_CURVE ( 'NONE', #148, #2711, #1006, .T. ) ;
#2961 = ORIENTED_EDGE ( 'NONE', *, *, #434, .F. ) ;
#2962 = CYLINDRICAL_SURFACE ( 'NONE', #3089, 1.249999999999997558 ) ;
#2963 = VERTEX_POINT ( 'NONE', #191 ) ;
#2964 = CYLINDRICAL_SURFACE ( 'NONE', #2336, 8.000000000000000000 ) ;
#2965 = CIRCLE ( 'NONE', #3426, 1.250000000000001110 ) ;
#2966 = DIRECTION ( 'NONE',  ( -6.938893903907233000E-18, -1.000000000000000000, 2.124224124800602887E-17 ) ) ;
#2967 = ADVANCED_FACE ( 'NONE', ( #419 ), #3211, .F. ) ;
#2968 = ORIENTED_EDGE ( 'NONE', *, *, #1583, .T. ) ;
#2969 = CARTESIAN_POINT ( 'NONE',  ( 2.000000000000029310, 139.6699193696437931, 2.000000000000001776 ) ) ;
#2970 = AXIS2_PLACEMENT_3D ( 'NONE', #777, #1592, #2702 ) ;
#2971 = EDGE_CURVE ( 'NONE', #1898, #3503, #1334, .T. ) ;
#2972 = CARTESIAN_POINT ( 'NONE',  ( 65.99999999999997158, 139.6699193696437931, -27.49999999999996092 ) ) ;
#2973 = CIRCLE ( 'NONE', #500, 7.999999999999996447 ) ;
#2974 = DIRECTION ( 'NONE',  ( 1.000000000000000000, 0.000000000000000000, 0.000000000000000000 ) ) ;
#2975 = VERTEX_POINT ( 'NONE', #1555 ) ;
#2976 = CIRCLE ( 'NONE', #2172, 1.249999999999997558 ) ;
#2977 = LINE ( 'NONE', #1066, #280 ) ;
#2978 = CARTESIAN_POINT ( 'NONE',  ( 95.50000000000002842, 139.6699193696437931, 2.000000000000027978 ) ) ;
#2979 = VERTEX_POINT ( 'NONE', #474 ) ;
#2980 = ORIENTED_EDGE ( 'NONE', *, *, #3474, .F. ) ;
#2981 = DIRECTION ( 'NONE',  ( -6.938893903907233000E-18, -1.000000000000000000, 2.124224124800602887E-17 ) ) ;
#2982 = EDGE_CURVE ( 'NONE', #871, #3202, #2651, .T. ) ;
#2983 = EDGE_LOOP ( 'NONE', ( #208, #504, #2763, #2889 ) ) ;
#2984 = DIRECTION ( 'NONE',  ( 1.000000000000000000, 0.000000000000000000, 0.000000000000000000 ) ) ;
#2985 = CARTESIAN_POINT ( 'NONE',  ( 79.00000000000002842, 136.6699193696437931, 27.00000000000002487 ) ) ;
#2986 = ORIENTED_EDGE ( 'NONE', *, *, #1254, .T. ) ;
#2987 = LINE ( 'NONE', #555, #2220 ) ;
#2988 = LINE ( 'NONE', #1568, #1457 ) ;
#2989 = DIRECTION ( 'NONE',  ( 1.000000000000000000, 0.000000000000000000, 0.000000000000000000 ) ) ;
#2990 = ORIENTED_EDGE ( 'NONE', *, *, #533, .T. ) ;
#2991 = EDGE_CURVE ( 'NONE', #1677, #1487, #989, .T. ) ;
#2992 = DIRECTION ( 'NONE',  ( -1.000000000000000000, 0.000000000000000000, 0.000000000000000000 ) ) ;
#2993 = FACE_BOUND ( 'NONE', #2174, .T. ) ;
#2994 = EDGE_LOOP ( 'NONE', ( #3421, #2190 ) ) ;
#2995 = EDGE_CURVE ( 'NONE', #1153, #2018, #1787, .T. ) ;
#2996 = VERTEX_POINT ( 'NONE', #1260 ) ;
#2997 = DIRECTION ( 'NONE',  ( 1.770191701106372407E-16, 1.000000000000000000, -1.033096529485792400E-17 ) ) ;
#2998 = ORIENTED_EDGE ( 'NONE', *, *, #2730, .F. ) ;
#2999 = LINE ( 'NONE', #784, #643 ) ;
#3000 = DIRECTION ( 'NONE',  ( 1.000000000000000000, 0.000000000000000000, 3.469446951953611231E-16 ) ) ;
#3001 = VERTEX_POINT ( 'NONE', #2900 ) ;
#3002 = CARTESIAN_POINT ( 'NONE',  ( 97.50000000000002842, 139.6699193696437931, 25.00000000000002842 ) ) ;
#3003 = AXIS2_PLACEMENT_3D ( 'NONE', #3035, #1955, #3052 ) ;
#3004 = CYLINDRICAL_SURFACE ( 'NONE', #258, 2.000000000000001776 ) ;
#3005 = CARTESIAN_POINT ( 'NONE',  ( 80.49999999999995737, 136.6699193696437931, -27.49999999999996092 ) ) ;
#3006 = VECTOR ( 'NONE', #2256, 1000.000000000000000 ) ;
#3007 = VERTEX_POINT ( 'NONE', #1497 ) ;
#3008 = CIRCLE ( 'NONE', #371, 1.250000000000001110 ) ;
#3009 = AXIS2_PLACEMENT_3D ( 'NONE', #2447, #1637, #489 ) ;
#3010 = DIRECTION ( 'NONE',  ( -1.770191701106372407E-16, -1.000000000000000000, 1.033096529485792400E-17 ) ) ;
#3011 = FACE_OUTER_BOUND ( 'NONE', #163, .T. ) ;
#3012 = VERTEX_POINT ( 'NONE', #2637 ) ;
#3013 = CIRCLE ( 'NONE', #1748, 1.500000000000003997 ) ;
#3014 = ORIENTED_EDGE ( 'NONE', *, *, #367, .F. ) ;
#3015 = ADVANCED_FACE ( 'NONE', ( #2666 ), #1027, .F. ) ;
#3016 = DIRECTION ( 'NONE',  ( 1.000000000000000000, 0.000000000000000000, 0.000000000000000000 ) ) ;
#3017 = ORIENTED_EDGE ( 'NONE', *, *, #2591, .F. ) ;
#3018 = PRODUCT_DEFINITION_CONTEXT ( 'detailed design', #1078, 'design' ) ;
#3019 = DIRECTION ( 'NONE',  ( -1.770191701106372407E-16, -1.000000000000000000, 1.033096529485792400E-17 ) ) ;
#3020 = CARTESIAN_POINT ( 'NONE',  ( 4.250000000000034639, 139.6699193696437931, 24.50000000000000355 ) ) ;
#3021 = ORIENTED_EDGE ( 'NONE', *, *, #1869, .F. ) ;
#3022 = CARTESIAN_POINT ( 'NONE',  ( 93.99999999999998579, 139.6699193696437931, -16.49999999999995737 ) ) ;
#3023 = AXIS2_PLACEMENT_3D ( 'NONE', #2874, #1762, #1780 ) ;
#3024 = CARTESIAN_POINT ( 'NONE',  ( 90.99999999999998579, 136.6699193696437931, -16.49999999999995737 ) ) ;
#3025 = PLANE ( 'NONE',  #2431 ) ;
#3026 = CIRCLE ( 'NONE', #3083, 1.250000000000001110 ) ;
#3027 = ORIENTED_EDGE ( 'NONE', *, *, #1390, .T. ) ;
#3028 = AXIS2_PLACEMENT_3D ( 'NONE', #3108, #2564, #1758 ) ;
#3029 = CARTESIAN_POINT ( 'NONE',  ( 70.49999999999997158, 136.6699193696437931, -6.673333333333294703 ) ) ;
#3030 = DIRECTION ( 'NONE',  ( 1.000000000000000000, -6.938893903907227607E-18, 2.598698357978766491E-16 ) ) ;
#3031 = ORIENTED_EDGE ( 'NONE', *, *, #1359, .F. ) ;
#3032 = VERTEX_POINT ( 'NONE', #207 ) ;
#3033 = CARTESIAN_POINT ( 'NONE',  ( 5.000000000000031974, 139.6699193696437931, 13.50000000000000533 ) ) ;
#3034 = AXIS2_PLACEMENT_3D ( 'NONE', #1662, #2128, #3231 ) ;
#3035 = CARTESIAN_POINT ( 'NONE',  ( 5.499999999999984013, 136.6699193696437931, -5.499999999999968026 ) ) ;
#3036 = ORIENTED_EDGE ( 'NONE', *, *, #2163, .T. ) ;
#3037 = EDGE_CURVE ( 'NONE', #3164, #2975, #1537, .T. ) ;
#3038 = EDGE_CURVE ( 'NONE', #2313, #2122, #3297, .T. ) ;
#3039 = CARTESIAN_POINT ( 'NONE',  ( 80.49999999999995737, 136.6699193696437931, -5.499999999999958256 ) ) ;
#3040 = CARTESIAN_POINT ( 'NONE',  ( -1.387778780781445676E-14, 136.6699193696437931, -27.99999999999997158 ) ) ;
#3041 = EDGE_LOOP ( 'NONE', ( #1276, #2785, #2296, #481 ) ) ;
#3042 = CARTESIAN_POINT ( 'NONE',  ( 68.99999999999997158, 97.61867099011051607, -34.99999999999996447 ) ) ;
#3043 = LINE ( 'NONE', #1168, #708 ) ;
#3044 = CARTESIAN_POINT ( 'NONE',  ( 17.49999999999997158, 139.6699193696437931, -6.673333333333301809 ) ) ;
#3045 = ORIENTED_EDGE ( 'NONE', *, *, #3485, .F. ) ;
#3046 = CARTESIAN_POINT ( 'NONE',  ( 5.499999999999984013, 136.6699193696437931, -5.499999999999968026 ) ) ;
#3047 = DIRECTION ( 'NONE',  ( -6.938893903907233000E-18, -1.000000000000000000, 2.124224124800602887E-17 ) ) ;
#3048 = CARTESIAN_POINT ( 'NONE',  ( 17.49999999999997158, 139.6699193696437931, -24.49999999999996447 ) ) ;
#3049 = ORIENTED_EDGE ( 'NONE', *, *, #2129, .T. ) ;
#3050 = VERTEX_POINT ( 'NONE', #3496 ) ;
#3051 = CYLINDRICAL_SURFACE ( 'NONE', #221, 2.000000000000001776 ) ;
#3052 = DIRECTION ( 'NONE',  ( 1.000000000000000000, 0.000000000000000000, 0.000000000000000000 ) ) ;
#3053 = ORIENTED_EDGE ( 'NONE', *, *, #1958, .T. ) ;
#3054 = EDGE_CURVE ( 'NONE', #601, #1956, #2205, .T. ) ;
#3055 = ORIENTED_EDGE ( 'NONE', *, *, #450, .T. ) ;
#3056 = CARTESIAN_POINT ( 'NONE',  ( 80.49999999999995737, 136.6699193696437931, -5.499999999999958256 ) ) ;
#3057 = EDGE_CURVE ( 'NONE', #1723, #2866, #657, .T. ) ;
#3058 = LINE ( 'NONE', #3363, #763 ) ;
#3059 = FACE_OUTER_BOUND ( 'NONE', #2672, .T. ) ;
#3060 = VERTEX_POINT ( 'NONE', #3423 ) ;
#3061 = AXIS2_PLACEMENT_3D ( 'NONE', #1870, #502, #3305 ) ;
#3062 = DIRECTION ( 'NONE',  ( -1.770191701106372407E-16, -1.000000000000000000, 1.033096529485792400E-17 ) ) ;
#3063 = VECTOR ( 'NONE', #446, 1000.000000000000000 ) ;
#3064 =( LENGTH_UNIT ( ) NAMED_UNIT ( * ) SI_UNIT ( .MILLI., .METRE. ) );
#3065 = EDGE_LOOP ( 'NONE', ( #3233, #812 ) ) ;
#3066 = AXIS2_PLACEMENT_3D ( 'NONE', #638, #2001, #51 ) ;
#3067 = AXIS2_PLACEMENT_3D ( 'NONE', #155, #736, #1205 ) ;
#3068 = CARTESIAN_POINT ( 'NONE',  ( 9.499999999999973355, 136.6699193696437931, -14.67333333333330536 ) ) ;
#3069 = DIRECTION ( 'NONE',  ( 1.000000000000000000, 0.000000000000000000, 8.673617379884035472E-16 ) ) ;
#3070 = AXIS2_PLACEMENT_3D ( 'NONE', #3306, #307, #3256 ) ;
#3071 = ADVANCED_FACE ( 'NONE', ( #717 ), #1516, .T. ) ;
#3072 = AXIS2_PLACEMENT_3D ( 'NONE', #3239, #1105, #2660 ) ;
#3073 = ORIENTED_EDGE ( 'NONE', *, *, #1706, .F. ) ;
#3074 = CARTESIAN_POINT ( 'NONE',  ( 70.49999999999997158, 136.6699193696437931, -14.67333333333329648 ) ) ;
#3075 = ORIENTED_EDGE ( 'NONE', *, *, #2644, .F. ) ;
#3076 = CARTESIAN_POINT ( 'NONE',  ( 17.50000000000002487, 139.6699193696437931, 21.50000000000000355 ) ) ;
#3077 = CARTESIAN_POINT ( 'NONE',  ( 37.00000000000003553, 97.61867099011053028, 30.00000000000002132 ) ) ;
#3078 = DIRECTION ( 'NONE',  ( -6.938893903907233000E-18, -1.000000000000000000, 2.124224124800602887E-17 ) ) ;
#3079 = ORIENTED_EDGE ( 'NONE', *, *, #1894, .F. ) ;
#3080 = CLOSED_SHELL ( 'NONE', ( #3123, #2967, #1790, #2633, #183, #3147, #2415, #866, #546, #611, #2583, #922, #2173, #1490, #2003, #3287, #3015, #1269, #3214, #291, #3451, #1345, #271, #17, #1661, #82, #2298, #312, #114, #3111, #743, #2727, #378, #1912, #1119, #3217, #890, #1749, #3071, #2157, #2047, #2705, #2388, #3501, #807, #854, #1262, #2728, #2569, #261, #118, #1021, #1785, #3325, #1290, #1848, #3437, #468, #2357, #2710, #2887, #40, #1154, #2484, #2089, #3130, #2905, #2312, #1545, #697, #3541, #1056, #152, #422, #62, #1187, #3478, #3445, #3102, #1933, #2686, #1967, #2547, #2352, #2506, #1204, #1229, #2420, #2142, #497, #1756, #2495, #2246, #2535, #1403, #2308, #1241, #1217, #3195, #1685, #966, #317, #1737, #1495 ) ) ;
#3081 = EDGE_CURVE ( 'NONE', #3164, #392, #559, .T. ) ;
#3082 = CARTESIAN_POINT ( 'NONE',  ( 4.250000000000034639, 136.6699193696437931, 24.50000000000000355 ) ) ;
#3083 = AXIS2_PLACEMENT_3D ( 'NONE', #3166, #1506, #766 ) ;
#3084 = FILL_AREA_STYLE_COLOUR ( '', #1971 ) ;
#3085 = VERTEX_POINT ( 'NONE', #3509 ) ;
#3086 = VECTOR ( 'NONE', #1404, 1000.000000000000000 ) ;
#3087 = CARTESIAN_POINT ( 'NONE',  ( 89.49999999999998579, 137.6699193696437931, -16.49999999999995737 ) ) ;
#3088 = DIRECTION ( 'NONE',  ( -1.770191701106372407E-16, -1.000000000000000000, 1.033096529485792400E-17 ) ) ;
#3089 = AXIS2_PLACEMENT_3D ( 'NONE', #2175, #1354, #15 ) ;
#3090 = ORIENTED_EDGE ( 'NONE', *, *, #754, .T. ) ;
#3091 = VECTOR ( 'NONE', #2239, 1000.000000000000000 ) ;
#3092 = EDGE_CURVE ( 'NONE', #2539, #1882, #87, .T. ) ;
#3093 = CYLINDRICAL_SURFACE ( 'NONE', #1862, 1.250000000000001110 ) ;
#3094 = FACE_OUTER_BOUND ( 'NONE', #158, .T. ) ;
#3095 = EDGE_LOOP ( 'NONE', ( #47, #1745, #3497, #599 ) ) ;
#3096 = DIRECTION ( 'NONE',  ( -1.000000000000000000, 1.665334536937734811E-16, -1.374051558831415256E-16 ) ) ;
#3097 = DIRECTION ( 'NONE',  ( -6.938893903907233000E-18, -1.000000000000000000, 2.124224124800602887E-17 ) ) ;
#3098 = CYLINDRICAL_SURFACE ( 'NONE', #826, 1.250000000000001110 ) ;
#3099 = EDGE_LOOP ( 'NONE', ( #248, #2685, #255, #1525 ) ) ;
#3100 = DIRECTION ( 'NONE',  ( 1.000000000000000000, -1.665334536937734811E-16, 1.374051558831415256E-16 ) ) ;
#3101 = DIRECTION ( 'NONE',  ( 1.770191701106372407E-16, 1.000000000000000000, -1.033096529485792400E-17 ) ) ;
#3102 = ADVANCED_FACE ( 'NONE', ( #1062 ), #3546, .F. ) ;
#3103 = ORIENTED_EDGE ( 'NONE', *, *, #3054, .T. ) ;
#3104 = DIRECTION ( 'NONE',  ( 1.000000000000000000, 0.000000000000000000, 0.000000000000000000 ) ) ;
#3105 = CARTESIAN_POINT ( 'NONE',  ( 9.499999999999973355, 146.6699193696437931, -8.499999999999964473 ) ) ;
#3106 = EDGE_CURVE ( 'NONE', #2054, #1889, #2490, .T. ) ;
#3107 = ORIENTED_EDGE ( 'NONE', *, *, #833, .T. ) ;
#3108 = CARTESIAN_POINT ( 'NONE',  ( 5.500000000000032863, 139.6699193696437931, 2.500000000000005773 ) ) ;
#3109 = ORIENTED_EDGE ( 'NONE', *, *, #2811, .F. ) ;
#3110 = LINE ( 'NONE', #2300, #1468 ) ;
#3111 = ADVANCED_FACE ( 'NONE', ( #2467 ), #2448, .F. ) ;
#3112 = DIRECTION ( 'NONE',  ( -1.000000000000000000, 0.000000000000000000, 0.000000000000000000 ) ) ;
#3113 = VERTEX_POINT ( 'NONE', #753 ) ;
#3114 = VERTEX_POINT ( 'NONE', #1638 ) ;
#3115 = CARTESIAN_POINT ( 'NONE',  ( 78.50000000000002842, 139.6699193696437931, 13.50000000000002132 ) ) ;
#3116 = FILL_AREA_STYLE ('',( #3084 ) ) ;
#3117 = ORIENTED_EDGE ( 'NONE', *, *, #754, .F. ) ;
#3118 = AXIS2_PLACEMENT_3D ( 'NONE', #2098, #757, #1231 ) ;
#3119 = CARTESIAN_POINT ( 'NONE',  ( 5.500000000000032863, 139.6699193696437931, 24.50000000000000355 ) ) ;
#3120 = CARTESIAN_POINT ( 'NONE',  ( 4.999999999999984013, 137.6699193696437931, -16.49999999999997158 ) ) ;
#3121 = VECTOR ( 'NONE', #2330, 1000.000000000000000 ) ;
#3122 = ORIENTED_EDGE ( 'NONE', *, *, #1699, .T. ) ;
#3123 = ADVANCED_FACE ( 'NONE', ( #3246 ), #1344, .F. ) ;
#3124 = CARTESIAN_POINT ( 'NONE',  ( 9.500000000000028422, 139.6699193696437931, 13.50000000000000355 ) ) ;
#3125 = CARTESIAN_POINT ( 'NONE',  ( 1.999999999999988010, 139.6699193696437931, -27.99999999999997158 ) ) ;
#3126 = AXIS2_PLACEMENT_3D ( 'NONE', #2851, #1973, #126 ) ;
#3127 = AXIS2_PLACEMENT_3D ( 'NONE', #1096, #2428, #3495 ) ;
#3128 = ORIENTED_EDGE ( 'NONE', *, *, #290, .F. ) ;
#3129 = LINE ( 'NONE', #3361, #2558 ) ;
#3130 = ADVANCED_FACE ( 'NONE', ( #1097 ), #3025, .F. ) ;
#3131 = CARTESIAN_POINT ( 'NONE',  ( 5.000000000000031974, 136.6699193696437931, 13.50000000000000533 ) ) ;
#3132 = ORIENTED_EDGE ( 'NONE', *, *, #6, .T. ) ;
#3133 = ORIENTED_EDGE ( 'NONE', *, *, #2070, .F. ) ;
#3134 = EDGE_CURVE ( 'NONE', #625, #1199, #2684, .T. ) ;
#3135 = CARTESIAN_POINT ( 'NONE',  ( 37.00000000000003553, 97.61867099011053028, 30.00000000000002132 ) ) ;
#3136 = DIRECTION ( 'NONE',  ( 6.938893903907233000E-18, 1.000000000000000000, -2.124224124800602887E-17 ) ) ;
#3137 = ORIENTED_EDGE ( 'NONE', *, *, #1518, .F. ) ;
#3138 = AXIS2_PLACEMENT_3D ( 'NONE', #95, #1994, #1166 ) ;
#3139 = CARTESIAN_POINT ( 'NONE',  ( 32.95989949685299081, 97.61867099011053028, 34.20000000000000995 ) ) ;
#3140 = CYLINDRICAL_SURFACE ( 'NONE', #2024, 3.000000000000000888 ) ;
#3141 = AXIS2_PLACEMENT_3D ( 'NONE', #2902, #178, #679 ) ;
#3142 = EDGE_LOOP ( 'NONE', ( #1791, #3553, #2463, #1440 ) ) ;
#3143 = EDGE_CURVE ( 'NONE', #675, #64, #2145, .T. ) ;
#3144 = DIRECTION ( 'NONE',  ( 0.000000000000000000, 0.000000000000000000, 1.000000000000000000 ) ) ;
#3145 = DIRECTION ( 'NONE',  ( 1.770191701106372407E-16, 1.000000000000000000, -1.033096529485792400E-17 ) ) ;
#3146 = CIRCLE ( 'NONE', #3373, 1.250000000000001110 ) ;
#3147 = ADVANCED_FACE ( 'NONE', ( #1875 ), #2756, .F. ) ;
#3148 = ORIENTED_EDGE ( 'NONE', *, *, #918, .T. ) ;
#3149 = DIRECTION ( 'NONE',  ( -3.366375155851267169E-16, 3.114764700657967846E-17, 1.000000000000000000 ) ) ;
#3150 = CIRCLE ( 'NONE', #2456, 1.250000000000001110 ) ;
#3151 = DIRECTION ( 'NONE',  ( -1.000000000000000000, 0.000000000000000000, -2.168404344971008868E-16 ) ) ;
#3152 = VERTEX_POINT ( 'NONE', #2737 ) ;
#3153 = ORIENTED_EDGE ( 'NONE', *, *, #52, .F. ) ;
#3154 = FACE_OUTER_BOUND ( 'NONE', #1901, .T. ) ;
#3155 = CARTESIAN_POINT ( 'NONE',  ( -2.081668171172168513E-14, 139.6699193696437931, -2.999999999999968026 ) ) ;
#3156 = EDGE_LOOP ( 'NONE', ( #3308, #3353, #2821, #2177 ) ) ;
#3157 = EDGE_CURVE ( 'NONE', #1947, #857, #1381, .T. ) ;
#3158 = CARTESIAN_POINT ( 'NONE',  ( 37.00000000000003553, 139.6699193696437931, 32.00000000000001421 ) ) ;
#3159 = DIRECTION ( 'NONE',  ( -1.770191701106372407E-16, -1.000000000000000000, 1.033096529485792400E-17 ) ) ;
#3160 = CARTESIAN_POINT ( 'NONE',  ( 70.49999999999997158, 139.6699193696437931, -24.49999999999996092 ) ) ;
#3161 = EDGE_LOOP ( 'NONE', ( #279, #2437, #1866, #3247 ) ) ;
#3162 = CARTESIAN_POINT ( 'NONE',  ( 9.500000000000028422, 139.6699193696437931, 11.67333333333334444 ) ) ;
#3163 = DIRECTION ( 'NONE',  ( -1.770191701106372407E-16, -1.000000000000000000, 1.033096529485792400E-17 ) ) ;
#3164 = VERTEX_POINT ( 'NONE', #1619 ) ;
#3165 = ORIENTED_EDGE ( 'NONE', *, *, #1115, .F. ) ;
#3166 = CARTESIAN_POINT ( 'NONE',  ( 80.49999999999995737, 139.6699193696437931, -5.499999999999958256 ) ) ;
#3167 = FACE_BOUND ( 'NONE', #264, .T. ) ;
#3168 = ORIENTED_EDGE ( 'NONE', *, *, #2473, .F. ) ;
#3169 = CARTESIAN_POINT ( 'NONE',  ( 34.75000000000002842, 136.6699193696437931, 24.50000000000001066 ) ) ;
#3170 = APPLICATION_CONTEXT ( 'automotive_design' ) ;
#3171 = EDGE_CURVE ( 'NONE', #3113, #1456, #1054, .T. ) ;
#3172 = LINE ( 'NONE', #716, #2147 ) ;
#3173 = LINE ( 'NONE', #2347, #2892 ) ;
#3174 = VERTEX_POINT ( 'NONE', #3264 ) ;
#3175 = DIRECTION ( 'NONE',  ( 1.770191701106372407E-16, 1.000000000000000000, -1.033096529485792400E-17 ) ) ;
#3176 = DIRECTION ( 'NONE',  ( 1.000000000000000000, -1.665334536937734564E-16, 1.374051558831415009E-16 ) ) ;
#3177 = DIRECTION ( 'NONE',  ( -6.938893903907233000E-18, -1.000000000000000000, 2.124224124800602887E-17 ) ) ;
#3178 = EDGE_CURVE ( 'NONE', #596, #1236, #3354, .T. ) ;
#3179 = ORIENTED_EDGE ( 'NONE', *, *, #709, .F. ) ;
#3180 = AXIS2_PLACEMENT_3D ( 'NONE', #3077, #604, #3312 ) ;
#3181 = DIRECTION ( 'NONE',  ( -1.000000000000000000, 6.938893903907226837E-18, -2.598698357978766491E-16 ) ) ;
#3182 = AXIS2_PLACEMENT_3D ( 'NONE', #1754, #1735, #908 ) ;
#3183 = ORIENTED_EDGE ( 'NONE', *, *, #799, .F. ) ;
#3184 = CARTESIAN_POINT ( 'NONE',  ( 6.749999999999981348, 136.6699193696437931, -5.499999999999968026 ) ) ;
#3185 = CIRCLE ( 'NONE', #31, 7.999999999999992895 ) ;
#3186 = LINE ( 'NONE', #1268, #1244 ) ;
#3187 = LINE ( 'NONE', #713, #1796 ) ;
#3188 = CIRCLE ( 'NONE', #937, 1.249999999999997558 ) ;
#3189 = ORIENTED_EDGE ( 'NONE', *, *, #1628, .T. ) ;
#3190 = AXIS2_PLACEMENT_3D ( 'NONE', #2588, #2051, #3151 ) ;
#3191 = DIRECTION ( 'NONE',  ( 1.000000000000000000, 0.000000000000000000, 0.000000000000000000 ) ) ;
#3192 = DIRECTION ( 'NONE',  ( 1.770191701106372407E-16, 1.000000000000000000, -1.033096529485792400E-17 ) ) ;
#3193 = DIRECTION ( 'NONE',  ( 1.000000000000000000, 0.000000000000000000, 0.000000000000000000 ) ) ;
#3194 = ORIENTED_EDGE ( 'NONE', *, *, #2203, .T. ) ;
#3195 = ADVANCED_FACE ( 'NONE', ( #278 ), #520, .F. ) ;
#3196 = LINE ( 'NONE', #3139, #3379 ) ;
#3197 = FACE_OUTER_BOUND ( 'NONE', #1475, .T. ) ;
#3198 = ORIENTED_EDGE ( 'NONE', *, *, #598, .T. ) ;
#3199 = VECTOR ( 'NONE', #1656, 1000.000000000000000 ) ;
#3200 = DIRECTION ( 'NONE',  ( -7.964144507004428806E-17, 1.033096529485793786E-17, 1.000000000000000000 ) ) ;
#3201 = CIRCLE ( 'NONE', #3370, 8.000000000000007105 ) ;
#3202 = VERTEX_POINT ( 'NONE', #2125 ) ;
#3203 = FACE_OUTER_BOUND ( 'NONE', #900, .T. ) ;
#3204 = AXIS2_PLACEMENT_3D ( 'NONE', #1358, #308, #328 ) ;
#3205 = CARTESIAN_POINT ( 'NONE',  ( 78.50000000000002842, 136.6699193696437931, 11.67333333333336221 ) ) ;
#3206 = AXIS2_PLACEMENT_3D ( 'NONE', #706, #1813, #2908 ) ;
#3207 = EDGE_LOOP ( 'NONE', ( #2838, #2334, #1220, #1502, #2611, #3027, #1899, #1922, #685, #2116, #2072, #3132, #678, #1215, #1040, #1266, #1246, #813, #1157, #949, #1877, #2180, #3278, #452, #1428, #407, #2947, #2134, #3259, #2358, #1180, #1225 ) ) ;
#3208 = CARTESIAN_POINT ( 'NONE',  ( 34.74999999999998579, 136.6699193696437931, -27.49999999999996803 ) ) ;
#3209 = CIRCLE ( 'NONE', #225, 1.250000000000001110 ) ;
#3210 = LINE ( 'NONE', #2575, #1917 ) ;
#3211 = CYLINDRICAL_SURFACE ( 'NONE', #1395, 3.000000000000002665 ) ;
#3212 = VERTEX_POINT ( 'NONE', #2715 ) ;
#3213 = DIRECTION ( 'NONE',  ( 1.000000000000000000, -1.665334536937734564E-16, 1.374051558831415009E-16 ) ) ;
#3214 = ADVANCED_FACE ( 'NONE', ( #3229 ), #1854, .F. ) ;
#3215 = CARTESIAN_POINT ( 'NONE',  ( 97.49999999999997158, 139.6699193696437931, -29.99999999999996092 ) ) ;
#3216 = LINE ( 'NONE', #3429, #1627 ) ;
#3217 = ADVANCED_FACE ( 'NONE', ( #879 ), #3098, .F. ) ;
#3218 = ORIENTED_EDGE ( 'NONE', *, *, #1077, .F. ) ;
#3219 = EDGE_CURVE ( 'NONE', #2996, #268, #1697, .T. ) ;
#3220 = DIRECTION ( 'NONE',  ( 6.938893903907233000E-18, 1.000000000000000000, -2.124224124800602887E-17 ) ) ;
#3221 = ORIENTED_EDGE ( 'NONE', *, *, #55, .F. ) ;
#3222 = DIRECTION ( 'NONE',  ( 1.000000000000000000, 0.000000000000000000, 0.000000000000000000 ) ) ;
#3223 = CARTESIAN_POINT ( 'NONE',  ( 97.49999999999997158, 139.6699193696437931, -27.99999999999995737 ) ) ;
#3224 = ORIENTED_EDGE ( 'NONE', *, *, #136, .T. ) ;
#3225 = EDGE_CURVE ( 'NONE', #3547, #942, #2094, .T. ) ;
#3226 = CYLINDRICAL_SURFACE ( 'NONE', #2790, 1.500000000000003997 ) ;
#3227 = CARTESIAN_POINT ( 'NONE',  ( 6.750000000000030198, 136.6699193696437931, 2.500000000000006217 ) ) ;
#3228 = EDGE_CURVE ( 'NONE', #2353, #1319, #2268, .T. ) ;
#3229 = FACE_OUTER_BOUND ( 'NONE', #1033, .T. ) ;
#3230 = VERTEX_POINT ( 'NONE', #3044 ) ;
#3231 = DIRECTION ( 'NONE',  ( 1.000000000000000000, 0.000000000000000000, 0.000000000000000000 ) ) ;
#3232 = DIRECTION ( 'NONE',  ( -2.530533876149287227E-16, 3.114764700657966614E-17, 1.000000000000000000 ) ) ;
#3233 = ORIENTED_EDGE ( 'NONE', *, *, #1370, .T. ) ;
#3234 = VERTEX_POINT ( 'NONE', #2216 ) ;
#3235 = EDGE_LOOP ( 'NONE', ( #667, #1952, #2418, #309 ) ) ;
#3236 = EDGE_CURVE ( 'NONE', #3050, #3378, #46, .T. ) ;
#3237 = CARTESIAN_POINT ( 'NONE',  ( 95.49999999999998579, 137.6699193696437931, -16.49999999999995737 ) ) ;
#3238 = VECTOR ( 'NONE', #33, 1000.000000000000000 ) ;
#3239 = CARTESIAN_POINT ( 'NONE',  ( 36.99999999999997868, 97.61867099011053028, -34.99999999999997158 ) ) ;
#3240 = ORIENTED_EDGE ( 'NONE', *, *, #506, .T. ) ;
#3241 = PLANE ( 'NONE',  #1530 ) ;
#3242 = AXIS2_PLACEMENT_3D ( 'NONE', #322, #2305, #2556 ) ;
#3243 = CIRCLE ( 'NONE', #2720, 1.250000000000001110 ) ;
#3244 = CARTESIAN_POINT ( 'NONE',  ( 6.750000000000030198, 136.6699193696437931, 24.50000000000000355 ) ) ;
#3245 = VECTOR ( 'NONE', #1531, 1000.000000000000000 ) ;
#3246 = FACE_OUTER_BOUND ( 'NONE', #92, .T. ) ;
#3247 = ORIENTED_EDGE ( 'NONE', *, *, #1402, .T. ) ;
#3248 = EDGE_CURVE ( 'NONE', #1913, #836, #2324, .T. ) ;
#3249 = DIRECTION ( 'NONE',  ( 6.938893903907233000E-18, 1.000000000000000000, -2.124224124800602887E-17 ) ) ;
#3250 = LINE ( 'NONE', #1087, #3548 ) ;
#3251 = DIRECTION ( 'NONE',  ( -1.000000000000000000, 0.000000000000000000, -1.084202172485504434E-15 ) ) ;
#3252 = ORIENTED_EDGE ( 'NONE', *, *, #2398, .F. ) ;
#3253 = ORIENTED_EDGE ( 'NONE', *, *, #2222, .F. ) ;
#3254 = AXIS2_PLACEMENT_3D ( 'NONE', #841, #1362, #310 ) ;
#3255 = VERTEX_POINT ( 'NONE', #63 ) ;
#3256 = DIRECTION ( 'NONE',  ( -1.000000000000000000, 0.000000000000000000, -2.168404344971006896E-16 ) ) ;
#3257 = CIRCLE ( 'NONE', #3314, 1.999999999999994893 ) ;
#3258 = EDGE_CURVE ( 'NONE', #2018, #1346, #2779, .T. ) ;
#3259 = ORIENTED_EDGE ( 'NONE', *, *, #1518, .T. ) ;
#3260 = CARTESIAN_POINT ( 'NONE',  ( 95.50000000000002842, 136.6699193696437931, 25.00000000000002842 ) ) ;
#3261 = CIRCLE ( 'NONE', #606, 7.999999999999992895 ) ;
#3262 = DIRECTION ( 'NONE',  ( 1.000000000000000000, 0.000000000000000000, 0.000000000000000000 ) ) ;
#3263 = AXIS2_PLACEMENT_3D ( 'NONE', #2826, #680, #2597 ) ;
#3264 = CARTESIAN_POINT ( 'NONE',  ( 95.49999999999994316, 136.6699193696437931, -2.999999999999954259 ) ) ;
#3265 = ORIENTED_EDGE ( 'NONE', *, *, #2991, .T. ) ;
#3266 = CIRCLE ( 'NONE', #848, 2.000000000000000000 ) ;
#3267 = CARTESIAN_POINT ( 'NONE',  ( 78.49999999999995737, 136.6699193696437931, -14.67333333333329648 ) ) ;
#3268 = DIRECTION ( 'NONE',  ( -7.964144507004428806E-17, 1.033096529485793786E-17, 1.000000000000000000 ) ) ;
#3269 = CYLINDRICAL_SURFACE ( 'NONE', #1800, 2.000000000000001776 ) ;
#3270 = ORIENTED_EDGE ( 'NONE', *, *, #2066, .F. ) ;
#3271 = EDGE_LOOP ( 'NONE', ( #816, #2548 ) ) ;
#3272 = CYLINDRICAL_SURFACE ( 'NONE', #2631, 7.999999999999996447 ) ;
#3273 = DIRECTION ( 'NONE',  ( -1.000000000000000000, 6.938893903907226837E-18, -2.598698357978766491E-16 ) ) ;
#3274 = VERTEX_POINT ( 'NONE', #864 ) ;
#3275 = DIRECTION ( 'NONE',  ( -6.938893903907233000E-18, -1.000000000000000000, 2.124224124800602887E-17 ) ) ;
#3276 = LINE ( 'NONE', #2140, #1864 ) ;
#3277 = DIRECTION ( 'NONE',  ( 1.770191701106372407E-16, 1.000000000000000000, -1.033096529485792400E-17 ) ) ;
#3278 = ORIENTED_EDGE ( 'NONE', *, *, #2529, .T. ) ;
#3279 = EDGE_CURVE ( 'NONE', #622, #1992, #2820, .T. ) ;
#3280 = CARTESIAN_POINT ( 'NONE',  ( 44.79272004953050157, 139.6699193696437931, -1.499999999999974687 ) ) ;
#3281 = DIRECTION ( 'NONE',  ( 1.000000000000000000, 0.000000000000000000, 0.000000000000000000 ) ) ;
#3282 = CARTESIAN_POINT ( 'NONE',  ( 48.75000000000001421, 139.6699193696437931, 13.50000000000001776 ) ) ;
#3283 = VERTEX_POINT ( 'NONE', #1962 ) ;
#3284 = ORIENTED_EDGE ( 'NONE', *, *, #723, .T. ) ;
#3285 = LINE ( 'NONE', #1934, #2746 ) ;
#3286 = ORIENTED_EDGE ( 'NONE', *, *, #2066, .T. ) ;
#3287 = ADVANCED_FACE ( 'NONE', ( #3059 ), #590, .F. ) ;
#3288 = DIRECTION ( 'NONE',  ( 1.770191701106372407E-16, 1.000000000000000000, -1.033096529485792400E-17 ) ) ;
#3289 = DIRECTION ( 'NONE',  ( 1.000000000000000000, 0.000000000000000000, 0.000000000000000000 ) ) ;
#3290 = ORIENTED_EDGE ( 'NONE', *, *, #164, .T. ) ;
#3291 = DIRECTION ( 'NONE',  ( 6.938893903907233000E-18, 1.000000000000000000, -2.124224124800602887E-17 ) ) ;
#3292 = AXIS2_PLACEMENT_3D ( 'NONE', #2640, #2366, #2333 ) ;
#3293 = CARTESIAN_POINT ( 'NONE',  ( 24.99999999999998579, 136.6699193696437931, -29.99999999999997158 ) ) ;
#3294 = DIRECTION ( 'NONE',  ( 7.964144507004428806E-17, -1.033096529485793786E-17, -1.000000000000000000 ) ) ;
#3295 = VECTOR ( 'NONE', #976, 1000.000000000000000 ) ;
#3296 = EDGE_LOOP ( 'NONE', ( #2138, #1148, #1401, #491 ) ) ;
#3297 = CIRCLE ( 'NONE', #1916, 8.000000000000007105 ) ;
#3298 = CARTESIAN_POINT ( 'NONE',  ( 94.00000000000005684, 137.6699193696437931, 13.50000000000003020 ) ) ;
#3299 = AXIS2_PLACEMENT_3D ( 'NONE', #655, #3422, #988 ) ;
#3300 = CARTESIAN_POINT ( 'NONE',  ( 76.49999999999997158, 136.6699193696437931, -6.673333333333294703 ) ) ;
#3301 = CARTESIAN_POINT ( 'NONE',  ( 3.469446951953614189E-14, 139.6699193696437931, 3.469446951953614189E-15 ) ) ;
#3302 = EDGE_CURVE ( 'NONE', #284, #3114, #1714, .T. ) ;
#3303 = ORIENTED_EDGE ( 'NONE', *, *, #1082, .T. ) ;
#3304 = CIRCLE ( 'NONE', #1398, 1.249999999999997558 ) ;
#3305 = DIRECTION ( 'NONE',  ( 1.000000000000000000, 0.000000000000000000, 0.000000000000000000 ) ) ;
#3306 = CARTESIAN_POINT ( 'NONE',  ( 70.50000000000002842, 136.6699193696437931, 13.50000000000001954 ) ) ;
#3307 = CARTESIAN_POINT ( 'NONE',  ( 4.999999999999984013, 139.6699193696437931, -16.49999999999997158 ) ) ;
#3308 = ORIENTED_EDGE ( 'NONE', *, *, #72, .T. ) ;
#3309 = DIRECTION ( 'NONE',  ( 1.770191701106372407E-16, 1.000000000000000000, -1.033096529485792400E-17 ) ) ;
#3310 = EDGE_CURVE ( 'NONE', #1597, #1261, #431, .T. ) ;
#3311 = AXIS2_PLACEMENT_3D ( 'NONE', #2969, #1322, #2915 ) ;
#3312 = DIRECTION ( 'NONE',  ( 1.000000000000000000, -6.938893903907229918E-18, 1.442216040660895012E-16 ) ) ;
#3313 = CARTESIAN_POINT ( 'NONE',  ( 65.99999999999997158, 136.6699193696437931, -27.49999999999996092 ) ) ;
#3314 = AXIS2_PLACEMENT_3D ( 'NONE', #3158, #3427, #939 ) ;
#3315 = ORIENTED_EDGE ( 'NONE', *, *, #2166, .F. ) ;
#3316 = AXIS2_PLACEMENT_3D ( 'NONE', #1394, #2784, #1669 ) ;
#3317 = LINE ( 'NONE', #1507, #2052 ) ;
#3318 = DIRECTION ( 'NONE',  ( -1.000000000000000000, 0.000000000000000000, 0.000000000000000000 ) ) ;
#3319 = DIRECTION ( 'NONE',  ( 1.000000000000000000, -6.938893903907226837E-18, 2.598698357978766491E-16 ) ) ;
#3320 = ORIENTED_EDGE ( 'NONE', *, *, #2059, .T. ) ;
#3321 = AXIS2_PLACEMENT_3D ( 'NONE', #1430, #888, #2278 ) ;
#3322 = ORIENTED_EDGE ( 'NONE', *, *, #2017, .F. ) ;
#3323 = EDGE_CURVE ( 'NONE', #802, #2413, #2029, .T. ) ;
#3324 = VECTOR ( 'NONE', #2097, 1000.000000000000000 ) ;
#3325 = ADVANCED_FACE ( 'NONE', ( #98 ), #846, .F. ) ;
#3326 = DIRECTION ( 'NONE',  ( 6.938893903907233000E-18, 1.000000000000000000, -2.124224124800602887E-17 ) ) ;
#3327 = ORIENTED_EDGE ( 'NONE', *, *, #1357, .T. ) ;
#3328 = EDGE_CURVE ( 'NONE', #1346, #1311, #2610, .T. ) ;
#3329 = DIRECTION ( 'NONE',  ( -6.938893903907233000E-18, -1.000000000000000000, 2.124224124800602887E-17 ) ) ;
#3330 = CARTESIAN_POINT ( 'NONE',  ( 5.000000000000031974, 137.6699193696437931, 13.50000000000000533 ) ) ;
#3331 = ORIENTED_EDGE ( 'NONE', *, *, #2913, .T. ) ;
#3332 = DIRECTION ( 'NONE',  ( 6.938893903907233000E-18, 1.000000000000000000, -2.124224124800602887E-17 ) ) ;
#3333 = DIRECTION ( 'NONE',  ( 0.000000000000000000, 0.000000000000000000, -1.000000000000000000 ) ) ;
#3334 = CARTESIAN_POINT ( 'NONE',  ( 34.94987437106618700, 139.6699193696437931, -36.99999999999997158 ) ) ;
#3335 = EDGE_LOOP ( 'NONE', ( #1352, #2037 ) ) ;
#3336 = CARTESIAN_POINT ( 'NONE',  ( 67.24999999999997158, 136.6699193696437931, -27.49999999999996092 ) ) ;
#3337 = EDGE_CURVE ( 'NONE', #1107, #2590, #538, .T. ) ;
#3338 = DIRECTION ( 'NONE',  ( -1.000000000000000000, 0.000000000000000000, -2.168404344971006896E-16 ) ) ;
#3339 = CARTESIAN_POINT ( 'NONE',  ( 4.999999999999984013, 139.6699193696437931, -16.49999999999997158 ) ) ;
#3340 = ORIENTED_EDGE ( 'NONE', *, *, #2439, .T. ) ;
#3341 = ORIENTED_EDGE ( 'NONE', *, *, #2226, .F. ) ;
#3342 = CARTESIAN_POINT ( 'NONE',  ( 4.999999999999984013, 137.6699193696437931, -16.49999999999997158 ) ) ;
#3343 = CARTESIAN_POINT ( 'NONE',  ( 35.99999999999999289, 136.6699193696437931, -27.49999999999996803 ) ) ;
#3344 = ORIENTED_EDGE ( 'NONE', *, *, #1320, .F. ) ;
#3345 = EDGE_CURVE ( 'NONE', #228, #911, #3471, .T. ) ;
#3346 = DIRECTION ( 'NONE',  ( -1.770191701106372407E-16, -1.000000000000000000, 1.033096529485792400E-17 ) ) ;
#3347 = CARTESIAN_POINT ( 'NONE',  ( 7.999999999999984901, 139.6699193696437931, -16.49999999999997158 ) ) ;
#3348 = DIRECTION ( 'NONE',  ( 1.000000000000000000, -6.938893903907226837E-18, 2.598698357978766491E-16 ) ) ;
#3349 = ORIENTED_EDGE ( 'NONE', *, *, #2982, .T. ) ;
#3350 = CARTESIAN_POINT ( 'NONE',  ( 36.00000000000002842, 136.6699193696437931, 24.50000000000001066 ) ) ;
#3351 = PRESENTATION_LAYER_ASSIGNMENT (  '', '', ( #1332 ) ) ;
#3352 = DIRECTION ( 'NONE',  ( -6.938893903907233000E-18, -1.000000000000000000, 2.124224124800602887E-17 ) ) ;
#3353 = ORIENTED_EDGE ( 'NONE', *, *, #2940, .T. ) ;
#3354 = CIRCLE ( 'NONE', #702, 2.000000000000001776 ) ;
#3355 = FACE_OUTER_BOUND ( 'NONE', #2197, .T. ) ;
#3356 = CARTESIAN_POINT ( 'NONE',  ( 44.79272004953050157, 147.1008208751676136, 1.488814802995082627E-14 ) ) ;
#3357 = VECTOR ( 'NONE', #3326, 1000.000000000000000 ) ;
#3358 = EDGE_LOOP ( 'NONE', ( #2557, #2717, #1110, #1972 ) ) ;
#3359 = CARTESIAN_POINT ( 'NONE',  ( 5.500000000000032863, 136.6699193696437931, 24.50000000000000355 ) ) ;
#3360 = EDGE_LOOP ( 'NONE', ( #180, #2460, #1253, #1863 ) ) ;
#3361 = CARTESIAN_POINT ( 'NONE',  ( -1.387778780781445676E-14, 139.6699193696437931, -29.99999999999997513 ) ) ;
#3362 = EDGE_CURVE ( 'NONE', #2919, #478, #2211, .T. ) ;
#3363 = CARTESIAN_POINT ( 'NONE',  ( 71.04010050314707314, 139.6699193696437931, 34.20000000000002416 ) ) ;
#3364 = EDGE_CURVE ( 'NONE', #1462, #2854, #2999, .T. ) ;
#3365 = DIRECTION ( 'NONE',  ( 0.000000000000000000, 0.000000000000000000, -1.000000000000000000 ) ) ;
#3366 = ORIENTED_EDGE ( 'NONE', *, *, #406, .F. ) ;
#3367 = AXIS2_PLACEMENT_3D ( 'NONE', #3507, #2073, #751 ) ;
#3368 = EDGE_CURVE ( 'NONE', #2626, #2099, #1694, .T. ) ;
#3369 = FACE_OUTER_BOUND ( 'NONE', #2436, .T. ) ;
#3370 = AXIS2_PLACEMENT_3D ( 'NONE', #1303, #1237, #1285 ) ;
#3371 = CARTESIAN_POINT ( 'NONE',  ( 78.50000000000002842, 139.6699193696437931, 11.67333333333336221 ) ) ;
#3372 = ORIENTED_EDGE ( 'NONE', *, *, #3219, .T. ) ;
#3373 = AXIS2_PLACEMENT_3D ( 'NONE', #2023, #3145, #2831 ) ;
#3374 = CARTESIAN_POINT ( 'NONE',  ( 32.95989949685294818, 139.6699193696437931, -37.19999999999996732 ) ) ;
#3375 = LINE ( 'NONE', #870, #1449 ) ;
#3376 = AXIS2_PLACEMENT_3D ( 'NONE', #425, #3159, #1500 ) ;
#3377 = EDGE_CURVE ( 'NONE', #1456, #836, #516, .T. ) ;
#3378 = VERTEX_POINT ( 'NONE', #837 ) ;
#3379 = VECTOR ( 'NONE', #2618, 1000.000000000000000 ) ;
#3380 = FACE_OUTER_BOUND ( 'NONE', #2655, .T. ) ;
#3381 = ORIENTED_EDGE ( 'NONE', *, *, #510, .F. ) ;
#3382 = LINE ( 'NONE', #1452, #2103 ) ;
#3383 = DIRECTION ( 'NONE',  ( 6.938893903907233000E-18, 1.000000000000000000, -2.124224124800602887E-17 ) ) ;
#3384 = VERTEX_POINT ( 'NONE', #1393 ) ;
#3385 = CARTESIAN_POINT ( 'NONE',  ( 95.50000000000002842, 136.6699193696437931, 2.000000000000027978 ) ) ;
#3386 = DIRECTION ( 'NONE',  ( -1.770191701106372407E-16, -1.000000000000000000, 1.033096529485792400E-17 ) ) ;
#3387 = ORIENTED_EDGE ( 'NONE', *, *, #1561, .F. ) ;
#3388 = EDGE_CURVE ( 'NONE', #1257, #465, #29, .T. ) ;
#3389 = DIRECTION ( 'NONE',  ( 1.770191701106372407E-16, 1.000000000000000000, -1.033096529485792400E-17 ) ) ;
#3390 = DIRECTION ( 'NONE',  ( 1.770191701106372407E-16, 1.000000000000000000, -1.033096529485792400E-17 ) ) ;
#3391 = ORIENTED_EDGE ( 'NONE', *, *, #2384, .T. ) ;
#3392 = DIRECTION ( 'NONE',  ( 1.000000000000000000, 0.000000000000000000, 3.469446951953611033E-15 ) ) ;
#3393 = DIRECTION ( 'NONE',  ( 1.000000000000000000, 0.000000000000000000, 0.000000000000000000 ) ) ;
#3394 = EDGE_LOOP ( 'NONE', ( #2643, #3425, #2941, #3419 ) ) ;
#3395 = CARTESIAN_POINT ( 'NONE',  ( 5.500000000000032863, 136.6699193696437931, 24.50000000000000355 ) ) ;
#3396 = EDGE_CURVE ( 'NONE', #1392, #2871, #1226, .T. ) ;
#3397 = DIRECTION ( 'NONE',  ( -1.000000000000000000, 0.000000000000000000, -2.168404344971008868E-16 ) ) ;
#3398 = ORIENTED_EDGE ( 'NONE', *, *, #35, .T. ) ;
#3399 = EDGE_LOOP ( 'NONE', ( #3045, #3153, #1909, #3315 ) ) ;
#3400 = PLANE ( 'NONE',  #824 ) ;
#3401 = DIRECTION ( 'NONE',  ( 1.770191701106372407E-16, 1.000000000000000000, -1.033096529485792400E-17 ) ) ;
#3402 = EDGE_CURVE ( 'NONE', #1639, #461, #2895, .T. ) ;
#3403 = ORIENTED_EDGE ( 'NONE', *, *, #1727, .T. ) ;
#3404 = AXIS2_PLACEMENT_3D ( 'NONE', #3105, #2560, #1501 ) ;
#3405 = CARTESIAN_POINT ( 'NONE',  ( 80.49999999999995737, 136.6699193696437931, -27.49999999999996092 ) ) ;
#3406 = EDGE_CURVE ( 'NONE', #172, #2508, #3304, .T. ) ;
#3407 = CARTESIAN_POINT ( 'NONE',  ( 37.24999999999999289, 139.6699193696437931, -27.49999999999996803 ) ) ;
#3408 = CARTESIAN_POINT ( 'NONE',  ( 36.99999999999998579, 136.6699193696437931, -36.99999999999996447 ) ) ;
#3409 = VECTOR ( 'NONE', #156, 1000.000000000000000 ) ;
#3410 = ORIENTED_EDGE ( 'NONE', *, *, #174, .T. ) ;
#3411 = DIRECTION ( 'NONE',  ( 1.000000000000000000, 0.000000000000000000, 0.000000000000000000 ) ) ;
#3412 = AXIS2_PLACEMENT_3D ( 'NONE', #377, #1466, #3392 ) ;
#3413 = AXIS2_PLACEMENT_3D ( 'NONE', #83, #2000, #3100 ) ;
#3414 = ORIENTED_EDGE ( 'NONE', *, *, #1883, .T. ) ;
#3415 = ORIENTED_EDGE ( 'NONE', *, *, #3157, .F. ) ;
#3416 = LINE ( 'NONE', #2267, #2505 ) ;
#3417 = CARTESIAN_POINT ( 'NONE',  ( 67.00000000000002842, 97.61867099011053028, 34.00000000000001421 ) ) ;
#3418 = LINE ( 'NONE', #2860, #1520 ) ;
#3419 = ORIENTED_EDGE ( 'NONE', *, *, #1902, .F. ) ;
#3420 = EDGE_CURVE ( 'NONE', #461, #1639, #3013, .T. ) ;
#3421 = ORIENTED_EDGE ( 'NONE', *, *, #1565, .T. ) ;
#3422 = DIRECTION ( 'NONE',  ( 6.938893903907233000E-18, 1.000000000000000000, -2.124224124800602887E-17 ) ) ;
#3423 = CARTESIAN_POINT ( 'NONE',  ( 78.49999999999997158, 139.6699193696437931, -16.49999999999995737 ) ) ;
#3424 = AXIS2_PLACEMENT_3D ( 'NONE', #2712, #3275, #2786 ) ;
#3425 = ORIENTED_EDGE ( 'NONE', *, *, #550, .F. ) ;
#3426 = AXIS2_PLACEMENT_3D ( 'NONE', #3405, #389, #2077 ) ;
#3427 = DIRECTION ( 'NONE',  ( -6.938893903907233000E-18, -1.000000000000000000, 2.124224124800602887E-17 ) ) ;
#3428 = CARTESIAN_POINT ( 'NONE',  ( 32.95989949685299081, 136.6699193696437931, 34.20000000000000995 ) ) ;
#3429 = CARTESIAN_POINT ( 'NONE',  ( 37.25000000000003553, 136.6699193696437931, 24.50000000000001066 ) ) ;
#3430 = AXIS2_PLACEMENT_3D ( 'NONE', #1383, #30, #849 ) ;
#3431 = ORIENTED_EDGE ( 'NONE', *, *, #2059, .F. ) ;
#3432 = EDGE_CURVE ( 'NONE', #2871, #771, #1375, .T. ) ;
#3433 = DIRECTION ( 'NONE',  ( 2.873765282794109252E-18, -2.124224124800602887E-17, -1.000000000000000000 ) ) ;
#3434 = AXIS2_PLACEMENT_3D ( 'NONE', #1895, #2587, #1983 ) ;
#3435 = ORIENTED_EDGE ( 'NONE', *, *, #3328, .F. ) ;
#3436 = VERTEX_POINT ( 'NONE', #1126 ) ;
#3437 = ADVANCED_FACE ( 'NONE', ( #2178 ), #1903, .F. ) ;
#3438 = VECTOR ( 'NONE', #3163, 1000.000000000000000 ) ;
#3439 = FACE_BOUND ( 'NONE', #3271, .T. ) ;
#3440 = VERTEX_POINT ( 'NONE', #1688 ) ;
#3441 = ORIENTED_EDGE ( 'NONE', *, *, #1451, .F. ) ;
#3442 = CARTESIAN_POINT ( 'NONE',  ( 70.50000000000002842, 129.6699193696437931, 11.67333333333336043 ) ) ;
#3443 = CARTESIAN_POINT ( 'NONE',  ( 92.49999999999998579, 137.6699193696437931, -16.49999999999995737 ) ) ;
#3444 = EDGE_LOOP ( 'NONE', ( #1317, #2910, #2063, #1747 ) ) ;
#3445 = ADVANCED_FACE ( 'NONE', ( #2783 ), #3093, .F. ) ;
#3446 = CARTESIAN_POINT ( 'NONE',  ( 5.499999999999984013, 136.6699193696437931, -27.49999999999996803 ) ) ;
#3447 = CARTESIAN_POINT ( 'NONE',  ( 95.50000000000000000, 139.6699193696437931, 2.775557561562891351E-14 ) ) ;
#3448 = DIRECTION ( 'NONE',  ( -1.000000000000000000, 0.000000000000000000, -2.168404344971006896E-16 ) ) ;
#3449 = VERTEX_POINT ( 'NONE', #1181 ) ;
#3450 = CARTESIAN_POINT ( 'NONE',  ( 2.775557561562891351E-14, 136.6699193696437931, 27.00000000000000355 ) ) ;
#3451 = ADVANCED_FACE ( 'NONE', ( #615 ), #1414, .F. ) ;
#3452 = DIRECTION ( 'NONE',  ( 1.000000000000000000, -6.938893903907226837E-18, 2.598698357978766491E-16 ) ) ;
#3453 = ORIENTED_EDGE ( 'NONE', *, *, #2681, .T. ) ;
#3454 = LINE ( 'NONE', #1799, #1293 ) ;
#3455 = CARTESIAN_POINT ( 'NONE',  ( 71.04010050314701630, 139.6699193696437931, -37.19999999999996021 ) ) ;
#3456 = CARTESIAN_POINT ( 'NONE',  ( 92.50000000000005684, 137.6699193696437931, 13.50000000000003020 ) ) ;
#3457 = ORIENTED_EDGE ( 'NONE', *, *, #1674, .T. ) ;
#3458 = DIRECTION ( 'NONE',  ( 6.938893903907233000E-18, 1.000000000000000000, -2.124224124800602887E-17 ) ) ;
#3459 = CARTESIAN_POINT ( 'NONE',  ( 2.000000000000036415, 136.6699193696437931, 3.469446951953614189E-15 ) ) ;
#3460 = LINE ( 'NONE', #426, #3295 ) ;
#3461 = ORIENTED_EDGE ( 'NONE', *, *, #1208, .T. ) ;
#3462 = VECTOR ( 'NONE', #2769, 1000.000000000000000 ) ;
#3463 = DIRECTION ( 'NONE',  ( -6.938893903907233000E-18, -1.000000000000000000, 2.124224124800602887E-17 ) ) ;
#3464 = AXIS2_PLACEMENT_3D ( 'NONE', #1159, #374, #2040 ) ;
#3465 = ORIENTED_EDGE ( 'NONE', *, *, #819, .T. ) ;
#3466 = DIRECTION ( 'NONE',  ( 1.770191701106372407E-16, 1.000000000000000000, -1.033096529485792400E-17 ) ) ;
#3467 = AXIS2_PLACEMENT_3D ( 'NONE', #2381, #3476, #1274 ) ;
#3468 = CIRCLE ( 'NONE', #1631, 7.999999999999996447 ) ;
#3469 = LINE ( 'NONE', #2943, #1419 ) ;
#3470 = CARTESIAN_POINT ( 'NONE',  ( 81.75000000000002842, 136.6699193696437931, 24.50000000000002132 ) ) ;
#3471 = CIRCLE ( 'NONE', #375, 1.250000000000001110 ) ;
#3472 = EDGE_LOOP ( 'NONE', ( #3372, #1788, #1073, #1833 ) ) ;
#3473 = EDGE_LOOP ( 'NONE', ( #3031, #3053, #3502, #652 ) ) ;
#3474 = EDGE_CURVE ( 'NONE', #3114, #2919, #1147, .T. ) ;
#3475 = CARTESIAN_POINT ( 'NONE',  ( 24.99999999999998579, 136.6699193696437931, -37.99999999999997158 ) ) ;
#3476 = DIRECTION ( 'NONE',  ( -6.938893903907233000E-18, -1.000000000000000000, 2.124224124800602887E-17 ) ) ;
#3477 = ORIENTED_EDGE ( 'NONE', *, *, #43, .T. ) ;
#3478 = ADVANCED_FACE ( 'NONE', ( #3380 ), #2830, .F. ) ;
#3479 = CARTESIAN_POINT ( 'NONE',  ( -2.081668171172168513E-14, 136.6699193696437931, -2.999999999999968026 ) ) ;
#3480 = FACE_OUTER_BOUND ( 'NONE', #1845, .T. ) ;
#3481 = DIRECTION ( 'NONE',  ( -1.000000000000000000, 0.000000000000000000, 0.000000000000000000 ) ) ;
#3482 = EDGE_LOOP ( 'NONE', ( #3148, #1664 ) ) ;
#3483 = AXIS2_PLACEMENT_3D ( 'NONE', #189, #1272, #2375 ) ;
#3484 = DIRECTION ( 'NONE',  ( 6.938893903907233000E-18, 1.000000000000000000, -2.124224124800602887E-17 ) ) ;
#3485 = EDGE_CURVE ( 'NONE', #301, #1556, #2664, .T. ) ;
#3486 = VECTOR ( 'NONE', #230, 1000.000000000000000 ) ;
#3487 = ORIENTED_EDGE ( 'NONE', *, *, #2780, .F. ) ;
#3488 = CARTESIAN_POINT ( 'NONE',  ( 5.499999999999984013, 136.6699193696437931, -27.49999999999996803 ) ) ;
#3489 = CIRCLE ( 'NONE', #2395, 3.000000000000002665 ) ;
#3490 = CARTESIAN_POINT ( 'NONE',  ( 67.00000000000002842, 97.61867099011053028, 30.00000000000002132 ) ) ;
#3491 = CIRCLE ( 'NONE', #391, 2.000000000000001776 ) ;
#3492 = EDGE_LOOP ( 'NONE', ( #2471, #2789 ) ) ;
#3493 = PLANE ( 'NONE',  #947 ) ;
#3494 = VECTOR ( 'NONE', #2703, 1000.000000000000000 ) ;
#3495 = DIRECTION ( 'NONE',  ( 1.000000000000000000, 0.000000000000000000, 0.000000000000000000 ) ) ;
#3496 = CARTESIAN_POINT ( 'NONE',  ( 81.74999999999995737, 136.6699193696437931, -27.49999999999996092 ) ) ;
#3497 = ORIENTED_EDGE ( 'NONE', *, *, #3406, .T. ) ;
#3498 = DIRECTION ( 'NONE',  ( -1.770191701106372407E-16, -1.000000000000000000, 1.033096529485792400E-17 ) ) ;
#3499 = CARTESIAN_POINT ( 'NONE',  ( 17.49999999999997158, 136.6699193696437931, -24.49999999999996447 ) ) ;
#3500 = CARTESIAN_POINT ( 'NONE',  ( 4.999999999999984013, 139.6699193696437931, -16.49999999999997158 ) ) ;
#3501 = ADVANCED_FACE ( 'NONE', ( #1213 ), #2563, .F. ) ;
#3502 = ORIENTED_EDGE ( 'NONE', *, *, #1146, .T. ) ;
#3503 = VERTEX_POINT ( 'NONE', #1707 ) ;
#3504 = DIRECTION ( 'NONE',  ( 6.938893903907233000E-18, 1.000000000000000000, -2.124224124800602887E-17 ) ) ;
#3505 = CYLINDRICAL_SURFACE ( 'NONE', #2095, 1.999999999999994893 ) ;
#3506 = ORIENTED_EDGE ( 'NONE', *, *, #3362, .T. ) ;
#3507 = CARTESIAN_POINT ( 'NONE',  ( 65.99999999999997158, 136.6699193696437931, -27.49999999999996092 ) ) ;
#3508 = CARTESIAN_POINT ( 'NONE',  ( 69.00000000000002842, 97.61867099011053028, 32.00000000000002132 ) ) ;
#3509 = CARTESIAN_POINT ( 'NONE',  ( 37.24999999999999289, 136.6699193696437931, -27.49999999999996803 ) ) ;
#3510 = ORIENTED_EDGE ( 'NONE', *, *, #928, .F. ) ;
#3511 = DIRECTION ( 'NONE',  ( -5.168659063129591889E-16, 2.124224124800603504E-17, 1.000000000000000000 ) ) ;
#3512 = FACE_BOUND ( 'NONE', #545, .T. ) ;
#3513 = VERTEX_POINT ( 'NONE', #924 ) ;
#3514 = EDGE_LOOP ( 'NONE', ( #840, #1469 ) ) ;
#3515 = EDGE_CURVE ( 'NONE', #2604, #2171, #2801, .T. ) ;
#3516 = EDGE_CURVE ( 'NONE', #3012, #172, #345, .T. ) ;
#3517 = AXIS2_PLACEMENT_3D ( 'NONE', #70, #2244, #642 ) ;
#3518 = ORIENTED_EDGE ( 'NONE', *, *, #2879, .T. ) ;
#3519 = DIRECTION ( 'NONE',  ( -1.770191701106372407E-16, -1.000000000000000000, 1.033096529485792400E-17 ) ) ;
#3520 = DIRECTION ( 'NONE',  ( 1.770191701106372407E-16, 1.000000000000000000, -1.033096529485792400E-17 ) ) ;
#3521 = VECTOR ( 'NONE', #3401, 1000.000000000000000 ) ;
#3522 = ORIENTED_EDGE ( 'NONE', *, *, #356, .F. ) ;
#3523 = DIRECTION ( 'NONE',  ( 1.000000000000000000, 0.000000000000000000, 0.000000000000000000 ) ) ;
#3524 = AXIS2_PLACEMENT_3D ( 'NONE', #2075, #440, #3193 ) ;
#3525 = CIRCLE ( 'NONE', #1746, 1.250000000000001110 ) ;
#3526 = CARTESIAN_POINT ( 'NONE',  ( 89.49999999999998579, 137.6699193696437931, -16.49999999999995737 ) ) ;
#3527 = AXIS2_PLACEMENT_3D ( 'NONE', #1738, #1957, #1485 ) ;
#3528 = AXIS2_PLACEMENT_3D ( 'NONE', #326, #1684, #2228 ) ;
#3529 = CARTESIAN_POINT ( 'NONE',  ( 2.000000000000029310, 136.6699193696437931, 2.000000000000001776 ) ) ;
#3530 = EDGE_CURVE ( 'NONE', #116, #2761, #3188, .T. ) ;
#3531 = EDGE_LOOP ( 'NONE', ( #2536, #569, #2701, #2740 ) ) ;
#3532 = DIRECTION ( 'NONE',  ( 1.000000000000000000, 0.000000000000000000, 0.000000000000000000 ) ) ;
#3533 = DIRECTION ( 'NONE',  ( -1.000000000000000000, 6.938893903907226837E-18, -2.598698357978766491E-16 ) ) ;
#3534 = FACE_BOUND ( 'NONE', #1930, .T. ) ;
#3535 = ORIENTED_EDGE ( 'NONE', *, *, #845, .T. ) ;
#3536 = EDGE_LOOP ( 'NONE', ( #2954, #2616 ) ) ;
#3537 = AXIS2_PLACEMENT_3D ( 'NONE', #2768, #1342, #5 ) ;
#3538 = VERTEX_POINT ( 'NONE', #3124 ) ;
#3539 = CARTESIAN_POINT ( 'NONE',  ( 4.999999999999984013, 137.6699193696437931, -16.49999999999997158 ) ) ;
#3540 = VECTOR ( 'NONE', #2119, 1000.000000000000000 ) ;
#3541 = ADVANCED_FACE ( 'NONE', ( #2262 ), #1197, .F. ) ;
#3542 = ORIENTED_EDGE ( 'NONE', *, *, #1429, .T. ) ;
#3543 = CYLINDRICAL_SURFACE ( 'NONE', #3537, 3.000000000000000888 ) ;
#3544 = CIRCLE ( 'NONE', #2795, 3.000000000000000888 ) ;
#3545 = FACE_OUTER_BOUND ( 'NONE', #1018, .T. ) ;
#3546 = CYLINDRICAL_SURFACE ( 'NONE', #1744, 1.250000000000001110 ) ;
#3547 = VERTEX_POINT ( 'NONE', #3162 ) ;
#3548 = VECTOR ( 'NONE', #3533, 1000.000000000000000 ) ;
#3549 = CARTESIAN_POINT ( 'NONE',  ( 92.50000000000005684, 139.6699193696437931, 13.50000000000003020 ) ) ;
#3550 = PLANE ( 'NONE',  #2888 ) ;
#3551 = VERTEX_POINT ( 'NONE', #2938 ) ;
#3552 = EDGE_CURVE ( 'NONE', #2479, #3012, #2034, .T. ) ;
#3553 = ORIENTED_EDGE ( 'NONE', *, *, #249, .T. ) ;
ENDSEC;
END-ISO-10303-21;
