ISO-10303-21;
HEADER;
FILE_DESCRIPTION (( 'STEP AP214' ),
    '1' );
FILE_NAME ('µç³Ø¼Ü×Ü×°Æ´°æ1.STEP',
    '2026-04-21T12:01:25',
    ( '' ),
    ( '' ),
    'SwSTEP 2.0',
    'SolidWorks 2026',
    '' );
FILE_SCHEMA (( 'AUTOMOTIVE_DESIGN' ));
ENDSEC;

DATA;
#1 = AXIS2_PLACEMENT_3D ( 'NONE', #4931, #5472, #2237 ) ;
#2 = DIRECTION ( 'NONE',  ( -2.311115933264671392E-33, -3.697785493223492838E-32, -1.000000000000000000 ) ) ;
#3 = LINE ( 'NONE', #6559, #4440 ) ;
#4 = ORIENTED_EDGE ( 'NONE', *, *, #5241, .F. ) ;
#5 = LINE ( 'NONE', #6275, #1711 ) ;
#6 = FACE_OUTER_BOUND ( 'NONE', #4948, .T. ) ;
#7 = EDGE_LOOP ( 'NONE', ( #1503, #994, #5894, #5573 ) ) ;
#8 = EDGE_LOOP ( 'NONE', ( #1938, #2492, #6855, #3350 ) ) ;
#9 = ORIENTED_EDGE ( 'NONE', *, *, #18, .F. ) ;
#10 = DIRECTION ( 'NONE',  ( 1.278526357607465097E-16, -1.000000000000000000, -5.022723014296544476E-18 ) ) ;
#11 = DIRECTION ( 'NONE',  ( -1.268935612889287343E-16, 1.000000000000000000, 1.026341648675403128E-48 ) ) ;
#12 = AXIS2_PLACEMENT_3D ( 'NONE', #5937, #1062, #939 ) ;
#13 = CARTESIAN_POINT ( 'NONE',  ( -69.88227985884040550, -22.87015455142720910, 17.89999999999999858 ) ) ;
#14 = ORIENTED_EDGE ( 'NONE', *, *, #816, .T. ) ;
#15 = DIRECTION ( 'NONE',  ( -1.278526357607465097E-16, 1.000000000000000000, 5.022723014296544476E-18 ) ) ;
#16 = AXIS2_PLACEMENT_3D ( 'NONE', #3199, #1525, #3866 ) ;
#17 = AXIS2_PLACEMENT_3D ( 'NONE', #3001, #4687, #4624 ) ;
#18 = EDGE_CURVE ( 'NONE', #6126, #5701, #2945, .T. ) ;
#19 = DIRECTION ( 'NONE',  ( 1.000000000000000000, 0.000000000000000000, 0.000000000000000000 ) ) ;
#20 = CARTESIAN_POINT ( 'NONE',  ( -23.99999999999993605, -24.07015455142720128, 14.00000000000000355 ) ) ;
#21 = EDGE_CURVE ( 'NONE', #2720, #204, #778, .T. ) ;
#22 = LINE ( 'NONE', #1091, #3791 ) ;
#23 = CIRCLE ( 'NONE', #130, 2.000000000000001776 ) ;
#24 = ORIENTED_EDGE ( 'NONE', *, *, #6516, .F. ) ;
#25 = DIRECTION ( 'NONE',  ( -1.278526357607465097E-16, 1.000000000000000000, 5.022723014296544476E-18 ) ) ;
#26 = CARTESIAN_POINT ( 'NONE',  ( -52.49999999999992895, -25.87015455142720555, 22.89999999999999147 ) ) ;
#27 = EDGE_CURVE ( 'NONE', #4435, #6943, #980, .T. ) ;
#28 = ADVANCED_FACE ( 'NONE', ( #2648 ), #937, .F. ) ;
#29 = VECTOR ( 'NONE', #5085, 1000.000000000000000 ) ;
#30 = AXIS2_PLACEMENT_3D ( 'NONE', #993, #949, #6523 ) ;
#31 = DIRECTION ( 'NONE',  ( 1.288097321785393689E-16, -1.000000000000000000, 3.489072158099908472E-32 ) ) ;
#32 = FACE_OUTER_BOUND ( 'NONE', #2554, .T. ) ;
#33 = DIRECTION ( 'NONE',  ( -1.278526357607465097E-16, 1.000000000000000000, 5.022723014296544476E-18 ) ) ;
#34 = ORIENTED_EDGE ( 'NONE', *, *, #5028, .F. ) ;
#35 = VECTOR ( 'NONE', #1983, 1000.000000000000000 ) ;
#36 = EDGE_LOOP ( 'NONE', ( #5332, #1933, #3836, #5914 ) ) ;
#37 = EDGE_CURVE ( 'NONE', #735, #1289, #2519, .T. ) ;
#38 = VECTOR ( 'NONE', #7051, 1000.000000000000000 ) ;
#39 = CARTESIAN_POINT ( 'NONE',  ( -83.89999999999992042, -25.87015455142721265, 22.89999999999999147 ) ) ;
#40 = DIRECTION ( 'NONE',  ( -2.311115933264682682E-33, -8.323527102631439332E-34, -1.000000000000000000 ) ) ;
#41 = LINE ( 'NONE', #620, #1591 ) ;
#42 = CARTESIAN_POINT ( 'NONE',  ( -34.99999999999993605, -25.87015455142720555, 53.19999999999999574 ) ) ;
#43 = ORIENTED_EDGE ( 'NONE', *, *, #598, .T. ) ;
#44 = ORIENTED_EDGE ( 'NONE', *, *, #4088, .T. ) ;
#45 = CIRCLE ( 'NONE', #1790, 1.500000000000001332 ) ;
#46 = CARTESIAN_POINT ( 'NONE',  ( -75.39999999999994884, -25.87015455142721265, -2.100000000000004530 ) ) ;
#47 = AXIS2_PLACEMENT_3D ( 'NONE', #318, #6988, #4165 ) ;
#48 = CARTESIAN_POINT ( 'NONE',  ( -60.39999999999995595, -22.87015455142720910, 17.89999999999999858 ) ) ;
#49 = VERTEX_POINT ( 'NONE', #903 ) ;
#50 = CARTESIAN_POINT ( 'NONE',  ( -83.39999999999994884, -22.87015455142721265, 17.89999999999999858 ) ) ;
#51 = ORIENTED_EDGE ( 'NONE', *, *, #608, .T. ) ;
#52 = LINE ( 'NONE', #3995, #6084 ) ;
#53 = CIRCLE ( 'NONE', #5651, 3.000000000000002665 ) ;
#54 = CARTESIAN_POINT ( 'NONE',  ( -83.89999999999992042, -25.87015455142721265, 56.39999999999998437 ) ) ;
#55 = CARTESIAN_POINT ( 'NONE',  ( -71.89999999999994884, -24.07015455142720839, -29.50000000000000000 ) ) ;
#56 = DIRECTION ( 'NONE',  ( -2.311115933264671392E-33, -3.697785493223492838E-32, -1.000000000000000000 ) ) ;
#57 = CARTESIAN_POINT ( 'NONE',  ( -83.89999999999992042, -25.87015455142721265, 58.39999999999998437 ) ) ;
#58 = VECTOR ( 'NONE', #1962, 1000.000000000000000 ) ;
#59 = VERTEX_POINT ( 'NONE', #3122 ) ;
#60 = LINE ( 'NONE', #1129, #2811 ) ;
#61 = DIRECTION ( 'NONE',  ( 1.369775700273876512E-16, -1.000000000000000000, 1.232595164407830672E-32 ) ) ;
#62 = DIRECTION ( 'NONE',  ( 2.311115933264671392E-33, 3.697785493223492838E-32, 1.000000000000000000 ) ) ;
#63 = PLANE ( 'NONE',  #3076 ) ;
#64 = ADVANCED_FACE ( 'NONE', ( #1522 ), #5427, .F. ) ;
#65 = DIRECTION ( 'NONE',  ( 0.000000000000000000, 0.000000000000000000, -1.000000000000000000 ) ) ;
#66 = EDGE_LOOP ( 'NONE', ( #1257, #5448, #6807, #5205 ) ) ;
#67 = EDGE_CURVE ( 'NONE', #3507, #5206, #894, .T. ) ;
#68 = ORIENTED_EDGE ( 'NONE', *, *, #289, .F. ) ;
#69 = EDGE_CURVE ( 'NONE', #7036, #3598, #1720, .T. ) ;
#70 = VERTEX_POINT ( 'NONE', #3785 ) ;
#71 = CARTESIAN_POINT ( 'NONE',  ( -52.49999999999992184, -22.87015455142720555, 58.39999999999998437 ) ) ;
#72 = LINE ( 'NONE', #2947, #811 ) ;
#73 = DIRECTION ( 'NONE',  ( -1.000000000000000000, -1.278526357607465097E-16, -6.608470384673552010E-16 ) ) ;
#74 = CARTESIAN_POINT ( 'NONE',  ( -37.49999999999993605, -22.87015455142720555, 3.000000000000000000 ) ) ;
#75 = EDGE_CURVE ( 'NONE', #1439, #182, #4051, .T. ) ;
#76 = ADVANCED_FACE ( 'NONE', ( #2682 ), #3703, .T. ) ;
#77 = ORIENTED_EDGE ( 'NONE', *, *, #1717, .T. ) ;
#78 = ORIENTED_EDGE ( 'NONE', *, *, #3057, .T. ) ;
#79 = AXIS2_PLACEMENT_3D ( 'NONE', #5976, #1100, #2727 ) ;
#80 = CYLINDRICAL_SURFACE ( 'NONE', #2145, 2.000000000000001776 ) ;
#81 = PLANE ( 'NONE',  #5230 ) ;
#82 = CARTESIAN_POINT ( 'NONE',  ( -16.49999999999993960, -25.87015455142720199, 8.199999999999999289 ) ) ;
#83 = ORIENTED_EDGE ( 'NONE', *, *, #4536, .T. ) ;
#84 = DIRECTION ( 'NONE',  ( 0.000000000000000000, 0.000000000000000000, -1.000000000000000000 ) ) ;
#85 = ORIENTED_EDGE ( 'NONE', *, *, #1586, .F. ) ;
#86 = CARTESIAN_POINT ( 'NONE',  ( -42.49999999999992895, -25.87015455142720555, 22.89999999999999147 ) ) ;
#87 = VECTOR ( 'NONE', #2104, 1000.000000000000000 ) ;
#88 = DIRECTION ( 'NONE',  ( 1.278526357607465097E-16, -1.000000000000000000, -5.022723014296544476E-18 ) ) ;
#89 = FACE_OUTER_BOUND ( 'NONE', #2371, .T. ) ;
#90 = CARTESIAN_POINT ( 'NONE',  ( -9.999999999999939604, -22.87015455142720199, -35.00000000000001421 ) ) ;
#91 = VERTEX_POINT ( 'NONE', #7021 ) ;
#92 = FACE_OUTER_BOUND ( 'NONE', #6711, .T. ) ;
#93 = ORIENTED_EDGE ( 'NONE', *, *, #1271, .T. ) ;
#94 = CARTESIAN_POINT ( 'NONE',  ( -1.999999999999932498, -22.87015455142720199, -27.00000000000001066 ) ) ;
#95 = AXIS2_PLACEMENT_3D ( 'NONE', #1773, #2783, #5020 ) ;
#96 = AXIS2_PLACEMENT_3D ( 'NONE', #1566, #2686, #3865 ) ;
#97 = DIRECTION ( 'NONE',  ( 1.288097321785393689E-16, -1.000000000000000000, 3.489072158099908472E-32 ) ) ;
#98 = FACE_OUTER_BOUND ( 'NONE', #3984, .T. ) ;
#99 = DIRECTION ( 'NONE',  ( 1.288097321785393689E-16, -1.000000000000000000, 3.489072158099908472E-32 ) ) ;
#100 = VERTEX_POINT ( 'NONE', #7165 ) ;
#101 = CARTESIAN_POINT ( 'NONE',  ( -60.39999999999995595, -25.87015455142720910, -17.49999999999998934 ) ) ;
#102 = CIRCLE ( 'NONE', #4186, 1.500000000000001332 ) ;
#103 = ADVANCED_FACE ( 'NONE', ( #344 ), #3196, .F. ) ;
#104 = EDGE_LOOP ( 'NONE', ( #4905, #1477 ) ) ;
#105 = DIRECTION ( 'NONE',  ( -1.540743955509788340E-33, -8.323527102631437622E-34, -1.000000000000000000 ) ) ;
#106 = LINE ( 'NONE', #2910, #587 ) ;
#107 = EDGE_CURVE ( 'NONE', #2702, #7048, #6367, .T. ) ;
#108 = CIRCLE ( 'NONE', #4890, 1.000000000000000888 ) ;
#109 = CARTESIAN_POINT ( 'NONE',  ( -48.49999999999992184, -25.87015455142720555, 34.39999999999998437 ) ) ;
#110 = CARTESIAN_POINT ( 'NONE',  ( -51.49999999999992895, -24.07015455142720484, 34.39999999999998437 ) ) ;
#111 = ORIENTED_EDGE ( 'NONE', *, *, #6531, .T. ) ;
#112 = VERTEX_POINT ( 'NONE', #6049 ) ;
#113 = ADVANCED_FACE ( 'NONE', ( #7090 ), #6509, .F. ) ;
#114 = DIRECTION ( 'NONE',  ( 0.000000000000000000, 0.000000000000000000, -1.000000000000000000 ) ) ;
#115 = CARTESIAN_POINT ( 'NONE',  ( -53.19999999999992468, -22.87015455142720555, 56.89999999999998437 ) ) ;
#116 = CARTESIAN_POINT ( 'NONE',  ( -93.39999999999994884, -22.87015455142721265, 7.899999999999999467 ) ) ;
#117 = ORIENTED_EDGE ( 'NONE', *, *, #4852, .T. ) ;
#118 = LINE ( 'NONE', #4441, #835 ) ;
#119 = VERTEX_POINT ( 'NONE', #2615 ) ;
#120 = EDGE_CURVE ( 'NONE', #480, #1285, #6010, .T. ) ;
#121 = EDGE_CURVE ( 'NONE', #6962, #5267, #4638, .T. ) ;
#122 = AXIS2_PLACEMENT_3D ( 'NONE', #3223, #450, #1011 ) ;
#123 = LINE ( 'NONE', #6857, #4872 ) ;
#124 = DIRECTION ( 'NONE',  ( 0.000000000000000000, 0.000000000000000000, -1.000000000000000000 ) ) ;
#125 = EDGE_LOOP ( 'NONE', ( #2808, #6195, #3010, #2151, #1483, #6811, #2279, #4103 ) ) ;
#126 = VERTEX_POINT ( 'NONE', #6551 ) ;
#127 = VECTOR ( 'NONE', #5545, 1000.000000000000000 ) ;
#128 = DIRECTION ( 'NONE',  ( -1.000000000000000000, 0.000000000000000000, 0.000000000000000000 ) ) ;
#129 = VECTOR ( 'NONE', #6859, 1000.000000000000000 ) ;
#130 = AXIS2_PLACEMENT_3D ( 'NONE', #1166, #2361, #4494 ) ;
#131 = DIRECTION ( 'NONE',  ( 1.000000000000000000, 0.000000000000000000, 0.000000000000000000 ) ) ;
#132 = AXIS2_PLACEMENT_3D ( 'NONE', #3577, #151, #6821 ) ;
#133 = PLANE ( 'NONE',  #1226 ) ;
#134 = VERTEX_POINT ( 'NONE', #2192 ) ;
#135 = DIRECTION ( 'NONE',  ( 1.000000000000000000, 0.000000000000000000, 0.000000000000000000 ) ) ;
#136 = ORIENTED_EDGE ( 'NONE', *, *, #5820, .T. ) ;
#137 = CARTESIAN_POINT ( 'NONE',  ( -53.19999999999992468, -22.87015455142720555, 56.89999999999998437 ) ) ;
#138 = AXIS2_PLACEMENT_3D ( 'NONE', #2090, #4818, #4242 ) ;
#139 = EDGE_LOOP ( 'NONE', ( #1824, #5644, #1449, #6135 ) ) ;
#140 = CARTESIAN_POINT ( 'NONE',  ( -75.89999999999990621, -22.87015455142720910, 45.89999999999999858 ) ) ;
#141 = LINE ( 'NONE', #2367, #4199 ) ;
#142 = VECTOR ( 'NONE', #3457, 1000.000000000000000 ) ;
#143 = CARTESIAN_POINT ( 'NONE',  ( 6.245004513516505540E-14, -22.87015455142719844, 15.00000000000000000 ) ) ;
#144 = LINE ( 'NONE', #1867, #2681 ) ;
#145 = ORIENTED_EDGE ( 'NONE', *, *, #6778, .T. ) ;
#146 = VERTEX_POINT ( 'NONE', #2156 ) ;
#147 = VECTOR ( 'NONE', #3194, 1000.000000000000000 ) ;
#148 = EDGE_CURVE ( 'NONE', #517, #5373, #3108, .T. ) ;
#149 = CARTESIAN_POINT ( 'NONE',  ( -12.69999999999994067, -25.87015455142720199, -33.00000000000000711 ) ) ;
#150 = DIRECTION ( 'NONE',  ( 0.000000000000000000, 0.000000000000000000, -1.000000000000000000 ) ) ;
#151 = DIRECTION ( 'NONE',  ( -1.268935612889287343E-16, 1.000000000000000000, 1.026341648675403128E-48 ) ) ;
#152 = AXIS2_PLACEMENT_3D ( 'NONE', #572, #3969, #2259 ) ;
#153 = ORIENTED_EDGE ( 'NONE', *, *, #1320, .F. ) ;
#154 = EDGE_CURVE ( 'NONE', #1359, #2327, #1479, .T. ) ;
#155 = DIRECTION ( 'NONE',  ( -1.278526357607465097E-16, 1.000000000000000000, 5.022723014296544476E-18 ) ) ;
#156 = VERTEX_POINT ( 'NONE', #5029 ) ;
#157 = AXIS2_PLACEMENT_3D ( 'NONE', #6518, #3711, #1530 ) ;
#158 = CARTESIAN_POINT ( 'NONE',  ( -35.49999999999993605, -22.87015455142720555, 38.39999999999999147 ) ) ;
#159 = LINE ( 'NONE', #1881, #5725 ) ;
#160 = CYLINDRICAL_SURFACE ( 'NONE', #4157, 2.000000000000001776 ) ;
#161 = VERTEX_POINT ( 'NONE', #538 ) ;
#162 = FACE_BOUND ( 'NONE', #3686, .T. ) ;
#163 = ORIENTED_EDGE ( 'NONE', *, *, #6578, .F. ) ;
#164 = AXIS2_PLACEMENT_3D ( 'NONE', #6011, #4384, #3234 ) ;
#165 = EDGE_CURVE ( 'NONE', #3596, #3289, #2358, .T. ) ;
#166 = AXIS2_PLACEMENT_3D ( 'NONE', #2149, #6546, #7046 ) ;
#167 = CARTESIAN_POINT ( 'NONE',  ( -11.99999999999995559, -25.87015455142720199, -17.00000000000000711 ) ) ;
#168 = FACE_OUTER_BOUND ( 'NONE', #1770, .T. ) ;
#169 = ORIENTED_EDGE ( 'NONE', *, *, #2260, .F. ) ;
#170 = LINE ( 'NONE', #4600, #6873 ) ;
#171 = ORIENTED_EDGE ( 'NONE', *, *, #5282, .T. ) ;
#172 = CARTESIAN_POINT ( 'NONE',  ( -54.19999999999993179, -25.87015455142720910, 56.89999999999998437 ) ) ;
#173 =( GEOMETRIC_REPRESENTATION_CONTEXT ( 3 ) GLOBAL_UNCERTAINTY_ASSIGNED_CONTEXT ( ( #3022 ) ) GLOBAL_UNIT_ASSIGNED_CONTEXT ( ( #4032, #3476, #1844 ) ) REPRESENTATION_CONTEXT ( 'NONE', 'WORKASPACE' ) );
#174 = ORIENTED_EDGE ( 'NONE', *, *, #1321, .F. ) ;
#175 = CYLINDRICAL_SURFACE ( 'NONE', #1685, 1.500000000000001332 ) ;
#176 = DIRECTION ( 'NONE',  ( 1.268935612889287343E-16, -1.000000000000000000, -1.026341648675403128E-48 ) ) ;
#177 = FACE_BOUND ( 'NONE', #666, .T. ) ;
#178 = DIRECTION ( 'NONE',  ( 1.268935612889287343E-16, -1.000000000000000000, -1.026341648675403128E-48 ) ) ;
#179 = VECTOR ( 'NONE', #5753, 1000.000000000000000 ) ;
#180 = DIRECTION ( 'NONE',  ( 1.268935612889287343E-16, -1.000000000000000000, -1.026341648675403128E-48 ) ) ;
#181 = DIRECTION ( 'NONE',  ( 1.288097321785393689E-16, -1.000000000000000000, 3.489072158099908472E-32 ) ) ;
#182 = VERTEX_POINT ( 'NONE', #6732 ) ;
#183 = CYLINDRICAL_SURFACE ( 'NONE', #1189, 3.000000000000000888 ) ;
#184 = AXIS2_PLACEMENT_3D ( 'NONE', #3090, #4162, #4129 ) ;
#185 = ORIENTED_EDGE ( 'NONE', *, *, #5361, .F. ) ;
#186 = DIRECTION ( 'NONE',  ( -2.311115933264673102E-33, -2.469788560855558288E-32, -1.000000000000000000 ) ) ;
#187 = EDGE_LOOP ( 'NONE', ( #6206, #533, #461, #4316 ) ) ;
#188 = CARTESIAN_POINT ( 'NONE',  ( -93.89999999999994884, -25.87015455142721265, 7.899999999999999467 ) ) ;
#189 = CARTESIAN_POINT ( 'NONE',  ( -42.69999999999994600, -25.87015455142720910, -33.00000000000000711 ) ) ;
#190 = DIRECTION ( 'NONE',  ( 0.000000000000000000, 0.000000000000000000, 1.000000000000000000 ) ) ;
#191 = ORIENTED_EDGE ( 'NONE', *, *, #121, .T. ) ;
#192 = ADVANCED_FACE ( 'NONE', ( #3381 ), #2793, .T. ) ;
#193 = CARTESIAN_POINT ( 'NONE',  ( -23.99999999999993605, -22.87015455142720199, 48.89999999999999858 ) ) ;
#194 = EDGE_LOOP ( 'NONE', ( #4203, #5832, #5694, #6780 ) ) ;
#195 = VECTOR ( 'NONE', #5311, 1000.000000000000000 ) ;
#196 = EDGE_CURVE ( 'NONE', #676, #866, #2405, .T. ) ;
#197 = EDGE_CURVE ( 'NONE', #6908, #1074, #6477, .T. ) ;
#198 = ADVANCED_FACE ( 'NONE', ( #6191 ), #5131, .F. ) ;
#199 = LINE ( 'NONE', #3560, #6831 ) ;
#200 = CARTESIAN_POINT ( 'NONE',  ( -12.49999999999993072, -22.87015455142720199, 3.000000000000000000 ) ) ;
#201 = EDGE_LOOP ( 'NONE', ( #2968, #6759 ) ) ;
#202 = AXIS2_PLACEMENT_3D ( 'NONE', #6824, #1952, #4146 ) ;
#203 = DIRECTION ( 'NONE',  ( 0.000000000000000000, 0.000000000000000000, -1.000000000000000000 ) ) ;
#204 = VERTEX_POINT ( 'NONE', #3938 ) ;
#205 = DIRECTION ( 'NONE',  ( 1.288097321785393689E-16, -1.000000000000000000, 3.489072158099908472E-32 ) ) ;
#206 = EDGE_CURVE ( 'NONE', #5932, #933, #4284, .T. ) ;
#207 = ADVANCED_FACE ( 'NONE', ( #4597 ), #2229, .F. ) ;
#208 = ORIENTED_EDGE ( 'NONE', *, *, #1829, .T. ) ;
#209 = DIRECTION ( 'NONE',  ( 1.278526357607465097E-16, -1.000000000000000000, -5.022723014296544476E-18 ) ) ;
#210 = DIRECTION ( 'NONE',  ( -1.288097321785393689E-16, 1.000000000000000000, -3.489072158099908472E-32 ) ) ;
#211 = FACE_BOUND ( 'NONE', #3789, .T. ) ;
#212 = DIRECTION ( 'NONE',  ( -6.608470384673551024E-16, -4.687937924612944146E-32, 1.000000000000000000 ) ) ;
#213 = VECTOR ( 'NONE', #6535, 1000.000000000000000 ) ;
#214 = AXIS2_PLACEMENT_3D ( 'NONE', #840, #2015, #3129 ) ;
#215 = LINE ( 'NONE', #1908, #1218 ) ;
#216 = CARTESIAN_POINT ( 'NONE',  ( -94.39999999999996305, -25.87015455142721265, 4.199999999999999289 ) ) ;
#217 = ORIENTED_EDGE ( 'NONE', *, *, #5325, .T. ) ;
#218 = CARTESIAN_POINT ( 'NONE',  ( -95.89999999999996305, -25.87015455142721265, -25.50000000000000355 ) ) ;
#219 = VERTEX_POINT ( 'NONE', #2264 ) ;
#220 = DIRECTION ( 'NONE',  ( 0.000000000000000000, 0.000000000000000000, 1.000000000000000000 ) ) ;
#221 = EDGE_LOOP ( 'NONE', ( #4151, #6043, #4291, #6418 ) ) ;
#222 = CARTESIAN_POINT ( 'NONE',  ( -50.19999999999994600, -22.87015455142720555, -2.500000000000000444 ) ) ;
#223 = FACE_OUTER_BOUND ( 'NONE', #4016, .T. ) ;
#224 = CIRCLE ( 'NONE', #3602, 1.250000000000001110 ) ;
#225 = LINE ( 'NONE', #3587, #2452 ) ;
#226 = VERTEX_POINT ( 'NONE', #3310 ) ;
#227 = EDGE_LOOP ( 'NONE', ( #4659, #3806, #6773, #2223 ) ) ;
#228 = AXIS2_PLACEMENT_3D ( 'NONE', #7193, #1090, #3895 ) ;
#229 = EDGE_CURVE ( 'NONE', #1681, #326, #610, .T. ) ;
#230 = CARTESIAN_POINT ( 'NONE',  ( -58.39999999999994884, -15.57820799198817596, -8.118983971337954131 ) ) ;
#231 = CYLINDRICAL_SURFACE ( 'NONE', #3549, 1.250000000000001110 ) ;
#232 = VECTOR ( 'NONE', #4235, 1000.000000000000000 ) ;
#233 = ORIENTED_EDGE ( 'NONE', *, *, #4752, .T. ) ;
#234 = AXIS2_PLACEMENT_3D ( 'NONE', #2483, #4147, #4757 ) ;
#235 = DIRECTION ( 'NONE',  ( -1.000000000000000000, -1.278526357607465097E-16, -6.421683760739835630E-34 ) ) ;
#236 = ORIENTED_EDGE ( 'NONE', *, *, #5383, .T. ) ;
#237 =( LENGTH_UNIT ( ) NAMED_UNIT ( * ) SI_UNIT ( .MILLI., .METRE. ) );
#238 = EDGE_CURVE ( 'NONE', #454, #4283, #6945, .T. ) ;
#239 = ADVANCED_FACE ( 'NONE', ( #2864 ), #3417, .T. ) ;
#240 = AXIS2_PLACEMENT_3D ( 'NONE', #340, #4665, #4155 ) ;
#241 = VECTOR ( 'NONE', #263, 1000.000000000000000 ) ;
#242 = CARTESIAN_POINT ( 'NONE',  ( -40.49999999999992184, -25.87015455142720555, 58.39999999999998437 ) ) ;
#243 = PLANE ( 'NONE',  #6111 ) ;
#244 = FACE_OUTER_BOUND ( 'NONE', #5128, .T. ) ;
#245 = LINE ( 'NONE', #3672, #6138 ) ;
#246 = CARTESIAN_POINT ( 'NONE',  ( -79.39999999999994884, -25.87015455142721265, 12.69999999999999929 ) ) ;
#247 = VERTEX_POINT ( 'NONE', #3905 ) ;
#248 = CIRCLE ( 'NONE', #1771, 1.000000000000000888 ) ;
#249 = ADVANCED_FACE ( 'NONE', ( #2324 ), #3862, .F. ) ;
#250 = CIRCLE ( 'NONE', #2705, 8.000000000000000000 ) ;
#251 = CIRCLE ( 'NONE', #1778, 8.000000000000000000 ) ;
#252 = PLANE ( 'NONE',  #5287 ) ;
#253 = CARTESIAN_POINT ( 'NONE',  ( -50.49999999999992895, -22.87015455142720555, 55.89999999999998437 ) ) ;
#254 = ORIENTED_EDGE ( 'NONE', *, *, #5393, .T. ) ;
#255 = DIRECTION ( 'NONE',  ( -1.268935612889287343E-16, 1.000000000000000000, -2.469788560855558288E-32 ) ) ;
#256 = VERTEX_POINT ( 'NONE', #6230 ) ;
#257 = VERTEX_POINT ( 'NONE', #1096 ) ;
#258 = DIRECTION ( 'NONE',  ( -2.081668171172168513E-17, -3.816637062202878161E-32, -1.000000000000000000 ) ) ;
#259 = VERTEX_POINT ( 'NONE', #4995 ) ;
#260 = CIRCLE ( 'NONE', #372, 3.000000000000002665 ) ;
#261 = VECTOR ( 'NONE', #2323, 1000.000000000000000 ) ;
#262 = DIRECTION ( 'NONE',  ( 0.000000000000000000, 0.000000000000000000, -1.000000000000000000 ) ) ;
#263 = DIRECTION ( 'NONE',  ( -1.000000000000000000, -1.288097321785394182E-16, 2.081668171172168513E-17 ) ) ;
#264 = ORIENTED_EDGE ( 'NONE', *, *, #2083, .T. ) ;
#265 = LINE ( 'NONE', #1923, #2580 ) ;
#266 = ORIENTED_EDGE ( 'NONE', *, *, #2866, .T. ) ;
#267 = CIRCLE ( 'NONE', #4366, 1.250000000000001110 ) ;
#268 = FACE_OUTER_BOUND ( 'NONE', #3890, .T. ) ;
#269 = CARTESIAN_POINT ( 'NONE',  ( -69.88227985884040550, -22.87015455142720910, 20.89999999999999503 ) ) ;
#270 = CARTESIAN_POINT ( 'NONE',  ( 6.245004513516505540E-14, -22.87015455142719844, 15.00000000000000000 ) ) ;
#271 = CIRCLE ( 'NONE', #2608, 1.500000000000001332 ) ;
#272 = ORIENTED_EDGE ( 'NONE', *, *, #645, .F. ) ;
#273 = FACE_OUTER_BOUND ( 'NONE', #2771, .T. ) ;
#274 = EDGE_LOOP ( 'NONE', ( #6526, #953, #4285, #1963 ) ) ;
#275 = ORIENTED_EDGE ( 'NONE', *, *, #1274, .T. ) ;
#276 = AXIS2_PLACEMENT_3D ( 'NONE', #2607, #4296, #3733 ) ;
#277 = VERTEX_POINT ( 'NONE', #4456 ) ;
#278 = EDGE_CURVE ( 'NONE', #5360, #958, #6659, .T. ) ;
#279 = EDGE_CURVE ( 'NONE', #1093, #6851, #6121, .T. ) ;
#280 = LINE ( 'NONE', #4703, #5294 ) ;
#281 = FACE_BOUND ( 'NONE', #561, .T. ) ;
#282 = CYLINDRICAL_SURFACE ( 'NONE', #1302, 1.500000000000001332 ) ;
#283 = AXIS2_PLACEMENT_3D ( 'NONE', #4414, #2106, #2639 ) ;
#284 = EDGE_LOOP ( 'NONE', ( #934, #370, #1036, #2152 ) ) ;
#285 = ADVANCED_FACE ( 'NONE', ( #2296 ), #4524, .T. ) ;
#286 = EDGE_CURVE ( 'NONE', #882, #4232, #753, .T. ) ;
#287 = CARTESIAN_POINT ( 'NONE',  ( -75.89999999999990621, -25.87015455142720910, 22.89999999999999147 ) ) ;
#288 = DIRECTION ( 'NONE',  ( -1.278526357607465097E-16, 1.000000000000000000, 5.022723014296544476E-18 ) ) ;
#289 = EDGE_CURVE ( 'NONE', #3073, #4719, #3591, .T. ) ;
#290 = ORIENTED_EDGE ( 'NONE', *, *, #1271, .F. ) ;
#291 = DIRECTION ( 'NONE',  ( -2.081668171172168513E-17, -3.816637062202878161E-32, -1.000000000000000000 ) ) ;
#292 = DIRECTION ( 'NONE',  ( 1.268935612889287343E-16, -1.000000000000000000, -1.026341648675403128E-48 ) ) ;
#293 = VERTEX_POINT ( 'NONE', #167 ) ;
#294 = ORIENTED_EDGE ( 'NONE', *, *, #4541, .F. ) ;
#295 = PLANE ( 'NONE',  #367 ) ;
#296 = VERTEX_POINT ( 'NONE', #6903 ) ;
#297 = ORIENTED_EDGE ( 'NONE', *, *, #1684, .T. ) ;
#298 = DIRECTION ( 'NONE',  ( 0.000000000000000000, 0.000000000000000000, -1.000000000000000000 ) ) ;
#299 = DIRECTION ( 'NONE',  ( -1.268935612889287343E-16, 1.000000000000000000, 1.026341648675403128E-48 ) ) ;
#300 = VERTEX_POINT ( 'NONE', #5718 ) ;
#301 = FACE_BOUND ( 'NONE', #2132, .T. ) ;
#302 = FACE_OUTER_BOUND ( 'NONE', #2690, .T. ) ;
#303 = VECTOR ( 'NONE', #4374, 1000.000000000000000 ) ;
#304 = DIRECTION ( 'NONE',  ( 0.000000000000000000, 5.022723014296612268E-18, -1.000000000000000000 ) ) ;
#305 = CARTESIAN_POINT ( 'NONE',  ( 6.245004513516505540E-14, -25.87015455142720199, 13.00000000000000178 ) ) ;
#306 = ORIENTED_EDGE ( 'NONE', *, *, #694, .T. ) ;
#307 = CARTESIAN_POINT ( 'NONE',  ( -90.69999999999991758, -25.87015455142721265, 23.39999999999999147 ) ) ;
#308 = ORIENTED_EDGE ( 'NONE', *, *, #2646, .F. ) ;
#309 = VERTEX_POINT ( 'NONE', #3485 ) ;
#310 = CARTESIAN_POINT ( 'NONE',  ( -71.89999999999994884, -22.87015455142720910, -31.00000000000000355 ) ) ;
#311 = ORIENTED_EDGE ( 'NONE', *, *, #956, .F. ) ;
#312 = DIRECTION ( 'NONE',  ( 0.000000000000000000, 0.000000000000000000, -1.000000000000000000 ) ) ;
#313 = LINE ( 'NONE', #5291, #3553 ) ;
#314 = CARTESIAN_POINT ( 'NONE',  ( -83.39999999999996305, -22.87015455142721265, -17.49999999999998934 ) ) ;
#315 = ORIENTED_EDGE ( 'NONE', *, *, #2120, .T. ) ;
#316 = EDGE_CURVE ( 'NONE', #1074, #6908, #3580, .T. ) ;
#317 = EDGE_CURVE ( 'NONE', #161, #5790, #5826, .T. ) ;
#318 = CARTESIAN_POINT ( 'NONE',  ( -27.49999999999993250, -25.87015455142720555, 38.39999999999999147 ) ) ;
#319 = FACE_OUTER_BOUND ( 'NONE', #613, .T. ) ;
#320 = VECTOR ( 'NONE', #3000, 1000.000000000000000 ) ;
#321 = VERTEX_POINT ( 'NONE', #1341 ) ;
#322 = CARTESIAN_POINT ( 'NONE',  ( -23.99999999999993605, -24.07015455142720128, 12.50000000000000178 ) ) ;
#323 = CARTESIAN_POINT ( 'NONE',  ( -53.39999999999994884, -25.87015455142720910, -35.00000000000000000 ) ) ;
#324 = ORIENTED_EDGE ( 'NONE', *, *, #5361, .T. ) ;
#325 = DIRECTION ( 'NONE',  ( -1.268935612889287343E-16, 1.000000000000000000, 1.026341648675403128E-48 ) ) ;
#326 = VERTEX_POINT ( 'NONE', #5240 ) ;
#327 = EDGE_CURVE ( 'NONE', #1306, #4898, #4076, .T. ) ;
#328 = ORIENTED_EDGE ( 'NONE', *, *, #560, .T. ) ;
#329 = CARTESIAN_POINT ( 'NONE',  ( -95.89999999999996305, -22.87015455142721265, 5.899999999999998579 ) ) ;
#330 = DIRECTION ( 'NONE',  ( 1.268935612889287343E-16, -1.000000000000000000, -1.026341648675403128E-48 ) ) ;
#331 = ORIENTED_EDGE ( 'NONE', *, *, #4402, .T. ) ;
#332 = VECTOR ( 'NONE', #5190, 1000.000000000000000 ) ;
#333 = DIRECTION ( 'NONE',  ( 1.268935612889287343E-16, -1.000000000000000000, -1.026341648675402976E-48 ) ) ;
#334 = EDGE_CURVE ( 'NONE', #2790, #1469, #4420, .T. ) ;
#335 = LINE ( 'NONE', #4873, #5222 ) ;
#336 = AXIS2_PLACEMENT_3D ( 'NONE', #4465, #40, #7101 ) ;
#337 = CARTESIAN_POINT ( 'NONE',  ( -58.39999999999994884, -25.87015455142720910, 17.89999999999999858 ) ) ;
#338 = CARTESIAN_POINT ( 'NONE',  ( -35.49999999999993605, -22.87015455142720555, 3.000000000000000000 ) ) ;
#339 = ORIENTED_EDGE ( 'NONE', *, *, #3449, .T. ) ;
#340 = CARTESIAN_POINT ( 'NONE',  ( -79.39999999999994884, -22.87015455142721265, 12.69999999999999929 ) ) ;
#341 = ORIENTED_EDGE ( 'NONE', *, *, #6487, .F. ) ;
#342 = ORIENTED_EDGE ( 'NONE', *, *, #2787, .T. ) ;
#343 = CARTESIAN_POINT ( 'NONE',  ( -23.99999999999993605, -24.07015455142720128, 8.000000000000001776 ) ) ;
#344 = FACE_OUTER_BOUND ( 'NONE', #2767, .T. ) ;
#345 = DIRECTION ( 'NONE',  ( 1.268935612889287343E-16, -1.000000000000000000, 2.469788560855558288E-32 ) ) ;
#346 = FACE_BOUND ( 'NONE', #7067, .T. ) ;
#347 = CARTESIAN_POINT ( 'NONE',  ( -53.39999999999994884, -22.87015455142720910, -4.995410581782472968E-31 ) ) ;
#348 = AXIS2_PLACEMENT_3D ( 'NONE', #5185, #178, #2404 ) ;
#349 = CIRCLE ( 'NONE', #4457, 1.500000000000001332 ) ;
#350 = CARTESIAN_POINT ( 'NONE',  ( -5.199999999999940670, -25.87015455142720199, -2.500000000000000444 ) ) ;
#351 = CARTESIAN_POINT ( 'NONE',  ( -34.99999999999993605, -25.87015455142720555, 8.199999999999999289 ) ) ;
#352 = AXIS2_PLACEMENT_3D ( 'NONE', #4015, #3384, #5617 ) ;
#353 = ORIENTED_EDGE ( 'NONE', *, *, #4844, .T. ) ;
#354 = CARTESIAN_POINT ( 'NONE',  ( -37.49999999999993605, -25.87015455142720555, 3.000000000000000000 ) ) ;
#355 = DIRECTION ( 'NONE',  ( -1.268935612889287343E-16, 1.000000000000000000, 1.026341648675403128E-48 ) ) ;
#356 = ORIENTED_EDGE ( 'NONE', *, *, #3057, .F. ) ;
#357 = VERTEX_POINT ( 'NONE', #5859 ) ;
#358 = DIRECTION ( 'NONE',  ( -1.278526357607465097E-16, 1.000000000000000000, 5.022723014296544476E-18 ) ) ;
#359 = ORIENTED_EDGE ( 'NONE', *, *, #5616, .F. ) ;
#360 = AXIS2_PLACEMENT_3D ( 'NONE', #964, #3181, #445 ) ;
#361 = CIRCLE ( 'NONE', #607, 1.500000000000004885 ) ;
#362 = ORIENTED_EDGE ( 'NONE', *, *, #286, .F. ) ;
#363 = CYLINDRICAL_SURFACE ( 'NONE', #920, 1.000000000000000888 ) ;
#364 = ADVANCED_FACE ( 'NONE', ( #4694 ), #6863, .F. ) ;
#365 = EDGE_CURVE ( 'NONE', #3436, #4878, #4152, .T. ) ;
#366 = CARTESIAN_POINT ( 'NONE',  ( -60.39999999999995595, -22.87015455142720910, 15.89999999999999680 ) ) ;
#367 = AXIS2_PLACEMENT_3D ( 'NONE', #4102, #186, #4141 ) ;
#368 = ORIENTED_EDGE ( 'NONE', *, *, #3494, .T. ) ;
#369 = FACE_BOUND ( 'NONE', #2102, .T. ) ;
#370 = ORIENTED_EDGE ( 'NONE', *, *, #3923, .T. ) ;
#371 = ADVANCED_FACE ( 'NONE', ( #818 ), #3523, .T. ) ;
#372 = AXIS2_PLACEMENT_3D ( 'NONE', #4700, #6473, #3565 ) ;
#373 = LINE ( 'NONE', #1960, #679 ) ;
#374 = DIRECTION ( 'NONE',  ( 1.000000000000000000, 0.000000000000000000, 0.000000000000000000 ) ) ;
#375 = DIRECTION ( 'NONE',  ( 1.278526357607465097E-16, -1.000000000000000000, -5.022723014296544476E-18 ) ) ;
#376 = EDGE_CURVE ( 'NONE', #3335, #630, #3823, .T. ) ;
#377 = CYLINDRICAL_SURFACE ( 'NONE', #3428, 1.500000000000004885 ) ;
#378 = EDGE_CURVE ( 'NONE', #6065, #1475, #199, .T. ) ;
#379 = VERTEX_POINT ( 'NONE', #4662 ) ;
#380 = ORIENTED_EDGE ( 'NONE', *, *, #6100, .T. ) ;
#381 = ORIENTED_EDGE ( 'NONE', *, *, #1723, .F. ) ;
#382 = CIRCLE ( 'NONE', #4480, 1.500000000000001332 ) ;
#383 = CARTESIAN_POINT ( 'NONE',  ( -60.39999999999995595, -25.87015455142720910, -25.49999999999998934 ) ) ;
#384 = VECTOR ( 'NONE', #5661, 1000.000000000000000 ) ;
#385 = DIRECTION ( 'NONE',  ( -1.268935612889287343E-16, 1.000000000000000000, 1.026341648675403128E-48 ) ) ;
#386 = CARTESIAN_POINT ( 'NONE',  ( -93.39999999999994884, -25.87015455142721265, -24.80000000000000426 ) ) ;
#387 = DIRECTION ( 'NONE',  ( -1.000000000000000000, -1.288097321785394182E-16, 2.081668171172168513E-17 ) ) ;
#388 = FACE_OUTER_BOUND ( 'NONE', #5863, .T. ) ;
#389 = AXIS2_PLACEMENT_3D ( 'NONE', #458, #6510, #2047 ) ;
#390 = CARTESIAN_POINT ( 'NONE',  ( 6.245004513516505540E-14, -22.87015455142720199, -25.00000000000000711 ) ) ;
#391 = AXIS2_PLACEMENT_3D ( 'NONE', #4187, #6835, #1855 ) ;
#392 = CARTESIAN_POINT ( 'NONE',  ( -52.49999999999992184, -22.87015455142720555, 58.39999999999998437 ) ) ;
#393 = ORIENTED_EDGE ( 'NONE', *, *, #6970, .F. ) ;
#394 = DIRECTION ( 'NONE',  ( -1.288097321785393689E-16, 1.000000000000000000, -3.489072158099908472E-32 ) ) ;
#395 = CARTESIAN_POINT ( 'NONE',  ( -50.49999999999992895, -25.87015455142720555, 58.39999999999998437 ) ) ;
#396 = EDGE_LOOP ( 'NONE', ( #4740, #2534, #4601, #5157 ) ) ;
#397 = ORIENTED_EDGE ( 'NONE', *, *, #3359, .T. ) ;
#398 = CARTESIAN_POINT ( 'NONE',  ( -82.19999999999993179, -25.87015455142721265, 52.89999999999999147 ) ) ;
#399 = VERTEX_POINT ( 'NONE', #1887 ) ;
#400 = VERTEX_POINT ( 'NONE', #269 ) ;
#401 = VERTEX_POINT ( 'NONE', #4116 ) ;
#402 = LINE ( 'NONE', #6638, #4813 ) ;
#403 = CARTESIAN_POINT ( 'NONE',  ( -55.39999999999994884, -15.57820799198817596, -13.50000000000000178 ) ) ;
#404 = DIRECTION ( 'NONE',  ( 0.000000000000000000, 0.000000000000000000, -1.000000000000000000 ) ) ;
#405 = ORIENTED_EDGE ( 'NONE', *, *, #412, .T. ) ;
#406 = CARTESIAN_POINT ( 'NONE',  ( 6.245004513516505540E-14, -25.87015455142720199, -2.000000000000000444 ) ) ;
#407 = ORIENTED_EDGE ( 'NONE', *, *, #4964, .F. ) ;
#408 = EDGE_CURVE ( 'NONE', #1896, #5546, #6330, .T. ) ;
#409 = AXIS2_PLACEMENT_3D ( 'NONE', #2089, #6522, #511 ) ;
#410 = CARTESIAN_POINT ( 'NONE',  ( -12.49999999999994138, -22.87015455142720199, 5.000000000000000000 ) ) ;
#411 = CARTESIAN_POINT ( 'NONE',  ( -10.49999999999993960, -25.87015455142720199, 5.000000000000000888 ) ) ;
#412 = EDGE_CURVE ( 'NONE', #2150, #5495, #5685, .T. ) ;
#413 = DIRECTION ( 'NONE',  ( -1.268935612889287343E-16, 1.000000000000000000, 1.026341648675403128E-48 ) ) ;
#414 = LINE ( 'NONE', #1557, #3315 ) ;
#415 = ORIENTED_EDGE ( 'NONE', *, *, #4043, .T. ) ;
#416 = ORIENTED_EDGE ( 'NONE', *, *, #229, .F. ) ;
#417 = ORIENTED_EDGE ( 'NONE', *, *, #686, .F. ) ;
#418 = CYLINDRICAL_SURFACE ( 'NONE', #2141, 8.000000000000001776 ) ;
#419 = EDGE_CURVE ( 'NONE', #5716, #6866, #5569, .T. ) ;
#420 = ADVANCED_FACE ( 'NONE', ( #6804 ), #1820, .T. ) ;
#421 = DIRECTION ( 'NONE',  ( -1.268935612889287343E-16, 1.000000000000000000, 1.026341648675403128E-48 ) ) ;
#422 = LINE ( 'NONE', #2114, #3778 ) ;
#423 = CARTESIAN_POINT ( 'NONE',  ( -58.39999999999994884, -22.87015455142720910, 17.89999999999999858 ) ) ;
#424 = LINE ( 'NONE', #2617, #127 ) ;
#425 = DIRECTION ( 'NONE',  ( -1.000000000000000000, 0.000000000000000000, 0.000000000000000000 ) ) ;
#426 = VERTEX_POINT ( 'NONE', #2637 ) ;
#427 = EDGE_CURVE ( 'NONE', #7004, #4898, #5344, .T. ) ;
#428 = AXIS2_PLACEMENT_3D ( 'NONE', #1443, #4259, #1480 ) ;
#429 = CARTESIAN_POINT ( 'NONE',  ( -37.49999999999993605, -22.87015455142720555, 56.39999999999999858 ) ) ;
#430 = CARTESIAN_POINT ( 'NONE',  ( -40.49999999999992184, -25.87015455142720555, 45.89999999999998437 ) ) ;
#431 = EDGE_LOOP ( 'NONE', ( #4085, #973, #4182, #5889, #6521, #5970, #4049, #5853 ) ) ;
#432 = CARTESIAN_POINT ( 'NONE',  ( -11.99999999999994138, -22.87015455142720199, -37.50000000000000711 ) ) ;
#433 = DIRECTION ( 'NONE',  ( -1.288097321785393689E-16, 1.000000000000000000, -3.489072158099908472E-32 ) ) ;
#434 = VERTEX_POINT ( 'NONE', #6466 ) ;
#435 = ORIENTED_EDGE ( 'NONE', *, *, #2548, .T. ) ;
#436 = DIRECTION ( 'NONE',  ( -1.268935612889287343E-16, 1.000000000000000000, -2.469788560855558288E-32 ) ) ;
#437 = VECTOR ( 'NONE', #2068, 1000.000000000000000 ) ;
#438 = EDGE_LOOP ( 'NONE', ( #5598, #34, #5227, #3647 ) ) ;
#439 = EDGE_LOOP ( 'NONE', ( #1120, #2329 ) ) ;
#440 = VECTOR ( 'NONE', #6324, 1000.000000000000000 ) ;
#441 = DIRECTION ( 'NONE',  ( 0.000000000000000000, 0.000000000000000000, -1.000000000000000000 ) ) ;
#442 = CARTESIAN_POINT ( 'NONE',  ( -12.49999999999993072, -25.87015455142720199, 38.39999999999999147 ) ) ;
#443 = LINE ( 'NONE', #5369, #3612 ) ;
#444 = ORIENTED_EDGE ( 'NONE', *, *, #1679, .T. ) ;
#445 = DIRECTION ( 'NONE',  ( -1.000000000000000000, 0.000000000000000000, 0.000000000000000000 ) ) ;
#446 = ADVANCED_FACE ( 'NONE', ( #6500 ), #6038, .F. ) ;
#447 = ORIENTED_EDGE ( 'NONE', *, *, #3378, .F. ) ;
#448 = CARTESIAN_POINT ( 'NONE',  ( -58.39999999999994884, -25.87015455142720910, 15.89999999999999680 ) ) ;
#449 = CARTESIAN_POINT ( 'NONE',  ( -29.02239814395782247, -25.87015455142720555, 1.499999999999999778 ) ) ;
#450 = DIRECTION ( 'NONE',  ( -1.268935612889287343E-16, 1.000000000000000000, -2.469788560855558288E-32 ) ) ;
#451 = CARTESIAN_POINT ( 'NONE',  ( -69.88227985884040550, -22.87015455142720910, 19.39999999999999858 ) ) ;
#452 = EDGE_LOOP ( 'NONE', ( #4006, #5726, #4784, #3357 ) ) ;
#453 = VERTEX_POINT ( 'NONE', #3221 ) ;
#454 = VERTEX_POINT ( 'NONE', #3775 ) ;
#455 = CARTESIAN_POINT ( 'NONE',  ( -55.39999999999994884, -22.87015455142720910, -4.949188263117179308E-31 ) ) ;
#456 = ADVANCED_FACE ( 'NONE', ( #4874 ), #3815, .T. ) ;
#457 = CARTESIAN_POINT ( 'NONE',  ( -34.99999999999993605, -22.87015455142720555, 8.199999999999999289 ) ) ;
#458 = CARTESIAN_POINT ( 'NONE',  ( -54.19999999999993179, -25.87015455142720910, 55.89999999999998437 ) ) ;
#459 = LINE ( 'NONE', #4385, #6595 ) ;
#460 = FACE_OUTER_BOUND ( 'NONE', #1244, .T. ) ;
#461 = ORIENTED_EDGE ( 'NONE', *, *, #5110, .F. ) ;
#462 = ADVANCED_FACE ( 'NONE', ( #4222 ), #5892, .F. ) ;
#463 = EDGE_CURVE ( 'NONE', #126, #2921, #5489, .T. ) ;
#464 = CIRCLE ( 'NONE', #3501, 2.000000000000001776 ) ;
#465 = DIRECTION ( 'NONE',  ( 1.268935612889287343E-16, -1.000000000000000000, 2.469788560855558288E-32 ) ) ;
#466 = DIRECTION ( 'NONE',  ( -1.268935612889287343E-16, 1.000000000000000000, 1.026341648675403128E-48 ) ) ;
#467 = ORIENTED_EDGE ( 'NONE', *, *, #1332, .T. ) ;
#468 = CARTESIAN_POINT ( 'NONE',  ( -93.89999999999994884, -25.87015455142721265, 5.899999999999998579 ) ) ;
#469 = CARTESIAN_POINT ( 'NONE',  ( -60.89999999999995595, -22.87015455142720910, -33.54999999999999716 ) ) ;
#470 = AXIS2_PLACEMENT_3D ( 'NONE', #4130, #6880, #1352 ) ;
#471 = EDGE_CURVE ( 'NONE', #5495, #2150, #2991, .T. ) ;
#472 = ORIENTED_EDGE ( 'NONE', *, *, #3491, .T. ) ;
#473 = ORIENTED_EDGE ( 'NONE', *, *, #408, .T. ) ;
#474 = CIRCLE ( 'NONE', #2925, 2.000000000000001776 ) ;
#475 = CARTESIAN_POINT ( 'NONE',  ( -60.39999999999995595, -25.87015455142720910, -17.49999999999998934 ) ) ;
#476 = ORIENTED_EDGE ( 'NONE', *, *, #4881, .F. ) ;
#477 = ORIENTED_EDGE ( 'NONE', *, *, #3493, .F. ) ;
#478 = VECTOR ( 'NONE', #2326, 1000.000000000000000 ) ;
#479 = AXIS2_PLACEMENT_3D ( 'NONE', #7116, #2140, #3179 ) ;
#480 = VERTEX_POINT ( 'NONE', #1515 ) ;
#481 = LINE ( 'NONE', #1149, #5865 ) ;
#482 = LINE ( 'NONE', #554, #2772 ) ;
#483 = CARTESIAN_POINT ( 'NONE',  ( -5.199999999999940670, -25.87015455142720199, -21.00000000000000000 ) ) ;
#484 = ORIENTED_EDGE ( 'NONE', *, *, #5747, .T. ) ;
#485 = PLANE ( 'NONE',  #4466 ) ;
#486 = ORIENTED_EDGE ( 'NONE', *, *, #5018, .F. ) ;
#487 = CIRCLE ( 'NONE', #3519, 2.000000000000001776 ) ;
#488 = DIRECTION ( 'NONE',  ( -1.540743955509788340E-33, -8.323527102631437622E-34, -1.000000000000000000 ) ) ;
#489 = AXIS2_PLACEMENT_3D ( 'NONE', #4397, #6603, #2943 ) ;
#490 = DIRECTION ( 'NONE',  ( 1.000000000000000000, 0.000000000000000000, 0.000000000000000000 ) ) ;
#491 = CARTESIAN_POINT ( 'NONE',  ( -50.19999999999994600, -25.87015455142720910, -21.00000000000000000 ) ) ;
#492 = CARTESIAN_POINT ( 'NONE',  ( -94.39999999999996305, -25.87015455142721265, 5.200000000000000178 ) ) ;
#493 = VERTEX_POINT ( 'NONE', #4800 ) ;
#494 = VERTEX_POINT ( 'NONE', #1593 ) ;
#495 = LINE ( 'NONE', #6622, #4000 ) ;
#496 = VECTOR ( 'NONE', #2680, 1000.000000000000000 ) ;
#497 = DIRECTION ( 'NONE',  ( -1.278526357607465097E-16, 1.000000000000000000, 5.022723014296544476E-18 ) ) ;
#498 = DIRECTION ( 'NONE',  ( -2.311115933264673102E-33, -2.469788560855558288E-32, -1.000000000000000000 ) ) ;
#499 = AXIS2_PLACEMENT_3D ( 'NONE', #2882, #2374, #114 ) ;
#500 = DIRECTION ( 'NONE',  ( 1.268935612889287343E-16, -1.000000000000000000, 2.469788560855558288E-32 ) ) ;
#501 = LINE ( 'NONE', #5430, #3144 ) ;
#502 = ORIENTED_EDGE ( 'NONE', *, *, #6833, .T. ) ;
#503 = VERTEX_POINT ( 'NONE', #4911 ) ;
#504 = AXIS2_PLACEMENT_3D ( 'NONE', #2330, #1687, #5140 ) ;
#505 = EDGE_CURVE ( 'NONE', #1032, #2770, #4762, .T. ) ;
#506 = EDGE_CURVE ( 'NONE', #5293, #257, #6431, .T. ) ;
#507 = DIRECTION ( 'NONE',  ( 0.000000000000000000, 0.000000000000000000, -1.000000000000000000 ) ) ;
#508 = CARTESIAN_POINT ( 'NONE',  ( -37.49999999999993605, -25.87015455142720555, 5.000000000000000000 ) ) ;
#509 = ADVANCED_FACE ( 'NONE', ( #5926 ), #2035, .F. ) ;
#510 = ORIENTED_EDGE ( 'NONE', *, *, #906, .T. ) ;
#511 = DIRECTION ( 'NONE',  ( -1.000000000000000000, -1.268935612889287343E-16, 1.652117596168387263E-16 ) ) ;
#512 = CARTESIAN_POINT ( 'NONE',  ( -52.49999999999992895, -22.87015455142720555, 37.89999999999999147 ) ) ;
#513 = VECTOR ( 'NONE', #4126, 1000.000000000000000 ) ;
#514 = ORIENTED_EDGE ( 'NONE', *, *, #6918, .F. ) ;
#515 = ORIENTED_EDGE ( 'NONE', *, *, #6516, .T. ) ;
#516 = CARTESIAN_POINT ( 'NONE',  ( -58.39999999999994884, -25.87015455142720910, 17.89999999999999858 ) ) ;
#517 = VERTEX_POINT ( 'NONE', #3695 ) ;
#518 = EDGE_CURVE ( 'NONE', #2976, #2137, #1373, .T. ) ;
#519 = CIRCLE ( 'NONE', #4023, 1.500000000000001332 ) ;
#520 = ADVANCED_FACE ( 'NONE', ( #2605, #6581 ), #4835, .T. ) ;
#521 = DIRECTION ( 'NONE',  ( 1.268935612889287343E-16, -1.000000000000000000, 2.469788560855558288E-32 ) ) ;
#522 = DIRECTION ( 'NONE',  ( -1.000000000000000000, 0.000000000000000000, 0.000000000000000000 ) ) ;
#523 = DIRECTION ( 'NONE',  ( -1.288097321785393689E-16, 1.000000000000000000, -3.489072158099908472E-32 ) ) ;
#524 = ORIENTED_EDGE ( 'NONE', *, *, #3467, .T. ) ;
#525 = CARTESIAN_POINT ( 'NONE',  ( -60.89999999999995595, -25.87015455142720910, -33.54999999999999716 ) ) ;
#526 = CIRCLE ( 'NONE', #4612, 2.000000000000001776 ) ;
#527 = ORIENTED_EDGE ( 'NONE', *, *, #4939, .F. ) ;
#528 = ADVANCED_FACE ( 'NONE', ( #3731 ), #2673, .F. ) ;
#529 = DIRECTION ( 'NONE',  ( 1.288097321785393689E-16, -1.000000000000000000, 3.489072158099908472E-32 ) ) ;
#530 = CYLINDRICAL_SURFACE ( 'NONE', #3117, 8.000000000000000000 ) ;
#531 = DIRECTION ( 'NONE',  ( 1.268935612889287343E-16, -1.000000000000000000, 2.469788560855558288E-32 ) ) ;
#532 = DIRECTION ( 'NONE',  ( -1.288097321785393689E-16, 1.000000000000000000, -3.489072158099908472E-32 ) ) ;
#533 = ORIENTED_EDGE ( 'NONE', *, *, #4708, .F. ) ;
#534 = ORIENTED_EDGE ( 'NONE', *, *, #2879, .T. ) ;
#535 = ORIENTED_EDGE ( 'NONE', *, *, #2614, .F. ) ;
#536 = FACE_OUTER_BOUND ( 'NONE', #3652, .T. ) ;
#537 = VECTOR ( 'NONE', #5204, 1000.000000000000000 ) ;
#538 = CARTESIAN_POINT ( 'NONE',  ( -16.49999999999993960, -25.87015455142720199, 9.449999999999999289 ) ) ;
#539 = CARTESIAN_POINT ( 'NONE',  ( -55.39999999999994884, -22.87015455142720910, -4.949188263117179308E-31 ) ) ;
#540 = CIRCLE ( 'NONE', #3675, 1.499999999999999556 ) ;
#541 = DIRECTION ( 'NONE',  ( -1.268935612889287343E-16, 1.000000000000000000, 1.026341648675403128E-48 ) ) ;
#542 = CYLINDRICAL_SURFACE ( 'NONE', #6406, 1.250000000000001110 ) ;
#543 = ORIENTED_EDGE ( 'NONE', *, *, #2831, .T. ) ;
#544 = ORIENTED_EDGE ( 'NONE', *, *, #1097, .T. ) ;
#545 = DIRECTION ( 'NONE',  ( 1.288097321785393689E-16, -1.000000000000000000, 3.489072158099908472E-32 ) ) ;
#546 = LINE ( 'NONE', #1109, #6508 ) ;
#547 = EDGE_LOOP ( 'NONE', ( #5847, #6842, #1082, #804 ) ) ;
#548 = CARTESIAN_POINT ( 'NONE',  ( -37.49999999999993605, -22.87015455142720555, 5.000000000000000000 ) ) ;
#549 = ORIENTED_EDGE ( 'NONE', *, *, #2300, .T. ) ;
#550 = EDGE_CURVE ( 'NONE', #7136, #4556, #5417, .T. ) ;
#551 = ORIENTED_EDGE ( 'NONE', *, *, #3906, .F. ) ;
#552 = EDGE_CURVE ( 'NONE', #2356, #6652, #4331, .T. ) ;
#553 = DIRECTION ( 'NONE',  ( -1.000000000000000000, 0.000000000000000000, 0.000000000000000000 ) ) ;
#554 = CARTESIAN_POINT ( 'NONE',  ( 6.245004513516505540E-14, -25.87015455142720199, 13.00000000000000178 ) ) ;
#555 = AXIS2_PLACEMENT_3D ( 'NONE', #1089, #1157, #1228 ) ;
#556 = CARTESIAN_POINT ( 'NONE',  ( -5.199999999999940670, -25.87015455142720199, -2.500000000000000444 ) ) ;
#557 = VERTEX_POINT ( 'NONE', #6074 ) ;
#558 = EDGE_CURVE ( 'NONE', #1965, #1796, #2764, .T. ) ;
#559 = DIRECTION ( 'NONE',  ( 1.268935612889287343E-16, -1.000000000000000000, -1.026341648675403128E-48 ) ) ;
#560 = EDGE_CURVE ( 'NONE', #257, #1042, #1615, .T. ) ;
#561 = EDGE_LOOP ( 'NONE', ( #1709, #1448 ) ) ;
#562 = CYLINDRICAL_SURFACE ( 'NONE', #3828, 1.500000000000001332 ) ;
#563 = LINE ( 'NONE', #7192, #3583 ) ;
#564 = LINE ( 'NONE', #5676, #6867 ) ;
#565 = PLANE ( 'NONE',  #2613 ) ;
#566 = EDGE_LOOP ( 'NONE', ( #1914, #6533 ) ) ;
#567 = CIRCLE ( 'NONE', #3243, 8.000000000000000000 ) ;
#568 = CARTESIAN_POINT ( 'NONE',  ( -75.53758619217045123, -15.57820799198817951, 19.39999999999999503 ) ) ;
#569 = EDGE_CURVE ( 'NONE', #3436, #1232, #4422, .T. ) ;
#570 = ORIENTED_EDGE ( 'NONE', *, *, #2261, .T. ) ;
#571 = ADVANCED_FACE ( 'NONE', ( #4482 ), #3850, .F. ) ;
#572 = CARTESIAN_POINT ( 'NONE',  ( -34.99999999999993605, -25.87015455142720555, 53.19999999999999574 ) ) ;
#573 = AXIS2_PLACEMENT_3D ( 'NONE', #1425, #944, #4202 ) ;
#574 = CARTESIAN_POINT ( 'NONE',  ( -85.89999999999992042, -22.87015455142720910, 58.39999999999998437 ) ) ;
#575 = CYLINDRICAL_SURFACE ( 'NONE', #3541, 1.249999999999997558 ) ;
#576 = DIRECTION ( 'NONE',  ( 1.278526357607465097E-16, -1.000000000000000000, -5.022723014296544476E-18 ) ) ;
#577 = ORIENTED_EDGE ( 'NONE', *, *, #4791, .F. ) ;
#578 = VERTEX_POINT ( 'NONE', #1125 ) ;
#579 = VECTOR ( 'NONE', #6483, 1000.000000000000000 ) ;
#580 = CARTESIAN_POINT ( 'NONE',  ( -5.499999999999935163, -22.87015455142720199, 16.69999999999999929 ) ) ;
#581 = LINE ( 'NONE', #2733, #2434 ) ;
#582 = CARTESIAN_POINT ( 'NONE',  ( -55.39999999999994884, -22.87015455142720910, -37.50000000000000711 ) ) ;
#583 = FACE_BOUND ( 'NONE', #201, .T. ) ;
#584 = ORIENTED_EDGE ( 'NONE', *, *, #552, .F. ) ;
#585 = VERTEX_POINT ( 'NONE', #6647 ) ;
#586 = ORIENTED_EDGE ( 'NONE', *, *, #5327, .T. ) ;
#587 = VECTOR ( 'NONE', #1900, 1000.000000000000000 ) ;
#588 = FACE_OUTER_BOUND ( 'NONE', #6632, .T. ) ;
#589 = CARTESIAN_POINT ( 'NONE',  ( -68.39999999999994884, -22.87015455142720910, -17.49999999999998934 ) ) ;
#590 = AXIS2_PLACEMENT_3D ( 'NONE', #7208, #1680, #387 ) ;
#591 = ORIENTED_EDGE ( 'NONE', *, *, #67, .F. ) ;
#592 = DIRECTION ( 'NONE',  ( -1.000000000000000000, 0.000000000000000000, 0.000000000000000000 ) ) ;
#593 = ORIENTED_EDGE ( 'NONE', *, *, #7059, .T. ) ;
#594 = DIRECTION ( 'NONE',  ( 1.000000000000000000, 1.278526357607465097E-16, 0.000000000000000000 ) ) ;
#595 = CIRCLE ( 'NONE', #6530, 1.000000000000000888 ) ;
#596 = CIRCLE ( 'NONE', #4329, 2.000000000000000000 ) ;
#597 = LINE ( 'NONE', #3219, #5322 ) ;
#598 = EDGE_CURVE ( 'NONE', #2699, #493, #4986, .T. ) ;
#599 = EDGE_CURVE ( 'NONE', #5301, #2841, #563, .T. ) ;
#600 = CARTESIAN_POINT ( 'NONE',  ( -16.49999999999993960, -22.87015455142720199, 8.199999999999999289 ) ) ;
#601 = DIRECTION ( 'NONE',  ( 0.000000000000000000, 0.000000000000000000, -1.000000000000000000 ) ) ;
#602 = DIRECTION ( 'NONE',  ( 1.278526357607465097E-16, -1.000000000000000000, -5.022723014296544476E-18 ) ) ;
#603 = EDGE_LOOP ( 'NONE', ( #5796, #4716, #2628, #7174, #3192, #3075, #5155, #2502 ) ) ;
#604 = EDGE_CURVE ( 'NONE', #4733, #6405, #6687, .T. ) ;
#605 = CARTESIAN_POINT ( 'NONE',  ( -75.53758619217045123, -25.87015455142721265, 19.39999999999999503 ) ) ;
#606 = CIRCLE ( 'NONE', #3997, 2.000000000000001776 ) ;
#607 = AXIS2_PLACEMENT_3D ( 'NONE', #5042, #4503, #2736 ) ;
#608 = EDGE_CURVE ( 'NONE', #6333, #6386, #1666, .T. ) ;
#609 = ADVANCED_FACE ( 'NONE', ( #6725 ), #3965, .F. ) ;
#610 = LINE ( 'NONE', #5541, #2069 ) ;
#611 = CYLINDRICAL_SURFACE ( 'NONE', #2962, 2.000000000000001776 ) ;
#612 = CARTESIAN_POINT ( 'NONE',  ( -93.89999999999993463, -25.87015455142721265, 22.89999999999999147 ) ) ;
#613 = EDGE_LOOP ( 'NONE', ( #2816, #2439 ) ) ;
#614 = VECTOR ( 'NONE', #6871, 1000.000000000000000 ) ;
#615 = EDGE_LOOP ( 'NONE', ( #1329, #1606, #3833, #3657 ) ) ;
#616 = CIRCLE ( 'NONE', #3639, 2.000000000000001776 ) ;
#617 = ORIENTED_EDGE ( 'NONE', *, *, #3178, .T. ) ;
#618 = CARTESIAN_POINT ( 'NONE',  ( -27.52239814395782247, -15.57820799198817241, 1.499999999999999778 ) ) ;
#619 = DIRECTION ( 'NONE',  ( -1.000000000000000000, 0.000000000000000000, 0.000000000000000000 ) ) ;
#620 = CARTESIAN_POINT ( 'NONE',  ( -23.99999999999993605, -24.07015455142720128, 47.39999999999999858 ) ) ;
#621 = CARTESIAN_POINT ( 'NONE',  ( -53.39999999999994884, -25.87015455142720910, -4.995410581782472968E-31 ) ) ;
#622 = ORIENTED_EDGE ( 'NONE', *, *, #6744, .T. ) ;
#623 = ORIENTED_EDGE ( 'NONE', *, *, #1107, .F. ) ;
#624 = AXIS2_PLACEMENT_3D ( 'NONE', #6605, #7075, #441 ) ;
#625 = CARTESIAN_POINT ( 'NONE',  ( -12.69999999999994067, -22.87015455142720199, -35.00000000000000000 ) ) ;
#626 = CIRCLE ( 'NONE', #1331, 1.500000000000001332 ) ;
#627 = DIRECTION ( 'NONE',  ( -1.288097321785393689E-16, 1.000000000000000000, -3.489072158099908472E-32 ) ) ;
#628 = DIRECTION ( 'NONE',  ( 1.000000000000000000, 0.000000000000000000, 0.000000000000000000 ) ) ;
#629 = VECTOR ( 'NONE', #2890, 1000.000000000000000 ) ;
#630 = VERTEX_POINT ( 'NONE', #5087 ) ;
#631 = CARTESIAN_POINT ( 'NONE',  ( -46.94999999999992468, -25.87015455142720555, 41.89999999999998437 ) ) ;
#632 = EDGE_LOOP ( 'NONE', ( #5313, #5309, #5079, #3929 ) ) ;
#633 = EDGE_CURVE ( 'NONE', #5760, #4666, #4530, .T. ) ;
#634 = AXIS2_PLACEMENT_3D ( 'NONE', #3939, #6805, #4046 ) ;
#635 = DIRECTION ( 'NONE',  ( 1.000000000000000000, 0.000000000000000000, 0.000000000000000000 ) ) ;
#636 = DIRECTION ( 'NONE',  ( -1.288097321785393689E-16, 1.000000000000000000, -3.489072158099908472E-32 ) ) ;
#637 = LINE ( 'NONE', #1230, #6764 ) ;
#638 = FACE_OUTER_BOUND ( 'NONE', #6291, .T. ) ;
#639 = AXIS2_PLACEMENT_3D ( 'NONE', #5577, #2359, #6193 ) ;
#640 = ORIENTED_EDGE ( 'NONE', *, *, #7005, .F. ) ;
#641 = DIRECTION ( 'NONE',  ( 1.000000000000000000, 0.000000000000000000, 0.000000000000000000 ) ) ;
#642 = DIRECTION ( 'NONE',  ( 1.000000000000000000, 0.000000000000000000, 0.000000000000000000 ) ) ;
#643 = EDGE_CURVE ( 'NONE', #1716, #3214, #5692, .T. ) ;
#644 = EDGE_CURVE ( 'NONE', #5665, #6237, #6490, .T. ) ;
#645 = EDGE_CURVE ( 'NONE', #5778, #2688, #5601, .T. ) ;
#646 = DIRECTION ( 'NONE',  ( 0.000000000000000000, 0.000000000000000000, 1.000000000000000000 ) ) ;
#647 = LINE ( 'NONE', #1713, #3422 ) ;
#648 = DIRECTION ( 'NONE',  ( -1.000000000000000000, -1.288097321785394182E-16, 2.081668171172168513E-17 ) ) ;
#649 = ORIENTED_EDGE ( 'NONE', *, *, #2516, .F. ) ;
#650 = DIRECTION ( 'NONE',  ( -1.268935612889287343E-16, 1.000000000000000000, 1.026341648675403128E-48 ) ) ;
#651 = ADVANCED_FACE ( 'NONE', ( #5570 ), #530, .F. ) ;
#652 = VECTOR ( 'NONE', #2768, 1000.000000000000000 ) ;
#653 = VERTEX_POINT ( 'NONE', #6151 ) ;
#654 = DIRECTION ( 'NONE',  ( 1.369775700273876512E-16, -1.000000000000000000, 1.232595164407830672E-32 ) ) ;
#655 = LINE ( 'NONE', #4535, #5596 ) ;
#656 = CARTESIAN_POINT ( 'NONE',  ( -7.999999999999937828, -24.07015455142720128, -13.50000000000000533 ) ) ;
#657 = DIRECTION ( 'NONE',  ( 0.000000000000000000, 0.000000000000000000, -1.000000000000000000 ) ) ;
#658 = ORIENTED_EDGE ( 'NONE', *, *, #3881, .T. ) ;
#659 = ORIENTED_EDGE ( 'NONE', *, *, #4932, .F. ) ;
#660 = EDGE_CURVE ( 'NONE', #5790, #748, #1489, .T. ) ;
#661 = EDGE_CURVE ( 'NONE', #480, #2530, #3352, .T. ) ;
#662 = AXIS2_PLACEMENT_3D ( 'NONE', #3077, #3113, #6936 ) ;
#663 = DIRECTION ( 'NONE',  ( 1.000000000000000000, 0.000000000000000000, 0.000000000000000000 ) ) ;
#664 = CARTESIAN_POINT ( 'NONE',  ( -35.49999999999993605, -25.87015455142720555, 38.39999999999999147 ) ) ;
#665 = FACE_OUTER_BOUND ( 'NONE', #5400, .T. ) ;
#666 = EDGE_LOOP ( 'NONE', ( #3683, #315 ) ) ;
#667 = AXIS2_PLACEMENT_3D ( 'NONE', #3347, #4491, #1747 ) ;
#668 = DIRECTION ( 'NONE',  ( 1.268935612889287343E-16, -1.000000000000000000, -1.026341648675403128E-48 ) ) ;
#669 = ORIENTED_EDGE ( 'NONE', *, *, #4133, .T. ) ;
#670 = CARTESIAN_POINT ( 'NONE',  ( -79.39999999999994884, -25.87015455142721265, 13.95000000000000107 ) ) ;
#671 = CARTESIAN_POINT ( 'NONE',  ( -53.39999999999994884, -25.87015455142720910, -35.00000000000000000 ) ) ;
#672 = LINE ( 'NONE', #3443, #1646 ) ;
#673 = DIRECTION ( 'NONE',  ( 1.000000000000000000, 0.000000000000000000, 0.000000000000000000 ) ) ;
#674 = ORIENTED_EDGE ( 'NONE', *, *, #3824, .F. ) ;
#675 = LINE ( 'NONE', #6799, #720 ) ;
#676 = VERTEX_POINT ( 'NONE', #2717 ) ;
#677 = CYLINDRICAL_SURFACE ( 'NONE', #2266, 2.000000000000000000 ) ;
#678 = AXIS2_PLACEMENT_3D ( 'NONE', #4034, #705, #2482 ) ;
#679 = VECTOR ( 'NONE', #2603, 1000.000000000000000 ) ;
#680 = DIRECTION ( 'NONE',  ( 1.268935612889287343E-16, -1.000000000000000000, -1.026341648675403128E-48 ) ) ;
#681 = DIRECTION ( 'NONE',  ( 1.000000000000000000, 0.000000000000000000, 0.000000000000000000 ) ) ;
#682 = ORIENTED_EDGE ( 'NONE', *, *, #4100, .F. ) ;
#683 = DIRECTION ( 'NONE',  ( -1.288097321785393689E-16, 1.000000000000000000, -3.489072158099908472E-32 ) ) ;
#684 = VERTEX_POINT ( 'NONE', #4951 ) ;
#685 = DIRECTION ( 'NONE',  ( -1.000000000000000000, 0.000000000000000000, 0.000000000000000000 ) ) ;
#686 = EDGE_CURVE ( 'NONE', #182, #1439, #5915, .T. ) ;
#687 = ORIENTED_EDGE ( 'NONE', *, *, #3491, .F. ) ;
#688 = EDGE_CURVE ( 'NONE', #6421, #7080, #2528, .T. ) ;
#689 = EDGE_CURVE ( 'NONE', #1957, #999, #4292, .T. ) ;
#690 = DIRECTION ( 'NONE',  ( 1.288097321785393689E-16, -1.000000000000000000, 3.489072158099908472E-32 ) ) ;
#691 = CARTESIAN_POINT ( 'NONE',  ( -60.89999999999995595, -25.87015455142720910, 13.95000000000000107 ) ) ;
#692 = LINE ( 'NONE', #5730, #3089 ) ;
#693 = CARTESIAN_POINT ( 'NONE',  ( -79.39999999999994884, -22.87015455142721265, -32.29999999999999716 ) ) ;
#694 = EDGE_CURVE ( 'NONE', #219, #1250, #2206, .T. ) ;
#695 = VERTEX_POINT ( 'NONE', #4686 ) ;
#696 = ORIENTED_EDGE ( 'NONE', *, *, #5510, .T. ) ;
#697 = ADVANCED_FACE ( 'NONE', ( #223 ), #5164, .F. ) ;
#698 = DIRECTION ( 'NONE',  ( -1.268935612889287343E-16, 1.000000000000000000, 1.026341648675403128E-48 ) ) ;
#699 = FACE_OUTER_BOUND ( 'NONE', #5995, .T. ) ;
#700 = EDGE_CURVE ( 'NONE', #503, #6388, #6794, .T. ) ;
#701 = CARTESIAN_POINT ( 'NONE',  ( -83.39999999999996305, -22.87015455142721265, 17.89999999999999858 ) ) ;
#702 = ORIENTED_EDGE ( 'NONE', *, *, #3818, .F. ) ;
#703 = CARTESIAN_POINT ( 'NONE',  ( -38.99999999999992895, -22.87015455142720555, 32.07493386054424178 ) ) ;
#704 = LINE ( 'NONE', #776, #629 ) ;
#705 = DIRECTION ( 'NONE',  ( -1.288097321785393689E-16, 1.000000000000000000, -3.489072158099908472E-32 ) ) ;
#706 = DIRECTION ( 'NONE',  ( 1.278526357607465097E-16, -1.000000000000000000, -5.022723014296544476E-18 ) ) ;
#707 = LINE ( 'NONE', #3167, #4849 ) ;
#708 = ORIENTED_EDGE ( 'NONE', *, *, #2222, .T. ) ;
#709 = CYLINDRICAL_SURFACE ( 'NONE', #4919, 8.000000000000000000 ) ;
#710 = VERTEX_POINT ( 'NONE', #6931 ) ;
#711 = VECTOR ( 'NONE', #1206, 1000.000000000000000 ) ;
#712 = CIRCLE ( 'NONE', #823, 2.000000000000001776 ) ;
#713 = CIRCLE ( 'NONE', #240, 1.250000000000001110 ) ;
#714 = DIRECTION ( 'NONE',  ( -1.000000000000000000, 0.000000000000000000, 0.000000000000000000 ) ) ;
#715 = DIRECTION ( 'NONE',  ( -1.278526357607465097E-16, 1.000000000000000000, 5.022723014296544476E-18 ) ) ;
#716 = VERTEX_POINT ( 'NONE', #158 ) ;
#717 = CARTESIAN_POINT ( 'NONE',  ( -20.49999999999993250, -25.87015455142720199, 46.39999999999999147 ) ) ;
#718 = ORIENTED_EDGE ( 'NONE', *, *, #2958, .F. ) ;
#719 = CARTESIAN_POINT ( 'NONE',  ( -85.89999999999992042, -25.87015455142721265, 55.89999999999999858 ) ) ;
#720 = VECTOR ( 'NONE', #25, 1000.000000000000000 ) ;
#721 = AXIS2_PLACEMENT_3D ( 'NONE', #6634, #2845, #2240 ) ;
#722 = VERTEX_POINT ( 'NONE', #189 ) ;
#723 = DIRECTION ( 'NONE',  ( -1.288097321785393689E-16, 1.000000000000000000, -3.489072158099908472E-32 ) ) ;
#724 = LINE ( 'NONE', #5662, #2905 ) ;
#725 = VECTOR ( 'NONE', #2870, 1000.000000000000000 ) ;
#726 = CARTESIAN_POINT ( 'NONE',  ( -45.69999999999992468, -22.87015455142720555, 41.89999999999998437 ) ) ;
#727 = CARTESIAN_POINT ( 'NONE',  ( -35.49999999999993605, -25.87015455142720555, 46.39999999999999147 ) ) ;
#728 = ORIENTED_EDGE ( 'NONE', *, *, #1541, .F. ) ;
#729 = ADVANCED_FACE ( 'NONE', ( #4070 ), #3477, .T. ) ;
#730 = EDGE_CURVE ( 'NONE', #6492, #4935, #904, .T. ) ;
#731 = AXIS2_PLACEMENT_3D ( 'NONE', #1600, #2643, #6082 ) ;
#732 = EDGE_CURVE ( 'NONE', #5403, #3545, #3944, .T. ) ;
#733 = DIRECTION ( 'NONE',  ( 0.000000000000000000, 0.000000000000000000, 1.000000000000000000 ) ) ;
#734 = FACE_OUTER_BOUND ( 'NONE', #3306, .T. ) ;
#735 = VERTEX_POINT ( 'NONE', #4623 ) ;
#736 = DIRECTION ( 'NONE',  ( -1.278526357607465097E-16, 1.000000000000000000, 5.022723014296544476E-18 ) ) ;
#737 = AXIS2_PLACEMENT_3D ( 'NONE', #3884, #1116, #3764 ) ;
#738 = ORIENTED_EDGE ( 'NONE', *, *, #829, .F. ) ;
#739 = CARTESIAN_POINT ( 'NONE',  ( -44.44999999999991758, -25.87015455142720555, 23.39999999999998792 ) ) ;
#740 = ORIENTED_EDGE ( 'NONE', *, *, #987, .F. ) ;
#741 = EDGE_CURVE ( 'NONE', #1469, #3802, #123, .T. ) ;
#742 = EDGE_CURVE ( 'NONE', #5997, #5316, #1732, .T. ) ;
#743 = CARTESIAN_POINT ( 'NONE',  ( -4.999999999999935163, -24.07015455142720128, -13.50000000000000533 ) ) ;
#744 = CIRCLE ( 'NONE', #1123, 1.250000000000001110 ) ;
#745 = DIRECTION ( 'NONE',  ( -1.268935612889287343E-16, 1.000000000000000000, 1.026341648675403128E-48 ) ) ;
#746 = CARTESIAN_POINT ( 'NONE',  ( -5.199999999999940670, -22.87015455142720199, -21.00000000000000000 ) ) ;
#747 = DIRECTION ( 'NONE',  ( 1.000000000000000000, 0.000000000000000000, 0.000000000000000000 ) ) ;
#748 = VERTEX_POINT ( 'NONE', #6288 ) ;
#749 = ORIENTED_EDGE ( 'NONE', *, *, #5630, .T. ) ;
#750 = CIRCLE ( 'NONE', #3904, 8.000000000000000000 ) ;
#751 = EDGE_CURVE ( 'NONE', #3492, #6145, #3514, .T. ) ;
#752 = CIRCLE ( 'NONE', #391, 8.000000000000001776 ) ;
#753 = LINE ( 'NONE', #1853, #784 ) ;
#754 = FACE_OUTER_BOUND ( 'NONE', #1683, .T. ) ;
#755 = EDGE_LOOP ( 'NONE', ( #2028, #1797, #3206, #6677 ) ) ;
#756 = DIRECTION ( 'NONE',  ( -1.000000000000000000, 0.000000000000000000, 0.000000000000000000 ) ) ;
#757 = ORIENTED_EDGE ( 'NONE', *, *, #1819, .F. ) ;
#758 = PLANE ( 'NONE',  #4584 ) ;
#759 = ORIENTED_EDGE ( 'NONE', *, *, #4258, .F. ) ;
#760 = CARTESIAN_POINT ( 'NONE',  ( -93.89999999999993463, -25.87015455142721265, 55.89999999999999147 ) ) ;
#761 = CARTESIAN_POINT ( 'NONE',  ( -42.69999999999994600, -22.87015455142720555, -36.00000000000000711 ) ) ;
#762 = DIRECTION ( 'NONE',  ( 0.000000000000000000, 0.000000000000000000, 1.000000000000000000 ) ) ;
#763 = FACE_OUTER_BOUND ( 'NONE', #5382, .T. ) ;
#764 = AXIS2_PLACEMENT_3D ( 'NONE', #3285, #3877, #6098 ) ;
#765 = CARTESIAN_POINT ( 'NONE',  ( -2.499999999999939604, -25.87015455142720199, 45.70000000000000284 ) ) ;
#766 = PLANE ( 'NONE',  #3707 ) ;
#767 = EDGE_CURVE ( 'NONE', #7119, #2788, #793, .T. ) ;
#768 = ORIENTED_EDGE ( 'NONE', *, *, #2796, .F. ) ;
#769 = LINE ( 'NONE', #4028, #2698 ) ;
#770 = VECTOR ( 'NONE', #4425, 1000.000000000000000 ) ;
#771 = EDGE_LOOP ( 'NONE', ( #5367, #6977, #535, #1013 ) ) ;
#772 = DIRECTION ( 'NONE',  ( 1.288097321785393689E-16, -1.000000000000000000, 3.489072158099908472E-32 ) ) ;
#773 = ORIENTED_EDGE ( 'NONE', *, *, #552, .T. ) ;
#774 = ORIENTED_EDGE ( 'NONE', *, *, #5104, .F. ) ;
#775 = EDGE_CURVE ( 'NONE', #1715, #2003, #5200, .T. ) ;
#776 = CARTESIAN_POINT ( 'NONE',  ( -95.89999999999993463, -22.87015455142721265, 20.89999999999998792 ) ) ;
#777 = LINE ( 'NONE', #2891, #320 ) ;
#778 = CIRCLE ( 'NONE', #1837, 2.000000000000001776 ) ;
#779 = EDGE_CURVE ( 'NONE', #1896, #5714, #7198, .T. ) ;
#780 = DIRECTION ( 'NONE',  ( 1.268935612889287343E-16, -1.000000000000000000, -1.026341648675403128E-48 ) ) ;
#781 = ORIENTED_EDGE ( 'NONE', *, *, #4993, .T. ) ;
#782 = DIRECTION ( 'NONE',  ( -1.278526357607465097E-16, 1.000000000000000000, 5.022723014296544476E-18 ) ) ;
#783 = ORIENTED_EDGE ( 'NONE', *, *, #2740, .T. ) ;
#784 = VECTOR ( 'NONE', #6294, 1000.000000000000000 ) ;
#785 = DIRECTION ( 'NONE',  ( 1.268935612889287343E-16, -1.000000000000000000, -1.026341648675403128E-48 ) ) ;
#786 = CARTESIAN_POINT ( 'NONE',  ( -93.89999999999994884, -25.87015455142721265, 7.899999999999999467 ) ) ;
#787 = EDGE_CURVE ( 'NONE', #794, #1992, #3475, .T. ) ;
#788 = VERTEX_POINT ( 'NONE', #5270 ) ;
#789 = AXIS2_PLACEMENT_3D ( 'NONE', #1880, #3614, #1296 ) ;
#790 = DIRECTION ( 'NONE',  ( -1.268935612889287343E-16, 1.000000000000000000, -2.469788560855558288E-32 ) ) ;
#791 = ORIENTED_EDGE ( 'NONE', *, *, #2043, .F. ) ;
#792 = LINE ( 'NONE', #901, #2830 ) ;
#793 = CIRCLE ( 'NONE', #5808, 8.000000000000000000 ) ;
#794 = VERTEX_POINT ( 'NONE', #5785 ) ;
#795 = DIRECTION ( 'NONE',  ( 1.268935612889287343E-16, -1.000000000000000000, -1.026341648675403128E-48 ) ) ;
#796 = LINE ( 'NONE', #5418, #1760 ) ;
#797 = DIRECTION ( 'NONE',  ( -1.288097321785393689E-16, 1.000000000000000000, -3.489072158099908472E-32 ) ) ;
#798 = FACE_OUTER_BOUND ( 'NONE', #6981, .T. ) ;
#799 = EDGE_LOOP ( 'NONE', ( #879, #191, #6031, #217 ) ) ;
#800 = CARTESIAN_POINT ( 'NONE',  ( -60.39999999999995595, -25.87015455142720910, 17.89999999999999858 ) ) ;
#801 = CYLINDRICAL_SURFACE ( 'NONE', #6966, 1.249999999999997558 ) ;
#802 = EDGE_LOOP ( 'NONE', ( #6965, #1378, #1392, #6602 ) ) ;
#803 = DIRECTION ( 'NONE',  ( -1.268935612889287343E-16, 1.000000000000000000, 1.026341648675403128E-48 ) ) ;
#804 = ORIENTED_EDGE ( 'NONE', *, *, #506, .T. ) ;
#805 = ORIENTED_EDGE ( 'NONE', *, *, #3756, .F. ) ;
#806 = DIRECTION ( 'NONE',  ( -1.288097321785393689E-16, 1.000000000000000000, -3.489072158099908472E-32 ) ) ;
#807 = ORIENTED_EDGE ( 'NONE', *, *, #3682, .T. ) ;
#808 = AXIS2_PLACEMENT_3D ( 'NONE', #2087, #3751, #6519 ) ;
#809 = CARTESIAN_POINT ( 'NONE',  ( 0.000000000000000000, 0.000000000000000000, 0.000000000000000000 ) ) ;
#810 = DIRECTION ( 'NONE',  ( -1.000000000000000000, 0.000000000000000000, 0.000000000000000000 ) ) ;
#811 = VECTOR ( 'NONE', #2982, 1000.000000000000000 ) ;
#812 = DIRECTION ( 'NONE',  ( 1.000000000000000000, 1.288097321785394182E-16, -2.081668171172168513E-17 ) ) ;
#813 = ORIENTED_EDGE ( 'NONE', *, *, #4505, .F. ) ;
#814 = ORIENTED_EDGE ( 'NONE', *, *, #6609, .F. ) ;
#815 = EDGE_CURVE ( 'NONE', #2424, #454, #777, .T. ) ;
#816 = EDGE_CURVE ( 'NONE', #1397, #7145, #1038, .T. ) ;
#817 = FACE_OUTER_BOUND ( 'NONE', #2744, .T. ) ;
#818 = FACE_OUTER_BOUND ( 'NONE', #5756, .T. ) ;
#819 = EDGE_CURVE ( 'NONE', #453, #5760, #4756, .T. ) ;
#820 = DIRECTION ( 'NONE',  ( 1.278526357607465097E-16, -1.000000000000000000, -5.022723014296544476E-18 ) ) ;
#821 = AXIS2_PLACEMENT_3D ( 'NONE', #3236, #6555, #1101 ) ;
#822 = EDGE_LOOP ( 'NONE', ( #6691, #1417, #4979, #865 ) ) ;
#823 = AXIS2_PLACEMENT_3D ( 'NONE', #1774, #5603, #601 ) ;
#824 = DIRECTION ( 'NONE',  ( 1.278526357607465097E-16, -1.000000000000000000, -5.022723014296544476E-18 ) ) ;
#825 = ORIENTED_EDGE ( 'NONE', *, *, #5858, .F. ) ;
#826 = FACE_OUTER_BOUND ( 'NONE', #4758, .T. ) ;
#827 = EDGE_CURVE ( 'NONE', #3772, #2896, #1968, .T. ) ;
#828 = VECTOR ( 'NONE', #6729, 1000.000000000000000 ) ;
#829 = EDGE_CURVE ( 'NONE', #1758, #2790, #2632, .T. ) ;
#830 = CIRCLE ( 'NONE', #2455, 2.000000000000001776 ) ;
#831 = ORIENTED_EDGE ( 'NONE', *, *, #1768, .T. ) ;
#832 = FACE_OUTER_BOUND ( 'NONE', #4388, .T. ) ;
#833 = DIRECTION ( 'NONE',  ( 1.000000000000000000, 0.000000000000000000, 0.000000000000000000 ) ) ;
#834 = CYLINDRICAL_SURFACE ( 'NONE', #3268, 3.000000000000002665 ) ;
#835 = VECTOR ( 'NONE', #4982, 1000.000000000000000 ) ;
#836 = ORIENTED_EDGE ( 'NONE', *, *, #463, .T. ) ;
#837 = CIRCLE ( 'NONE', #1543, 3.000000000000002665 ) ;
#838 = VECTOR ( 'NONE', #3510, 1000.000000000000000 ) ;
#839 = CARTESIAN_POINT ( 'NONE',  ( -40.49999999999992184, -22.87015455142720555, 20.89999999999998792 ) ) ;
#840 = CARTESIAN_POINT ( 'NONE',  ( -23.99999999999993605, -24.07015455142720128, 11.00000000000000355 ) ) ;
#841 = ORIENTED_EDGE ( 'NONE', *, *, #2911, .F. ) ;
#842 = DIRECTION ( 'NONE',  ( -1.268935612889287343E-16, 1.000000000000000000, -2.469788560855558288E-32 ) ) ;
#843 = ORIENTED_EDGE ( 'NONE', *, *, #1644, .T. ) ;
#844 = ORIENTED_EDGE ( 'NONE', *, *, #4304, .T. ) ;
#845 = FACE_OUTER_BOUND ( 'NONE', #396, .T. ) ;
#846 = ORIENTED_EDGE ( 'NONE', *, *, #6623, .F. ) ;
#847 = EDGE_LOOP ( 'NONE', ( #1113, #3209 ) ) ;
#848 = AXIS2_PLACEMENT_3D ( 'NONE', #867, #205, #7017 ) ;
#849 = APPLICATION_PROTOCOL_DEFINITION ( 'draft international standard', 'automotive_design', 1998, #6498 ) ;
#850 = ORIENTED_EDGE ( 'NONE', *, *, #6958, .T. ) ;
#851 = AXIS2_PLACEMENT_3D ( 'NONE', #1656, #521, #2773 ) ;
#852 = FACE_OUTER_BOUND ( 'NONE', #1805, .T. ) ;
#853 = CARTESIAN_POINT ( 'NONE',  ( -1.999999999999939382, -22.87015455142720199, -6.183324171480520393E-31 ) ) ;
#854 = EDGE_LOOP ( 'NONE', ( #4142, #5563 ) ) ;
#855 = FACE_BOUND ( 'NONE', #847, .T. ) ;
#856 = VERTEX_POINT ( 'NONE', #4866 ) ;
#857 = AXIS2_PLACEMENT_3D ( 'NONE', #6885, #4275, #3540 ) ;
#858 = CYLINDRICAL_SURFACE ( 'NONE', #662, 1.500000000000001332 ) ;
#859 = CARTESIAN_POINT ( 'NONE',  ( -79.39999999999994884, -25.87015455142721265, -32.29999999999999716 ) ) ;
#860 = DIRECTION ( 'NONE',  ( 1.652117596168387263E-16, -5.022723014296591468E-18, 1.000000000000000000 ) ) ;
#861 = AXIS2_PLACEMENT_3D ( 'NONE', #2432, #3635, #4736 ) ;
#862 = EDGE_LOOP ( 'NONE', ( #738, #3274, #6452, #5538 ) ) ;
#863 = ADVANCED_FACE ( 'NONE', ( #888 ), #3137, .F. ) ;
#864 = CARTESIAN_POINT ( 'NONE',  ( -71.89999999999994884, -24.07015455142720839, 9.899999999999996803 ) ) ;
#865 = ORIENTED_EDGE ( 'NONE', *, *, #4741, .F. ) ;
#866 = VERTEX_POINT ( 'NONE', #1507 ) ;
#867 = CARTESIAN_POINT ( 'NONE',  ( -82.19999999999993179, -22.87015455142720910, 53.89999999999999147 ) ) ;
#868 = EDGE_CURVE ( 'NONE', #4572, #4515, #5885, .T. ) ;
#869 = AXIS2_PLACEMENT_3D ( 'NONE', #4663, #6974, #3561 ) ;
#870 = ORIENTED_EDGE ( 'NONE', *, *, #3229, .F. ) ;
#871 = DIRECTION ( 'NONE',  ( 1.268935612889287343E-16, -1.000000000000000000, -1.026341648675403128E-48 ) ) ;
#872 = EDGE_CURVE ( 'NONE', #3698, #6692, #3107, .T. ) ;
#873 = CARTESIAN_POINT ( 'NONE',  ( -7.999999999999937828, -24.07015455142720128, -13.50000000000000533 ) ) ;
#874 = DIRECTION ( 'NONE',  ( 1.268935612889287343E-16, -1.000000000000000000, -1.026341648675403128E-48 ) ) ;
#875 = ADVANCED_FACE ( 'NONE', ( #1583 ), #1473, .F. ) ;
#876 = VERTEX_POINT ( 'NONE', #5305 ) ;
#877 = DIRECTION ( 'NONE',  ( 1.369775700273876512E-16, -1.000000000000000000, 1.232595164407830672E-32 ) ) ;
#878 = CARTESIAN_POINT ( 'NONE',  ( -20.49999999999993250, -25.87015455142720199, 23.00000000000000355 ) ) ;
#879 = ORIENTED_EDGE ( 'NONE', *, *, #7010, .F. ) ;
#880 = CARTESIAN_POINT ( 'NONE',  ( -75.53758619217045123, -15.57820799198817951, 19.39999999999999503 ) ) ;
#881 = DIRECTION ( 'NONE',  ( -1.652117596168387263E-16, -2.179666125485422852E-32, -1.000000000000000000 ) ) ;
#882 = VERTEX_POINT ( 'NONE', #6493 ) ;
#883 = EDGE_LOOP ( 'NONE', ( #4933, #272, #2600, #1145 ) ) ;
#884 = DIRECTION ( 'NONE',  ( 1.000000000000000000, 1.278526357607465097E-16, 0.000000000000000000 ) ) ;
#885 = EDGE_LOOP ( 'NONE', ( #6571, #1780 ) ) ;
#886 = AXIS2_PLACEMENT_3D ( 'NONE', #1159, #5605, #3479 ) ;
#887 = ORIENTED_EDGE ( 'NONE', *, *, #3682, .F. ) ;
#888 = FACE_OUTER_BOUND ( 'NONE', #187, .T. ) ;
#889 = CARTESIAN_POINT ( 'NONE',  ( -47.39999999999994174, -22.87015455142720555, -13.50000000000000533 ) ) ;
#890 = VERTEX_POINT ( 'NONE', #1001 ) ;
#891 = DIRECTION ( 'NONE',  ( 2.081668171172168513E-17, 3.816637062202878161E-32, 1.000000000000000000 ) ) ;
#892 = ORIENTED_EDGE ( 'NONE', *, *, #2654, .T. ) ;
#893 = CARTESIAN_POINT ( 'NONE',  ( -42.69999999999994600, -25.87015455142720910, -36.00000000000000711 ) ) ;
#894 = CIRCLE ( 'NONE', #4742, 1.250000000000001110 ) ;
#895 = CARTESIAN_POINT ( 'NONE',  ( -55.39999999999994884, -22.87015455142720910, -25.00000000000000000 ) ) ;
#896 = CARTESIAN_POINT ( 'NONE',  ( -71.89999999999994884, -22.87015455142720910, -29.50000000000000000 ) ) ;
#897 = VERTEX_POINT ( 'NONE', #442 ) ;
#898 = CARTESIAN_POINT ( 'NONE',  ( -60.89999999999995595, -25.87015455142720910, -33.54999999999999716 ) ) ;
#899 = ORIENTED_EDGE ( 'NONE', *, *, #5061, .T. ) ;
#900 = VERTEX_POINT ( 'NONE', #2026 ) ;
#901 = CARTESIAN_POINT ( 'NONE',  ( -79.39999999999994884, -25.87015455142721265, 11.44999999999999751 ) ) ;
#902 = AXIS2_PLACEMENT_3D ( 'NONE', #4045, #6264, #1047 ) ;
#903 = CARTESIAN_POINT ( 'NONE',  ( -93.39999999999994884, -22.87015455142721265, -27.50000000000000355 ) ) ;
#904 = CIRCLE ( 'NONE', #7069, 8.000000000000007105 ) ;
#905 = CARTESIAN_POINT ( 'NONE',  ( -71.89999999999994884, -22.87015455142720910, -27.99999999999999289 ) ) ;
#906 = EDGE_CURVE ( 'NONE', #4719, #6641, #3071, .T. ) ;
#907 = CARTESIAN_POINT ( 'NONE',  ( -91.39999999999994884, -22.87015455142721265, -23.80000000000000071 ) ) ;
#908 = CARTESIAN_POINT ( 'NONE',  ( -83.19999999999993179, -25.87015455142721265, 55.89999999999998437 ) ) ;
#909 = VECTOR ( 'NONE', #2255, 1000.000000000000000 ) ;
#910 = DIRECTION ( 'NONE',  ( 0.000000000000000000, 0.000000000000000000, 1.000000000000000000 ) ) ;
#911 = ADVANCED_FACE ( 'NONE', ( #3212 ), #4212, .F. ) ;
#912 = DIRECTION ( 'NONE',  ( 0.000000000000000000, 0.000000000000000000, 1.000000000000000000 ) ) ;
#913 = VECTOR ( 'NONE', #3177, 1000.000000000000000 ) ;
#914 = ORIENTED_EDGE ( 'NONE', *, *, #4845, .F. ) ;
#915 = DIRECTION ( 'NONE',  ( -1.000000000000000000, -1.268935612889287343E-16, 2.311115933264682682E-33 ) ) ;
#916 = CARTESIAN_POINT ( 'NONE',  ( -83.19999999999993179, -22.87015455142720910, 56.89999999999998437 ) ) ;
#917 = ORIENTED_EDGE ( 'NONE', *, *, #6705, .F. ) ;
#918 = ORIENTED_EDGE ( 'NONE', *, *, #1998, .T. ) ;
#919 = DIRECTION ( 'NONE',  ( 0.000000000000000000, 0.000000000000000000, -1.000000000000000000 ) ) ;
#920 = AXIS2_PLACEMENT_3D ( 'NONE', #2595, #7037, #2062 ) ;
#921 = EDGE_CURVE ( 'NONE', #6608, #4770, #2539, .T. ) ;
#922 = VERTEX_POINT ( 'NONE', #2555 ) ;
#923 = DIRECTION ( 'NONE',  ( 0.000000000000000000, 0.000000000000000000, -1.000000000000000000 ) ) ;
#924 = LINE ( 'NONE', #5994, #2810 ) ;
#925 = ORIENTED_EDGE ( 'NONE', *, *, #3625, .F. ) ;
#926 = DIRECTION ( 'NONE',  ( 1.268935612889287343E-16, -1.000000000000000000, 2.469788560855558288E-32 ) ) ;
#927 = VERTEX_POINT ( 'NONE', #4251 ) ;
#928 = DIRECTION ( 'NONE',  ( 1.000000000000000000, 0.000000000000000000, 0.000000000000000000 ) ) ;
#929 = CARTESIAN_POINT ( 'NONE',  ( -5.199999999999940670, -22.87015455142720199, -2.500000000000000444 ) ) ;
#930 = CARTESIAN_POINT ( 'NONE',  ( -6.499999999999933387, -24.07015455142720128, -13.50000000000000533 ) ) ;
#931 = CARTESIAN_POINT ( 'NONE',  ( -44.44999999999991758, -22.87015455142720555, 41.89999999999998437 ) ) ;
#932 = EDGE_LOOP ( 'NONE', ( #6924, #3085 ) ) ;
#933 = VERTEX_POINT ( 'NONE', #5850 ) ;
#934 = ORIENTED_EDGE ( 'NONE', *, *, #69, .F. ) ;
#935 = LINE ( 'NONE', #5214, #614 ) ;
#936 = AXIS2_PLACEMENT_3D ( 'NONE', #2877, #3498, #5254 ) ;
#937 = CYLINDRICAL_SURFACE ( 'NONE', #1953, 8.000000000000000000 ) ;
#938 = CARTESIAN_POINT ( 'NONE',  ( -91.39999999999994884, -22.87015455142721265, -24.80000000000000426 ) ) ;
#939 = DIRECTION ( 'NONE',  ( 0.000000000000000000, 0.000000000000000000, 1.000000000000000000 ) ) ;
#940 = LINE ( 'NONE', #7058, #232 ) ;
#941 = AXIS2_PLACEMENT_3D ( 'NONE', #864, #3081, #4079 ) ;
#942 = VECTOR ( 'NONE', #299, 1000.000000000000000 ) ;
#943 = CARTESIAN_POINT ( 'NONE',  ( -27.49999999999993250, -25.87015455142720555, 15.00000000000000355 ) ) ;
#944 = DIRECTION ( 'NONE',  ( 1.000000000000000000, 1.278526357607465097E-16, 6.421683760739835630E-34 ) ) ;
#945 = AXIS2_PLACEMENT_3D ( 'NONE', #6941, #1891, #203 ) ;
#946 = CIRCLE ( 'NONE', #1197, 2.000000000000001776 ) ;
#947 = ORIENTED_EDGE ( 'NONE', *, *, #3818, .T. ) ;
#948 = CARTESIAN_POINT ( 'NONE',  ( -90.89999999999992042, -24.07015455142721194, 34.39999999999999147 ) ) ;
#949 = DIRECTION ( 'NONE',  ( 1.288097321785393689E-16, -1.000000000000000000, 3.489072158099908472E-32 ) ) ;
#950 = ORIENTED_EDGE ( 'NONE', *, *, #2997, .T. ) ;
#951 = DIRECTION ( 'NONE',  ( 1.000000000000000000, 1.268935612889287343E-16, 6.608470384673552010E-16 ) ) ;
#952 = ADVANCED_FACE ( 'NONE', ( #852 ), #5338, .F. ) ;
#953 = ORIENTED_EDGE ( 'NONE', *, *, #1897, .T. ) ;
#954 = ORIENTED_EDGE ( 'NONE', *, *, #560, .F. ) ;
#955 = AXIS2_PLACEMENT_3D ( 'NONE', #4254, #333, #5959 ) ;
#956 = EDGE_CURVE ( 'NONE', #1289, #735, #7202, .T. ) ;
#957 = CIRCLE ( 'NONE', #2581, 8.000000000000000000 ) ;
#958 = VERTEX_POINT ( 'NONE', #329 ) ;
#959 = CARTESIAN_POINT ( 'NONE',  ( -58.39999999999994884, -25.87015455142720910, 17.89999999999999858 ) ) ;
#960 = CARTESIAN_POINT ( 'NONE',  ( -29.02239814395782247, -25.87015455142720555, 3.000000000000000000 ) ) ;
#961 = VECTOR ( 'NONE', #650, 1000.000000000000000 ) ;
#962 = ORIENTED_EDGE ( 'NONE', *, *, #107, .T. ) ;
#963 = EDGE_CURVE ( 'NONE', #146, #2343, #4882, .T. ) ;
#964 = CARTESIAN_POINT ( 'NONE',  ( -7.999999999999937828, -24.07015455142720128, -13.50000000000000533 ) ) ;
#965 = ADVANCED_FACE ( 'NONE', ( #5368 ), #363, .F. ) ;
#966 = ORIENTED_EDGE ( 'NONE', *, *, #644, .F. ) ;
#967 = EDGE_CURVE ( 'NONE', #6635, #2994, #4286, .T. ) ;
#968 = MECHANICAL_DESIGN_GEOMETRIC_PRESENTATION_REPRESENTATION (  '', ( #3749 ), #3887 ) ;
#969 = FACE_OUTER_BOUND ( 'NONE', #1446, .T. ) ;
#970 = DIRECTION ( 'NONE',  ( 1.278526357607465097E-16, -1.000000000000000000, -5.022723014296544476E-18 ) ) ;
#971 = CARTESIAN_POINT ( 'NONE',  ( -93.89999999999994884, -22.87015455142721265, -27.50000000000000355 ) ) ;
#972 = DIRECTION ( 'NONE',  ( -1.278526357607465097E-16, 1.000000000000000000, 5.022723014296544476E-18 ) ) ;
#973 = ORIENTED_EDGE ( 'NONE', *, *, #206, .T. ) ;
#974 = EDGE_LOOP ( 'NONE', ( #6326, #2088 ) ) ;
#975 = EDGE_CURVE ( 'NONE', #6839, #788, #6048, .T. ) ;
#976 = ORIENTED_EDGE ( 'NONE', *, *, #6878, .T. ) ;
#977 = AXIS2_PLACEMENT_3D ( 'NONE', #1132, #2791, #5129 ) ;
#978 = DIRECTION ( 'NONE',  ( -6.608470384673550038E-16, -8.302488146810121461E-32, 1.000000000000000000 ) ) ;
#979 = VECTOR ( 'NONE', #4429, 1000.000000000000000 ) ;
#980 = LINE ( 'NONE', #4809, #3105 ) ;
#981 = CARTESIAN_POINT ( 'NONE',  ( -3.949999999999943334, -25.87015455142720199, -2.500000000000000444 ) ) ;
#982 = AXIS2_PLACEMENT_3D ( 'NONE', #5674, #1333, #2855 ) ;
#983 = DIRECTION ( 'NONE',  ( 1.268935612889287343E-16, -1.000000000000000000, 2.469788560855558288E-32 ) ) ;
#984 = DIRECTION ( 'NONE',  ( -1.278526357607465097E-16, 1.000000000000000000, 5.022723014296544476E-18 ) ) ;
#985 = FACE_OUTER_BOUND ( 'NONE', #2914, .T. ) ;
#986 = CIRCLE ( 'NONE', #6910, 2.000000000000000000 ) ;
#987 = EDGE_CURVE ( 'NONE', #890, #321, #6961, .T. ) ;
#988 = DIRECTION ( 'NONE',  ( 1.278526357607465097E-16, -1.000000000000000000, -5.022723014296544476E-18 ) ) ;
#989 = VECTOR ( 'NONE', #7160, 1000.000000000000000 ) ;
#990 = LINE ( 'NONE', #6374, #579 ) ;
#991 = EDGE_LOOP ( 'NONE', ( #5432, #4170, #5216, #342, #5381, #5678, #4735, #6221 ) ) ;
#992 = DIRECTION ( 'NONE',  ( -1.000000000000000000, -1.268935612889287343E-16, 1.652117596168387263E-16 ) ) ;
#993 = CARTESIAN_POINT ( 'NONE',  ( -48.49999999999992184, -24.07015455142720484, 34.39999999999998437 ) ) ;
#994 = ORIENTED_EDGE ( 'NONE', *, *, #2506, .T. ) ;
#995 = DIRECTION ( 'NONE',  ( 1.288097321785393689E-16, -1.000000000000000000, 3.489072158099908472E-32 ) ) ;
#996 = ORIENTED_EDGE ( 'NONE', *, *, #2420, .F. ) ;
#997 = ORIENTED_EDGE ( 'NONE', *, *, #4753, .T. ) ;
#998 = VECTOR ( 'NONE', #3409, 1000.000000000000000 ) ;
#999 = VERTEX_POINT ( 'NONE', #1178 ) ;
#1000 = CARTESIAN_POINT ( 'NONE',  ( -10.99999999999993960, -25.87015455142720199, -13.50000000000000533 ) ) ;
#1001 = CARTESIAN_POINT ( 'NONE',  ( -68.39999999999994884, -22.87015455142720910, -25.49999999999998934 ) ) ;
#1002 = CARTESIAN_POINT ( 'NONE',  ( -23.99999999999993605, -24.07015455142720128, 11.00000000000000355 ) ) ;
#1003 = ORIENTED_EDGE ( 'NONE', *, *, #3042, .T. ) ;
#1004 = EDGE_CURVE ( 'NONE', #6738, #5708, #3400, .T. ) ;
#1005 = DIRECTION ( 'NONE',  ( -1.268935612889287343E-16, 1.000000000000000000, -2.469788560855558288E-32 ) ) ;
#1006 = ORIENTED_EDGE ( 'NONE', *, *, #3859, .F. ) ;
#1007 = CARTESIAN_POINT ( 'NONE',  ( -93.39999999999994884, -22.87015455142721265, 7.899999999999999467 ) ) ;
#1008 = EDGE_CURVE ( 'NONE', #5103, #6652, #1150, .T. ) ;
#1009 = ADVANCED_FACE ( 'NONE', ( #4437 ), #5632, .F. ) ;
#1010 = CARTESIAN_POINT ( 'NONE',  ( -87.89999999999992042, -22.87015455142721265, 34.39999999999999147 ) ) ;
#1011 = DIRECTION ( 'NONE',  ( 0.000000000000000000, 0.000000000000000000, 1.000000000000000000 ) ) ;
#1012 = CARTESIAN_POINT ( 'NONE',  ( -83.19999999999993179, -25.87015455142721265, 53.89999999999999147 ) ) ;
#1013 = ORIENTED_EDGE ( 'NONE', *, *, #2312, .F. ) ;
#1014 = DIRECTION ( 'NONE',  ( -1.000000000000000000, -1.288097321785393689E-16, 2.081668171172168513E-17 ) ) ;
#1015 = EDGE_LOOP ( 'NONE', ( #4975, #83, #1504, #2238 ) ) ;
#1016 = ORIENTED_EDGE ( 'NONE', *, *, #2506, .F. ) ;
#1017 = LINE ( 'NONE', #5424, #147 ) ;
#1018 = CIRCLE ( 'NONE', #4161, 1.250000000000001110 ) ;
#1019 = EDGE_CURVE ( 'NONE', #2334, #4746, #482, .T. ) ;
#1020 = DIRECTION ( 'NONE',  ( -1.000000000000000000, 0.000000000000000000, 0.000000000000000000 ) ) ;
#1021 = PLANE ( 'NONE',  #4490 ) ;
#1022 = CARTESIAN_POINT ( 'NONE',  ( -60.39999999999995595, -25.87015455142720910, -35.50000000000000000 ) ) ;
#1023 = CYLINDRICAL_SURFACE ( 'NONE', #821, 1.250000000000001110 ) ;
#1024 = EDGE_LOOP ( 'NONE', ( #308, #5706, #2861, #117 ) ) ;
#1025 = VERTEX_POINT ( 'NONE', #6172 ) ;
#1026 = AXIS2_PLACEMENT_3D ( 'NONE', #2392, #1961, #2937 ) ;
#1027 = DIRECTION ( 'NONE',  ( 0.000000000000000000, 0.000000000000000000, 1.000000000000000000 ) ) ;
#1028 = CARTESIAN_POINT ( 'NONE',  ( -7.999999999999937828, -22.87015455142720199, -13.50000000000000533 ) ) ;
#1029 = ORIENTED_EDGE ( 'NONE', *, *, #3662, .T. ) ;
#1030 = PLANE ( 'NONE',  #2863 ) ;
#1031 = DIRECTION ( 'NONE',  ( 1.268935612889287343E-16, -1.000000000000000000, -1.026341648675402976E-48 ) ) ;
#1032 = VERTEX_POINT ( 'NONE', #3844 ) ;
#1033 = EDGE_LOOP ( 'NONE', ( #6136, #7128, #4246, #813 ) ) ;
#1034 = AXIS2_PLACEMENT_3D ( 'NONE', #3371, #2219, #5640 ) ;
#1035 = FACE_OUTER_BOUND ( 'NONE', #771, .T. ) ;
#1036 = ORIENTED_EDGE ( 'NONE', *, *, #2369, .T. ) ;
#1037 = ORIENTED_EDGE ( 'NONE', *, *, #7098, .F. ) ;
#1038 = CIRCLE ( 'NONE', #2889, 2.000000000000001776 ) ;
#1039 = CARTESIAN_POINT ( 'NONE',  ( -5.499999999999935163, -22.87015455142720199, 15.69999999999999929 ) ) ;
#1040 = CARTESIAN_POINT ( 'NONE',  ( -86.39999999999992042, -22.87015455142721265, 34.39999999999999147 ) ) ;
#1041 = CARTESIAN_POINT ( 'NONE',  ( -95.89999999999996305, -25.87015455142721265, 5.899999999999998579 ) ) ;
#1042 = VERTEX_POINT ( 'NONE', #3885 ) ;
#1043 = FACE_OUTER_BOUND ( 'NONE', #5139, .T. ) ;
#1044 = VERTEX_POINT ( 'NONE', #2850 ) ;
#1045 = CIRCLE ( 'NONE', #5114, 8.000000000000000000 ) ;
#1046 = CARTESIAN_POINT ( 'NONE',  ( -60.89999999999995595, -22.87015455142720910, 12.69999999999999929 ) ) ;
#1047 = DIRECTION ( 'NONE',  ( -1.000000000000000000, 0.000000000000000000, 0.000000000000000000 ) ) ;
#1048 = DIRECTION ( 'NONE',  ( 1.000000000000000000, 0.000000000000000000, 0.000000000000000000 ) ) ;
#1049 = CARTESIAN_POINT ( 'NONE',  ( -53.39999999999994884, -25.87015455142720910, -25.00000000000000000 ) ) ;
#1050 = EDGE_LOOP ( 'NONE', ( #1749, #5364, #447, #467 ) ) ;
#1051 = ORIENTED_EDGE ( 'NONE', *, *, #5321, .F. ) ;
#1052 = ORIENTED_EDGE ( 'NONE', *, *, #3964, .F. ) ;
#1053 = FACE_OUTER_BOUND ( 'NONE', #4113, .T. ) ;
#1054 = EDGE_CURVE ( 'NONE', #3297, #2625, #1698, .T. ) ;
#1055 = EDGE_CURVE ( 'NONE', #4556, #2334, #567, .T. ) ;
#1056 = VECTOR ( 'NONE', #3165, 1000.000000000000000 ) ;
#1057 = ADVANCED_FACE ( 'NONE', ( #2774 ), #81, .F. ) ;
#1058 = DIRECTION ( 'NONE',  ( -1.268935612889287343E-16, 1.000000000000000000, 1.026341648675403128E-48 ) ) ;
#1059 = DIRECTION ( 'NONE',  ( 0.000000000000000000, 0.000000000000000000, 1.000000000000000000 ) ) ;
#1060 = AXIS2_PLACEMENT_3D ( 'NONE', #5728, #2402, #4644 ) ;
#1061 = FACE_OUTER_BOUND ( 'NONE', #615, .T. ) ;
#1062 = DIRECTION ( 'NONE',  ( 1.268935612889287343E-16, -1.000000000000000000, 2.469788560855558288E-32 ) ) ;
#1063 = EDGE_LOOP ( 'NONE', ( #4, #2426, #111, #171 ) ) ;
#1064 = EDGE_CURVE ( 'NONE', #1707, #1285, #6737, .T. ) ;
#1065 = EDGE_LOOP ( 'NONE', ( #2092, #1265, #3445, #136 ) ) ;
#1066 = EDGE_CURVE ( 'NONE', #357, #5479, #1385, .T. ) ;
#1067 = DIRECTION ( 'NONE',  ( 1.000000000000000000, 0.000000000000000000, 0.000000000000000000 ) ) ;
#1068 = CARTESIAN_POINT ( 'NONE',  ( -58.39999999999994884, -22.87015455142720910, 17.89999999999999858 ) ) ;
#1069 = ORIENTED_EDGE ( 'NONE', *, *, #7149, .F. ) ;
#1070 = DIRECTION ( 'NONE',  ( 1.268935612889287343E-16, -1.000000000000000000, 2.469788560855558288E-32 ) ) ;
#1071 = DIRECTION ( 'NONE',  ( -1.288097321785393689E-16, 1.000000000000000000, -3.489072158099908472E-32 ) ) ;
#1072 = AXIS2_PLACEMENT_3D ( 'NONE', #5802, #1903, #6341 ) ;
#1073 = ORIENTED_EDGE ( 'NONE', *, *, #3814, .T. ) ;
#1074 = VERTEX_POINT ( 'NONE', #4943 ) ;
#1075 = AXIS2_PLACEMENT_3D ( 'NONE', #6726, #6796, #5055 ) ;
#1076 = CARTESIAN_POINT ( 'NONE',  ( -22.37615976230802062, -25.87015455142720555, -5.712407496626350812E-31 ) ) ;
#1077 = CIRCLE ( 'NONE', #3734, 8.000000000000007105 ) ;
#1078 = CIRCLE ( 'NONE', #5147, 1.499999999999994449 ) ;
#1079 = LINE ( 'NONE', #2209, #4699 ) ;
#1080 = CARTESIAN_POINT ( 'NONE',  ( -40.49999999999992184, -22.87015455142720555, 20.89999999999998792 ) ) ;
#1081 = DIRECTION ( 'NONE',  ( -1.000000000000000000, 0.000000000000000000, 0.000000000000000000 ) ) ;
#1082 = ORIENTED_EDGE ( 'NONE', *, *, #2926, .T. ) ;
#1083 = CARTESIAN_POINT ( 'NONE',  ( -44.44999999999991758, -22.87015455142720555, 23.39999999999998792 ) ) ;
#1084 = ORIENTED_EDGE ( 'NONE', *, *, #1118, .T. ) ;
#1085 = AXIS2_PLACEMENT_3D ( 'NONE', #4870, #2065, #5485 ) ;
#1086 = AXIS2_PLACEMENT_3D ( 'NONE', #5078, #1031, #4470 ) ;
#1087 = FACE_OUTER_BOUND ( 'NONE', #1467, .T. ) ;
#1088 = CIRCLE ( 'NONE', #5158, 3.000000000000002665 ) ;
#1089 = CARTESIAN_POINT ( 'NONE',  ( -7.999999999999937828, -24.07015455142720128, -13.50000000000000533 ) ) ;
#1090 = DIRECTION ( 'NONE',  ( -1.278526357607465097E-16, 1.000000000000000000, 5.022723014296544476E-18 ) ) ;
#1091 = CARTESIAN_POINT ( 'NONE',  ( -5.499999999999935163, -22.87015455142720199, 16.69999999999999929 ) ) ;
#1092 = EDGE_LOOP ( 'NONE', ( #6117, #1211, #1037, #2108 ) ) ;
#1093 = VERTEX_POINT ( 'NONE', #6143 ) ;
#1094 = DIRECTION ( 'NONE',  ( -1.000000000000000000, -1.268935612889287343E-16, 2.311115933264682682E-33 ) ) ;
#1095 = CIRCLE ( 'NONE', #6895, 2.000000000000000000 ) ;
#1096 = CARTESIAN_POINT ( 'NONE',  ( -35.49999999999993605, -22.87015455142720555, 23.00000000000000355 ) ) ;
#1097 = EDGE_CURVE ( 'NONE', #1114, #3698, #102, .T. ) ;
#1098 = CARTESIAN_POINT ( 'NONE',  ( -93.39999999999994884, -22.87015455142721265, 15.89999999999999680 ) ) ;
#1099 = CIRCLE ( 'NONE', #7016, 3.000000000000000888 ) ;
#1100 = DIRECTION ( 'NONE',  ( 1.268935612889287343E-16, -1.000000000000000000, 2.469788560855558288E-32 ) ) ;
#1101 = DIRECTION ( 'NONE',  ( 0.000000000000000000, 0.000000000000000000, -1.000000000000000000 ) ) ;
#1102 = ORIENTED_EDGE ( 'NONE', *, *, #4676, .F. ) ;
#1103 = EDGE_CURVE ( 'NONE', #293, #578, #1045, .T. ) ;
#1104 = CIRCLE ( 'NONE', #3536, 2.000000000000001776 ) ;
#1105 = CIRCLE ( 'NONE', #4823, 8.000000000000000000 ) ;
#1106 = EDGE_CURVE ( 'NONE', #3716, #400, #1620, .T. ) ;
#1107 = EDGE_CURVE ( 'NONE', #6091, #3083, #4978, .T. ) ;
#1108 = LINE ( 'NONE', #2122, #4243 ) ;
#1109 = CARTESIAN_POINT ( 'NONE',  ( -69.88227985884040550, -15.57820799198817951, 20.89999999999999503 ) ) ;
#1110 = EDGE_LOOP ( 'NONE', ( #290, #3133, #3876, #3985 ) ) ;
#1111 = CARTESIAN_POINT ( 'NONE',  ( -45.39999999999994884, -22.87015455142720555, -35.50000000000000711 ) ) ;
#1112 = VECTOR ( 'NONE', #1821, 1000.000000000000000 ) ;
#1113 = ORIENTED_EDGE ( 'NONE', *, *, #4660, .T. ) ;
#1114 = VERTEX_POINT ( 'NONE', #2284 ) ;
#1115 = AXIS2_PLACEMENT_3D ( 'NONE', #5967, #972, #3777 ) ;
#1116 = DIRECTION ( 'NONE',  ( -1.268935612889287343E-16, 1.000000000000000000, 1.026341648675403128E-48 ) ) ;
#1117 = DIRECTION ( 'NONE',  ( 0.000000000000000000, 5.022723014296612268E-18, -1.000000000000000000 ) ) ;
#1118 = EDGE_CURVE ( 'NONE', #6836, #5546, #108, .T. ) ;
#1119 = FACE_OUTER_BOUND ( 'NONE', #3952, .T. ) ;
#1120 = ORIENTED_EDGE ( 'NONE', *, *, #2179, .T. ) ;
#1121 = CYLINDRICAL_SURFACE ( 'NONE', #3988, 1.250000000000001110 ) ;
#1122 = ORIENTED_EDGE ( 'NONE', *, *, #7184, .T. ) ;
#1123 = AXIS2_PLACEMENT_3D ( 'NONE', #3513, #6793, #1294 ) ;
#1124 = DIRECTION ( 'NONE',  ( 1.000000000000000000, 1.288097321785394182E-16, -2.081668171172168513E-17 ) ) ;
#1125 = CARTESIAN_POINT ( 'NONE',  ( -19.99999999999995381, -25.87015455142720555, -25.00000000000001066 ) ) ;
#1126 = CARTESIAN_POINT ( 'NONE',  ( -87.89999999999992042, -25.87015455142721265, 34.39999999999999147 ) ) ;
#1127 = FACE_OUTER_BOUND ( 'NONE', #2450, .T. ) ;
#1128 = ORIENTED_EDGE ( 'NONE', *, *, #427, .F. ) ;
#1129 = CARTESIAN_POINT ( 'NONE',  ( -94.39999999999996305, -25.87015455142721265, 4.199999999999999289 ) ) ;
#1130 = ORIENTED_EDGE ( 'NONE', *, *, #2740, .F. ) ;
#1131 = ORIENTED_EDGE ( 'NONE', *, *, #6714, .F. ) ;
#1132 = CARTESIAN_POINT ( 'NONE',  ( -4.499999999999934275, -25.87015455142720199, 44.70000000000000284 ) ) ;
#1133 = VECTOR ( 'NONE', #2202, 1000.000000000000000 ) ;
#1134 = DIRECTION ( 'NONE',  ( -1.278526357607465097E-16, 1.000000000000000000, 5.022723014296544476E-18 ) ) ;
#1135 = CARTESIAN_POINT ( 'NONE',  ( -5.199999999999940670, -25.87015455142720199, -21.00000000000000000 ) ) ;
#1136 = CARTESIAN_POINT ( 'NONE',  ( -40.49999999999992184, -25.87015455142720555, 20.89999999999998792 ) ) ;
#1137 = ORIENTED_EDGE ( 'NONE', *, *, #5602, .F. ) ;
#1138 = ORIENTED_EDGE ( 'NONE', *, *, #3548, .F. ) ;
#1139 = AXIS2_PLACEMENT_3D ( 'NONE', #3970, #5095, #131 ) ;
#1140 = CARTESIAN_POINT ( 'NONE',  ( -42.69999999999994600, -22.87015455142720555, -35.00000000000000000 ) ) ;
#1141 = DIRECTION ( 'NONE',  ( 1.268935612889287343E-16, -1.000000000000000000, 2.469788560855558288E-32 ) ) ;
#1142 = DIRECTION ( 'NONE',  ( 1.268935612889287343E-16, -1.000000000000000000, -1.026341648675403128E-48 ) ) ;
#1143 = LINE ( 'NONE', #3323, #6544 ) ;
#1144 = EDGE_LOOP ( 'NONE', ( #7013, #3897, #5080, #4816 ) ) ;
#1145 = ORIENTED_EDGE ( 'NONE', *, *, #1332, .F. ) ;
#1146 = ORIENTED_EDGE ( 'NONE', *, *, #5426, .F. ) ;
#1147 = EDGE_CURVE ( 'NONE', #2737, #1957, #4474, .T. ) ;
#1148 = EDGE_CURVE ( 'NONE', #5665, #3967, #5807, .T. ) ;
#1149 = CARTESIAN_POINT ( 'NONE',  ( -11.99999999999995559, -22.87015455142720199, -5.952212578154051214E-31 ) ) ;
#1150 = LINE ( 'NONE', #48, #1743 ) ;
#1151 = AXIS2_PLACEMENT_3D ( 'NONE', #4445, #3340, #6616 ) ;
#1152 = CARTESIAN_POINT ( 'NONE',  ( -54.19999999999993179, -25.87015455142720910, 53.89999999999999147 ) ) ;
#1153 = ORIENTED_EDGE ( 'NONE', *, *, #4844, .F. ) ;
#1154 = CARTESIAN_POINT ( 'NONE',  ( -35.49999999999993605, -25.87015455142720555, 38.39999999999999147 ) ) ;
#1155 = ORIENTED_EDGE ( 'NONE', *, *, #4455, .F. ) ;
#1156 = CARTESIAN_POINT ( 'NONE',  ( -20.49999999999993250, -22.87015455142720199, 38.39999999999999147 ) ) ;
#1157 = DIRECTION ( 'NONE',  ( -1.268935612889287343E-16, 1.000000000000000000, 1.026341648675403128E-48 ) ) ;
#1158 = CARTESIAN_POINT ( 'NONE',  ( -4.499999999999934275, -25.87015455142720199, 16.69999999999999929 ) ) ;
#1159 = CARTESIAN_POINT ( 'NONE',  ( -93.89999999999993463, -22.87015455142721265, 45.89999999999999147 ) ) ;
#1160 = ORIENTED_EDGE ( 'NONE', *, *, #3548, .T. ) ;
#1161 = AXIS2_PLACEMENT_3D ( 'NONE', #4903, #6460, #7001 ) ;
#1162 = DIRECTION ( 'NONE',  ( -0.000000000000000000, -5.022723014296612268E-18, 1.000000000000000000 ) ) ;
#1163 = DIRECTION ( 'NONE',  ( -1.268935612889287343E-16, 1.000000000000000000, -2.469788560855558288E-32 ) ) ;
#1164 = CARTESIAN_POINT ( 'NONE',  ( -20.49999999999993250, -25.87015455142720199, 46.39999999999999147 ) ) ;
#1165 = DIRECTION ( 'NONE',  ( 1.288097321785393689E-16, -1.000000000000000000, 3.489072158099908472E-32 ) ) ;
#1166 = CARTESIAN_POINT ( 'NONE',  ( -60.39999999999995595, -22.87015455142720910, -35.50000000000000000 ) ) ;
#1167 = ORIENTED_EDGE ( 'NONE', *, *, #3593, .F. ) ;
#1168 = VERTEX_POINT ( 'NONE', #5668 ) ;
#1169 = VERTEX_POINT ( 'NONE', #2341 ) ;
#1170 = DIRECTION ( 'NONE',  ( 0.000000000000000000, 0.000000000000000000, -1.000000000000000000 ) ) ;
#1171 = DIRECTION ( 'NONE',  ( -1.268935612889287343E-16, 1.000000000000000000, -2.469788560855558288E-32 ) ) ;
#1172 = EDGE_CURVE ( 'NONE', #788, #401, #2954, .T. ) ;
#1173 = DIRECTION ( 'NONE',  ( 1.278526357607465097E-16, -1.000000000000000000, -5.022723014296544476E-18 ) ) ;
#1174 = VERTEX_POINT ( 'NONE', #664 ) ;
#1175 = EDGE_LOOP ( 'NONE', ( #2268, #1904, #807, #6495 ) ) ;
#1176 = AXIS2_PLACEMENT_3D ( 'NONE', #3851, #375, #2465 ) ;
#1177 = DIRECTION ( 'NONE',  ( -1.278526357607465097E-16, 1.000000000000000000, 5.022723014296544476E-18 ) ) ;
#1178 = CARTESIAN_POINT ( 'NONE',  ( -45.39999999999994884, -25.87015455142720910, -35.00000000000000000 ) ) ;
#1179 = AXIS2_PLACEMENT_3D ( 'NONE', #1436, #7077, #3724 ) ;
#1180 = EDGE_CURVE ( 'NONE', #1862, #5766, #5774, .T. ) ;
#1181 = EDGE_LOOP ( 'NONE', ( #917, #2233, #4877, #5551 ) ) ;
#1182 = ADVANCED_FACE ( 'NONE', ( #2883 ), #801, .F. ) ;
#1183 = CARTESIAN_POINT ( 'NONE',  ( -41.69999999999994600, -22.87015455142720555, -32.00000000000000711 ) ) ;
#1184 = VERTEX_POINT ( 'NONE', #216 ) ;
#1185 = CARTESIAN_POINT ( 'NONE',  ( -45.69999999999992468, -25.87015455142720555, 41.89999999999998437 ) ) ;
#1186 = ORIENTED_EDGE ( 'NONE', *, *, #3621, .T. ) ;
#1187 = ADVANCED_FACE ( 'NONE', ( #734 ), #6246, .F. ) ;
#1188 = VECTOR ( 'NONE', #824, 1000.000000000000000 ) ;
#1189 = AXIS2_PLACEMENT_3D ( 'NONE', #6247, #3026, #2440 ) ;
#1190 = DIRECTION ( 'NONE',  ( -1.268935612889287343E-16, 1.000000000000000000, 1.026341648675403128E-48 ) ) ;
#1191 = DIRECTION ( 'NONE',  ( -1.000000000000000000, 0.000000000000000000, 0.000000000000000000 ) ) ;
#1192 = EDGE_CURVE ( 'NONE', #2538, #2688, #6282, .T. ) ;
#1193 = EDGE_CURVE ( 'NONE', #3545, #5403, #5934, .T. ) ;
#1194 = CARTESIAN_POINT ( 'NONE',  ( -60.89999999999995595, -25.87015455142720910, -32.29999999999999716 ) ) ;
#1195 = AXIS2_PLACEMENT_3D ( 'NONE', #7118, #4947, #1511 ) ;
#1196 = ORIENTED_EDGE ( 'NONE', *, *, #1496, .T. ) ;
#1197 = AXIS2_PLACEMENT_3D ( 'NONE', #5669, #1621, #2285 ) ;
#1198 = LINE ( 'NONE', #2860, #6410 ) ;
#1199 = CARTESIAN_POINT ( 'NONE',  ( -42.69999999999994600, -25.87015455142720910, -35.00000000000000000 ) ) ;
#1200 = VECTOR ( 'NONE', #5723, 1000.000000000000000 ) ;
#1201 = AXIS2_PLACEMENT_3D ( 'NONE', #3878, #6099, #3246 ) ;
#1202 = CARTESIAN_POINT ( 'NONE',  ( -22.37615976230803483, -25.87015455142720555, 1.499999999999999778 ) ) ;
#1203 = EDGE_CURVE ( 'NONE', #6237, #1605, #3433, .T. ) ;
#1204 = CARTESIAN_POINT ( 'NONE',  ( -34.99999999999993605, -22.87015455142720555, 54.44999999999999574 ) ) ;
#1205 = ADVANCED_FACE ( 'NONE', ( #1253 ), #2987, .F. ) ;
#1206 = DIRECTION ( 'NONE',  ( 0.000000000000000000, -5.022723014296612268E-18, 1.000000000000000000 ) ) ;
#1207 = VERTEX_POINT ( 'NONE', #6315 ) ;
#1208 = VECTOR ( 'NONE', #4008, 1000.000000000000000 ) ;
#1209 = PLANE ( 'NONE',  #4230 ) ;
#1210 = VECTOR ( 'NONE', #1322, 1000.000000000000000 ) ;
#1211 = ORIENTED_EDGE ( 'NONE', *, *, #6439, .F. ) ;
#1212 = LINE ( 'NONE', #3424, #2038 ) ;
#1213 = DIRECTION ( 'NONE',  ( 1.000000000000000000, 0.000000000000000000, 0.000000000000000000 ) ) ;
#1214 = CARTESIAN_POINT ( 'NONE',  ( -85.89999999999992042, -25.87015455142721265, 56.39999999999998437 ) ) ;
#1215 = DIRECTION ( 'NONE',  ( -1.000000000000000000, 0.000000000000000000, 0.000000000000000000 ) ) ;
#1216 = EDGE_LOOP ( 'NONE', ( #4154, #5384 ) ) ;
#1217 = EDGE_LOOP ( 'NONE', ( #2622, #2074, #3737, #4944 ) ) ;
#1218 = VECTOR ( 'NONE', #2584, 1000.000000000000000 ) ;
#1219 = CARTESIAN_POINT ( 'NONE',  ( -53.39999999999994884, -25.87015455142720910, -25.00000000000000000 ) ) ;
#1220 = CIRCLE ( 'NONE', #1571, 3.000000000000002665 ) ;
#1221 = DIRECTION ( 'NONE',  ( 1.268935612889287343E-16, -1.000000000000000000, 2.469788560855558288E-32 ) ) ;
#1222 = CARTESIAN_POINT ( 'NONE',  ( -90.69999999999991758, -25.87015455142721265, 41.89999999999998437 ) ) ;
#1223 = EDGE_LOOP ( 'NONE', ( #6180, #381, #2457, #3994 ) ) ;
#1224 = FACE_OUTER_BOUND ( 'NONE', #4754, .T. ) ;
#1225 = ORIENTED_EDGE ( 'NONE', *, *, #3287, .T. ) ;
#1226 = AXIS2_PLACEMENT_3D ( 'NONE', #3348, #4525, #2759 ) ;
#1227 = CARTESIAN_POINT ( 'NONE',  ( -19.99999999999995381, -25.87015455142720555, -2.000000000000000444 ) ) ;
#1228 = DIRECTION ( 'NONE',  ( -1.000000000000000000, 0.000000000000000000, 0.000000000000000000 ) ) ;
#1229 = ADVANCED_FACE ( 'NONE', ( #3470 ), #2375, .F. ) ;
#1230 = CARTESIAN_POINT ( 'NONE',  ( -83.39999999999996305, -25.87015455142721265, -25.49999999999998934 ) ) ;
#1231 = CYLINDRICAL_SURFACE ( 'NONE', #5413, 1.499999999999994449 ) ;
#1232 = VERTEX_POINT ( 'NONE', #4712 ) ;
#1233 = CARTESIAN_POINT ( 'NONE',  ( -79.39999999999994884, -25.87015455142721265, 12.69999999999999929 ) ) ;
#1234 = ORIENTED_EDGE ( 'NONE', *, *, #6614, .T. ) ;
#1235 = DIRECTION ( 'NONE',  ( 0.000000000000000000, 0.000000000000000000, 1.000000000000000000 ) ) ;
#1236 = DIRECTION ( 'NONE',  ( 1.268935612889287343E-16, -1.000000000000000000, 2.469788560855558288E-32 ) ) ;
#1237 = DIRECTION ( 'NONE',  ( 1.000000000000000000, 1.288097321785394182E-16, -2.081668171172168513E-17 ) ) ;
#1238 = ORIENTED_EDGE ( 'NONE', *, *, #3860, .F. ) ;
#1239 = CARTESIAN_POINT ( 'NONE',  ( -47.39999999999994174, -22.87015455142720555, -13.50000000000000533 ) ) ;
#1240 = ORIENTED_EDGE ( 'NONE', *, *, #5290, .F. ) ;
#1241 = LINE ( 'NONE', #1859, #961 ) ;
#1242 = ADVANCED_FACE ( 'NONE', ( #699 ), #766, .F. ) ;
#1243 = VECTOR ( 'NONE', #3533, 1000.000000000000000 ) ;
#1244 = EDGE_LOOP ( 'NONE', ( #6415, #1892, #7068, #236 ) ) ;
#1245 = DIRECTION ( 'NONE',  ( -1.000000000000000000, 0.000000000000000000, 0.000000000000000000 ) ) ;
#1246 = CYLINDRICAL_SURFACE ( 'NONE', #5247, 8.000000000000001776 ) ;
#1247 = DIRECTION ( 'NONE',  ( 1.000000000000000000, 0.000000000000000000, 0.000000000000000000 ) ) ;
#1248 = DIRECTION ( 'NONE',  ( -1.268935612889287343E-16, 1.000000000000000000, 1.026341648675403128E-48 ) ) ;
#1249 = ORIENTED_EDGE ( 'NONE', *, *, #6313, .T. ) ;
#1250 = VERTEX_POINT ( 'NONE', #6850 ) ;
#1251 = AXIS2_PLACEMENT_3D ( 'NONE', #6646, #1592, #7121 ) ;
#1252 = DIRECTION ( 'NONE',  ( 1.288097321785393689E-16, -1.000000000000000000, 3.489072158099908472E-32 ) ) ;
#1253 = FACE_OUTER_BOUND ( 'NONE', #6666, .T. ) ;
#1254 = FACE_OUTER_BOUND ( 'NONE', #4408, .T. ) ;
#1255 = ORIENTED_EDGE ( 'NONE', *, *, #1004, .F. ) ;
#1256 = DIRECTION ( 'NONE',  ( -1.268935612889287343E-16, 1.000000000000000000, -2.469788560855558288E-32 ) ) ;
#1257 = ORIENTED_EDGE ( 'NONE', *, *, #3708, .F. ) ;
#1258 = DIRECTION ( 'NONE',  ( 0.000000000000000000, 0.000000000000000000, -1.000000000000000000 ) ) ;
#1259 = VECTOR ( 'NONE', #2147, 1000.000000000000000 ) ;
#1260 = DIRECTION ( 'NONE',  ( 1.278526357607465097E-16, -1.000000000000000000, -5.022723014296544476E-18 ) ) ;
#1261 = FACE_OUTER_BOUND ( 'NONE', #1390, .T. ) ;
#1262 = DIRECTION ( 'NONE',  ( 1.000000000000000000, 1.268935612889287343E-16, -2.311115933264682682E-33 ) ) ;
#1263 = ORIENTED_EDGE ( 'NONE', *, *, #3559, .T. ) ;
#1264 = CARTESIAN_POINT ( 'NONE',  ( -40.49999999999992184, -25.87015455142720555, 32.07493386054424178 ) ) ;
#1265 = ORIENTED_EDGE ( 'NONE', *, *, #3127, .T. ) ;
#1266 = CARTESIAN_POINT ( 'NONE',  ( -23.99999999999993605, -24.07015455142720128, 9.500000000000003553 ) ) ;
#1267 = AXIS2_PLACEMENT_3D ( 'NONE', #6113, #3302, #1191 ) ;
#1268 = DIRECTION ( 'NONE',  ( 0.000000000000000000, 0.000000000000000000, -1.000000000000000000 ) ) ;
#1269 = CARTESIAN_POINT ( 'NONE',  ( -40.49999999999992184, -22.87015455142720555, 20.89999999999998792 ) ) ;
#1270 = VERTEX_POINT ( 'NONE', #4136 ) ;
#1271 = EDGE_CURVE ( 'NONE', #2256, #247, #4769, .T. ) ;
#1272 = CARTESIAN_POINT ( 'NONE',  ( -34.99999999999993605, -25.87015455142720555, 54.44999999999999574 ) ) ;
#1273 = VERTEX_POINT ( 'NONE', #3990 ) ;
#1274 = EDGE_CURVE ( 'NONE', #2661, #3036, #6820, .T. ) ;
#1275 = CARTESIAN_POINT ( 'NONE',  ( -95.89999999999996305, -25.87015455142721265, 7.899999999999999467 ) ) ;
#1276 = EDGE_CURVE ( 'NONE', #1273, #204, #5741, .T. ) ;
#1277 = EDGE_LOOP ( 'NONE', ( #996, #4510, #6601, #5517 ) ) ;
#1278 = CARTESIAN_POINT ( 'NONE',  ( -53.39999999999994884, -22.87015455142720910, -25.00000000000000000 ) ) ;
#1279 = CARTESIAN_POINT ( 'NONE',  ( -79.39999999999994884, -22.87015455142721265, -33.54999999999999716 ) ) ;
#1280 = VECTOR ( 'NONE', #6209, 1000.000000000000000 ) ;
#1281 = DIRECTION ( 'NONE',  ( 1.288097321785393689E-16, -1.000000000000000000, 3.489072158099908472E-32 ) ) ;
#1282 = DIRECTION ( 'NONE',  ( 1.000000000000000000, 0.000000000000000000, 0.000000000000000000 ) ) ;
#1283 = ADVANCED_FACE ( 'NONE', ( #2407 ), #4649, .F. ) ;
#1284 = ORIENTED_EDGE ( 'NONE', *, *, #1751, .F. ) ;
#1285 = VERTEX_POINT ( 'NONE', #5328 ) ;
#1286 = VECTOR ( 'NONE', #4390, 1000.000000000000000 ) ;
#1287 = CARTESIAN_POINT ( 'NONE',  ( -79.39999999999994884, -22.87015455142721265, 11.44999999999999751 ) ) ;
#1288 = DIRECTION ( 'NONE',  ( -1.278526357607465097E-16, 1.000000000000000000, 5.022723014296544476E-18 ) ) ;
#1289 = VERTEX_POINT ( 'NONE', #3202 ) ;
#1290 = DIRECTION ( 'NONE',  ( 2.311115933264673102E-33, 2.469788560855558288E-32, 1.000000000000000000 ) ) ;
#1291 = EDGE_LOOP ( 'NONE', ( #2109, #4830, #1577, #7032, #4641, #773, #6497, #5126, #1069, #7154, #622, #4228, #3798, #5939, #6869, #1412, #5167 ) ) ;
#1292 = DIRECTION ( 'NONE',  ( 1.268935612889287343E-16, -1.000000000000000000, 2.469788560855558288E-32 ) ) ;
#1293 = ORIENTED_EDGE ( 'NONE', *, *, #4011, .T. ) ;
#1294 = DIRECTION ( 'NONE',  ( 0.000000000000000000, 0.000000000000000000, -1.000000000000000000 ) ) ;
#1295 = CIRCLE ( 'NONE', #228, 1.499999999999999556 ) ;
#1296 = DIRECTION ( 'NONE',  ( 0.000000000000000000, 0.000000000000000000, 1.000000000000000000 ) ) ;
#1297 = DIRECTION ( 'NONE',  ( -1.288097321785393689E-16, 1.000000000000000000, -3.489072158099908472E-32 ) ) ;
#1298 = CYLINDRICAL_SURFACE ( 'NONE', #4622, 1.500000000000001332 ) ;
#1299 = ORIENTED_EDGE ( 'NONE', *, *, #6753, .F. ) ;
#1300 = FACE_BOUND ( 'NONE', #2164, .T. ) ;
#1301 = ORIENTED_EDGE ( 'NONE', *, *, #2045, .T. ) ;
#1302 = AXIS2_PLACEMENT_3D ( 'NONE', #4888, #874, #425 ) ;
#1303 = AXIS2_PLACEMENT_3D ( 'NONE', #2975, #235, #6868 ) ;
#1304 = CARTESIAN_POINT ( 'NONE',  ( -12.69999999999994067, -22.87015455142720199, -36.00000000000000711 ) ) ;
#1305 = DIRECTION ( 'NONE',  ( -1.278526357607465097E-16, 1.000000000000000000, 5.022723014296544476E-18 ) ) ;
#1306 = VERTEX_POINT ( 'NONE', #5840 ) ;
#1307 = CARTESIAN_POINT ( 'NONE',  ( -37.49999999999993605, -15.57820799198817241, 32.07493386054424178 ) ) ;
#1308 = ORIENTED_EDGE ( 'NONE', *, *, #1451, .T. ) ;
#1309 = DIRECTION ( 'NONE',  ( -1.278526357607465097E-16, 1.000000000000000000, 5.022723014296544476E-18 ) ) ;
#1310 = AXIS2_PLACEMENT_3D ( 'NONE', #6538, #3770, #2853 ) ;
#1311 = AXIS2_PLACEMENT_3D ( 'NONE', #74, #1757, #3838 ) ;
#1312 = EDGE_CURVE ( 'NONE', #4191, #1862, #4276, .T. ) ;
#1313 = VERTEX_POINT ( 'NONE', #2658 ) ;
#1314 = FACE_OUTER_BOUND ( 'NONE', #6892, .T. ) ;
#1315 = DIRECTION ( 'NONE',  ( 1.268935612889287343E-16, -1.000000000000000000, 2.469788560855558288E-32 ) ) ;
#1316 = ADVANCED_FACE ( 'NONE', ( #6989 ), #4777, .F. ) ;
#1317 = FACE_BOUND ( 'NONE', #6459, .T. ) ;
#1318 = CARTESIAN_POINT ( 'NONE',  ( -37.49999999999993605, -22.87015455142720555, 3.000000000000000000 ) ) ;
#1319 = VECTOR ( 'NONE', #4994, 1000.000000000000000 ) ;
#1320 = EDGE_CURVE ( 'NONE', #3924, #1313, #2507, .T. ) ;
#1321 = EDGE_CURVE ( 'NONE', #2022, #453, #2428, .T. ) ;
#1322 = DIRECTION ( 'NONE',  ( 1.288097321785393689E-16, -1.000000000000000000, 3.489072158099908472E-32 ) ) ;
#1323 = DIRECTION ( 'NONE',  ( 1.268935612889287343E-16, -1.000000000000000000, -1.026341648675403128E-48 ) ) ;
#1324 = ORIENTED_EDGE ( 'NONE', *, *, #558, .F. ) ;
#1325 = CARTESIAN_POINT ( 'NONE',  ( -44.44999999999991758, -25.87015455142720555, 41.89999999999998437 ) ) ;
#1326 = CIRCLE ( 'NONE', #2594, 1.250000000000001110 ) ;
#1327 = ORIENTED_EDGE ( 'NONE', *, *, #2036, .F. ) ;
#1328 = FACE_OUTER_BOUND ( 'NONE', #4692, .T. ) ;
#1329 = ORIENTED_EDGE ( 'NONE', *, *, #3288, .F. ) ;
#1330 = ADVANCED_FACE ( 'NONE', ( #319, #5356 ), #6451, .T. ) ;
#1331 = AXIS2_PLACEMENT_3D ( 'NONE', #2986, #877, #1354 ) ;
#1332 = EDGE_CURVE ( 'NONE', #4461, #710, #990, .T. ) ;
#1333 = DIRECTION ( 'NONE',  ( -1.278526357607465097E-16, 1.000000000000000000, 5.022723014296544476E-18 ) ) ;
#1334 = CARTESIAN_POINT ( 'NONE',  ( -2.499999999999939604, -22.87015455142719844, 44.70000000000000284 ) ) ;
#1335 = DIRECTION ( 'NONE',  ( -1.268935612889287343E-16, 1.000000000000000000, -2.469788560855558288E-32 ) ) ;
#1336 = VERTEX_POINT ( 'NONE', #4239 ) ;
#1337 = FACE_BOUND ( 'NONE', #4289, .T. ) ;
#1338 = ORIENTED_EDGE ( 'NONE', *, *, #5425, .F. ) ;
#1339 = AXIS2_PLACEMENT_3D ( 'NONE', #4194, #1381, #1418 ) ;
#1340 = AXIS2_PLACEMENT_3D ( 'NONE', #5125, #7195, #6220 ) ;
#1341 = CARTESIAN_POINT ( 'NONE',  ( -60.39999999999995595, -22.87015455142720910, -17.49999999999998934 ) ) ;
#1342 = CARTESIAN_POINT ( 'NONE',  ( -23.99999999999993605, -22.87015455142720199, 11.00000000000000355 ) ) ;
#1343 = VERTEX_POINT ( 'NONE', #5945 ) ;
#1344 = FACE_OUTER_BOUND ( 'NONE', #2478, .T. ) ;
#1345 = VERTEX_POINT ( 'NONE', #430 ) ;
#1346 = PLANE ( 'NONE',  #7008 ) ;
#1347 = CIRCLE ( 'NONE', #184, 1.250000000000001110 ) ;
#1348 = ORIENTED_EDGE ( 'NONE', *, *, #2050, .T. ) ;
#1349 = CARTESIAN_POINT ( 'NONE',  ( -55.39999999999994884, -22.87015455142720910, -4.949188263117179308E-31 ) ) ;
#1350 = DIRECTION ( 'NONE',  ( -1.000000000000000000, -1.268935612889287343E-16, 2.311115933264683024E-33 ) ) ;
#1351 = DIRECTION ( 'NONE',  ( 1.268935612889287343E-16, -1.000000000000000000, -1.026341648675403128E-48 ) ) ;
#1352 = DIRECTION ( 'NONE',  ( 1.000000000000000000, 1.288097321785394182E-16, -2.081668171172168513E-17 ) ) ;
#1353 = ORIENTED_EDGE ( 'NONE', *, *, #4976, .F. ) ;
#1354 = DIRECTION ( 'NONE',  ( 1.000000000000000000, 0.000000000000000000, 0.000000000000000000 ) ) ;
#1355 = DIRECTION ( 'NONE',  ( 0.000000000000000000, 0.000000000000000000, 1.000000000000000000 ) ) ;
#1356 = ORIENTED_EDGE ( 'NONE', *, *, #1387, .T. ) ;
#1357 = CYLINDRICAL_SURFACE ( 'NONE', #2354, 1.250000000000001110 ) ;
#1358 = VERTEX_POINT ( 'NONE', #3641 ) ;
#1359 = VERTEX_POINT ( 'NONE', #4854 ) ;
#1360 = ADVANCED_FACE ( 'NONE', ( #3060 ), #6921, .F. ) ;
#1361 = CYLINDRICAL_SURFACE ( 'NONE', #3292, 2.000000000000001776 ) ;
#1362 = EDGE_CURVE ( 'NONE', #4764, #7004, #4166, .T. ) ;
#1363 = CIRCLE ( 'NONE', #3458, 2.000000000000001776 ) ;
#1364 = EDGE_CURVE ( 'NONE', #112, #426, #2792, .T. ) ;
#1365 = CARTESIAN_POINT ( 'NONE',  ( -23.99999999999993605, -22.87015455142720199, 50.39999999999999858 ) ) ;
#1366 = VECTOR ( 'NONE', #7203, 1000.000000000000000 ) ;
#1367 = CARTESIAN_POINT ( 'NONE',  ( -95.89999999999993463, -22.87015455142721265, 22.89999999999999147 ) ) ;
#1368 = EDGE_LOOP ( 'NONE', ( #3987, #3821, #3136, #3735 ) ) ;
#1369 = FACE_BOUND ( 'NONE', #3613, .T. ) ;
#1370 = EDGE_CURVE ( 'NONE', #4191, #3950, #3604, .T. ) ;
#1371 = ORIENTED_EDGE ( 'NONE', *, *, #906, .F. ) ;
#1372 = EDGE_CURVE ( 'NONE', #5206, #3507, #6972, .T. ) ;
#1373 = CIRCLE ( 'NONE', #5446, 1.500000000000001332 ) ;
#1374 = DIRECTION ( 'NONE',  ( 1.278526357607465097E-16, -1.000000000000000000, -5.022723014296544476E-18 ) ) ;
#1375 = DIRECTION ( 'NONE',  ( 1.278526357607465097E-16, -1.000000000000000000, -5.022723014296544476E-18 ) ) ;
#1376 = VERTEX_POINT ( 'NONE', #4815 ) ;
#1377 = CARTESIAN_POINT ( 'NONE',  ( -40.49999999999992184, -22.87015455142720555, 22.89999999999999147 ) ) ;
#1378 = ORIENTED_EDGE ( 'NONE', *, *, #6046, .F. ) ;
#1379 = AXIS2_PLACEMENT_3D ( 'NONE', #3590, #3041, #5278 ) ;
#1380 = DIRECTION ( 'NONE',  ( 1.268935612889287343E-16, -1.000000000000000000, -1.026341648675403128E-48 ) ) ;
#1381 = DIRECTION ( 'NONE',  ( -1.278526357607465097E-16, 1.000000000000000000, 5.022723014296544476E-18 ) ) ;
#1382 = CARTESIAN_POINT ( 'NONE',  ( -55.39999999999994884, -25.87015455142720910, -4.949188263117179308E-31 ) ) ;
#1383 = DIRECTION ( 'NONE',  ( 1.268935612889287343E-16, -1.000000000000000000, -1.026341648675403128E-48 ) ) ;
#1384 = ORIENTED_EDGE ( 'NONE', *, *, #1852, .T. ) ;
#1385 = CIRCLE ( 'NONE', #5462, 1.249999999999997558 ) ;
#1386 = VECTOR ( 'NONE', #6106, 1000.000000000000000 ) ;
#1387 = EDGE_CURVE ( 'NONE', #4319, #5484, #7028, .T. ) ;
#1388 = LINE ( 'NONE', #3023, #4488 ) ;
#1389 = DIRECTION ( 'NONE',  ( -1.278526357607465097E-16, 1.000000000000000000, 5.022723014296544476E-18 ) ) ;
#1390 = EDGE_LOOP ( 'NONE', ( #1238, #1130, #5034, #2242 ) ) ;
#1391 = CARTESIAN_POINT ( 'NONE',  ( -42.49999999999992895, -22.87015455142720555, 55.89999999999998437 ) ) ;
#1392 = ORIENTED_EDGE ( 'NONE', *, *, #816, .F. ) ;
#1393 = ORIENTED_EDGE ( 'NONE', *, *, #6960, .T. ) ;
#1394 = CARTESIAN_POINT ( 'NONE',  ( -51.44999999999994600, -25.87015455142720910, -2.500000000000000444 ) ) ;
#1395 = VERTEX_POINT ( 'NONE', #5395 ) ;
#1396 = VECTOR ( 'NONE', #1462, 1000.000000000000000 ) ;
#1397 = VERTEX_POINT ( 'NONE', #392 ) ;
#1398 = ADVANCED_FACE ( 'NONE', ( #2621 ), #7063, .T. ) ;
#1399 = DIRECTION ( 'NONE',  ( 1.000000000000000000, 0.000000000000000000, 0.000000000000000000 ) ) ;
#1400 = CIRCLE ( 'NONE', #5130, 2.000000000000000000 ) ;
#1401 = CARTESIAN_POINT ( 'NONE',  ( -54.19999999999993179, -22.87015455142720555, 53.89999999999999147 ) ) ;
#1402 = VERTEX_POINT ( 'NONE', #1531 ) ;
#1403 = EDGE_CURVE ( 'NONE', #4764, #1306, #1722, .T. ) ;
#1404 = FACE_BOUND ( 'NONE', #932, .T. ) ;
#1405 = EDGE_LOOP ( 'NONE', ( #477, #4714, #7105, #2570 ) ) ;
#1406 = DIRECTION ( 'NONE',  ( 1.268935612889287343E-16, -1.000000000000000000, -1.026341648675403128E-48 ) ) ;
#1407 = EDGE_CURVE ( 'NONE', #6790, #5022, #4772, .T. ) ;
#1408 = EDGE_CURVE ( 'NONE', #3638, #3924, #4553, .T. ) ;
#1409 = CARTESIAN_POINT ( 'NONE',  ( -38.99999999999992895, -25.87015455142720910, 37.36395190979015268 ) ) ;
#1410 = LINE ( 'NONE', #5280, #3195 ) ;
#1411 = AXIS2_PLACEMENT_3D ( 'NONE', #6513, #3200, #4163 ) ;
#1412 = ORIENTED_EDGE ( 'NONE', *, *, #4574, .T. ) ;
#1413 = DIRECTION ( 'NONE',  ( -1.268935612889287343E-16, 1.000000000000000000, -2.469788560855558288E-32 ) ) ;
#1414 = ORIENTED_EDGE ( 'NONE', *, *, #1064, .T. ) ;
#1415 = CARTESIAN_POINT ( 'NONE',  ( -11.99999999999995559, -25.87015455142720199, -2.000000000000000444 ) ) ;
#1416 = CIRCLE ( 'NONE', #945, 1.499999999999999556 ) ;
#1417 = ORIENTED_EDGE ( 'NONE', *, *, #2272, .T. ) ;
#1418 = DIRECTION ( 'NONE',  ( 0.000000000000000000, 0.000000000000000000, 1.000000000000000000 ) ) ;
#1419 = FACE_OUTER_BOUND ( 'NONE', #4210, .T. ) ;
#1420 = PLANE ( 'NONE',  #1411 ) ;
#1421 = VECTOR ( 'NONE', #806, 1000.000000000000000 ) ;
#1422 = ORIENTED_EDGE ( 'NONE', *, *, #5459, .F. ) ;
#1423 = AXIS2_PLACEMENT_3D ( 'NONE', #703, #155, #2442 ) ;
#1424 = DIRECTION ( 'NONE',  ( 1.000000000000000000, 1.268935612889287343E-16, -2.311115933264676181E-33 ) ) ;
#1425 = CARTESIAN_POINT ( 'NONE',  ( -37.49999999999993605, -22.87015455142720555, 3.000000000000000000 ) ) ;
#1426 = ORIENTED_EDGE ( 'NONE', *, *, #5019, .T. ) ;
#1427 = DIRECTION ( 'NONE',  ( -1.288097321785393689E-16, 1.000000000000000000, -3.489072158099908472E-32 ) ) ;
#1428 = CARTESIAN_POINT ( 'NONE',  ( -60.49999999999992895, -25.87015455142720910, 30.89999999999999147 ) ) ;
#1429 = ORIENTED_EDGE ( 'NONE', *, *, #7053, .T. ) ;
#1430 = VERTEX_POINT ( 'NONE', #2275 ) ;
#1431 = DIRECTION ( 'NONE',  ( 1.000000000000000000, 0.000000000000000000, 0.000000000000000000 ) ) ;
#1432 = CIRCLE ( 'NONE', #5508, 1.500000000000001332 ) ;
#1433 = ORIENTED_EDGE ( 'NONE', *, *, #4741, .T. ) ;
#1434 = VECTOR ( 'NONE', #6067, 1000.000000000000000 ) ;
#1435 = CARTESIAN_POINT ( 'NONE',  ( -90.69999999999991758, -25.87015455142721265, 41.89999999999998437 ) ) ;
#1436 = CARTESIAN_POINT ( 'NONE',  ( -11.99999999999995559, -15.87015455142720377, -2.000000000000000444 ) ) ;
#1437 = EDGE_LOOP ( 'NONE', ( #2301, #4618, #4405, #4571 ) ) ;
#1438 = FACE_BOUND ( 'NONE', #885, .T. ) ;
#1439 = VERTEX_POINT ( 'NONE', #2766 ) ;
#1440 = CIRCLE ( 'NONE', #1561, 2.000000000000001776 ) ;
#1441 = DIRECTION ( 'NONE',  ( -1.278526357607465097E-16, 1.000000000000000000, 5.022723014296544476E-18 ) ) ;
#1442 = ADVANCED_FACE ( 'NONE', ( #3390 ), #2804, .F. ) ;
#1443 = CARTESIAN_POINT ( 'NONE',  ( -58.39999999999994884, -22.87015455142720910, 17.89999999999999858 ) ) ;
#1444 = CARTESIAN_POINT ( 'NONE',  ( -90.39999999999994884, -22.87015455142721265, 4.199999999999999289 ) ) ;
#1445 = VECTOR ( 'NONE', #3054, 1000.000000000000000 ) ;
#1446 = EDGE_LOOP ( 'NONE', ( #3535, #4927, #4007, #4680 ) ) ;
#1447 = DIRECTION ( 'NONE',  ( -1.000000000000000000, 0.000000000000000000, 0.000000000000000000 ) ) ;
#1448 = ORIENTED_EDGE ( 'NONE', *, *, #6217, .T. ) ;
#1449 = ORIENTED_EDGE ( 'NONE', *, *, #6870, .T. ) ;
#1450 = CARTESIAN_POINT ( 'NONE',  ( -12.69999999999994067, -25.87015455142720199, -35.00000000000000000 ) ) ;
#1451 = EDGE_CURVE ( 'NONE', #4528, #2625, #1514, .T. ) ;
#1452 = EDGE_CURVE ( 'NONE', #999, #653, #3, .T. ) ;
#1453 = VECTOR ( 'NONE', #4695, 1000.000000000000000 ) ;
#1454 = ADVANCED_FACE ( 'NONE', ( #3947 ), #1572, .F. ) ;
#1455 = EDGE_LOOP ( 'NONE', ( #4707, #3547, #3521, #4820, #6097, #4782, #3466, #2932 ) ) ;
#1456 = LINE ( 'NONE', #6876, #6225 ) ;
#1457 = FACE_OUTER_BOUND ( 'NONE', #6575, .T. ) ;
#1458 = LINE ( 'NONE', #314, #3504 ) ;
#1459 = AXIS2_PLACEMENT_3D ( 'NONE', #1022, #500, #4923 ) ;
#1460 = EDGE_CURVE ( 'NONE', #2699, #2837, #2552, .T. ) ;
#1461 = DIRECTION ( 'NONE',  ( -1.278526357607465097E-16, 1.000000000000000000, 5.022723014296544476E-18 ) ) ;
#1462 = DIRECTION ( 'NONE',  ( 1.268935612889287343E-16, -1.000000000000000000, 2.469788560855558288E-32 ) ) ;
#1463 = VERTEX_POINT ( 'NONE', #4892 ) ;
#1464 = CARTESIAN_POINT ( 'NONE',  ( -45.49999999999992184, -24.07015455142720484, 34.39999999999998437 ) ) ;
#1465 = DIRECTION ( 'NONE',  ( 1.268935612889287343E-16, -1.000000000000000000, -1.026341648675403128E-48 ) ) ;
#1466 = ORIENTED_EDGE ( 'NONE', *, *, #5365, .T. ) ;
#1467 = EDGE_LOOP ( 'NONE', ( #6062, #544, #4871, #5000 ) ) ;
#1468 = LINE ( 'NONE', #3134, #35 ) ;
#1469 = VERTEX_POINT ( 'NONE', #1609 ) ;
#1470 = ORIENTED_EDGE ( 'NONE', *, *, #6754, .F. ) ;
#1471 = ORIENTED_EDGE ( 'NONE', *, *, #3240, .T. ) ;
#1472 = AXIS2_PLACEMENT_3D ( 'NONE', #2760, #3830, #4344 ) ;
#1473 = PLANE ( 'NONE',  #2321 ) ;
#1474 = DIRECTION ( 'NONE',  ( -1.288097321785393689E-16, 1.000000000000000000, -3.489072158099908472E-32 ) ) ;
#1475 = VERTEX_POINT ( 'NONE', #2163 ) ;
#1476 = CARTESIAN_POINT ( 'NONE',  ( -16.49999999999993960, -25.87015455142720199, 53.19999999999999574 ) ) ;
#1477 = ORIENTED_EDGE ( 'NONE', *, *, #3991, .T. ) ;
#1478 = CARTESIAN_POINT ( 'NONE',  ( -2.499999999999939604, -25.87015455142720199, 45.70000000000000284 ) ) ;
#1479 = CIRCLE ( 'NONE', #6254, 2.000000000000001776 ) ;
#1480 = DIRECTION ( 'NONE',  ( 2.311115933264671392E-33, 3.697785493223492838E-32, 1.000000000000000000 ) ) ;
#1481 = CARTESIAN_POINT ( 'NONE',  ( -13.69999999999994067, -25.87015455142720199, -32.00000000000000711 ) ) ;
#1482 = DIRECTION ( 'NONE',  ( 1.288097321785393689E-16, -1.000000000000000000, 3.489072158099908472E-32 ) ) ;
#1483 = ORIENTED_EDGE ( 'NONE', *, *, #6902, .T. ) ;
#1484 = ORIENTED_EDGE ( 'NONE', *, *, #6960, .F. ) ;
#1485 = VERTEX_POINT ( 'NONE', #508 ) ;
#1486 = DIRECTION ( 'NONE',  ( 0.000000000000000000, 0.000000000000000000, -1.000000000000000000 ) ) ;
#1487 = AXIS2_PLACEMENT_3D ( 'NONE', #859, #2525, #1268 ) ;
#1488 = DIRECTION ( 'NONE',  ( -1.288097321785393689E-16, 1.000000000000000000, -3.489072158099908472E-32 ) ) ;
#1489 = CIRCLE ( 'NONE', #6837, 1.250000000000001110 ) ;
#1490 = EDGE_CURVE ( 'NONE', #3628, #3772, #4501, .T. ) ;
#1491 = DIRECTION ( 'NONE',  ( 1.268935612889287343E-16, -1.000000000000000000, -1.026341648675403128E-48 ) ) ;
#1492 = CYLINDRICAL_SURFACE ( 'NONE', #3912, 8.000000000000000000 ) ;
#1493 = CARTESIAN_POINT ( 'NONE',  ( -86.39999999999992042, -24.07015455142721194, 34.39999999999999147 ) ) ;
#1494 = EDGE_CURVE ( 'NONE', #5225, #5684, #1985, .T. ) ;
#1495 = ADVANCED_BREP_SHAPE_REPRESENTATION ( '\X2\75356c6067b6603b88c562fc7248\X0\1', ( #4391, #3309 ), #173 ) ;
#1496 = EDGE_CURVE ( 'NONE', #2258, #2699, #5583, .T. ) ;
#1497 = ADVANCED_FACE ( 'NONE', ( #6597 ), #3835, .F. ) ;
#1498 = CARTESIAN_POINT ( 'NONE',  ( -9.999999999999939604, -25.87015455142720199, -35.50000000000000711 ) ) ;
#1499 = DIRECTION ( 'NONE',  ( 0.000000000000000000, 0.000000000000000000, -1.000000000000000000 ) ) ;
#1500 = EDGE_CURVE ( 'NONE', #3214, #3247, #581, .T. ) ;
#1501 = DIRECTION ( 'NONE',  ( 1.278526357607465097E-16, -1.000000000000000000, -5.022723014296544476E-18 ) ) ;
#1502 = CARTESIAN_POINT ( 'NONE',  ( -55.39999999999994884, -22.87015455142720910, -25.00000000000001066 ) ) ;
#1503 = ORIENTED_EDGE ( 'NONE', *, *, #4100, .T. ) ;
#1504 = ORIENTED_EDGE ( 'NONE', *, *, #2796, .T. ) ;
#1505 = VECTOR ( 'NONE', #1977, 1000.000000000000000 ) ;
#1506 = VERTEX_POINT ( 'NONE', #4968 ) ;
#1507 = CARTESIAN_POINT ( 'NONE',  ( -91.94999999999991758, -22.87015455142721265, 23.39999999999999147 ) ) ;
#1508 = DIRECTION ( 'NONE',  ( -1.000000000000000000, 0.000000000000000000, 0.000000000000000000 ) ) ;
#1509 = ORIENTED_EDGE ( 'NONE', *, *, #5909, .F. ) ;
#1510 = VECTOR ( 'NONE', #2696, 1000.000000000000000 ) ;
#1511 = DIRECTION ( 'NONE',  ( 0.000000000000000000, 0.000000000000000000, 1.000000000000000000 ) ) ;
#1512 = ORIENTED_EDGE ( 'NONE', *, *, #5874, .T. ) ;
#1513 = CARTESIAN_POINT ( 'NONE',  ( -83.89999999999992042, -25.87015455142721265, 45.89999999999999858 ) ) ;
#1514 = CIRCLE ( 'NONE', #5470, 3.000000000000000888 ) ;
#1515 = CARTESIAN_POINT ( 'NONE',  ( -71.89999999999994884, -24.07015455142720839, -26.49999999999999645 ) ) ;
#1516 = DIRECTION ( 'NONE',  ( 1.278526357607465097E-16, -1.000000000000000000, -5.022723014296544476E-18 ) ) ;
#1517 = DIRECTION ( 'NONE',  ( -1.268935612889287343E-16, 1.000000000000000000, -2.469788560855558288E-32 ) ) ;
#1518 = EDGE_LOOP ( 'NONE', ( #5952, #233 ) ) ;
#1519 = EDGE_LOOP ( 'NONE', ( #7064, #4807 ) ) ;
#1520 = ORIENTED_EDGE ( 'NONE', *, *, #7099, .F. ) ;
#1521 = PLANE ( 'NONE',  #4476 ) ;
#1522 = FACE_OUTER_BOUND ( 'NONE', #1110, .T. ) ;
#1523 = LINE ( 'NONE', #386, #4824 ) ;
#1524 = CARTESIAN_POINT ( 'NONE',  ( -93.89999999999993463, -22.87015455142721265, 20.89999999999998792 ) ) ;
#1525 = DIRECTION ( 'NONE',  ( 1.268935612889287343E-16, -1.000000000000000000, 2.469788560855558288E-32 ) ) ;
#1526 = DIRECTION ( 'NONE',  ( -1.278526357607465097E-16, 1.000000000000000000, 5.022723014296544476E-18 ) ) ;
#1527 = EDGE_LOOP ( 'NONE', ( #2738, #4038, #2626, #1928 ) ) ;
#1528 = AXIS2_PLACEMENT_3D ( 'NONE', #4189, #3011, #4119 ) ;
#1529 = EDGE_CURVE ( 'NONE', #400, #156, #546, .T. ) ;
#1530 = DIRECTION ( 'NONE',  ( 0.000000000000000000, 0.000000000000000000, 1.000000000000000000 ) ) ;
#1531 = CARTESIAN_POINT ( 'NONE',  ( -93.89999999999994884, -22.87015455142721265, 7.899999999999999467 ) ) ;
#1532 = CIRCLE ( 'NONE', #5149, 1.499999999999994449 ) ;
#1533 = ORIENTED_EDGE ( 'NONE', *, *, #506, .F. ) ;
#1534 = LINE ( 'NONE', #6133, #2398 ) ;
#1535 = CARTESIAN_POINT ( 'NONE',  ( -42.69999999999994600, -25.87015455142720910, -33.00000000000000711 ) ) ;
#1536 = ORIENTED_EDGE ( 'NONE', *, *, #5202, .F. ) ;
#1537 = EDGE_LOOP ( 'NONE', ( #5595, #6148, #6425, #1052 ) ) ;
#1538 = ORIENTED_EDGE ( 'NONE', *, *, #6478, .T. ) ;
#1539 = ORIENTED_EDGE ( 'NONE', *, *, #2550, .T. ) ;
#1540 = EDGE_CURVE ( 'NONE', #695, #6608, #6631, .T. ) ;
#1541 = EDGE_CURVE ( 'NONE', #684, #5423, #1648, .T. ) ;
#1542 = AXIS2_PLACEMENT_3D ( 'NONE', #4282, #6491, #2627 ) ;
#1543 = AXIS2_PLACEMENT_3D ( 'NONE', #6786, #1802, #7066 ) ;
#1544 = EDGE_LOOP ( 'NONE', ( #947, #7126, #5830, #3699, #1471, #6472, #4349, #6173 ) ) ;
#1545 = CARTESIAN_POINT ( 'NONE',  ( -53.19999999999992468, -25.87015455142720555, 53.89999999999999147 ) ) ;
#1546 = CARTESIAN_POINT ( 'NONE',  ( -40.49999999999992184, -15.57820799198817596, 37.36395190979015268 ) ) ;
#1547 = DIRECTION ( 'NONE',  ( 1.000000000000000000, 0.000000000000000000, 0.000000000000000000 ) ) ;
#1548 = VERTEX_POINT ( 'NONE', #1279 ) ;
#1549 = FACE_OUTER_BOUND ( 'NONE', #6352, .T. ) ;
#1550 = EDGE_LOOP ( 'NONE', ( #502, #5236, #925, #4431, #887, #4024, #6611, #368, #3130, #1836, #380, #1255, #7169, #6704, #2800, #6044, #4955, #6243, #2144, #5579, #1930, #6154, #4682, #899, #543, #9, #5673, #3324, #5112, #1822, #5315, #4965, #1371, #1659, #6650, #3434, #4462, #6953, #844, #2836, #768, #5001, #2441, #2988, #1915, #2271, #5537, #649, #6398, #1588, #5298, #4236, #5855, #4387, #7197, #534, #1671 ) ) ;
#1551 = ADVANCED_FACE ( 'NONE', ( #5768 ), #3496, .F. ) ;
#1552 = EDGE_CURVE ( 'NONE', #3678, #59, #724, .T. ) ;
#1553 = VECTOR ( 'NONE', #180, 1000.000000000000000 ) ;
#1554 = DIRECTION ( 'NONE',  ( 1.288097321785393689E-16, -1.000000000000000000, 3.489072158099908472E-32 ) ) ;
#1555 = DIRECTION ( 'NONE',  ( 1.268935612889287343E-16, -1.000000000000000000, -1.026341648675403128E-48 ) ) ;
#1556 = DIRECTION ( 'NONE',  ( 0.000000000000000000, 0.000000000000000000, -1.000000000000000000 ) ) ;
#1557 = CARTESIAN_POINT ( 'NONE',  ( -50.49999999999992895, -25.87015455142720555, 56.39999999999998437 ) ) ;
#1558 = VERTEX_POINT ( 'NONE', #1755 ) ;
#1559 = ORIENTED_EDGE ( 'NONE', *, *, #5469, .T. ) ;
#1560 = ORIENTED_EDGE ( 'NONE', *, *, #5071, .T. ) ;
#1561 = AXIS2_PLACEMENT_3D ( 'NONE', #6273, #5582, #5727 ) ;
#1562 = DIRECTION ( 'NONE',  ( 2.311115933264671392E-33, 3.697785493223492838E-32, 1.000000000000000000 ) ) ;
#1563 = VECTOR ( 'NONE', #3059, 1000.000000000000000 ) ;
#1564 = DIRECTION ( 'NONE',  ( -1.278526357607465097E-16, 1.000000000000000000, 5.022723014296544476E-18 ) ) ;
#1565 = FACE_OUTER_BOUND ( 'NONE', #4775, .T. ) ;
#1566 = CARTESIAN_POINT ( 'NONE',  ( -35.39999999999994884, -22.87015455142720555, -17.00000000000000711 ) ) ;
#1567 = CARTESIAN_POINT ( 'NONE',  ( -6.449999999999938005, -25.87015455142720199, -21.00000000000000000 ) ) ;
#1568 = ORIENTED_EDGE ( 'NONE', *, *, #3991, .F. ) ;
#1569 = VECTOR ( 'NONE', #5320, 1000.000000000000000 ) ;
#1570 = LINE ( 'NONE', #2236, #2722 ) ;
#1571 = AXIS2_PLACEMENT_3D ( 'NONE', #3907, #1165, #6123 ) ;
#1572 = CYLINDRICAL_SURFACE ( 'NONE', #4312, 1.500000000000004885 ) ;
#1573 = ORIENTED_EDGE ( 'NONE', *, *, #5920, .T. ) ;
#1574 = CYLINDRICAL_SURFACE ( 'NONE', #6930, 8.000000000000007105 ) ;
#1575 = CARTESIAN_POINT ( 'NONE',  ( -42.49999999999992895, -22.87015455142720555, 22.89999999999999147 ) ) ;
#1576 = ORIENTED_EDGE ( 'NONE', *, *, #6089, .F. ) ;
#1577 = ORIENTED_EDGE ( 'NONE', *, *, #2647, .T. ) ;
#1578 = CARTESIAN_POINT ( 'NONE',  ( -83.39999999999994884, -25.87015455142721265, 15.89999999999999680 ) ) ;
#1579 = ORIENTED_EDGE ( 'NONE', *, *, #1989, .F. ) ;
#1580 = AXIS2_PLACEMENT_3D ( 'NONE', #1631, #1741, #3852 ) ;
#1581 = ORIENTED_EDGE ( 'NONE', *, *, #4938, .F. ) ;
#1582 = DIRECTION ( 'NONE',  ( 1.369775700273876512E-16, -1.000000000000000000, 1.232595164407830672E-32 ) ) ;
#1583 = FACE_OUTER_BOUND ( 'NONE', #1065, .T. ) ;
#1584 = ADVANCED_FACE ( 'NONE', ( #5696 ), #2843, .F. ) ;
#1585 = ORIENTED_EDGE ( 'NONE', *, *, #6005, .F. ) ;
#1586 = EDGE_CURVE ( 'NONE', #6317, #70, #655, .T. ) ;
#1587 = DIRECTION ( 'NONE',  ( -1.288097321785393689E-16, 1.000000000000000000, -3.489072158099908472E-32 ) ) ;
#1588 = ORIENTED_EDGE ( 'NONE', *, *, #6665, .F. ) ;
#1589 = DIRECTION ( 'NONE',  ( 0.000000000000000000, 0.000000000000000000, -1.000000000000000000 ) ) ;
#1590 = EDGE_CURVE ( 'NONE', #4337, #5958, #1875, .T. ) ;
#1591 = VECTOR ( 'NONE', #4568, 1000.000000000000000 ) ;
#1592 = DIRECTION ( 'NONE',  ( -1.268935612889287343E-16, 1.000000000000000000, 1.026341648675403128E-48 ) ) ;
#1593 = CARTESIAN_POINT ( 'NONE',  ( -11.99999999999995559, -22.87015455142720199, -10.00000000000000178 ) ) ;
#1594 = LINE ( 'NONE', #2606, #3266 ) ;
#1595 = DIRECTION ( 'NONE',  ( 0.000000000000000000, 0.000000000000000000, -1.000000000000000000 ) ) ;
#1596 = EDGE_CURVE ( 'NONE', #6969, #2538, #6176, .T. ) ;
#1597 = ORIENTED_EDGE ( 'NONE', *, *, #4052, .F. ) ;
#1598 = ORIENTED_EDGE ( 'NONE', *, *, #6003, .T. ) ;
#1599 = EDGE_LOOP ( 'NONE', ( #339, #3879 ) ) ;
#1600 = CARTESIAN_POINT ( 'NONE',  ( -71.89999999999994884, -25.87015455142720910, 9.899999999999996803 ) ) ;
#1601 = DIRECTION ( 'NONE',  ( -1.268935612889287343E-16, 1.000000000000000000, -2.469788560855558288E-32 ) ) ;
#1602 = CARTESIAN_POINT ( 'NONE',  ( -1.999999999999939382, -25.87015455142720199, 46.40000000000000568 ) ) ;
#1603 = CARTESIAN_POINT ( 'NONE',  ( -48.94999999999994600, -25.87015455142720910, -21.00000000000000000 ) ) ;
#1604 = DIRECTION ( 'NONE',  ( -1.268935612889287343E-16, 1.000000000000000000, -2.469788560855558288E-32 ) ) ;
#1605 = VERTEX_POINT ( 'NONE', #2875 ) ;
#1606 = ORIENTED_EDGE ( 'NONE', *, *, #4144, .F. ) ;
#1607 = VECTOR ( 'NONE', #6834, 1000.000000000000000 ) ;
#1608 = LINE ( 'NONE', #429, #5059 ) ;
#1609 = CARTESIAN_POINT ( 'NONE',  ( -37.49999999999993605, -25.87015455142720555, 37.36395190979015268 ) ) ;
#1610 = ORIENTED_EDGE ( 'NONE', *, *, #5717, .F. ) ;
#1611 = DIRECTION ( 'NONE',  ( -1.000000000000000000, -1.278526357607465097E-16, -6.421683760739835630E-34 ) ) ;
#1612 = FACE_OUTER_BOUND ( 'NONE', #1917, .T. ) ;
#1613 = EDGE_LOOP ( 'NONE', ( #4616, #658, #5192, #1073 ) ) ;
#1614 = ORIENTED_EDGE ( 'NONE', *, *, #1905, .F. ) ;
#1615 = CIRCLE ( 'NONE', #6950, 8.000000000000000000 ) ;
#1616 = CARTESIAN_POINT ( 'NONE',  ( -55.39999999999994884, -22.87015455142720910, -8.118983971337954131 ) ) ;
#1617 = ORIENTED_EDGE ( 'NONE', *, *, #1008, .T. ) ;
#1618 = AXIS2_PLACEMENT_3D ( 'NONE', #3552, #5123, #810 ) ;
#1619 = DIRECTION ( 'NONE',  ( 0.000000000000000000, -5.022723014296612268E-18, 1.000000000000000000 ) ) ;
#1620 = LINE ( 'NONE', #1080, #3962 ) ;
#1621 = DIRECTION ( 'NONE',  ( -1.268935612889287343E-16, 1.000000000000000000, -2.469788560855558288E-32 ) ) ;
#1622 = ORIENTED_EDGE ( 'NONE', *, *, #3720, .F. ) ;
#1623 = LINE ( 'NONE', #5412, #6656 ) ;
#1624 = ORIENTED_EDGE ( 'NONE', *, *, #5237, .F. ) ;
#1625 = AXIS2_PLACEMENT_3D ( 'NONE', #3688, #5919, #923 ) ;
#1626 = EDGE_CURVE ( 'NONE', #3797, #6251, #5107, .T. ) ;
#1627 = CARTESIAN_POINT ( 'NONE',  ( -42.69999999999994600, -22.87015455142720555, -32.00000000000000711 ) ) ;
#1628 = DIRECTION ( 'NONE',  ( -1.288097321785393689E-16, 1.000000000000000000, -3.489072158099908472E-32 ) ) ;
#1629 = EDGE_CURVE ( 'NONE', #1661, #2472, #106, .T. ) ;
#1630 = DIRECTION ( 'NONE',  ( -1.268935612889287343E-16, 1.000000000000000000, 1.026341648675403128E-48 ) ) ;
#1631 = CARTESIAN_POINT ( 'NONE',  ( -45.39999999999994884, -25.87015455142720910, -37.50000000000000711 ) ) ;
#1632 = EDGE_LOOP ( 'NONE', ( #1429, #6586, #3250, #2886 ) ) ;
#1633 = EDGE_LOOP ( 'NONE', ( #4725, #3423, #510, #2512 ) ) ;
#1634 = ORIENTED_EDGE ( 'NONE', *, *, #4669, .F. ) ;
#1635 = CARTESIAN_POINT ( 'NONE',  ( -19.99999999999995381, -15.87015455142720377, -10.00000000000000178 ) ) ;
#1636 = EDGE_CURVE ( 'NONE', #5187, #1025, #6844, .T. ) ;
#1637 = ADVANCED_FACE ( 'NONE', ( #4567 ), #1793, .F. ) ;
#1638 = DIRECTION ( 'NONE',  ( 1.369775700273876512E-16, -1.000000000000000000, 1.232595164407830672E-32 ) ) ;
#1639 = CYLINDRICAL_SURFACE ( 'NONE', #6563, 1.500000000000001332 ) ;
#1640 = CARTESIAN_POINT ( 'NONE',  ( -20.49999999999993250, -22.87015455142720199, 15.00000000000000355 ) ) ;
#1641 = CARTESIAN_POINT ( 'NONE',  ( -83.89999999999992042, -15.87015455142721088, 22.89999999999999147 ) ) ;
#1642 = VERTEX_POINT ( 'NONE', #5076 ) ;
#1643 = EDGE_LOOP ( 'NONE', ( #3276, #5437, #5084, #2019 ) ) ;
#1644 = EDGE_CURVE ( 'NONE', #3638, #1548, #72, .T. ) ;
#1645 = EDGE_CURVE ( 'NONE', #326, #6251, #224, .T. ) ;
#1646 = VECTOR ( 'NONE', #6689, 1000.000000000000000 ) ;
#1647 = CARTESIAN_POINT ( 'NONE',  ( -49.99999999999992895, -24.07015455142720484, 34.39999999999998437 ) ) ;
#1648 = LINE ( 'NONE', #3873, #3018 ) ;
#1649 = ORIENTED_EDGE ( 'NONE', *, *, #165, .T. ) ;
#1650 = DIRECTION ( 'NONE',  ( 0.000000000000000000, 0.000000000000000000, 1.000000000000000000 ) ) ;
#1651 = CYLINDRICAL_SURFACE ( 'NONE', #1201, 1.000000000000000888 ) ;
#1652 = AXIS2_PLACEMENT_3D ( 'NONE', #246, #2468, #1937 ) ;
#1653 = EDGE_LOOP ( 'NONE', ( #669, #5086 ) ) ;
#1654 = VERTEX_POINT ( 'NONE', #4020 ) ;
#1655 = CIRCLE ( 'NONE', #5732, 2.000000000000000000 ) ;
#1656 = CARTESIAN_POINT ( 'NONE',  ( -71.89999999999994884, -24.07015455142720839, 9.899999999999996803 ) ) ;
#1657 = DIRECTION ( 'NONE',  ( 1.268935612889287343E-16, -1.000000000000000000, 2.469788560855558288E-32 ) ) ;
#1658 = DIRECTION ( 'NONE',  ( -1.000000000000000000, -1.278526357607465097E-16, 0.000000000000000000 ) ) ;
#1659 = ORIENTED_EDGE ( 'NONE', *, *, #4640, .F. ) ;
#1660 = DIRECTION ( 'NONE',  ( 1.278526357607465097E-16, -1.000000000000000000, -5.022723014296544476E-18 ) ) ;
#1661 = VERTEX_POINT ( 'NONE', #6239 ) ;
#1662 = CIRCLE ( 'NONE', #1195, 1.250000000000001110 ) ;
#1663 = CIRCLE ( 'NONE', #721, 1.499999999999999556 ) ;
#1664 = DIRECTION ( 'NONE',  ( -1.000000000000000000, 0.000000000000000000, 0.000000000000000000 ) ) ;
#1665 = AXIS2_PLACEMENT_3D ( 'NONE', #2959, #2922, #5156 ) ;
#1666 = LINE ( 'NONE', #6756, #4996 ) ;
#1667 = LINE ( 'NONE', #2892, #3857 ) ;
#1668 = DIRECTION ( 'NONE',  ( 1.000000000000000000, 0.000000000000000000, 0.000000000000000000 ) ) ;
#1669 = VERTEX_POINT ( 'NONE', #5183 ) ;
#1670 = CARTESIAN_POINT ( 'NONE',  ( -16.49999999999993960, -22.87015455142720199, 54.44999999999999574 ) ) ;
#1671 = ORIENTED_EDGE ( 'NONE', *, *, #3145, .T. ) ;
#1672 = EDGE_LOOP ( 'NONE', ( #5910, #591 ) ) ;
#1673 = LINE ( 'NONE', #383, #6668 ) ;
#1674 = AXIS2_PLACEMENT_3D ( 'NONE', #6399, #5285, #2427 ) ;
#1675 = ADVANCED_FACE ( 'NONE', ( #4672 ), #1246, .F. ) ;
#1676 = CARTESIAN_POINT ( 'NONE',  ( -95.89999999999996305, -22.87015455142721265, 17.89999999999999858 ) ) ;
#1677 = CARTESIAN_POINT ( 'NONE',  ( -41.69999999999994600, -25.87015455142720555, -36.00000000000000711 ) ) ;
#1678 = AXIS2_PLACEMENT_3D ( 'NONE', #2631, #6028, #4865 ) ;
#1679 = EDGE_CURVE ( 'NONE', #5655, #1890, #141, .T. ) ;
#1680 = DIRECTION ( 'NONE',  ( -2.081668171172168513E-17, -3.816637062202878161E-32, -1.000000000000000000 ) ) ;
#1681 = VERTEX_POINT ( 'NONE', #6813 ) ;
#1682 = ADVANCED_FACE ( 'NONE', ( #1832 ), #6274, .F. ) ;
#1683 = EDGE_LOOP ( 'NONE', ( #3867, #6368, #4513, #2161 ) ) ;
#1684 = EDGE_CURVE ( 'NONE', #1485, #4059, #1400, .T. ) ;
#1685 = AXIS2_PLACEMENT_3D ( 'NONE', #5695, #690, #6774 ) ;
#1686 = AXIS2_PLACEMENT_3D ( 'NONE', #2348, #5639, #6252 ) ;
#1687 = DIRECTION ( 'NONE',  ( 1.278526357607465097E-16, -1.000000000000000000, -5.022723014296544476E-18 ) ) ;
#1688 = CARTESIAN_POINT ( 'NONE',  ( -90.39999999999994884, -25.87015455142721265, 5.200000000000000178 ) ) ;
#1689 = ORIENTED_EDGE ( 'NONE', *, *, #3499, .T. ) ;
#1690 = DIRECTION ( 'NONE',  ( 1.000000000000000000, 0.000000000000000000, 0.000000000000000000 ) ) ;
#1691 = CARTESIAN_POINT ( 'NONE',  ( -37.49999999999993605, -22.87015455142720555, 3.000000000000000000 ) ) ;
#1692 = AXIS2_PLACEMENT_3D ( 'NONE', #7022, #6476, #3704 ) ;
#1693 = EDGE_CURVE ( 'NONE', #1232, #5349, #5252, .T. ) ;
#1694 = EDGE_LOOP ( 'NONE', ( #2755, #3061, #6547, #6995 ) ) ;
#1695 = ORIENTED_EDGE ( 'NONE', *, *, #6216, .T. ) ;
#1696 = CIRCLE ( 'NONE', #2848, 8.000000000000000000 ) ;
#1697 = LINE ( 'NONE', #6572, #4596 ) ;
#1698 = LINE ( 'NONE', #1731, #3702 ) ;
#1699 = CARTESIAN_POINT ( 'NONE',  ( -60.39999999999995595, -22.87015455142720910, -37.50000000000000000 ) ) ;
#1700 = ORIENTED_EDGE ( 'NONE', *, *, #327, .F. ) ;
#1701 = CARTESIAN_POINT ( 'NONE',  ( -37.49999999999993605, -22.87015455142720555, 46.39999999999999147 ) ) ;
#1702 = VERTEX_POINT ( 'NONE', #971 ) ;
#1703 = DIRECTION ( 'NONE',  ( 1.268935612889287343E-16, -1.000000000000000000, -1.026341648675403128E-48 ) ) ;
#1704 = DIRECTION ( 'NONE',  ( 1.268935612889287343E-16, -1.000000000000000000, 2.469788560855558288E-32 ) ) ;
#1705 = CARTESIAN_POINT ( 'NONE',  ( -85.39999999999994884, -22.87015455142721265, -35.50000000000000711 ) ) ;
#1706 = FACE_OUTER_BOUND ( 'NONE', #822, .T. ) ;
#1707 = VERTEX_POINT ( 'NONE', #5453 ) ;
#1708 = CARTESIAN_POINT ( 'NONE',  ( -75.53758619217045123, -15.57820799198817951, 17.89999999999999858 ) ) ;
#1709 = ORIENTED_EDGE ( 'NONE', *, *, #6093, .T. ) ;
#1710 = DIRECTION ( 'NONE',  ( 0.000000000000000000, 0.000000000000000000, 1.000000000000000000 ) ) ;
#1711 = VECTOR ( 'NONE', #5041, 1000.000000000000000 ) ;
#1712 = DIRECTION ( 'NONE',  ( 6.400303567556335158E-16, 4.695715941393217538E-32, -1.000000000000000000 ) ) ;
#1713 = CARTESIAN_POINT ( 'NONE',  ( -10.49999999999993250, -22.87015455142720199, 56.40000000000000568 ) ) ;
#1714 = LINE ( 'NONE', #3349, #6765 ) ;
#1715 = VERTEX_POINT ( 'NONE', #3260 ) ;
#1716 = VERTEX_POINT ( 'NONE', #3148 ) ;
#1717 = EDGE_CURVE ( 'NONE', #4935, #5932, #4912, .T. ) ;
#1718 = EDGE_CURVE ( 'NONE', #5281, #426, #7045, .T. ) ;
#1719 = ORIENTED_EDGE ( 'NONE', *, *, #6667, .F. ) ;
#1720 = CIRCLE ( 'NONE', #2757, 1.250000000000001110 ) ;
#1721 = FACE_OUTER_BOUND ( 'NONE', #4139, .T. ) ;
#1722 = LINE ( 'NONE', #1068, #4668 ) ;
#1723 = EDGE_CURVE ( 'NONE', #4989, #3436, #3732, .T. ) ;
#1724 = FACE_OUTER_BOUND ( 'NONE', #6956, .T. ) ;
#1725 = CARTESIAN_POINT ( 'NONE',  ( -85.39999999999994884, -25.87015455142721265, 15.89999999999999680 ) ) ;
#1726 = VERTEX_POINT ( 'NONE', #7159 ) ;
#1727 = ORIENTED_EDGE ( 'NONE', *, *, #1990, .F. ) ;
#1728 = VECTOR ( 'NONE', #7082, 1000.000000000000000 ) ;
#1729 = EDGE_CURVE ( 'NONE', #3598, #5680, #1594, .T. ) ;
#1730 = CARTESIAN_POINT ( 'NONE',  ( -42.49999999999992895, -22.87015455142720555, 20.89999999999998792 ) ) ;
#1731 = CARTESIAN_POINT ( 'NONE',  ( -71.89999999999994884, -24.07015455142720839, 12.89999999999999858 ) ) ;
#1732 = CIRCLE ( 'NONE', #2649, 1.249999999999997558 ) ;
#1733 = EDGE_LOOP ( 'NONE', ( #914, #2894, #7088, #7033 ) ) ;
#1734 = CIRCLE ( 'NONE', #5805, 1.250000000000001110 ) ;
#1735 = LINE ( 'NONE', #3364, #5494 ) ;
#1736 = VERTEX_POINT ( 'NONE', #3696 ) ;
#1737 = LINE ( 'NONE', #1701, #3397 ) ;
#1738 = EDGE_CURVE ( 'NONE', #2896, #5655, #2718, .T. ) ;
#1739 = DIRECTION ( 'NONE',  ( -1.268935612889287343E-16, 1.000000000000000000, -2.469788560855558288E-32 ) ) ;
#1740 = DIRECTION ( 'NONE',  ( 1.278526357607465097E-16, -1.000000000000000000, -5.022723014296544476E-18 ) ) ;
#1741 = DIRECTION ( 'NONE',  ( 1.000000000000000000, 1.268935612889287343E-16, -1.652117596168387016E-16 ) ) ;
#1742 = ORIENTED_EDGE ( 'NONE', *, *, #1494, .T. ) ;
#1743 = VECTOR ( 'NONE', #6029, 1000.000000000000000 ) ;
#1744 = DIRECTION ( 'NONE',  ( 1.268935612889287343E-16, -1.000000000000000000, 2.469788560855558288E-32 ) ) ;
#1745 = CYLINDRICAL_SURFACE ( 'NONE', #152, 1.250000000000001110 ) ;
#1746 = VECTOR ( 'NONE', #1801, 1000.000000000000000 ) ;
#1747 = DIRECTION ( 'NONE',  ( 0.000000000000000000, 0.000000000000000000, -1.000000000000000000 ) ) ;
#1748 = DIRECTION ( 'NONE',  ( 1.369775700273876512E-16, -1.000000000000000000, 1.232595164407830672E-32 ) ) ;
#1749 = ORIENTED_EDGE ( 'NONE', *, *, #6914, .T. ) ;
#1750 = LINE ( 'NONE', #516, #142 ) ;
#1751 = EDGE_CURVE ( 'NONE', #4255, #4137, #6401, .T. ) ;
#1752 = ORIENTED_EDGE ( 'NONE', *, *, #120, .F. ) ;
#1753 = VECTOR ( 'NONE', #1350, 1000.000000000000000 ) ;
#1754 = DIRECTION ( 'NONE',  ( 1.268935612889287343E-16, -1.000000000000000000, -1.026341648675403128E-48 ) ) ;
#1755 = CARTESIAN_POINT ( 'NONE',  ( -35.49999999999993605, -25.87015455142720555, 58.39999999999999858 ) ) ;
#1756 = DIRECTION ( 'NONE',  ( 1.278526357607465097E-16, -1.000000000000000000, -5.022723014296544476E-18 ) ) ;
#1757 = DIRECTION ( 'NONE',  ( 1.000000000000000000, 1.278526357607465097E-16, 6.421683760739835630E-34 ) ) ;
#1758 = VERTEX_POINT ( 'NONE', #7084 ) ;
#1759 = ORIENTED_EDGE ( 'NONE', *, *, #1861, .F. ) ;
#1760 = VECTOR ( 'NONE', #4704, 1000.000000000000000 ) ;
#1761 = EDGE_CURVE ( 'NONE', #2837, #3180, #4160, .T. ) ;
#1762 = DIRECTION ( 'NONE',  ( 1.268935612889287343E-16, -1.000000000000000000, -1.026341648675403128E-48 ) ) ;
#1763 = DIRECTION ( 'NONE',  ( -1.000000000000000000, 0.000000000000000000, 0.000000000000000000 ) ) ;
#1764 = AXIS2_PLACEMENT_3D ( 'NONE', #5323, #1526, #3706 ) ;
#1765 = CIRCLE ( 'NONE', #234, 1.000000000000000888 ) ;
#1766 = FACE_OUTER_BOUND ( 'NONE', #6464, .T. ) ;
#1767 = ORIENTED_EDGE ( 'NONE', *, *, #1814, .T. ) ;
#1768 = EDGE_CURVE ( 'NONE', #2064, #6969, #5490, .T. ) ;
#1769 = EDGE_CURVE ( 'NONE', #6015, #2280, #2336, .T. ) ;
#1770 = EDGE_LOOP ( 'NONE', ( #5930, #4240, #2075, #3207 ) ) ;
#1771 = AXIS2_PLACEMENT_3D ( 'NONE', #4213, #1474, #3689 ) ;
#1772 = DIRECTION ( 'NONE',  ( -1.278526357607465097E-16, 1.000000000000000000, 5.022723014296544476E-18 ) ) ;
#1773 = CARTESIAN_POINT ( 'NONE',  ( -87.89999999999992042, -24.07015455142721194, 34.39999999999999147 ) ) ;
#1774 = CARTESIAN_POINT ( 'NONE',  ( -1.999999999999939382, -22.87015455142720199, 46.40000000000000568 ) ) ;
#1775 = CARTESIAN_POINT ( 'NONE',  ( -71.89999999999994884, -24.07015455142720839, -29.50000000000000000 ) ) ;
#1776 = AXIS2_PLACEMENT_3D ( 'NONE', #1185, #1804, #3403 ) ;
#1777 = ORIENTED_EDGE ( 'NONE', *, *, #4313, .F. ) ;
#1778 = AXIS2_PLACEMENT_3D ( 'NONE', #1391, #3471, #2473 ) ;
#1779 = FACE_OUTER_BOUND ( 'NONE', #6078, .T. ) ;
#1780 = ORIENTED_EDGE ( 'NONE', *, *, #3411, .F. ) ;
#1781 = ADVANCED_FACE ( 'NONE', ( #4837 ), #6467, .T. ) ;
#1782 = CARTESIAN_POINT ( 'NONE',  ( -34.99999999999993605, -22.87015455142720555, 53.19999999999999574 ) ) ;
#1783 = AXIS2_PLACEMENT_3D ( 'NONE', #3757, #3208, #7108 ) ;
#1784 = DIRECTION ( 'NONE',  ( -1.000000000000000000, 0.000000000000000000, 0.000000000000000000 ) ) ;
#1785 = DIRECTION ( 'NONE',  ( 0.000000000000000000, 0.000000000000000000, -1.000000000000000000 ) ) ;
#1786 = CARTESIAN_POINT ( 'NONE',  ( -56.89999999999994884, -15.57820799198817596, -8.118983971337954131 ) ) ;
#1787 = ORIENTED_EDGE ( 'NONE', *, *, #6428, .F. ) ;
#1788 = VECTOR ( 'NONE', #5496, 1000.000000000000000 ) ;
#1789 = CARTESIAN_POINT ( 'NONE',  ( -43.39999999999994884, -15.87015455142720732, -2.000000000000000444 ) ) ;
#1790 = AXIS2_PLACEMENT_3D ( 'NONE', #3293, #4365, #553 ) ;
#1791 = ORIENTED_EDGE ( 'NONE', *, *, #3667, .T. ) ;
#1792 = CARTESIAN_POINT ( 'NONE',  ( -75.53758619217045123, -25.87015455142721265, 19.39999999999999503 ) ) ;
#1793 = CYLINDRICAL_SURFACE ( 'NONE', #3380, 8.000000000000000000 ) ;
#1794 = CARTESIAN_POINT ( 'NONE',  ( -42.69999999999994600, -22.87015455142720555, -36.00000000000000711 ) ) ;
#1795 = DIRECTION ( 'NONE',  ( -1.268935612889287343E-16, 1.000000000000000000, 1.026341648675403128E-48 ) ) ;
#1796 = VERTEX_POINT ( 'NONE', #930 ) ;
#1797 = ORIENTED_EDGE ( 'NONE', *, *, #1586, .T. ) ;
#1798 = AXIS2_PLACEMENT_3D ( 'NONE', #4967, #545, #1067 ) ;
#1799 = LINE ( 'NONE', #6208, #1553 ) ;
#1800 = AXIS2_PLACEMENT_3D ( 'NONE', #5289, #209, #5833 ) ;
#1801 = DIRECTION ( 'NONE',  ( -1.288097321785393689E-16, 1.000000000000000000, -3.489072158099908472E-32 ) ) ;
#1802 = DIRECTION ( 'NONE',  ( 1.288097321785393689E-16, -1.000000000000000000, 3.489072158099908472E-32 ) ) ;
#1803 = VERTEX_POINT ( 'NONE', #4412 ) ;
#1804 = DIRECTION ( 'NONE',  ( -1.288097321785393689E-16, 1.000000000000000000, -3.489072158099908472E-32 ) ) ;
#1805 = EDGE_LOOP ( 'NONE', ( #7072, #5883, #3509, #3700 ) ) ;
#1806 = VECTOR ( 'NONE', #715, 1000.000000000000000 ) ;
#1807 = CARTESIAN_POINT ( 'NONE',  ( -93.89999999999993463, -22.87015455142721265, 55.89999999999999147 ) ) ;
#1808 = ADVANCED_FACE ( 'NONE', ( #244 ), #2184, .F. ) ;
#1809 = ADVANCED_FACE ( 'NONE', ( #6913 ), #5379, .F. ) ;
#1810 = DIRECTION ( 'NONE',  ( -1.000000000000000000, 0.000000000000000000, 0.000000000000000000 ) ) ;
#1811 = CARTESIAN_POINT ( 'NONE',  ( -34.99999999999993605, -25.87015455142720555, 53.19999999999999574 ) ) ;
#1812 = CARTESIAN_POINT ( 'NONE',  ( -53.19999999999992468, -22.87015455142720555, 56.89999999999998437 ) ) ;
#1813 = ORIENTED_EDGE ( 'NONE', *, *, #1451, .F. ) ;
#1814 = EDGE_CURVE ( 'NONE', #2662, #2256, #796, .T. ) ;
#1815 = LINE ( 'NONE', #5608, #5027 ) ;
#1816 = ORIENTED_EDGE ( 'NONE', *, *, #5641, .T. ) ;
#1817 = DIRECTION ( 'NONE',  ( 0.000000000000000000, 0.000000000000000000, 1.000000000000000000 ) ) ;
#1818 = EDGE_CURVE ( 'NONE', #1506, #2410, #464, .T. ) ;
#1819 = EDGE_CURVE ( 'NONE', #6026, #1463, #564, .T. ) ;
#1820 = CYLINDRICAL_SURFACE ( 'NONE', #902, 2.000000000000001776 ) ;
#1821 = DIRECTION ( 'NONE',  ( 1.288097321785393689E-16, -1.000000000000000000, 3.489072158099908472E-32 ) ) ;
#1822 = ORIENTED_EDGE ( 'NONE', *, *, #154, .T. ) ;
#1823 = CARTESIAN_POINT ( 'NONE',  ( -23.99999999999993605, -24.07015455142720128, 53.40000000000000568 ) ) ;
#1824 = ORIENTED_EDGE ( 'NONE', *, *, #5061, .F. ) ;
#1825 = VECTOR ( 'NONE', #394, 1000.000000000000000 ) ;
#1826 = CARTESIAN_POINT ( 'NONE',  ( -48.49999999999992184, -24.07015455142720484, 34.39999999999998437 ) ) ;
#1827 = ADVANCED_FACE ( 'NONE', ( #89 ), #6114, .F. ) ;
#1828 = AXIS2_PLACEMENT_3D ( 'NONE', #2194, #3272, #7207 ) ;
#1829 = EDGE_CURVE ( 'NONE', #3967, #1605, #3383, .T. ) ;
#1830 = EDGE_LOOP ( 'NONE', ( #1520, #2395, #6564, #3819 ) ) ;
#1831 = DIRECTION ( 'NONE',  ( 1.278526357607465097E-16, -1.000000000000000000, -5.022723014296544476E-18 ) ) ;
#1832 = FACE_OUTER_BOUND ( 'NONE', #5265, .T. ) ;
#1833 = LINE ( 'NONE', #4502, #2503 ) ;
#1834 = PLANE ( 'NONE',  #2134 ) ;
#1835 = ORIENTED_EDGE ( 'NONE', *, *, #1097, .F. ) ;
#1836 = ORIENTED_EDGE ( 'NONE', *, *, #1019, .T. ) ;
#1837 = AXIS2_PLACEMENT_3D ( 'NONE', #4158, #1380, #1020 ) ;
#1838 = DIRECTION ( 'NONE',  ( 0.000000000000000000, 0.000000000000000000, 1.000000000000000000 ) ) ;
#1839 = CARTESIAN_POINT ( 'NONE',  ( -5.499999999999935163, -25.87015455142720199, 15.69999999999999929 ) ) ;
#1840 = CARTESIAN_POINT ( 'NONE',  ( -87.89999999999992042, -24.07015455142721194, 34.39999999999999147 ) ) ;
#1841 = ORIENTED_EDGE ( 'NONE', *, *, #5411, .T. ) ;
#1842 = DIRECTION ( 'NONE',  ( 1.268935612889287343E-16, -1.000000000000000000, 2.469788560855558288E-32 ) ) ;
#1843 = ORIENTED_EDGE ( 'NONE', *, *, #4035, .T. ) ;
#1844 =( NAMED_UNIT ( * ) SI_UNIT ( $, .STERADIAN. ) SOLID_ANGLE_UNIT ( ) );
#1845 = CARTESIAN_POINT ( 'NONE',  ( -5.199999999999940670, -25.87015455142720199, -21.00000000000000000 ) ) ;
#1846 = LINE ( 'NONE', #5851, #2683 ) ;
#1847 = DIRECTION ( 'NONE',  ( -1.268935612889287343E-16, 1.000000000000000000, -2.469788560855558288E-32 ) ) ;
#1848 = ORIENTED_EDGE ( 'NONE', *, *, #3906, .T. ) ;
#1849 = DIRECTION ( 'NONE',  ( -1.540743955509788340E-33, -8.323527102631437622E-34, -1.000000000000000000 ) ) ;
#1850 = ORIENTED_EDGE ( 'NONE', *, *, #4351, .F. ) ;
#1851 = EDGE_CURVE ( 'NONE', #2888, #1702, #1667, .T. ) ;
#1852 = EDGE_CURVE ( 'NONE', #204, #2495, #672, .T. ) ;
#1853 = CARTESIAN_POINT ( 'NONE',  ( -53.19999999999992468, -25.87015455142720555, 56.89999999999998437 ) ) ;
#1854 = AXIS2_PLACEMENT_3D ( 'NONE', #1334, #3585, #5817 ) ;
#1855 = DIRECTION ( 'NONE',  ( -1.000000000000000000, 0.000000000000000000, 0.000000000000000000 ) ) ;
#1856 = EDGE_LOOP ( 'NONE', ( #6598, #6860, #623, #3759 ) ) ;
#1857 = CARTESIAN_POINT ( 'NONE',  ( -48.94999999999994600, -22.87015455142720555, -21.00000000000000000 ) ) ;
#1858 = VERTEX_POINT ( 'NONE', #1705 ) ;
#1859 = CARTESIAN_POINT ( 'NONE',  ( -6.449999999999938005, -25.87015455142720199, -2.500000000000000444 ) ) ;
#1860 = EDGE_CURVE ( 'NONE', #6378, #4599, #1295, .T. ) ;
#1861 = EDGE_CURVE ( 'NONE', #1605, #3967, #4325, .T. ) ;
#1862 = VERTEX_POINT ( 'NONE', #3341 ) ;
#1863 = CARTESIAN_POINT ( 'NONE',  ( -23.99999999999993605, -25.87015455142720555, 8.000000000000001776 ) ) ;
#1864 = DIRECTION ( 'NONE',  ( -1.268935612889287343E-16, 1.000000000000000000, -2.469788560855558288E-32 ) ) ;
#1865 = AXIS2_PLACEMENT_3D ( 'NONE', #5259, #1221, #4095 ) ;
#1866 = FACE_BOUND ( 'NONE', #6637, .T. ) ;
#1867 = CARTESIAN_POINT ( 'NONE',  ( -5.499999999999935163, -25.87015455142720199, 44.70000000000000284 ) ) ;
#1868 = VERTEX_POINT ( 'NONE', #6152 ) ;
#1869 = EDGE_CURVE ( 'NONE', #7074, #2661, #3396, .T. ) ;
#1870 = LINE ( 'NONE', #6314, #2944 ) ;
#1871 = CARTESIAN_POINT ( 'NONE',  ( -55.39999999999994884, -25.87015455142720910, -4.949188263117179308E-31 ) ) ;
#1872 = EDGE_LOOP ( 'NONE', ( #472, #2378 ) ) ;
#1873 = DIRECTION ( 'NONE',  ( 0.000000000000000000, 0.000000000000000000, -1.000000000000000000 ) ) ;
#1874 = EDGE_LOOP ( 'NONE', ( #5264, #1719, #3103, #2225 ) ) ;
#1875 = CIRCLE ( 'NONE', #5942, 3.000000000000002665 ) ;
#1876 = CARTESIAN_POINT ( 'NONE',  ( -79.39999999999994884, -22.87015455142721265, 13.95000000000000107 ) ) ;
#1877 = ORIENTED_EDGE ( 'NONE', *, *, #2394, .F. ) ;
#1878 = CIRCLE ( 'NONE', #3728, 8.000000000000000000 ) ;
#1879 = CARTESIAN_POINT ( 'NONE',  ( -27.49999999999993250, -25.87015455142720555, 23.00000000000000355 ) ) ;
#1880 = CARTESIAN_POINT ( 'NONE',  ( -16.49999999999993960, -22.87015455142720199, 53.19999999999999574 ) ) ;
#1881 = CARTESIAN_POINT ( 'NONE',  ( -48.94999999999994600, -25.87015455142720910, -2.500000000000000444 ) ) ;
#1882 = ORIENTED_EDGE ( 'NONE', *, *, #3459, .T. ) ;
#1883 = CARTESIAN_POINT ( 'NONE',  ( -71.89999999999994884, -24.07015455142720839, 8.399999999999998579 ) ) ;
#1884 = EDGE_LOOP ( 'NONE', ( #5950, #4247, #6735, #3151 ) ) ;
#1885 = VECTOR ( 'NONE', #576, 1000.000000000000000 ) ;
#1886 = VECTOR ( 'NONE', #1849, 1000.000000000000000 ) ;
#1887 = CARTESIAN_POINT ( 'NONE',  ( -60.39999999999995595, -22.87015455142720910, -37.50000000000000000 ) ) ;
#1888 = VECTOR ( 'NONE', #6719, 1000.000000000000000 ) ;
#1889 = CARTESIAN_POINT ( 'NONE',  ( -12.49999999999993072, -25.87015455142720199, 23.00000000000000355 ) ) ;
#1890 = VERTEX_POINT ( 'NONE', #5124 ) ;
#1891 = DIRECTION ( 'NONE',  ( 1.278526357607465097E-16, -1.000000000000000000, -5.022723014296544476E-18 ) ) ;
#1892 = ORIENTED_EDGE ( 'NONE', *, *, #5691, .T. ) ;
#1893 = FILL_AREA_STYLE_COLOUR ( '', #2711 ) ;
#1894 = CIRCLE ( 'NONE', #2011, 1.000000000000000888 ) ;
#1895 = AXIS2_PLACEMENT_3D ( 'NONE', #395, #3754, #5331 ) ;
#1896 = VERTEX_POINT ( 'NONE', #6219 ) ;
#1897 = EDGE_CURVE ( 'NONE', #4666, #5342, #5642, .T. ) ;
#1898 = EDGE_CURVE ( 'NONE', #6321, #695, #712, .T. ) ;
#1899 = DIRECTION ( 'NONE',  ( -1.000000000000000000, -1.268935612889287343E-16, 2.311115933264682682E-33 ) ) ;
#1900 = DIRECTION ( 'NONE',  ( 1.278526357607465097E-16, -1.000000000000000000, -5.022723014296544476E-18 ) ) ;
#1901 = VECTOR ( 'NONE', #6926, 1000.000000000000000 ) ;
#1902 = DIRECTION ( 'NONE',  ( 0.000000000000000000, 0.000000000000000000, -1.000000000000000000 ) ) ;
#1903 = DIRECTION ( 'NONE',  ( 1.268935612889287343E-16, -1.000000000000000000, -1.026341648675403128E-48 ) ) ;
#1904 = ORIENTED_EDGE ( 'NONE', *, *, #5070, .T. ) ;
#1905 = EDGE_CURVE ( 'NONE', #4418, #5008, #4909, .T. ) ;
#1906 = AXIS2_PLACEMENT_3D ( 'NONE', #3902, #6588, #2154 ) ;
#1907 = EDGE_CURVE ( 'NONE', #4338, #4750, #637, .T. ) ;
#1908 = CARTESIAN_POINT ( 'NONE',  ( -55.39999999999994884, -22.87015455142720910, -4.949188263117179308E-31 ) ) ;
#1909 = DIRECTION ( 'NONE',  ( -1.000000000000000000, -1.278526357607465097E-16, -6.608470384673551024E-16 ) ) ;
#1910 = EDGE_CURVE ( 'NONE', #1681, #3797, #4787, .T. ) ;
#1911 = ORIENTED_EDGE ( 'NONE', *, *, #5506, .T. ) ;
#1912 = CARTESIAN_POINT ( 'NONE',  ( -71.89999999999994884, -24.07015455142720839, -32.50000000000000000 ) ) ;
#1913 = CIRCLE ( 'NONE', #2834, 2.000000000000001776 ) ;
#1914 = ORIENTED_EDGE ( 'NONE', *, *, #5783, .T. ) ;
#1915 = ORIENTED_EDGE ( 'NONE', *, *, #3769, .T. ) ;
#1916 = CYLINDRICAL_SURFACE ( 'NONE', #1665, 1.250000000000001110 ) ;
#1917 = EDGE_LOOP ( 'NONE', ( #5566, #3810, #3727, #3951 ) ) ;
#1918 = VECTOR ( 'NONE', #3128, 1000.000000000000000 ) ;
#1919 = AXIS2_PLACEMENT_3D ( 'NONE', #4106, #1190, #3551 ) ;
#1920 = CARTESIAN_POINT ( 'NONE',  ( -19.99999999999995381, -25.87015455142720555, -10.00000000000000178 ) ) ;
#1921 = DIRECTION ( 'NONE',  ( -1.268935612889287343E-16, 1.000000000000000000, 1.026341648675403128E-48 ) ) ;
#1922 = ORIENTED_EDGE ( 'NONE', *, *, #3868, .F. ) ;
#1923 = CARTESIAN_POINT ( 'NONE',  ( -23.99999999999993605, -22.87015455142720199, 9.500000000000003553 ) ) ;
#1924 = ORIENTED_EDGE ( 'NONE', *, *, #3824, .T. ) ;
#1925 = AXIS2_PLACEMENT_3D ( 'NONE', #305, #860, #4763 ) ;
#1926 = DIRECTION ( 'NONE',  ( 1.369775700273876512E-16, -1.000000000000000000, 1.232595164407830672E-32 ) ) ;
#1927 = LINE ( 'NONE', #4153, #1453 ) ;
#1928 = ORIENTED_EDGE ( 'NONE', *, *, #4630, .F. ) ;
#1929 = CARTESIAN_POINT ( 'NONE',  ( -12.49999999999994138, -25.87015455142720199, 5.000000000000000000 ) ) ;
#1930 = ORIENTED_EDGE ( 'NONE', *, *, #2217, .F. ) ;
#1931 = AXIS2_PLACEMENT_3D ( 'NONE', #5021, #532, #2893 ) ;
#1932 = EDGE_CURVE ( 'NONE', #876, #1358, #2243, .T. ) ;
#1933 = ORIENTED_EDGE ( 'NONE', *, *, #6706, .F. ) ;
#1934 = LINE ( 'NONE', #1349, #1569 ) ;
#1935 = CARTESIAN_POINT ( 'NONE',  ( -35.49999999999993605, -22.87015455142720555, 5.000000000000000000 ) ) ;
#1936 = CYLINDRICAL_SURFACE ( 'NONE', #3337, 1.000000000000000888 ) ;
#1937 = DIRECTION ( 'NONE',  ( 0.000000000000000000, 0.000000000000000000, -1.000000000000000000 ) ) ;
#1938 = ORIENTED_EDGE ( 'NONE', *, *, #1118, .F. ) ;
#1939 = AXIS2_PLACEMENT_3D ( 'NONE', #3204, #6599, #1690 ) ;
#1940 = EDGE_CURVE ( 'NONE', #5809, #300, #5533, .T. ) ;
#1941 = DIRECTION ( 'NONE',  ( -2.311115933264671392E-33, -3.697785493223492838E-32, -1.000000000000000000 ) ) ;
#1942 = CARTESIAN_POINT ( 'NONE',  ( -71.89999999999994884, -22.87015455142720910, -29.50000000000000000 ) ) ;
#1943 = EDGE_LOOP ( 'NONE', ( #185, #1624, #4864, #4061 ) ) ;
#1944 = DIRECTION ( 'NONE',  ( 1.369775700273876512E-16, -1.000000000000000000, 1.232595164407830672E-32 ) ) ;
#1945 = ORIENTED_EDGE ( 'NONE', *, *, #5335, .F. ) ;
#1946 = ORIENTED_EDGE ( 'NONE', *, *, #6216, .F. ) ;
#1947 = DIRECTION ( 'NONE',  ( -2.311115933264673102E-33, -2.469788560855558288E-32, -1.000000000000000000 ) ) ;
#1948 = AXIS2_PLACEMENT_3D ( 'NONE', #1156, #3774, #6112 ) ;
#1949 = EDGE_CURVE ( 'NONE', #2380, #3578, #3035, .T. ) ;
#1950 = ADVANCED_FACE ( 'NONE', ( #6898 ), #2966, .F. ) ;
#1951 = ORIENTED_EDGE ( 'NONE', *, *, #1066, .T. ) ;
#1952 = DIRECTION ( 'NONE',  ( -1.278526357607465097E-16, 1.000000000000000000, 5.022723014296544476E-18 ) ) ;
#1953 = AXIS2_PLACEMENT_3D ( 'NONE', #6475, #6589, #2079 ) ;
#1954 = CARTESIAN_POINT ( 'NONE',  ( -51.44999999999994600, -25.87015455142720910, -21.00000000000000000 ) ) ;
#1955 = ORIENTED_EDGE ( 'NONE', *, *, #5567, .T. ) ;
#1956 = FACE_BOUND ( 'NONE', #1518, .T. ) ;
#1957 = VERTEX_POINT ( 'NONE', #3072 ) ;
#1958 = EDGE_CURVE ( 'NONE', #6537, #5507, #159, .T. ) ;
#1959 = AXIS2_PLACEMENT_3D ( 'NONE', #3624, #785, #714 ) ;
#1960 = CARTESIAN_POINT ( 'NONE',  ( -44.39999999999994174, -24.07015455142720839, -13.50000000000000533 ) ) ;
#1961 = DIRECTION ( 'NONE',  ( 1.268935612889287343E-16, -1.000000000000000000, 2.469788560855558288E-32 ) ) ;
#1962 = DIRECTION ( 'NONE',  ( 0.000000000000000000, -5.022723014296612268E-18, 1.000000000000000000 ) ) ;
#1963 = ORIENTED_EDGE ( 'NONE', *, *, #2573, .T. ) ;
#1964 = DIRECTION ( 'NONE',  ( -1.268935612889287343E-16, 1.000000000000000000, 1.026341648675403128E-48 ) ) ;
#1965 = VERTEX_POINT ( 'NONE', #4071 ) ;
#1966 = ORIENTED_EDGE ( 'NONE', *, *, #2376, .T. ) ;
#1967 = LINE ( 'NONE', #1415, #3761 ) ;
#1968 = CIRCLE ( 'NONE', #2533, 1.000000000000000888 ) ;
#1969 = VERTEX_POINT ( 'NONE', #4108 ) ;
#1970 = FACE_OUTER_BOUND ( 'NONE', #6287, .T. ) ;
#1971 = LINE ( 'NONE', #6479, #2061 ) ;
#1972 = CARTESIAN_POINT ( 'NONE',  ( -90.69999999999991758, -25.87015455142721265, 23.39999999999999147 ) ) ;
#1973 = ORIENTED_EDGE ( 'NONE', *, *, #2281, .T. ) ;
#1974 = VECTOR ( 'NONE', #6639, 1000.000000000000000 ) ;
#1975 = VECTOR ( 'NONE', #3542, 1000.000000000000000 ) ;
#1976 = LINE ( 'NONE', #5875, #1918 ) ;
#1977 = DIRECTION ( 'NONE',  ( -1.268935612889287343E-16, 1.000000000000000000, -2.469788560855558288E-32 ) ) ;
#1978 = ORIENTED_EDGE ( 'NONE', *, *, #4415, .T. ) ;
#1979 = DIRECTION ( 'NONE',  ( -1.268935612889287343E-16, 1.000000000000000000, -2.469788560855558288E-32 ) ) ;
#1980 = LINE ( 'NONE', #1535, #3626 ) ;
#1981 = ORIENTED_EDGE ( 'NONE', *, *, #2043, .T. ) ;
#1982 = ORIENTED_EDGE ( 'NONE', *, *, #5363, .F. ) ;
#1983 = DIRECTION ( 'NONE',  ( -1.288097321785393689E-16, 1.000000000000000000, -3.489072158099908472E-32 ) ) ;
#1984 = EDGE_CURVE ( 'NONE', #5479, #357, #4336, .T. ) ;
#1985 = CIRCLE ( 'NONE', #2227, 2.000000000000000000 ) ;
#1986 = ORIENTED_EDGE ( 'NONE', *, *, #2177, .F. ) ;
#1987 = DIRECTION ( 'NONE',  ( -1.288097321785393689E-16, 1.000000000000000000, -3.489072158099908472E-32 ) ) ;
#1988 = VECTOR ( 'NONE', #7124, 1000.000000000000000 ) ;
#1989 = EDGE_CURVE ( 'NONE', #2527, #3853, #4564, .T. ) ;
#1990 = EDGE_CURVE ( 'NONE', #6015, #5324, #5712, .T. ) ;
#1991 = DIRECTION ( 'NONE',  ( 1.000000000000000000, 0.000000000000000000, 0.000000000000000000 ) ) ;
#1992 = VERTEX_POINT ( 'NONE', #5203 ) ;
#1993 = CARTESIAN_POINT ( 'NONE',  ( -79.39999999999994884, -25.87015455142721265, -33.54999999999999716 ) ) ;
#1994 = ORIENTED_EDGE ( 'NONE', *, *, #1408, .T. ) ;
#1995 = EDGE_CURVE ( 'NONE', #3083, #882, #1765, .T. ) ;
#1996 = CARTESIAN_POINT ( 'NONE',  ( -53.39999999999994884, -22.87015455142720910, -2.000000000000000444 ) ) ;
#1997 = DIRECTION ( 'NONE',  ( 1.000000000000000000, 0.000000000000000000, 0.000000000000000000 ) ) ;
#1998 = EDGE_CURVE ( 'NONE', #958, #1402, #596, .T. ) ;
#1999 = LINE ( 'NONE', #1889, #6228 ) ;
#2000 = EDGE_CURVE ( 'NONE', #2888, #4110, #6357, .T. ) ;
#2001 = ORIENTED_EDGE ( 'NONE', *, *, #1984, .F. ) ;
#2002 = DIRECTION ( 'NONE',  ( 1.000000000000000000, 0.000000000000000000, 0.000000000000000000 ) ) ;
#2003 = VERTEX_POINT ( 'NONE', #3554 ) ;
#2004 = VERTEX_POINT ( 'NONE', #1367 ) ;
#2005 = CARTESIAN_POINT ( 'NONE',  ( -75.39999999999994884, -25.87015455142721265, 5.899999999999997691 ) ) ;
#2006 = CIRCLE ( 'NONE', #352, 1.500000000000001332 ) ;
#2007 = ORIENTED_EDGE ( 'NONE', *, *, #2177, .T. ) ;
#2008 = LINE ( 'NONE', #2464, #4249 ) ;
#2009 = FACE_BOUND ( 'NONE', #3588, .T. ) ;
#2010 = CARTESIAN_POINT ( 'NONE',  ( -75.53758619217045123, -22.87015455142720910, 20.89999999999998792 ) ) ;
#2011 = AXIS2_PLACEMENT_3D ( 'NONE', #3334, #6751, #6642 ) ;
#2012 = ORIENTED_EDGE ( 'NONE', *, *, #5616, .T. ) ;
#2013 = AXIS2_PLACEMENT_3D ( 'NONE', #916, #2018, #433 ) ;
#2014 = DIRECTION ( 'NONE',  ( 2.311115933264673102E-33, 2.469788560855558288E-32, 1.000000000000000000 ) ) ;
#2015 = DIRECTION ( 'NONE',  ( 1.278526357607465097E-16, -1.000000000000000000, -5.022723014296612268E-18 ) ) ;
#2016 = ORIENTED_EDGE ( 'NONE', *, *, #6083, .F. ) ;
#2017 = LINE ( 'NONE', #6256, #7042 ) ;
#2018 = DIRECTION ( 'NONE',  ( 1.000000000000000000, 1.288097321785393689E-16, -2.081668171172168513E-17 ) ) ;
#2019 = ORIENTED_EDGE ( 'NONE', *, *, #6754, .T. ) ;
#2020 = DIRECTION ( 'NONE',  ( 1.268935612889287343E-16, -1.000000000000000000, 2.469788560855558288E-32 ) ) ;
#2021 = ORIENTED_EDGE ( 'NONE', *, *, #1203, .T. ) ;
#2022 = VERTEX_POINT ( 'NONE', #4722 ) ;
#2023 = CIRCLE ( 'NONE', #6094, 1.250000000000001110 ) ;
#2024 = ORIENTED_EDGE ( 'NONE', *, *, #1723, .T. ) ;
#2025 = VECTOR ( 'NONE', #6679, 1000.000000000000000 ) ;
#2026 = CARTESIAN_POINT ( 'NONE',  ( -2.499999999999939604, -22.87015455142719844, 13.00000000000000178 ) ) ;
#2027 = LINE ( 'NONE', #3254, #5269 ) ;
#2028 = ORIENTED_EDGE ( 'NONE', *, *, #6569, .T. ) ;
#2029 = FACE_BOUND ( 'NONE', #5882, .T. ) ;
#2030 = ORIENTED_EDGE ( 'NONE', *, *, #4181, .T. ) ;
#2031 = AXIS2_PLACEMENT_3D ( 'NONE', #1792, #654, #3461 ) ;
#2032 = EDGE_CURVE ( 'NONE', #933, #6969, #6385, .T. ) ;
#2033 = EDGE_CURVE ( 'NONE', #112, #897, #6932, .T. ) ;
#2034 = PLANE ( 'NONE',  #5102 ) ;
#2035 = PLANE ( 'NONE',  #428 ) ;
#2036 = EDGE_CURVE ( 'NONE', #1868, #3760, #2930, .T. ) ;
#2037 = LINE ( 'NONE', #338, #5998 ) ;
#2038 = VECTOR ( 'NONE', #105, 1000.000000000000000 ) ;
#2039 = ORIENTED_EDGE ( 'NONE', *, *, #1180, .F. ) ;
#2040 = ORIENTED_EDGE ( 'NONE', *, *, #4743, .T. ) ;
#2041 = EDGE_LOOP ( 'NONE', ( #264, #3321 ) ) ;
#2042 = CARTESIAN_POINT ( 'NONE',  ( -23.99999999999993605, -24.07015455142720128, 50.39999999999999858 ) ) ;
#2043 = EDGE_CURVE ( 'NONE', #3214, #1184, #1846, .T. ) ;
#2044 = CIRCLE ( 'NONE', #6116, 1.250000000000001110 ) ;
#2045 = EDGE_CURVE ( 'NONE', #5484, #6405, #5257, .T. ) ;
#2046 = CARTESIAN_POINT ( 'NONE',  ( -75.39999999999994884, -15.87015455142721088, -17.49999999999998934 ) ) ;
#2047 = DIRECTION ( 'NONE',  ( 1.000000000000000000, 0.000000000000000000, 0.000000000000000000 ) ) ;
#2048 = FACE_BOUND ( 'NONE', #5609, .T. ) ;
#2049 = DIRECTION ( 'NONE',  ( 1.278526357607465097E-16, -1.000000000000000000, -5.022723014296544476E-18 ) ) ;
#2050 = EDGE_CURVE ( 'NONE', #6445, #7074, #6289, .T. ) ;
#2051 = DIRECTION ( 'NONE',  ( -1.278526357607465097E-16, 1.000000000000000000, 5.022723014296544476E-18 ) ) ;
#2052 = CARTESIAN_POINT ( 'NONE',  ( -79.39999999999994884, -25.87015455142721265, -31.04999999999999716 ) ) ;
#2053 = ORIENTED_EDGE ( 'NONE', *, *, #75, .T. ) ;
#2054 = CARTESIAN_POINT ( 'NONE',  ( -1.999999999999939382, -22.87015455142720199, 48.40000000000000568 ) ) ;
#2055 = CARTESIAN_POINT ( 'NONE',  ( -35.49999999999993605, -22.87015455142720555, 58.39999999999999858 ) ) ;
#2056 = ORIENTED_EDGE ( 'NONE', *, *, #4267, .T. ) ;
#2057 = ORIENTED_EDGE ( 'NONE', *, *, #5286, .F. ) ;
#2058 = CARTESIAN_POINT ( 'NONE',  ( -4.499999999999934275, -22.87015455142719844, 16.69999999999999929 ) ) ;
#2059 = CIRCLE ( 'NONE', #4270, 8.000000000000000000 ) ;
#2060 = ORIENTED_EDGE ( 'NONE', *, *, #741, .T. ) ;
#2061 = VECTOR ( 'NONE', #797, 1000.000000000000000 ) ;
#2062 = DIRECTION ( 'NONE',  ( 1.000000000000000000, 0.000000000000000000, 0.000000000000000000 ) ) ;
#2063 = LINE ( 'NONE', #2710, #6407 ) ;
#2064 = VERTEX_POINT ( 'NONE', #5233 ) ;
#2065 = DIRECTION ( 'NONE',  ( 1.268935612889287343E-16, -1.000000000000000000, 2.469788560855558288E-32 ) ) ;
#2066 = ADVANCED_FACE ( 'NONE', ( #1261 ), #5752, .F. ) ;
#2067 = ORIENTED_EDGE ( 'NONE', *, *, #2179, .F. ) ;
#2068 = DIRECTION ( 'NONE',  ( 1.278526357607465097E-16, -1.000000000000000000, -5.022723014296544476E-18 ) ) ;
#2069 = VECTOR ( 'NONE', #6695, 1000.000000000000000 ) ;
#2070 = DIRECTION ( 'NONE',  ( 1.268935612889287343E-16, -1.000000000000000000, 3.697785493223492838E-32 ) ) ;
#2071 = PLANE ( 'NONE',  #166 ) ;
#2072 = ORIENTED_EDGE ( 'NONE', *, *, #2228, .T. ) ;
#2073 = EDGE_CURVE ( 'NONE', #6866, #293, #225, .T. ) ;
#2074 = ORIENTED_EDGE ( 'NONE', *, *, #6778, .F. ) ;
#2075 = ORIENTED_EDGE ( 'NONE', *, *, #2694, .F. ) ;
#2076 = LINE ( 'NONE', #2190, #496 ) ;
#2077 = VECTOR ( 'NONE', #1555, 1000.000000000000000 ) ;
#2078 = EDGE_CURVE ( 'NONE', #6641, #6788, #2063, .T. ) ;
#2079 = DIRECTION ( 'NONE',  ( 0.000000000000000000, 0.000000000000000000, 1.000000000000000000 ) ) ;
#2080 = AXIS2_PLACEMENT_3D ( 'NONE', #671, #4721, #6356 ) ;
#2081 = VECTOR ( 'NONE', #1703, 1000.000000000000000 ) ;
#2082 = CARTESIAN_POINT ( 'NONE',  ( -58.39999999999994884, -22.87015455142720910, 17.89999999999999858 ) ) ;
#2083 = EDGE_CURVE ( 'NONE', #3634, #1661, #6986, .T. ) ;
#2084 = CARTESIAN_POINT ( 'NONE',  ( -16.49999999999993960, -25.87015455142720199, 53.19999999999999574 ) ) ;
#2085 = CARTESIAN_POINT ( 'NONE',  ( -50.19999999999994600, -25.87015455142720910, -21.00000000000000000 ) ) ;
#2086 = CARTESIAN_POINT ( 'NONE',  ( -2.499999999999939604, -22.87015455142719844, 15.69999999999999929 ) ) ;
#2087 = CARTESIAN_POINT ( 'NONE',  ( -1.999999999999939382, -22.87015455142720199, -2.000000000000000444 ) ) ;
#2088 = ORIENTED_EDGE ( 'NONE', *, *, #412, .F. ) ;
#2089 = CARTESIAN_POINT ( 'NONE',  ( -95.89999999999996305, -25.87015455142721265, 7.899999999999999467 ) ) ;
#2090 = CARTESIAN_POINT ( 'NONE',  ( -60.89999999999995595, -25.87015455142720910, 12.69999999999999929 ) ) ;
#2091 = ADVANCED_FACE ( 'NONE', ( #5483 ), #6423, .F. ) ;
#2092 = ORIENTED_EDGE ( 'NONE', *, *, #2033, .T. ) ;
#2093 = CYLINDRICAL_SURFACE ( 'NONE', #3052, 2.000000000000000000 ) ;
#2094 = ORIENTED_EDGE ( 'NONE', *, *, #4181, .F. ) ;
#2095 = ORIENTED_EDGE ( 'NONE', *, *, #6093, .F. ) ;
#2096 = LINE ( 'NONE', #1545, #1434 ) ;
#2097 = DIRECTION ( 'NONE',  ( 1.278526357607465097E-16, -1.000000000000000000, -5.022723014296544476E-18 ) ) ;
#2098 = DIRECTION ( 'NONE',  ( 0.000000000000000000, 0.000000000000000000, -1.000000000000000000 ) ) ;
#2099 = VERTEX_POINT ( 'NONE', #1041 ) ;
#2100 = VECTOR ( 'NONE', #4430, 1000.000000000000000 ) ;
#2101 = DIRECTION ( 'NONE',  ( -1.278526357607465097E-16, 1.000000000000000000, 5.022723014296544476E-18 ) ) ;
#2102 = EDGE_LOOP ( 'NONE', ( #846, #5828 ) ) ;
#2103 = LINE ( 'NONE', #1478, #437 ) ;
#2104 = DIRECTION ( 'NONE',  ( 1.278526357607465097E-16, -1.000000000000000000, -5.022723014296544476E-18 ) ) ;
#2105 = DIRECTION ( 'NONE',  ( 0.000000000000000000, 0.000000000000000000, -1.000000000000000000 ) ) ;
#2106 = DIRECTION ( 'NONE',  ( 1.268935612889287343E-16, -1.000000000000000000, 2.469788560855558288E-32 ) ) ;
#2107 = ORIENTED_EDGE ( 'NONE', *, *, #963, .F. ) ;
#2108 = ORIENTED_EDGE ( 'NONE', *, *, #599, .F. ) ;
#2109 = ORIENTED_EDGE ( 'NONE', *, *, #3954, .F. ) ;
#2110 = CARTESIAN_POINT ( 'NONE',  ( -75.53758619217045123, -25.87015455142721265, 17.89999999999999858 ) ) ;
#2111 = CIRCLE ( 'NONE', #348, 2.000000000000000000 ) ;
#2112 = CARTESIAN_POINT ( 'NONE',  ( -75.53758619217045123, -22.87015455142721265, 19.39999999999999503 ) ) ;
#2113 = AXIS2_PLACEMENT_3D ( 'NONE', #483, #3654, #1547 ) ;
#2114 = CARTESIAN_POINT ( 'NONE',  ( 6.245004513516505540E-14, -22.87015455142719844, 13.00000000000000178 ) ) ;
#2115 = CARTESIAN_POINT ( 'NONE',  ( -12.49999999999994138, -22.87015455142720199, 3.000000000000000000 ) ) ;
#2116 = CARTESIAN_POINT ( 'NONE',  ( -1.999999999999939382, -22.87015455142719844, 15.00000000000000000 ) ) ;
#2117 = ORIENTED_EDGE ( 'NONE', *, *, #1898, .T. ) ;
#2118 = AXIS2_PLACEMENT_3D ( 'NONE', #4731, #1014, #5092 ) ;
#2119 = CIRCLE ( 'NONE', #132, 1.250000000000001110 ) ;
#2120 = EDGE_CURVE ( 'NONE', #5316, #5997, #5030, .T. ) ;
#2121 = ADVANCED_FACE ( 'NONE', ( #3805 ), #5921, .F. ) ;
#2122 = CARTESIAN_POINT ( 'NONE',  ( -23.99999999999993605, -24.07015455142720128, 53.40000000000000568 ) ) ;
#2123 = CIRCLE ( 'NONE', #1776, 1.250000000000001110 ) ;
#2124 = EDGE_CURVE ( 'NONE', #2334, #900, #5447, .T. ) ;
#2125 = VECTOR ( 'NONE', #4090, 1000.000000000000000 ) ;
#2126 = VERTEX_POINT ( 'NONE', #2556 ) ;
#2127 = FACE_OUTER_BOUND ( 'NONE', #1733, .T. ) ;
#2128 = DIRECTION ( 'NONE',  ( 1.000000000000000000, 0.000000000000000000, 0.000000000000000000 ) ) ;
#2129 = ORIENTED_EDGE ( 'NONE', *, *, #6578, .T. ) ;
#2130 = ORIENTED_EDGE ( 'NONE', *, *, #2871, .F. ) ;
#2131 = CARTESIAN_POINT ( 'NONE',  ( -75.39999999999994884, -22.87015455142720910, 5.899999999999997691 ) ) ;
#2132 = EDGE_LOOP ( 'NONE', ( #2308, #6750 ) ) ;
#2133 = VECTOR ( 'NONE', #2020, 1000.000000000000000 ) ;
#2134 = AXIS2_PLACEMENT_3D ( 'NONE', #1318, #3534, #6307 ) ;
#2135 = EDGE_CURVE ( 'NONE', #5440, #256, #6189, .T. ) ;
#2136 = EDGE_CURVE ( 'NONE', #6539, #3678, #349, .T. ) ;
#2137 = VERTEX_POINT ( 'NONE', #960 ) ;
#2138 = CARTESIAN_POINT ( 'NONE',  ( -19.99999999999995381, -22.87015455142720555, -2.000000000000000444 ) ) ;
#2139 = DIRECTION ( 'NONE',  ( -1.268935612889287343E-16, 1.000000000000000000, -2.469788560855558288E-32 ) ) ;
#2140 = DIRECTION ( 'NONE',  ( 1.268935612889287343E-16, -1.000000000000000000, 2.469788560855558288E-32 ) ) ;
#2141 = AXIS2_PLACEMENT_3D ( 'NONE', #1635, #5971, #2756 ) ;
#2142 = ORIENTED_EDGE ( 'NONE', *, *, #2045, .F. ) ;
#2143 = FACE_OUTER_BOUND ( 'NONE', #4593, .T. ) ;
#2144 = ORIENTED_EDGE ( 'NONE', *, *, #741, .F. ) ;
#2145 = AXIS2_PLACEMENT_3D ( 'NONE', #1219, #698, #6715 ) ;
#2146 = CARTESIAN_POINT ( 'NONE',  ( -60.49999999999992895, -22.87015455142720555, 22.89999999999999147 ) ) ;
#2147 = DIRECTION ( 'NONE',  ( -2.311115933264671392E-33, -3.697785493223492838E-32, -1.000000000000000000 ) ) ;
#2148 = DIRECTION ( 'NONE',  ( -1.288097321785393689E-16, 1.000000000000000000, -3.489072158099908472E-32 ) ) ;
#2149 = CARTESIAN_POINT ( 'NONE',  ( -23.99999999999993605, -24.07015455142720128, 50.39999999999999858 ) ) ;
#2150 = VERTEX_POINT ( 'NONE', #6574 ) ;
#2151 = ORIENTED_EDGE ( 'NONE', *, *, #633, .T. ) ;
#2152 = ORIENTED_EDGE ( 'NONE', *, *, #1729, .F. ) ;
#2153 = AXIS2_PLACEMENT_3D ( 'NONE', #4814, #6482, #5223 ) ;
#2154 = DIRECTION ( 'NONE',  ( -1.000000000000000000, 0.000000000000000000, 0.000000000000000000 ) ) ;
#2155 = AXIS2_PLACEMENT_3D ( 'NONE', #760, #6442, #2981 ) ;
#2156 = CARTESIAN_POINT ( 'NONE',  ( -23.99999999999993605, -25.87015455142720555, 53.40000000000000568 ) ) ;
#2157 = CARTESIAN_POINT ( 'NONE',  ( -46.94999999999992468, -22.87015455142720555, 23.39999999999998792 ) ) ;
#2158 = DIRECTION ( 'NONE',  ( -1.000000000000000000, -1.268935612889287343E-16, 2.311115933264676181E-33 ) ) ;
#2159 = CARTESIAN_POINT ( 'NONE',  ( -85.39999999999994884, -22.87015455142721265, -35.50000000000000711 ) ) ;
#2160 = EDGE_LOOP ( 'NONE', ( #3067, #3780, #5864, #841 ) ) ;
#2161 = ORIENTED_EDGE ( 'NONE', *, *, #2499, .T. ) ;
#2162 = CARTESIAN_POINT ( 'NONE',  ( -91.39999999999994884, -25.87015455142721265, 5.200000000000000178 ) ) ;
#2163 = CARTESIAN_POINT ( 'NONE',  ( -82.19999999999991758, -25.87015455142721265, 52.89999999999999147 ) ) ;
#2164 = EDGE_LOOP ( 'NONE', ( #3880, #2001 ) ) ;
#2165 = CARTESIAN_POINT ( 'NONE',  ( -75.89999999999990621, -15.87015455142721088, 30.89999999999999147 ) ) ;
#2166 = CARTESIAN_POINT ( 'NONE',  ( -43.39999999999994884, -25.87015455142720910, -10.00000000000000178 ) ) ;
#2167 = ORIENTED_EDGE ( 'NONE', *, *, #827, .T. ) ;
#2168 = VERTEX_POINT ( 'NONE', #4288 ) ;
#2169 = EDGE_CURVE ( 'NONE', #6539, #434, #443, .T. ) ;
#2170 = CARTESIAN_POINT ( 'NONE',  ( -87.89999999999992042, -24.07015455142721194, 34.39999999999999147 ) ) ;
#2171 = EDGE_CURVE ( 'NONE', #6683, #5196, #924, .T. ) ;
#2172 = EDGE_LOOP ( 'NONE', ( #3607, #1759 ) ) ;
#2173 = LINE ( 'NONE', #4941, #5757 ) ;
#2174 = CARTESIAN_POINT ( 'NONE',  ( -2.499999999999939604, -25.87015455142720199, 5.000000000000000888 ) ) ;
#2175 = DIRECTION ( 'NONE',  ( 1.288097321785393689E-16, -1.000000000000000000, 3.489072158099908472E-32 ) ) ;
#2176 = ORIENTED_EDGE ( 'NONE', *, *, #6261, .F. ) ;
#2177 = EDGE_CURVE ( 'NONE', #4188, #3530, #474, .T. ) ;
#2178 = CARTESIAN_POINT ( 'NONE',  ( -90.39999999999994884, -25.87015455142721265, -23.79999999999999361 ) ) ;
#2179 = EDGE_CURVE ( 'NONE', #4599, #6378, #4341, .T. ) ;
#2180 = EDGE_LOOP ( 'NONE', ( #3102, #5010, #3029, #6434 ) ) ;
#2181 = CIRCLE ( 'NONE', #7164, 1.250000000000001110 ) ;
#2182 = CARTESIAN_POINT ( 'NONE',  ( -34.99999999999993605, -25.87015455142720555, 9.449999999999999289 ) ) ;
#2183 = DIRECTION ( 'NONE',  ( -1.288097321785393689E-16, 1.000000000000000000, -3.489072158099908472E-32 ) ) ;
#2184 = CYLINDRICAL_SURFACE ( 'NONE', #3608, 1.249999999999997558 ) ;
#2185 = PLANE ( 'NONE',  #2382 ) ;
#2186 = ORIENTED_EDGE ( 'NONE', *, *, #4267, .F. ) ;
#2187 = ORIENTED_EDGE ( 'NONE', *, *, #2430, .T. ) ;
#2188 = ORIENTED_EDGE ( 'NONE', *, *, #5275, .F. ) ;
#2189 = EDGE_CURVE ( 'NONE', #6652, #4764, #830, .T. ) ;
#2190 = CARTESIAN_POINT ( 'NONE',  ( -94.39999999999996305, -25.87015455142721265, -24.80000000000000426 ) ) ;
#2191 = AXIS2_PLACEMENT_3D ( 'NONE', #1996, #2563, #3185 ) ;
#2192 = CARTESIAN_POINT ( 'NONE',  ( -16.49999999999993960, -25.87015455142720199, 51.94999999999999574 ) ) ;
#2193 = CARTESIAN_POINT ( 'NONE',  ( -1.999999999999932498, -22.87015455142720199, -27.00000000000001066 ) ) ;
#2194 = CARTESIAN_POINT ( 'NONE',  ( -35.39999999999994884, -22.87015455142720555, -10.00000000000000178 ) ) ;
#2195 = DIRECTION ( 'NONE',  ( -1.000000000000000000, -1.278526357607465097E-16, 0.000000000000000000 ) ) ;
#2196 = EDGE_LOOP ( 'NONE', ( #3112, #5406, #2734, #7047 ) ) ;
#2197 = ORIENTED_EDGE ( 'NONE', *, *, #775, .F. ) ;
#2198 = AXIS2_PLACEMENT_3D ( 'NONE', #6973, #2564, #6001 ) ;
#2199 = DIRECTION ( 'NONE',  ( 1.278526357607465097E-16, -1.000000000000000000, -5.022723014296544476E-18 ) ) ;
#2200 = CARTESIAN_POINT ( 'NONE',  ( 6.245004513516505540E-14, -22.87015455142719844, 3.000000000000000000 ) ) ;
#2201 = EDGE_LOOP ( 'NONE', ( #5234, #1006, #3713, #4670 ) ) ;
#2202 = DIRECTION ( 'NONE',  ( -1.288097321785393689E-16, 1.000000000000000000, -3.489072158099908472E-32 ) ) ;
#2203 = CARTESIAN_POINT ( 'NONE',  ( -53.39999999999994884, -22.87015455142720910, -27.00000000000000355 ) ) ;
#2204 = ORIENTED_EDGE ( 'NONE', *, *, #4585, .T. ) ;
#2205 = VERTEX_POINT ( 'NONE', #2596 ) ;
#2206 = CIRCLE ( 'NONE', #678, 2.000000000000001776 ) ;
#2207 = PRODUCT_DEFINITION_SHAPE ( 'NONE', 'NONE',  #2449 ) ;
#2208 = DIRECTION ( 'NONE',  ( 2.311115933264671392E-33, 3.697785493223492838E-32, 1.000000000000000000 ) ) ;
#2209 = CARTESIAN_POINT ( 'NONE',  ( -94.39999999999996305, -22.87015455142721265, 5.200000000000000178 ) ) ;
#2210 = DIRECTION ( 'NONE',  ( 1.278526357607465097E-16, -1.000000000000000000, -5.022723014296544476E-18 ) ) ;
#2211 = CARTESIAN_POINT ( 'NONE',  ( -48.94999999999994600, -25.87015455142720910, -21.00000000000000000 ) ) ;
#2212 = EDGE_LOOP ( 'NONE', ( #1353, #4169, #2016, #4972 ) ) ;
#2213 = EDGE_CURVE ( 'NONE', #503, #5194, #3398, .T. ) ;
#2214 = CYLINDRICAL_SURFACE ( 'NONE', #5961, 2.000000000000001776 ) ;
#2215 = ORIENTED_EDGE ( 'NONE', *, *, #2780, .F. ) ;
#2216 = DIRECTION ( 'NONE',  ( -1.288097321785393689E-16, 1.000000000000000000, -3.489072158099908472E-32 ) ) ;
#2217 = EDGE_CURVE ( 'NONE', #1345, #2790, #2027, .T. ) ;
#2218 = EDGE_CURVE ( 'NONE', #1475, #6091, #248, .T. ) ;
#2219 = DIRECTION ( 'NONE',  ( 1.268935612889287343E-16, -1.000000000000000000, -1.026341648675403128E-48 ) ) ;
#2220 = DIRECTION ( 'NONE',  ( 1.000000000000000000, 0.000000000000000000, 0.000000000000000000 ) ) ;
#2221 = DIRECTION ( 'NONE',  ( 1.000000000000000000, 0.000000000000000000, 0.000000000000000000 ) ) ;
#2222 = EDGE_CURVE ( 'NONE', #6703, #3263, #2692, .T. ) ;
#2223 = ORIENTED_EDGE ( 'NONE', *, *, #5275, .T. ) ;
#2224 = CARTESIAN_POINT ( 'NONE',  ( -34.99999999999993605, -22.87015455142720555, 6.949999999999998401 ) ) ;
#2225 = ORIENTED_EDGE ( 'NONE', *, *, #5920, .F. ) ;
#2226 = CYLINDRICAL_SURFACE ( 'NONE', #1906, 2.000000000000001776 ) ;
#2227 = AXIS2_PLACEMENT_3D ( 'NONE', #3242, #3354, #4353 ) ;
#2228 = EDGE_CURVE ( 'NONE', #1289, #182, #2633, .T. ) ;
#2229 = CYLINDRICAL_SURFACE ( 'NONE', #6146, 1.499999999999999556 ) ;
#2230 = DIRECTION ( 'NONE',  ( -1.268935612889287343E-16, 1.000000000000000000, 1.026341648675403128E-48 ) ) ;
#2231 = LINE ( 'NONE', #1640, #770 ) ;
#2232 = DIRECTION ( 'NONE',  ( -2.311115933264671392E-33, -3.697785493223492838E-32, -1.000000000000000000 ) ) ;
#2233 = ORIENTED_EDGE ( 'NONE', *, *, #1761, .F. ) ;
#2234 = ORIENTED_EDGE ( 'NONE', *, *, #3537, .F. ) ;
#2235 = VECTOR ( 'NONE', #5966, 1000.000000000000000 ) ;
#2236 = CARTESIAN_POINT ( 'NONE',  ( -42.49999999999992895, -25.87015455142720555, 47.89999999999998437 ) ) ;
#2237 = DIRECTION ( 'NONE',  ( 0.000000000000000000, 0.000000000000000000, -1.000000000000000000 ) ) ;
#2238 = ORIENTED_EDGE ( 'NONE', *, *, #5858, .T. ) ;
#2239 = CARTESIAN_POINT ( 'NONE',  ( -45.49999999999992184, -25.87015455142720555, 34.39999999999998437 ) ) ;
#2240 = DIRECTION ( 'NONE',  ( 0.000000000000000000, 0.000000000000000000, -1.000000000000000000 ) ) ;
#2241 = AXIS2_PLACEMENT_3D ( 'NONE', #2913, #212, #3464 ) ;
#2242 = ORIENTED_EDGE ( 'NONE', *, *, #1860, .F. ) ;
#2243 = CIRCLE ( 'NONE', #6532, 1.250000000000001110 ) ;
#2244 = AXIS2_PLACEMENT_3D ( 'NONE', #3118, #1964, #2002 ) ;
#2245 = AXIS2_PLACEMENT_3D ( 'NONE', #556, #4404, #6607 ) ;
#2246 = CARTESIAN_POINT ( 'NONE',  ( -58.39999999999994884, -22.87015455142720910, 15.89999999999999680 ) ) ;
#2247 = DIRECTION ( 'NONE',  ( 1.000000000000000000, 0.000000000000000000, 0.000000000000000000 ) ) ;
#2248 = DIRECTION ( 'NONE',  ( -1.288097321785393689E-16, 1.000000000000000000, -3.489072158099908472E-32 ) ) ;
#2249 = ORIENTED_EDGE ( 'NONE', *, *, #751, .F. ) ;
#2250 = LINE ( 'NONE', #1154, #4575 ) ;
#2251 = ORIENTED_EDGE ( 'NONE', *, *, #5150, .F. ) ;
#2252 = CIRCLE ( 'NONE', #2453, 1.000000000000000888 ) ;
#2253 = LINE ( 'NONE', #2672, #303 ) ;
#2254 = CIRCLE ( 'NONE', #6664, 1.500000000000001332 ) ;
#2255 = DIRECTION ( 'NONE',  ( 1.000000000000000000, 1.268935612889287343E-16, -2.311115933264680629E-33 ) ) ;
#2256 = VERTEX_POINT ( 'NONE', #1183 ) ;
#2257 = CARTESIAN_POINT ( 'NONE',  ( -46.94999999999992468, -25.87015455142720555, 23.39999999999998792 ) ) ;
#2258 = VERTEX_POINT ( 'NONE', #4511 ) ;
#2259 = DIRECTION ( 'NONE',  ( 0.000000000000000000, 0.000000000000000000, 1.000000000000000000 ) ) ;
#2260 = EDGE_CURVE ( 'NONE', #7161, #5702, #5048, .T. ) ;
#2261 = EDGE_CURVE ( 'NONE', #6285, #1726, #5374, .T. ) ;
#2262 = CIRCLE ( 'NONE', #5856, 1.250000000000001110 ) ;
#2263 = ADVANCED_FACE ( 'NONE', ( #1119 ), #5633, .F. ) ;
#2264 = CARTESIAN_POINT ( 'NONE',  ( -95.89999999999993463, -22.87015455142721265, 45.89999999999999147 ) ) ;
#2265 = FACE_OUTER_BOUND ( 'NONE', #5924, .T. ) ;
#2266 = AXIS2_PLACEMENT_3D ( 'NONE', #2897, #6260, #5611 ) ;
#2267 = DIRECTION ( 'NONE',  ( 0.000000000000000000, 0.000000000000000000, 1.000000000000000000 ) ) ;
#2268 = ORIENTED_EDGE ( 'NONE', *, *, #6313, .F. ) ;
#2269 = EDGE_CURVE ( 'NONE', #2688, #4461, #5036, .T. ) ;
#2270 = ADVANCED_FACE ( 'NONE', ( #665 ), #6640, .F. ) ;
#2271 = ORIENTED_EDGE ( 'NONE', *, *, #6141, .F. ) ;
#2272 = EDGE_CURVE ( 'NONE', #1359, #1250, #6682, .T. ) ;
#2273 = VECTOR ( 'NONE', #7026, 1000.000000000000000 ) ;
#2274 = DIRECTION ( 'NONE',  ( 1.000000000000000000, 1.288097321785394182E-16, -2.081668171172168513E-17 ) ) ;
#2275 = CARTESIAN_POINT ( 'NONE',  ( -16.49999999999993960, -25.87015455142720199, 6.949999999999998401 ) ) ;
#2276 = CARTESIAN_POINT ( 'NONE',  ( -48.94999999999994600, -25.87015455142720910, -2.500000000000000444 ) ) ;
#2277 = DIRECTION ( 'NONE',  ( -1.268935612889287343E-16, 1.000000000000000000, -2.469788560855558288E-32 ) ) ;
#2278 = CIRCLE ( 'NONE', #3190, 2.000000000000001776 ) ;
#2279 = ORIENTED_EDGE ( 'NONE', *, *, #4790, .T. ) ;
#2280 = VERTEX_POINT ( 'NONE', #2211 ) ;
#2281 = EDGE_CURVE ( 'NONE', #3950, #6065, #3986, .T. ) ;
#2282 = AXIS2_PLACEMENT_3D ( 'NONE', #2491, #5312, #2393 ) ;
#2283 = DIRECTION ( 'NONE',  ( -1.268935612889287343E-16, 1.000000000000000000, -2.469788560855558288E-32 ) ) ;
#2284 = CARTESIAN_POINT ( 'NONE',  ( -58.39999999999994884, -22.87015455142720910, -13.49999999999999822 ) ) ;
#2285 = DIRECTION ( 'NONE',  ( 0.000000000000000000, 0.000000000000000000, 1.000000000000000000 ) ) ;
#2286 = EDGE_LOOP ( 'NONE', ( #5660, #2809, #1597, #4767 ) ) ;
#2287 = CARTESIAN_POINT ( 'NONE',  ( -27.49999999999993250, -25.87015455142720555, 46.39999999999999147 ) ) ;
#2288 = VECTOR ( 'NONE', #1351, 1000.000000000000000 ) ;
#2289 = LINE ( 'NONE', #1627, #2514 ) ;
#2290 = DIRECTION ( 'NONE',  ( -1.000000000000000000, 0.000000000000000000, 0.000000000000000000 ) ) ;
#2291 = CARTESIAN_POINT ( 'NONE',  ( -45.39999999999994884, -25.87015455142720910, -35.50000000000000711 ) ) ;
#2292 = ORIENTED_EDGE ( 'NONE', *, *, #7010, .T. ) ;
#2293 = DIRECTION ( 'NONE',  ( 0.000000000000000000, 0.000000000000000000, 1.000000000000000000 ) ) ;
#2294 = FACE_OUTER_BOUND ( 'NONE', #5422, .T. ) ;
#2295 = CIRCLE ( 'NONE', #2977, 2.000000000000000000 ) ;
#2296 = FACE_OUTER_BOUND ( 'NONE', #4991, .T. ) ;
#2297 = DIRECTION ( 'NONE',  ( 1.000000000000000000, 1.268935612889287343E-16, -2.311115933264682682E-33 ) ) ;
#2298 = LINE ( 'NONE', #4527, #478 ) ;
#2299 = VERTEX_POINT ( 'NONE', #6210 ) ;
#2300 = EDGE_CURVE ( 'NONE', #1702, #5360, #946, .T. ) ;
#2301 = ORIENTED_EDGE ( 'NONE', *, *, #5070, .F. ) ;
#2302 = CLOSED_SHELL ( 'NONE', ( #6128, #5689, #6177, #7091, #249, #1009, #446, #5407, #3571, #2381, #5816, #3183, #3894, #198, #2878, #1360, #207, #1809, #3051, #3095, #4661, #1316, #3955, #697, #5906, #6576, #3014, #3871, #5748, #2263, #3468, #3007, #4620, #3361, #2693, #5815, #5686, #5791, #4496, #2970, #1454, #3674, #6615, #6889, #1057, #3620, #6447, #5210, #371, #76, #6587, #113, #462, #1182, #1808, #4498, #6187, #965, #2741, #4702, #64, #3416, #5789, #3953, #6697, #2709, #2461, #1675, #2656, #4309, #6394, #2091, #1442, #4493, #6179, #5901, #3550, #729, #1398, #6841, #4929, #6890, #5953, #2784, #2066, #5415, #2794, #1283, #3910, #3538, #3030, #3709, #6039, #6470, #2339, #2338, #5824, #3762, #1229, #5867, #6806, #2121, #4231, #5548, #4504, #3143, #6047, #5198, #1330, #528, #6360, #1187, #5700, #3415, #3771, #875, #863, #3582, #4973, #6657, #192, #3858, #1781, #456, #3317, #7020, #509, #3813, #6055, #4983, #6746, #1827, #5064, #4042, #4183, #5159, #6795, #911, #1682, #2515, #364, #2839, #6389, #2674, #6619, #5729, #7097, #6227, #4631, #6127, #3126, #520, #1205, #28, #651, #2504, #3098, #3981, #4363, #5525, #103, #3998, #6717, #5100, #285, #4003, #4081, #6344, #6655, #1497, #1584, #5604, #1242, #5781, #5500, #3093, #4266, #2869, #2553, #6355, #571, #7018, #3376, #2270, #5941, #2645, #952, #2731, #2952, #1950, #4463, #5659, #4215, #4992, #4274, #2598, #5558, #1637, #1551, #3086, #3505, #3782, #6448, #609, #4174, #5062, #6222, #4044, #239, #420, #5509, #6139 ) ) ;
#2303 = CARTESIAN_POINT ( 'NONE',  ( -9.499999999999943157, -22.87015455142720199, -13.50000000000000533 ) ) ;
#2304 = DIRECTION ( 'NONE',  ( 1.268935612889287343E-16, -1.000000000000000000, -1.026341648675403128E-48 ) ) ;
#2305 = DIRECTION ( 'NONE',  ( 1.000000000000000000, 1.268935612889287343E-16, -2.311115933264682682E-33 ) ) ;
#2306 = CARTESIAN_POINT ( 'NONE',  ( -85.89999999999992042, -25.87015455142721265, 58.39999999999998437 ) ) ;
#2307 = ORIENTED_EDGE ( 'NONE', *, *, #2171, .F. ) ;
#2308 = ORIENTED_EDGE ( 'NONE', *, *, #6878, .F. ) ;
#2309 = AXIS2_PLACEMENT_3D ( 'NONE', #7044, #2070, #4294 ) ;
#2310 = DIRECTION ( 'NONE',  ( 1.288097321785393689E-16, -1.000000000000000000, 3.489072158099908472E-32 ) ) ;
#2311 = CARTESIAN_POINT ( 'NONE',  ( -56.89999999999994884, -22.87015455142720910, -13.50000000000000178 ) ) ;
#2312 = EDGE_CURVE ( 'NONE', #2538, #1669, #2851, .T. ) ;
#2313 = DIRECTION ( 'NONE',  ( -1.278526357607465097E-16, 1.000000000000000000, 5.022723014296544476E-18 ) ) ;
#2314 = ORIENTED_EDGE ( 'NONE', *, *, #7052, .F. ) ;
#2315 = CARTESIAN_POINT ( 'NONE',  ( -41.69999999999994600, -25.87015455142720555, -36.00000000000000711 ) ) ;
#2316 = ORIENTED_EDGE ( 'NONE', *, *, #5779, .F. ) ;
#2317 = DIRECTION ( 'NONE',  ( -1.268935612889287343E-16, 1.000000000000000000, -2.469788560855558288E-32 ) ) ;
#2318 = DIRECTION ( 'NONE',  ( -1.268935612889287343E-16, 1.000000000000000000, 1.026341648675403128E-48 ) ) ;
#2319 = DIRECTION ( 'NONE',  ( 2.311115933264673102E-33, 2.469788560855558288E-32, 1.000000000000000000 ) ) ;
#2320 = ORIENTED_EDGE ( 'NONE', *, *, #829, .T. ) ;
#2321 = AXIS2_PLACEMENT_3D ( 'NONE', #4324, #4789, #5991 ) ;
#2322 = CARTESIAN_POINT ( 'NONE',  ( -20.49999999999993250, -22.87015455142720199, 46.39999999999999147 ) ) ;
#2323 = DIRECTION ( 'NONE',  ( -1.268935612889287343E-16, 1.000000000000000000, 1.026341648675403128E-48 ) ) ;
#2324 = FACE_OUTER_BOUND ( 'NONE', #284, .T. ) ;
#2325 = CYLINDRICAL_SURFACE ( 'NONE', #634, 1.000000000000000000 ) ;
#2326 = DIRECTION ( 'NONE',  ( 1.288097321785393689E-16, -1.000000000000000000, 3.489072158099908472E-32 ) ) ;
#2327 = VERTEX_POINT ( 'NONE', #2745 ) ;
#2328 = PLANE ( 'NONE',  #6092 ) ;
#2329 = ORIENTED_EDGE ( 'NONE', *, *, #1860, .T. ) ;
#2330 = CARTESIAN_POINT ( 'NONE',  ( -23.99999999999993605, -22.87015455142720199, 50.39999999999999858 ) ) ;
#2331 = CARTESIAN_POINT ( 'NONE',  ( -60.49999999999992895, -22.87015455142720555, 30.89999999999999147 ) ) ;
#2332 = FACE_BOUND ( 'NONE', #7007, .T. ) ;
#2333 = PLANE ( 'NONE',  #470 ) ;
#2334 = VERTEX_POINT ( 'NONE', #4980 ) ;
#2335 = ORIENTED_EDGE ( 'NONE', *, *, #1645, .F. ) ;
#2336 = CIRCLE ( 'NONE', #4452, 1.250000000000001110 ) ;
#2337 = EDGE_CURVE ( 'NONE', #399, #5982, #7153, .T. ) ;
#2338 = ADVANCED_FACE ( 'NONE', ( #5013 ), #3959, .F. ) ;
#2339 = ADVANCED_FACE ( 'NONE', ( #3845 ), #6144, .F. ) ;
#2340 = DIRECTION ( 'NONE',  ( -2.311115933264673102E-33, -2.469788560855558288E-32, -1.000000000000000000 ) ) ;
#2341 = CARTESIAN_POINT ( 'NONE',  ( -35.39999999999994884, -22.87015455142720555, -25.00000000000001066 ) ) ;
#2342 = CARTESIAN_POINT ( 'NONE',  ( -34.99999999999993605, -25.87015455142720555, 6.949999999999998401 ) ) ;
#2343 = VERTEX_POINT ( 'NONE', #5562 ) ;
#2344 = FACE_OUTER_BOUND ( 'NONE', #221, .T. ) ;
#2345 = VECTOR ( 'NONE', #5687, 1000.000000000000000 ) ;
#2346 = EDGE_CURVE ( 'NONE', #3166, #4528, #1735, .T. ) ;
#2347 = VECTOR ( 'NONE', #1587, 1000.000000000000000 ) ;
#2348 = CARTESIAN_POINT ( 'NONE',  ( -71.89999999999994884, -24.07015455142720839, -29.50000000000000000 ) ) ;
#2349 = DIRECTION ( 'NONE',  ( 0.000000000000000000, -5.022723014296612268E-18, 1.000000000000000000 ) ) ;
#2350 = DIRECTION ( 'NONE',  ( -1.268935612889287343E-16, 1.000000000000000000, -2.469788560855558288E-32 ) ) ;
#2351 = FACE_OUTER_BOUND ( 'NONE', #4335, .T. ) ;
#2352 = AXIS2_PLACEMENT_3D ( 'NONE', #3141, #2558, #4794 ) ;
#2353 = ORIENTED_EDGE ( 'NONE', *, *, #6569, .F. ) ;
#2354 = AXIS2_PLACEMENT_3D ( 'NONE', #4138, #842, #1873 ) ;
#2355 = CYLINDRICAL_SURFACE ( 'NONE', #4217, 8.000000000000000000 ) ;
#2356 = VERTEX_POINT ( 'NONE', #13 ) ;
#2357 = DIRECTION ( 'NONE',  ( 1.000000000000000000, 0.000000000000000000, 0.000000000000000000 ) ) ;
#2358 = LINE ( 'NONE', #1164, #1366 ) ;
#2359 = DIRECTION ( 'NONE',  ( 1.268935612889287343E-16, -1.000000000000000000, 2.469788560855558288E-32 ) ) ;
#2360 = ORIENTED_EDGE ( 'NONE', *, *, #4939, .T. ) ;
#2361 = DIRECTION ( 'NONE',  ( -1.268935612889287343E-16, 1.000000000000000000, -2.469788560855558288E-32 ) ) ;
#2362 = ORIENTED_EDGE ( 'NONE', *, *, #7112, .T. ) ;
#2363 = CARTESIAN_POINT ( 'NONE',  ( -47.39999999999994174, -24.07015455142720839, -13.50000000000000533 ) ) ;
#2364 = VECTOR ( 'NONE', #2742, 1000.000000000000000 ) ;
#2365 = VERTEX_POINT ( 'NONE', #5594 ) ;
#2366 = LINE ( 'NONE', #6238, #3773 ) ;
#2367 = CARTESIAN_POINT ( 'NONE',  ( -94.39999999999996305, -22.87015455142721265, -24.80000000000000426 ) ) ;
#2368 = FACE_BOUND ( 'NONE', #3210, .T. ) ;
#2369 = EDGE_CURVE ( 'NONE', #3832, #5680, #4798, .T. ) ;
#2370 = DIRECTION ( 'NONE',  ( 1.278526357607465097E-16, -1.000000000000000000, -5.022723014296544476E-18 ) ) ;
#2371 = EDGE_LOOP ( 'NONE', ( #5960, #6761, #659, #4298 ) ) ;
#2372 = ORIENTED_EDGE ( 'NONE', *, *, #6702, .T. ) ;
#2373 = VECTOR ( 'NONE', #5258, 1000.000000000000000 ) ;
#2374 = DIRECTION ( 'NONE',  ( 1.278526357607465097E-16, -1.000000000000000000, -5.022723014296544476E-18 ) ) ;
#2375 = PLANE ( 'NONE',  #3369 ) ;
#2376 = EDGE_CURVE ( 'NONE', #2126, #4572, #2815, .T. ) ;
#2377 = LINE ( 'NONE', #701, #4218 ) ;
#2378 = ORIENTED_EDGE ( 'NONE', *, *, #3539, .T. ) ;
#2379 = CARTESIAN_POINT ( 'NONE',  ( -69.88227985884040550, -25.87015455142720910, 17.89999999999999858 ) ) ;
#2380 = VERTEX_POINT ( 'NONE', #4545 ) ;
#2381 = ADVANCED_FACE ( 'NONE', ( #1766 ), #183, .F. ) ;
#2382 = AXIS2_PLACEMENT_3D ( 'NONE', #6468, #3224, #4333 ) ;
#2383 = CARTESIAN_POINT ( 'NONE',  ( -29.02239814395782247, -22.87015455142720199, 3.000000000000000000 ) ) ;
#2384 = DIRECTION ( 'NONE',  ( -1.288097321785393689E-16, 1.000000000000000000, -3.489072158099908472E-32 ) ) ;
#2385 = CIRCLE ( 'NONE', #1459, 2.000000000000001776 ) ;
#2386 = EDGE_CURVE ( 'NONE', #6212, #493, #3741, .T. ) ;
#2387 = DIRECTION ( 'NONE',  ( 0.000000000000000000, 0.000000000000000000, -1.000000000000000000 ) ) ;
#2388 = FACE_OUTER_BOUND ( 'NONE', #1368, .T. ) ;
#2389 = VERTEX_POINT ( 'NONE', #6318 ) ;
#2390 = CARTESIAN_POINT ( 'NONE',  ( -38.99999999999992895, -22.87015455142720555, 37.36395190979015268 ) ) ;
#2391 = ORIENTED_EDGE ( 'NONE', *, *, #6882, .F. ) ;
#2392 = CARTESIAN_POINT ( 'NONE',  ( -60.39999999999995595, -22.87015455142720910, -35.50000000000000000 ) ) ;
#2393 = DIRECTION ( 'NONE',  ( 6.400303567556334172E-16, 4.695715941393216443E-32, -1.000000000000000000 ) ) ;
#2394 = EDGE_CURVE ( 'NONE', #6891, #6537, #2119, .T. ) ;
#2395 = ORIENTED_EDGE ( 'NONE', *, *, #505, .F. ) ;
#2396 = FACE_OUTER_BOUND ( 'NONE', #6925, .T. ) ;
#2397 = ORIENTED_EDGE ( 'NONE', *, *, #2785, .T. ) ;
#2398 = VECTOR ( 'NONE', #992, 1000.000000000000000 ) ;
#2399 = FACE_OUTER_BOUND ( 'NONE', #1216, .T. ) ;
#2400 = ORIENTED_EDGE ( 'NONE', *, *, #3336, .T. ) ;
#2401 = CARTESIAN_POINT ( 'NONE',  ( 6.245004513516505540E-14, -22.87015455142719844, 46.40000000000000568 ) ) ;
#2402 = DIRECTION ( 'NONE',  ( -1.268935612889287343E-16, 1.000000000000000000, -2.469788560855558288E-32 ) ) ;
#2403 = FACE_BOUND ( 'NONE', #6875, .T. ) ;
#2404 = DIRECTION ( 'NONE',  ( -1.000000000000000000, 0.000000000000000000, 0.000000000000000000 ) ) ;
#2405 = CIRCLE ( 'NONE', #6604, 1.250000000000001110 ) ;
#2406 = DIRECTION ( 'NONE',  ( 1.000000000000000000, 0.000000000000000000, 0.000000000000000000 ) ) ;
#2407 = FACE_OUTER_BOUND ( 'NONE', #6161, .T. ) ;
#2408 = ORIENTED_EDGE ( 'NONE', *, *, #5372, .F. ) ;
#2409 = CARTESIAN_POINT ( 'NONE',  ( -46.99999999999992184, -22.87015455142720555, 34.39999999999998437 ) ) ;
#2410 = VERTEX_POINT ( 'NONE', #5226 ) ;
#2411 = FACE_OUTER_BOUND ( 'NONE', #5456, .T. ) ;
#2412 = EDGE_LOOP ( 'NONE', ( #4073, #6441, #3927, #774 ) ) ;
#2413 = CARTESIAN_POINT ( 'NONE',  ( -10.49999999999993960, -22.87015455142720199, 5.000000000000000888 ) ) ;
#2414 = CARTESIAN_POINT ( 'NONE',  ( -43.39999999999994884, -22.87015455142720555, -37.50000000000000711 ) ) ;
#2415 = CARTESIAN_POINT ( 'NONE',  ( -40.49999999999992184, -22.87015455142720555, 22.89999999999999147 ) ) ;
#2416 = ORIENTED_EDGE ( 'NONE', *, *, #2583, .T. ) ;
#2417 = DIRECTION ( 'NONE',  ( -1.268935612889287343E-16, 1.000000000000000000, 1.026341648675403128E-48 ) ) ;
#2418 = ORIENTED_EDGE ( 'NONE', *, *, #4708, .T. ) ;
#2419 = EDGE_CURVE ( 'NONE', #1376, #226, #2377, .T. ) ;
#2420 = EDGE_CURVE ( 'NONE', #6421, #3507, #6923, .T. ) ;
#2421 = DIRECTION ( 'NONE',  ( -1.000000000000000000, -1.288097321785394182E-16, 2.081668171172168513E-17 ) ) ;
#2422 = VECTOR ( 'NONE', #1117, 1000.000000000000000 ) ;
#2423 = DIRECTION ( 'NONE',  ( 1.268935612889287343E-16, -1.000000000000000000, 2.469788560855558288E-32 ) ) ;
#2424 = VERTEX_POINT ( 'NONE', #3606 ) ;
#2425 = DIRECTION ( 'NONE',  ( -1.288097321785393689E-16, 1.000000000000000000, -3.489072158099908472E-32 ) ) ;
#2426 = ORIENTED_EDGE ( 'NONE', *, *, #2222, .F. ) ;
#2427 = DIRECTION ( 'NONE',  ( 0.000000000000000000, 0.000000000000000000, 1.000000000000000000 ) ) ;
#2428 = CIRCLE ( 'NONE', #6501, 1.000000000000000888 ) ;
#2429 = EDGE_CURVE ( 'NONE', #1168, #3562, #1078, .T. ) ;
#2430 = EDGE_CURVE ( 'NONE', #401, #4188, #251, .T. ) ;
#2431 = ORIENTED_EDGE ( 'NONE', *, *, #1626, .F. ) ;
#2432 = CARTESIAN_POINT ( 'NONE',  ( -68.39999999999996305, -15.87015455142721088, -17.49999999999998934 ) ) ;
#2433 = DIRECTION ( 'NONE',  ( 0.000000000000000000, 0.000000000000000000, -1.000000000000000000 ) ) ;
#2434 = VECTOR ( 'NONE', #5038, 1000.000000000000000 ) ;
#2435 = DIRECTION ( 'NONE',  ( 1.268935612889287343E-16, -1.000000000000000000, -1.026341648675402976E-48 ) ) ;
#2436 = CARTESIAN_POINT ( 'NONE',  ( -71.89999999999994884, -22.87015455142720910, -27.99999999999999289 ) ) ;
#2437 = CARTESIAN_POINT ( 'NONE',  ( -75.89999999999990621, -25.87015455142720910, 45.89999999999999858 ) ) ;
#2438 = DIRECTION ( 'NONE',  ( -1.268935612889287343E-16, 1.000000000000000000, 1.026341648675403128E-48 ) ) ;
#2439 = ORIENTED_EDGE ( 'NONE', *, *, #4836, .T. ) ;
#2440 = DIRECTION ( 'NONE',  ( 0.000000000000000000, 0.000000000000000000, 1.000000000000000000 ) ) ;
#2441 = ORIENTED_EDGE ( 'NONE', *, *, #2000, .T. ) ;
#2442 = DIRECTION ( 'NONE',  ( 1.000000000000000000, 0.000000000000000000, 0.000000000000000000 ) ) ;
#2443 = VERTEX_POINT ( 'NONE', #3544 ) ;
#2444 = CIRCLE ( 'NONE', #2801, 1.250000000000001110 ) ;
#2445 = DIRECTION ( 'NONE',  ( 1.000000000000000000, 0.000000000000000000, 0.000000000000000000 ) ) ;
#2446 = DIRECTION ( 'NONE',  ( -1.288097321785393689E-16, 1.000000000000000000, -3.489072158099908472E-32 ) ) ;
#2447 = DIRECTION ( 'NONE',  ( -1.288097321785393689E-16, 1.000000000000000000, -3.489072158099908472E-32 ) ) ;
#2448 = ORIENTED_EDGE ( 'NONE', *, *, #5954, .T. ) ;
#2449 = PRODUCT_DEFINITION ( 'æœ', '', #2840, #4453 ) ;
#2450 = EDGE_LOOP ( 'NONE', ( #5849, #3900 ) ) ;
#2451 = CIRCLE ( 'NONE', #6309, 1.500000000000001332 ) ;
#2452 = VECTOR ( 'NONE', #5818, 1000.000000000000000 ) ;
#2453 = AXIS2_PLACEMENT_3D ( 'NONE', #5274, #4112, #6292 ) ;
#2454 = DIRECTION ( 'NONE',  ( 1.000000000000000000, 0.000000000000000000, 0.000000000000000000 ) ) ;
#2455 = AXIS2_PLACEMENT_3D ( 'NONE', #366, #7002, #4904 ) ;
#2456 = CARTESIAN_POINT ( 'NONE',  ( -87.89999999999992042, -24.07015455142721194, 34.39999999999999147 ) ) ;
#2457 = ORIENTED_EDGE ( 'NONE', *, *, #4171, .F. ) ;
#2458 = DIRECTION ( 'NONE',  ( 1.288097321785393689E-16, -1.000000000000000000, 3.489072158099908472E-32 ) ) ;
#2459 = VERTEX_POINT ( 'NONE', #5743 ) ;
#2460 = VECTOR ( 'NONE', #5303, 1000.000000000000000 ) ;
#2461 = ADVANCED_FACE ( 'NONE', ( #1254 ), #4615, .F. ) ;
#2462 = CIRCLE ( 'NONE', #3283, 1.000000000000000888 ) ;
#2463 = DIRECTION ( 'NONE',  ( 1.000000000000000000, 1.288097321785394182E-16, -2.081668171172168513E-17 ) ) ;
#2464 = CARTESIAN_POINT ( 'NONE',  ( -16.49999999999993960, -25.87015455142720199, 54.44999999999999574 ) ) ;
#2465 = DIRECTION ( 'NONE',  ( 0.000000000000000000, 0.000000000000000000, -1.000000000000000000 ) ) ;
#2466 = AXIS2_PLACEMENT_3D ( 'NONE', #2042, #6944, #1486 ) ;
#2467 = CARTESIAN_POINT ( 'NONE',  ( -53.39999999999994884, -22.87015455142720910, -35.00000000000000000 ) ) ;
#2468 = DIRECTION ( 'NONE',  ( -1.268935612889287343E-16, 1.000000000000000000, -2.469788560855558288E-32 ) ) ;
#2469 = EDGE_CURVE ( 'NONE', #6237, #5665, #5498, .T. ) ;
#2470 = DIRECTION ( 'NONE',  ( 1.268935612889287343E-16, -1.000000000000000000, 2.469788560855558288E-32 ) ) ;
#2471 = CARTESIAN_POINT ( 'NONE',  ( 6.245004513516505540E-14, -25.87015455142720199, 48.40000000000000568 ) ) ;
#2472 = VERTEX_POINT ( 'NONE', #4067 ) ;
#2473 = DIRECTION ( 'NONE',  ( 1.000000000000000000, 0.000000000000000000, 0.000000000000000000 ) ) ;
#2474 = AXIS2_PLACEMENT_3D ( 'NONE', #5355, #4134, #6373 ) ;
#2475 = ORIENTED_EDGE ( 'NONE', *, *, #1180, .T. ) ;
#2476 = EDGE_LOOP ( 'NONE', ( #6137, #7073, #3002, #1155 ) ) ;
#2477 = DIRECTION ( 'NONE',  ( 0.000000000000000000, 0.000000000000000000, -1.000000000000000000 ) ) ;
#2478 = EDGE_LOOP ( 'NONE', ( #1877, #415, #4981, #4507 ) ) ;
#2479 = AXIS2_PLACEMENT_3D ( 'NONE', #5031, #4997, #1785 ) ;
#2480 = PRODUCT_CONTEXT ( 'NONE', #6498, 'mechanical' ) ;
#2481 = ORIENTED_EDGE ( 'NONE', *, *, #7149, .T. ) ;
#2482 = DIRECTION ( 'NONE',  ( 1.000000000000000000, 0.000000000000000000, 0.000000000000000000 ) ) ;
#2483 = CARTESIAN_POINT ( 'NONE',  ( -82.19999999999993179, -25.87015455142721265, 55.89999999999998437 ) ) ;
#2484 = ORIENTED_EDGE ( 'NONE', *, *, #3825, .F. ) ;
#2485 = FACE_BOUND ( 'NONE', #3755, .T. ) ;
#2486 = VERTEX_POINT ( 'NONE', #218 ) ;
#2487 = VECTOR ( 'NONE', #4305, 1000.000000000000000 ) ;
#2488 = CARTESIAN_POINT ( 'NONE',  ( -83.19999999999993179, -22.87015455142720910, 55.89999999999998437 ) ) ;
#2489 = AXIS2_PLACEMENT_3D ( 'NONE', #6393, #6295, #4953 ) ;
#2490 = CARTESIAN_POINT ( 'NONE',  ( -16.49999999999993960, -25.87015455142720199, 9.449999999999999289 ) ) ;
#2491 = CARTESIAN_POINT ( 'NONE',  ( -85.89999999999992042, -25.87015455142721265, 58.39999999999998437 ) ) ;
#2492 = ORIENTED_EDGE ( 'NONE', *, *, #5201, .F. ) ;
#2493 = PLANE ( 'NONE',  #2118 ) ;
#2494 = ORIENTED_EDGE ( 'NONE', *, *, #3440, .T. ) ;
#2495 = VERTEX_POINT ( 'NONE', #5705 ) ;
#2496 = SURFACE_SIDE_STYLE ('',( #3013 ) ) ;
#2497 = ORIENTED_EDGE ( 'NONE', *, *, #3267, .F. ) ;
#2498 = CARTESIAN_POINT ( 'NONE',  ( -95.89999999999993463, -22.87015455142721265, 20.89999999999998792 ) ) ;
#2499 = EDGE_CURVE ( 'NONE', #5819, #7170, #5378, .T. ) ;
#2500 = DIRECTION ( 'NONE',  ( -1.268935612889287343E-16, 1.000000000000000000, -2.469788560855558288E-32 ) ) ;
#2501 = CARTESIAN_POINT ( 'NONE',  ( -83.39999999999996305, -25.87015455142721265, -2.100000000000004530 ) ) ;
#2502 = ORIENTED_EDGE ( 'NONE', *, *, #419, .T. ) ;
#2503 = VECTOR ( 'NONE', #2844, 1000.000000000000000 ) ;
#2504 = ADVANCED_FACE ( 'NONE', ( #6350 ), #5777, .F. ) ;
#2505 = CARTESIAN_POINT ( 'NONE',  ( -71.89999999999994884, -24.07015455142720839, 9.899999999999996803 ) ) ;
#2506 = EDGE_CURVE ( 'NONE', #49, #4110, #6888, .T. ) ;
#2507 = LINE ( 'NONE', #2052, #1505 ) ;
#2508 = VERTEX_POINT ( 'NONE', #2409 ) ;
#2509 = CARTESIAN_POINT ( 'NONE',  ( -89.44999999999991758, -25.87015455142721265, 23.39999999999999147 ) ) ;
#2510 = LINE ( 'NONE', #2055, #3162 ) ;
#2511 = ORIENTED_EDGE ( 'NONE', *, *, #1897, .F. ) ;
#2512 = ORIENTED_EDGE ( 'NONE', *, *, #2078, .T. ) ;
#2513 = DIRECTION ( 'NONE',  ( -1.000000000000000000, -1.268935612889287343E-16, 2.311115933264682682E-33 ) ) ;
#2514 = VECTOR ( 'NONE', #5488, 1000.000000000000000 ) ;
#2515 = ADVANCED_FACE ( 'NONE', ( #4579 ), #1357, .F. ) ;
#2516 = EDGE_CURVE ( 'NONE', #1044, #6397, #769, .T. ) ;
#2517 = ORIENTED_EDGE ( 'NONE', *, *, #5248, .T. ) ;
#2518 = CARTESIAN_POINT ( 'NONE',  ( -82.19999999999993179, -22.87015455142720910, 55.89999999999998437 ) ) ;
#2519 = CIRCLE ( 'NONE', #6262, 1.250000000000001110 ) ;
#2520 = DIRECTION ( 'NONE',  ( -1.268935612889287343E-16, 1.000000000000000000, 1.026341648675403128E-48 ) ) ;
#2521 = ORIENTED_EDGE ( 'NONE', *, *, #4627, .F. ) ;
#2522 = DIRECTION ( 'NONE',  ( 1.288097321785393689E-16, -1.000000000000000000, 3.489072158099908472E-32 ) ) ;
#2523 = ORIENTED_EDGE ( 'NONE', *, *, #1147, .F. ) ;
#2524 = CARTESIAN_POINT ( 'NONE',  ( -11.99999999999995559, -22.87015455142720199, -17.00000000000000711 ) ) ;
#2525 = DIRECTION ( 'NONE',  ( -1.268935612889287343E-16, 1.000000000000000000, -2.469788560855558288E-32 ) ) ;
#2526 = CARTESIAN_POINT ( 'NONE',  ( -34.99999999999993605, -25.87015455142720555, 53.19999999999999574 ) ) ;
#2527 = VERTEX_POINT ( 'NONE', #1325 ) ;
#2528 = CIRCLE ( 'NONE', #202, 1.250000000000001110 ) ;
#2529 = DIRECTION ( 'NONE',  ( -1.000000000000000000, -1.288097321785394182E-16, 2.081668171172168513E-17 ) ) ;
#2530 = VERTEX_POINT ( 'NONE', #1912 ) ;
#2531 = ORIENTED_EDGE ( 'NONE', *, *, #1148, .F. ) ;
#2532 = CARTESIAN_POINT ( 'NONE',  ( -83.89999999999992042, -25.87015455142721265, 37.89999999999999147 ) ) ;
#2533 = AXIS2_PLACEMENT_3D ( 'NONE', #6963, #7114, #5956 ) ;
#2534 = ORIENTED_EDGE ( 'NONE', *, *, #6487, .T. ) ;
#2535 = LINE ( 'NONE', #4671, #7144 ) ;
#2536 = DIRECTION ( 'NONE',  ( 1.268935612889287343E-16, -1.000000000000000000, -1.026341648675403128E-48 ) ) ;
#2537 = CARTESIAN_POINT ( 'NONE',  ( -2.499999999999932943, -22.87015455142720199, 56.40000000000000568 ) ) ;
#2538 = VERTEX_POINT ( 'NONE', #5118 ) ;
#2539 = CIRCLE ( 'NONE', #1161, 2.000000000000000000 ) ;
#2540 = AXIS2_PLACEMENT_3D ( 'NONE', #6348, #3575, #1763 ) ;
#2541 = DIRECTION ( 'NONE',  ( -1.268935612889287343E-16, 1.000000000000000000, -2.469788560855558288E-32 ) ) ;
#2542 = CARTESIAN_POINT ( 'NONE',  ( -34.99999999999993605, -22.87015455142720555, 8.199999999999999289 ) ) ;
#2543 = ORIENTED_EDGE ( 'NONE', *, *, #2124, .F. ) ;
#2544 = LINE ( 'NONE', #2509, #1825 ) ;
#2545 = DIRECTION ( 'NONE',  ( -1.288097321785393689E-16, 1.000000000000000000, -3.489072158099908472E-32 ) ) ;
#2546 = VERTEX_POINT ( 'NONE', #116 ) ;
#2547 = EDGE_LOOP ( 'NONE', ( #362, #6008, #3248, #593 ) ) ;
#2548 = EDGE_CURVE ( 'NONE', #6386, #2961, #837, .T. ) ;
#2549 = CARTESIAN_POINT ( 'NONE',  ( -93.89999999999993463, -22.87015455142721265, 22.89999999999999147 ) ) ;
#2550 = EDGE_CURVE ( 'NONE', #3797, #1681, #5151, .T. ) ;
#2551 = ORIENTED_EDGE ( 'NONE', *, *, #2689, .T. ) ;
#2552 = CIRCLE ( 'NONE', #4083, 8.000000000000000000 ) ;
#2553 = ADVANCED_FACE ( 'NONE', ( #2588 ), #7104, .T. ) ;
#2554 = EDGE_LOOP ( 'NONE', ( #5146, #3779, #4841, #2629 ) ) ;
#2555 = CARTESIAN_POINT ( 'NONE',  ( -22.37615976230802062, -22.87015455142720555, -5.712407496626350812E-31 ) ) ;
#2556 = CARTESIAN_POINT ( 'NONE',  ( -83.39999999999994884, -22.87015455142721265, 17.89999999999999858 ) ) ;
#2557 = ORIENTED_EDGE ( 'NONE', *, *, #2911, .T. ) ;
#2558 = DIRECTION ( 'NONE',  ( 1.268935612889287343E-16, -1.000000000000000000, 2.469788560855558288E-32 ) ) ;
#2559 = EDGE_CURVE ( 'NONE', #1114, #3518, #4780, .T. ) ;
#2560 = VERTEX_POINT ( 'NONE', #5398 ) ;
#2561 = EDGE_CURVE ( 'NONE', #5507, #927, #5624, .T. ) ;
#2562 = VECTOR ( 'NONE', #2148, 1000.000000000000000 ) ;
#2563 = DIRECTION ( 'NONE',  ( 1.268935612889287343E-16, -1.000000000000000000, -1.026341648675403128E-48 ) ) ;
#2564 = DIRECTION ( 'NONE',  ( -1.268935612889287343E-16, 1.000000000000000000, 1.026341648675403128E-48 ) ) ;
#2565 = CARTESIAN_POINT ( 'NONE',  ( -83.39999999999994884, -22.87015455142721265, -37.50000000000000000 ) ) ;
#2566 = AXIS2_PLACEMENT_3D ( 'NONE', #2085, #4308, #5873 ) ;
#2567 = EDGE_LOOP ( 'NONE', ( #2234, #6054, #1966, #6027 ) ) ;
#2568 = VECTOR ( 'NONE', #1921, 1000.000000000000000 ) ;
#2569 = DIRECTION ( 'NONE',  ( 0.000000000000000000, 0.000000000000000000, 1.000000000000000000 ) ) ;
#2570 = ORIENTED_EDGE ( 'NONE', *, *, #6229, .T. ) ;
#2571 = EDGE_CURVE ( 'NONE', #2527, #6016, #3132, .T. ) ;
#2572 = ORIENTED_EDGE ( 'NONE', *, *, #1940, .F. ) ;
#2573 = EDGE_CURVE ( 'NONE', #247, #722, #1980, .T. ) ;
#2574 = CIRCLE ( 'NONE', #6077, 1.000000000000000888 ) ;
#2575 = AXIS2_PLACEMENT_3D ( 'NONE', #6494, #5957, #404 ) ;
#2576 = CARTESIAN_POINT ( 'NONE',  ( -90.69999999999991758, -22.87015455142721265, 41.89999999999998437 ) ) ;
#2577 = DIRECTION ( 'NONE',  ( 1.288097321785393689E-16, -1.000000000000000000, 3.489072158099908472E-32 ) ) ;
#2578 = LINE ( 'NONE', #4811, #4834 ) ;
#2579 = CYLINDRICAL_SURFACE ( 'NONE', #2566, 1.250000000000001110 ) ;
#2580 = VECTOR ( 'NONE', #6327, 1000.000000000000000 ) ;
#2581 = AXIS2_PLACEMENT_3D ( 'NONE', #1428, #2545, #4356 ) ;
#2582 = CIRCLE ( 'NONE', #5386, 1.500000000000001332 ) ;
#2583 = EDGE_CURVE ( 'NONE', #1862, #2560, #2462, .T. ) ;
#2584 = DIRECTION ( 'NONE',  ( 1.000000000000000000, 1.268935612889287343E-16, -2.311115933264682682E-33 ) ) ;
#2585 = DIRECTION ( 'NONE',  ( -1.278526357607465097E-16, 1.000000000000000000, 5.022723014296544476E-18 ) ) ;
#2586 = ORIENTED_EDGE ( 'NONE', *, *, #4760, .T. ) ;
#2587 = CARTESIAN_POINT ( 'NONE',  ( -11.99999999999995559, -25.87015455142720199, -2.000000000000000444 ) ) ;
#2588 = FACE_OUTER_BOUND ( 'NONE', #1856, .T. ) ;
#2589 = ORIENTED_EDGE ( 'NONE', *, *, #6308, .F. ) ;
#2590 = LINE ( 'NONE', #2131, #5045 ) ;
#2591 = CIRCLE ( 'NONE', #848, 1.000000000000000888 ) ;
#2592 = ORIENTED_EDGE ( 'NONE', *, *, #279, .F. ) ;
#2593 = EDGE_CURVE ( 'NONE', #3430, #1558, #2510, .T. ) ;
#2594 = AXIS2_PLACEMENT_3D ( 'NONE', #3469, #5631, #6171 ) ;
#2595 = CARTESIAN_POINT ( 'NONE',  ( -13.69999999999994067, -22.87015455142720199, -35.00000000000000000 ) ) ;
#2596 = CARTESIAN_POINT ( 'NONE',  ( -83.39999999999994884, -22.87015455142721265, -37.50000000000000000 ) ) ;
#2597 = ORIENTED_EDGE ( 'NONE', *, *, #1312, .F. ) ;
#2598 = ADVANCED_FACE ( 'NONE', ( #4279 ), #3168, .F. ) ;
#2599 = CYLINDRICAL_SURFACE ( 'NONE', #6540, 1.250000000000001110 ) ;
#2600 = ORIENTED_EDGE ( 'NONE', *, *, #6271, .F. ) ;
#2601 = VECTOR ( 'NONE', #2051, 1000.000000000000000 ) ;
#2602 = AXIS2_PLACEMENT_3D ( 'NONE', #5709, #6723, #6215 ) ;
#2603 = DIRECTION ( 'NONE',  ( 1.268935612889287343E-16, -1.000000000000000000, -1.026341648675403128E-48 ) ) ;
#2604 = EDGE_CURVE ( 'NONE', #1169, #5716, #6486, .T. ) ;
#2605 = FACE_OUTER_BOUND ( 'NONE', #6471, .T. ) ;
#2606 = CARTESIAN_POINT ( 'NONE',  ( -46.94999999999992468, -25.87015455142720555, 23.39999999999998792 ) ) ;
#2607 = CARTESIAN_POINT ( 'NONE',  ( -83.39999999999994884, -22.87015455142721265, 15.89999999999999680 ) ) ;
#2608 = AXIS2_PLACEMENT_3D ( 'NONE', #2865, #2230, #6265 ) ;
#2609 = VERTEX_POINT ( 'NONE', #4857 ) ;
#2610 = ORIENTED_EDGE ( 'NONE', *, *, #3814, .F. ) ;
#2611 = EDGE_LOOP ( 'NONE', ( #2176, #3525, #3092, #2703 ) ) ;
#2612 = DIRECTION ( 'NONE',  ( 1.268935612889287343E-16, -1.000000000000000000, 2.469788560855558288E-32 ) ) ;
#2613 = AXIS2_PLACEMENT_3D ( 'NONE', #1775, #3373, #3304 ) ;
#2614 = EDGE_CURVE ( 'NONE', #1669, #2064, #957, .T. ) ;
#2615 = CARTESIAN_POINT ( 'NONE',  ( -1.499999999999938938, -25.87015455142720199, 44.69999999999999574 ) ) ;
#2616 = DIRECTION ( 'NONE',  ( 0.000000000000000000, 0.000000000000000000, -1.000000000000000000 ) ) ;
#2617 = CARTESIAN_POINT ( 'NONE',  ( -9.999999999999939604, -25.87015455142720199, -37.50000000000000711 ) ) ;
#2618 = DIRECTION ( 'NONE',  ( 1.000000000000000000, 0.000000000000000000, 0.000000000000000000 ) ) ;
#2619 = AXIS2_PLACEMENT_3D ( 'NONE', #2467, #4705, #2983 ) ;
#2620 = CARTESIAN_POINT ( 'NONE',  ( -13.69999999999994778, -22.87015455142720199, -36.00000000000000711 ) ) ;
#2621 = FACE_OUTER_BOUND ( 'NONE', #2828, .T. ) ;
#2622 = ORIENTED_EDGE ( 'NONE', *, *, #4574, .F. ) ;
#2623 = FACE_OUTER_BOUND ( 'NONE', #799, .T. ) ;
#2624 = DIRECTION ( 'NONE',  ( -1.288097321785393689E-16, 1.000000000000000000, -3.489072158099908472E-32 ) ) ;
#2625 = VERTEX_POINT ( 'NONE', #6414 ) ;
#2626 = ORIENTED_EDGE ( 'NONE', *, *, #5943, .F. ) ;
#2627 = DIRECTION ( 'NONE',  ( -1.000000000000000000, 0.000000000000000000, 0.000000000000000000 ) ) ;
#2628 = ORIENTED_EDGE ( 'NONE', *, *, #6688, .T. ) ;
#2629 = ORIENTED_EDGE ( 'NONE', *, *, #3559, .F. ) ;
#2630 = ORIENTED_EDGE ( 'NONE', *, *, #3217, .F. ) ;
#2631 = CARTESIAN_POINT ( 'NONE',  ( -29.02239814395782247, -22.87015455142720555, 1.499999999999999778 ) ) ;
#2632 = LINE ( 'NONE', #1546, #3121 ) ;
#2633 = LINE ( 'NONE', #4368, #2347 ) ;
#2634 = ORIENTED_EDGE ( 'NONE', *, *, #4845, .T. ) ;
#2635 = AXIS2_PLACEMENT_3D ( 'NONE', #410, #1441, #5891 ) ;
#2636 = CARTESIAN_POINT ( 'NONE',  ( -12.49999999999994138, -22.87015455142720199, 3.000000000000000000 ) ) ;
#2637 = CARTESIAN_POINT ( 'NONE',  ( -20.49999999999993250, -25.87015455142720199, 15.00000000000000355 ) ) ;
#2638 = CARTESIAN_POINT ( 'NONE',  ( -12.69999999999994067, -22.87015455142720199, -33.00000000000000711 ) ) ;
#2639 = DIRECTION ( 'NONE',  ( 0.000000000000000000, 0.000000000000000000, 1.000000000000000000 ) ) ;
#2640 = ORIENTED_EDGE ( 'NONE', *, *, #2871, .T. ) ;
#2641 = ORIENTED_EDGE ( 'NONE', *, *, #5992, .F. ) ;
#2642 = EDGE_LOOP ( 'NONE', ( #2551, #6234 ) ) ;
#2643 = DIRECTION ( 'NONE',  ( 1.268935612889287343E-16, -1.000000000000000000, 2.469788560855558288E-32 ) ) ;
#2644 = VECTOR ( 'NONE', #1374, 1000.000000000000000 ) ;
#2645 = ADVANCED_FACE ( 'NONE', ( #3644 ), #3715, .F. ) ;
#2646 = EDGE_CURVE ( 'NONE', #999, #6184, #6562, .T. ) ;
#2647 = EDGE_CURVE ( 'NONE', #6427, #3716, #487, .T. ) ;
#2648 = FACE_OUTER_BOUND ( 'NONE', #4506, .T. ) ;
#2649 = AXIS2_PLACEMENT_3D ( 'NONE', #1845, #4588, #6383 ) ;
#2650 = DIRECTION ( 'NONE',  ( -1.268935612889287343E-16, 1.000000000000000000, -2.469788560855558288E-32 ) ) ;
#2651 = CARTESIAN_POINT ( 'NONE',  ( -85.89999999999992042, -25.87015455142721265, 55.89999999999999858 ) ) ;
#2652 = CARTESIAN_POINT ( 'NONE',  ( -71.89999999999994884, -24.07015455142720839, 6.899999999999996803 ) ) ;
#2653 = LINE ( 'NONE', #2501, #5025 ) ;
#2654 = EDGE_CURVE ( 'NONE', #6328, #1397, #3205, .T. ) ;
#2655 = VERTEX_POINT ( 'NONE', #3062 ) ;
#2656 = ADVANCED_FACE ( 'NONE', ( #5299 ), #3101, .F. ) ;
#2657 = CYLINDRICAL_SURFACE ( 'NONE', #4942, 3.000000000000002665 ) ;
#2658 = CARTESIAN_POINT ( 'NONE',  ( -79.39999999999994884, -22.87015455142721265, -31.04999999999999716 ) ) ;
#2659 = ORIENTED_EDGE ( 'NONE', *, *, #4128, .T. ) ;
#2660 = CARTESIAN_POINT ( 'NONE',  ( -58.39999999999994884, -22.87015455142720910, 17.89999999999999858 ) ) ;
#2661 = VERTEX_POINT ( 'NONE', #6454 ) ;
#2662 = VERTEX_POINT ( 'NONE', #3680 ) ;
#2663 = LINE ( 'NONE', #4245, #5746 ) ;
#2664 = ORIENTED_EDGE ( 'NONE', *, *, #660, .T. ) ;
#2665 = VERTEX_POINT ( 'NONE', #5912 ) ;
#2666 = LINE ( 'NONE', #1039, #3300 ) ;
#2667 = CARTESIAN_POINT ( 'NONE',  ( -40.49999999999992184, -25.87015455142720555, 20.89999999999998792 ) ) ;
#2668 = DIRECTION ( 'NONE',  ( -1.278526357607465097E-16, 1.000000000000000000, 5.022723014296544476E-18 ) ) ;
#2669 = ORIENTED_EDGE ( 'NONE', *, *, #121, .F. ) ;
#2670 = PLANE ( 'NONE',  #3282 ) ;
#2671 = ORIENTED_EDGE ( 'NONE', *, *, #4128, .F. ) ;
#2672 = CARTESIAN_POINT ( 'NONE',  ( -1.499999999999938938, -22.87015455142719844, 45.70000000000000284 ) ) ;
#2673 = CYLINDRICAL_SURFACE ( 'NONE', #6034, 3.000000000000000888 ) ;
#2674 = ADVANCED_FACE ( 'NONE', ( #1612 ), #6600, .F. ) ;
#2675 = CARTESIAN_POINT ( 'NONE',  ( -35.39999999999994884, -22.87015455142720555, -2.000000000000000444 ) ) ;
#2676 = LINE ( 'NONE', #492, #989 ) ;
#2677 = ORIENTED_EDGE ( 'NONE', *, *, #3633, .F. ) ;
#2678 = VERTEX_POINT ( 'NONE', #548 ) ;
#2679 = EDGE_LOOP ( 'NONE', ( #1225, #3943, #4416, #324, #2907, #3169, #78, #2353, #2117, #6957, #6621, #1137, #1559, #5762, #1426, #2872, #1249, #1791, #1293, #1742, #3919, #3005, #6070, #2634, #2360, #814, #3262, #1466, #2040, #1835, #7188, #3454, #3140, #2923, #3543, #682, #549, #6007, #918, #3343, #749, #4097, #3388, #2669, #5050, #5822, #6119, #3099, #306, #4548, #2592, #4917, #892, #14, #5477, #2187, #2007 ) ) ;
#2680 = DIRECTION ( 'NONE',  ( -1.000000000000000000, -1.268935612889287343E-16, 2.311115933264680629E-33 ) ) ;
#2681 = VECTOR ( 'NONE', #2370, 1000.000000000000000 ) ;
#2682 = FACE_OUTER_BOUND ( 'NONE', #6675, .T. ) ;
#2683 = VECTOR ( 'NONE', #4036, 1000.000000000000000 ) ;
#2684 = EDGE_CURVE ( 'NONE', #3628, #5880, #5515, .T. ) ;
#2685 = CARTESIAN_POINT ( 'NONE',  ( -93.39999999999994884, -22.87015455142721265, 5.200000000000000178 ) ) ;
#2686 = DIRECTION ( 'NONE',  ( 1.268935612889287343E-16, -1.000000000000000000, -1.026341648675403128E-48 ) ) ;
#2687 = DIRECTION ( 'NONE',  ( -1.278526357607465097E-16, 1.000000000000000000, 5.022723014296544476E-18 ) ) ;
#2688 = VERTEX_POINT ( 'NONE', #512 ) ;
#2689 = EDGE_CURVE ( 'NONE', #1992, #794, #361, .T. ) ;
#2690 = EDGE_LOOP ( 'NONE', ( #3664, #1167, #674, #4788 ) ) ;
#2691 = CIRCLE ( 'NONE', #5260, 1.500000000000001332 ) ;
#2692 = CIRCLE ( 'NONE', #2575, 3.000000000000002665 ) ;
#2693 = ADVANCED_FACE ( 'NONE', ( #4538 ), #4433, .F. ) ;
#2694 = EDGE_CURVE ( 'NONE', #1395, #4253, #4971, .T. ) ;
#2695 = DIRECTION ( 'NONE',  ( -1.268935612889287343E-16, 1.000000000000000000, -2.469788560855558288E-32 ) ) ;
#2696 = DIRECTION ( 'NONE',  ( 1.268935612889287343E-16, -1.000000000000000000, -1.026341648675403128E-48 ) ) ;
#2697 = VECTOR ( 'NONE', #6147, 1000.000000000000000 ) ;
#2698 = VECTOR ( 'NONE', #4098, 1000.000000000000000 ) ;
#2699 = VERTEX_POINT ( 'NONE', #2166 ) ;
#2700 = DIRECTION ( 'NONE',  ( 1.000000000000000000, 1.268935612889287343E-16, -2.311115933264682682E-33 ) ) ;
#2701 = DIRECTION ( 'NONE',  ( 0.000000000000000000, 0.000000000000000000, -1.000000000000000000 ) ) ;
#2702 = VERTEX_POINT ( 'NONE', #469 ) ;
#2703 = ORIENTED_EDGE ( 'NONE', *, *, #1644, .F. ) ;
#2704 = LINE ( 'NONE', #5439, #5852 ) ;
#2705 = AXIS2_PLACEMENT_3D ( 'NONE', #4822, #5881, #7034 ) ;
#2706 = ORIENTED_EDGE ( 'NONE', *, *, #4542, .T. ) ;
#2707 = LINE ( 'NONE', #4977, #5171 ) ;
#2708 = DIRECTION ( 'NONE',  ( 1.268935612889287343E-16, -1.000000000000000000, 2.469788560855558288E-32 ) ) ;
#2709 = ADVANCED_FACE ( 'NONE', ( #3982, #583 ), #7143, .T. ) ;
#2710 = CARTESIAN_POINT ( 'NONE',  ( -93.89999999999993463, -22.87015455142721265, 20.89999999999998792 ) ) ;
#2711 = COLOUR_RGB ( '',0.7921568627450980005, 0.8196078431372548767, 0.9333333333333333481 ) ;
#2712 = ORIENTED_EDGE ( 'NONE', *, *, #2218, .F. ) ;
#2713 = DIRECTION ( 'NONE',  ( -8.638375543017976328E-48, -5.022723014296544476E-18, 1.000000000000000000 ) ) ;
#2714 = ORIENTED_EDGE ( 'NONE', *, *, #5691, .F. ) ;
#2715 = CIRCLE ( 'NONE', #7133, 1.500000000000001332 ) ;
#2716 = CYLINDRICAL_SURFACE ( 'NONE', #2971, 1.250000000000001110 ) ;
#2717 = CARTESIAN_POINT ( 'NONE',  ( -89.44999999999991758, -22.87015455142721265, 23.39999999999999147 ) ) ;
#2718 = LINE ( 'NONE', #5928, #2802 ) ;
#2719 = CARTESIAN_POINT ( 'NONE',  ( -1.499999999999938938, -25.87015455142720199, 16.69999999999999929 ) ) ;
#2720 = VERTEX_POINT ( 'NONE', #621 ) ;
#2721 = ORIENTED_EDGE ( 'NONE', *, *, #1203, .F. ) ;
#2722 = VECTOR ( 'NONE', #4389, 1000.000000000000000 ) ;
#2723 = DIRECTION ( 'NONE',  ( -2.311115933264682682E-33, -8.323527102631439332E-34, -1.000000000000000000 ) ) ;
#2724 = VECTOR ( 'NONE', #4810, 1000.000000000000000 ) ;
#2725 = CARTESIAN_POINT ( 'NONE',  ( -45.69999999999992468, -25.87015455142720555, 23.39999999999998792 ) ) ;
#2726 = LINE ( 'NONE', #5464, #2724 ) ;
#2727 = DIRECTION ( 'NONE',  ( 0.000000000000000000, 0.000000000000000000, 1.000000000000000000 ) ) ;
#2728 = DIRECTION ( 'NONE',  ( -1.000000000000000000, -1.288097321785394182E-16, 2.081668171172168513E-17 ) ) ;
#2729 = ORIENTED_EDGE ( 'NONE', *, *, #2548, .F. ) ;
#2730 = VECTOR ( 'NONE', #1517, 1000.000000000000000 ) ;
#2731 = ADVANCED_FACE ( 'NONE', ( #4394 ), #6061, .F. ) ;
#2732 = CARTESIAN_POINT ( 'NONE',  ( -42.69999999999994600, -22.87015455142720555, -36.00000000000000711 ) ) ;
#2733 = CARTESIAN_POINT ( 'NONE',  ( -94.39999999999996305, -22.87015455142721265, -23.80000000000000071 ) ) ;
#2734 = ORIENTED_EDGE ( 'NONE', *, *, #1729, .T. ) ;
#2735 = CARTESIAN_POINT ( 'NONE',  ( -40.49999999999992184, -22.87015455142720555, 22.89999999999999147 ) ) ;
#2736 = DIRECTION ( 'NONE',  ( -1.000000000000000000, 0.000000000000000000, 0.000000000000000000 ) ) ;
#2737 = VERTEX_POINT ( 'NONE', #2203 ) ;
#2738 = ORIENTED_EDGE ( 'NONE', *, *, #6833, .F. ) ;
#2739 = FACE_OUTER_BOUND ( 'NONE', #8, .T. ) ;
#2740 = EDGE_CURVE ( 'NONE', #3576, #1736, #1663, .T. ) ;
#2741 = ADVANCED_FACE ( 'NONE', ( #6167 ), #1651, .F. ) ;
#2742 = DIRECTION ( 'NONE',  ( -1.278526357607465097E-16, 1.000000000000000000, 5.022723014296544476E-18 ) ) ;
#2743 = CARTESIAN_POINT ( 'NONE',  ( -42.49999999999992895, -25.87015455142720555, 55.89999999999998437 ) ) ;
#2744 = EDGE_LOOP ( 'NONE', ( #5473, #4380, #5812, #1384 ) ) ;
#2745 = CARTESIAN_POINT ( 'NONE',  ( -95.89999999999993463, -25.87015455142721265, 45.89999999999999147 ) ) ;
#2746 = ORIENTED_EDGE ( 'NONE', *, *, #1869, .F. ) ;
#2747 = DIRECTION ( 'NONE',  ( -1.288097321785393689E-16, 1.000000000000000000, -3.489072158099908472E-32 ) ) ;
#2748 = EDGE_LOOP ( 'NONE', ( #740, #5580, #1284, #5176 ) ) ;
#2749 = EDGE_CURVE ( 'NONE', #1358, #876, #4690, .T. ) ;
#2750 = LINE ( 'NONE', #2821, #4406 ) ;
#2751 = CARTESIAN_POINT ( 'NONE',  ( -93.39999999999994884, -25.87015455142721265, 15.89999999999999680 ) ) ;
#2752 = CARTESIAN_POINT ( 'NONE',  ( -53.19999999999992468, -22.87015455142720555, 52.89999999999999147 ) ) ;
#2753 = CYLINDRICAL_SURFACE ( 'NONE', #1931, 1.250000000000001110 ) ;
#2754 = ORIENTED_EDGE ( 'NONE', *, *, #1019, .F. ) ;
#2755 = ORIENTED_EDGE ( 'NONE', *, *, #3003, .F. ) ;
#2756 = DIRECTION ( 'NONE',  ( 1.000000000000000000, 0.000000000000000000, 0.000000000000000000 ) ) ;
#2757 = AXIS2_PLACEMENT_3D ( 'NONE', #2725, #1488, #3668 ) ;
#2758 = CARTESIAN_POINT ( 'NONE',  ( -12.49999999999993427, -22.87015455142720199, 56.39999999999999858 ) ) ;
#2759 = DIRECTION ( 'NONE',  ( 1.288097321785393689E-16, -1.000000000000000000, 3.489072158099908472E-32 ) ) ;
#2760 = CARTESIAN_POINT ( 'NONE',  ( -75.39999999999994884, -15.87015455142721088, -2.100000000000004530 ) ) ;
#2761 = DIRECTION ( 'NONE',  ( 1.540743955509788340E-33, 8.323527102631437622E-34, 1.000000000000000000 ) ) ;
#2762 = VERTEX_POINT ( 'NONE', #1111 ) ;
#2763 = ORIENTED_EDGE ( 'NONE', *, *, #3807, .T. ) ;
#2764 = CIRCLE ( 'NONE', #555, 1.500000000000004885 ) ;
#2765 = DIRECTION ( 'NONE',  ( 1.369775700273876512E-16, -1.000000000000000000, 1.232595164407830672E-32 ) ) ;
#2766 = CARTESIAN_POINT ( 'NONE',  ( -89.44999999999991758, -22.87015455142721265, 41.89999999999998437 ) ) ;
#2767 = EDGE_LOOP ( 'NONE', ( #759, #4263, #2521, #4590 ) ) ;
#2768 = DIRECTION ( 'NONE',  ( -1.278526357607465097E-16, 1.000000000000000000, 5.022723014296544476E-18 ) ) ;
#2769 = CARTESIAN_POINT ( 'NONE',  ( -58.39999999999994884, -22.87015455142720910, -35.50000000000000000 ) ) ;
#2770 = VERTEX_POINT ( 'NONE', #1725 ) ;
#2771 = EDGE_LOOP ( 'NONE', ( #2589, #4477, #5093, #6400 ) ) ;
#2772 = VECTOR ( 'NONE', #6748, 1000.000000000000000 ) ;
#2773 = DIRECTION ( 'NONE',  ( 0.000000000000000000, 0.000000000000000000, 1.000000000000000000 ) ) ;
#2774 = FACE_OUTER_BOUND ( 'NONE', #1175, .T. ) ;
#2775 = EDGE_CURVE ( 'NONE', #1969, #5420, #1143, .T. ) ;
#2776 = DIRECTION ( 'NONE',  ( 1.000000000000000000, 0.000000000000000000, 0.000000000000000000 ) ) ;
#2777 = ORIENTED_EDGE ( 'NONE', *, *, #5737, .F. ) ;
#2778 = CARTESIAN_POINT ( 'NONE',  ( -7.999999999999937828, -24.07015455142720128, -13.50000000000000533 ) ) ;
#2779 = ORIENTED_EDGE ( 'NONE', *, *, #2593, .T. ) ;
#2780 = EDGE_CURVE ( 'NONE', #6397, #3518, #5553, .T. ) ;
#2781 = AXIS2_PLACEMENT_3D ( 'NONE', #1435, #4826, #3653 ) ;
#2782 = CARTESIAN_POINT ( 'NONE',  ( -44.44999999999991758, -25.87015455142720555, 23.39999999999998792 ) ) ;
#2783 = DIRECTION ( 'NONE',  ( 1.288097321785393689E-16, -1.000000000000000000, 3.489072158099908472E-32 ) ) ;
#2784 = ADVANCED_FACE ( 'NONE', ( #6 ), #3949, .F. ) ;
#2785 = EDGE_CURVE ( 'NONE', #3119, #2327, #6134, .T. ) ;
#2786 = CARTESIAN_POINT ( 'NONE',  ( -35.39999999999994884, -25.87015455142720555, -25.00000000000001066 ) ) ;
#2787 = EDGE_CURVE ( 'NONE', #3247, #1890, #4348, .T. ) ;
#2788 = VERTEX_POINT ( 'NONE', #6916 ) ;
#2789 = CARTESIAN_POINT ( 'NONE',  ( -1.999999999999939382, -22.87015455142720199, -6.183324171480520393E-31 ) ) ;
#2790 = VERTEX_POINT ( 'NONE', #4058 ) ;
#2791 = DIRECTION ( 'NONE',  ( -1.278526357607465097E-16, 1.000000000000000000, 5.022723014296544476E-18 ) ) ;
#2792 = CIRCLE ( 'NONE', #6858, 8.000000000000000000 ) ;
#2793 = CYLINDRICAL_SURFACE ( 'NONE', #5564, 2.000000000000001776 ) ;
#2794 = ADVANCED_FACE ( 'NONE', ( #763 ), #1834, .F. ) ;
#2795 = CARTESIAN_POINT ( 'NONE',  ( -53.19999999999992468, -22.87015455142720555, 53.89999999999999147 ) ) ;
#2796 = EDGE_CURVE ( 'NONE', #2486, #2099, #6779, .T. ) ;
#2797 = AXIS2_PLACEMENT_3D ( 'NONE', #2331, #4127, #1213 ) ;
#2798 = DIRECTION ( 'NONE',  ( 0.000000000000000000, 0.000000000000000000, -1.000000000000000000 ) ) ;
#2799 = ORIENTED_EDGE ( 'NONE', *, *, #2906, .T. ) ;
#2800 = ORIENTED_EDGE ( 'NONE', *, *, #5736, .T. ) ;
#2801 = AXIS2_PLACEMENT_3D ( 'NONE', #6276, #1248, #5143 ) ;
#2802 = VECTOR ( 'NONE', #6502, 1000.000000000000000 ) ;
#2803 = DIRECTION ( 'NONE',  ( 1.278526357607465097E-16, -1.000000000000000000, -5.022723014296544476E-18 ) ) ;
#2804 = PLANE ( 'NONE',  #336 ) ;
#2805 = FACE_BOUND ( 'NONE', #2915, .T. ) ;
#2806 = CARTESIAN_POINT ( 'NONE',  ( -93.39999999999994884, -22.87015455142721265, -23.80000000000000071 ) ) ;
#2807 = VECTOR ( 'NONE', #790, 1000.000000000000000 ) ;
#2808 = ORIENTED_EDGE ( 'NONE', *, *, #7005, .T. ) ;
#2809 = ORIENTED_EDGE ( 'NONE', *, *, #1552, .T. ) ;
#2810 = VECTOR ( 'NONE', #4792, 1000.000000000000000 ) ;
#2811 = VECTOR ( 'NONE', #1744, 1000.000000000000000 ) ;
#2812 = VECTOR ( 'NONE', #1658, 1000.000000000000000 ) ;
#2813 = CARTESIAN_POINT ( 'NONE',  ( -83.89999999999992042, -25.87015455142721265, 30.89999999999999147 ) ) ;
#2814 = CARTESIAN_POINT ( 'NONE',  ( -55.39999999999994884, -22.87015455142720910, -4.949188263117179308E-31 ) ) ;
#2815 = LINE ( 'NONE', #50, #1888 ) ;
#2816 = ORIENTED_EDGE ( 'NONE', *, *, #4964, .T. ) ;
#2817 = LINE ( 'NONE', #739, #1421 ) ;
#2818 = EDGE_LOOP ( 'NONE', ( #2056, #4636 ) ) ;
#2819 = VECTOR ( 'NONE', #884, 1000.000000000000000 ) ;
#2820 = VECTOR ( 'NONE', #4748, 1000.000000000000000 ) ;
#2821 = CARTESIAN_POINT ( 'NONE',  ( -54.19999999999993179, -25.87015455142720910, 56.89999999999998437 ) ) ;
#2822 = VECTOR ( 'NONE', #772, 1000.000000000000000 ) ;
#2823 = CARTESIAN_POINT ( 'NONE',  ( -43.39999999999994884, -25.87015455142720910, -2.000000000000000444 ) ) ;
#2824 = EDGE_CURVE ( 'NONE', #1313, #1548, #6198, .T. ) ;
#2825 = LINE ( 'NONE', #6183, #6236 ) ;
#2826 = VERTEX_POINT ( 'NONE', #5770 ) ;
#2827 = CARTESIAN_POINT ( 'NONE',  ( 6.245004513516505540E-14, -22.87015455142720199, -6.229546490145814053E-31 ) ) ;
#2828 = EDGE_LOOP ( 'NONE', ( #3395, #5486, #4940, #1327 ) ) ;
#2829 = DIRECTION ( 'NONE',  ( -1.278526357607465097E-16, 1.000000000000000000, 5.022723014296544476E-18 ) ) ;
#2830 = VECTOR ( 'NONE', #6909, 1000.000000000000000 ) ;
#2831 = EDGE_CURVE ( 'NONE', #3646, #5701, #6644, .T. ) ;
#2832 = DIRECTION ( 'NONE',  ( -1.000000000000000000, 0.000000000000000000, 0.000000000000000000 ) ) ;
#2833 = CARTESIAN_POINT ( 'NONE',  ( 6.245004513516505540E-14, -25.87015455142720199, 15.00000000000000000 ) ) ;
#2834 = AXIS2_PLACEMENT_3D ( 'NONE', #3399, #3989, #2849 ) ;
#2835 = DIRECTION ( 'NONE',  ( 1.278526357607465097E-16, -1.000000000000000000, -5.022723014296544476E-18 ) ) ;
#2836 = ORIENTED_EDGE ( 'NONE', *, *, #6474, .T. ) ;
#2837 = VERTEX_POINT ( 'NONE', #2984 ) ;
#2838 = VECTOR ( 'NONE', #3834, 1000.000000000000000 ) ;
#2839 = ADVANCED_FACE ( 'NONE', ( #5109 ), #5221, .F. ) ;
#2840 = PRODUCT_DEFINITION_FORMATION_WITH_SPECIFIED_SOURCE ( 'ä»', '', #4359, .NOT_KNOWN. ) ;
#2841 = VERTEX_POINT ( 'NONE', #5664 ) ;
#2842 = DIRECTION ( 'NONE',  ( 1.278526357607465097E-16, -1.000000000000000000, -5.022723014296544476E-18 ) ) ;
#2843 = CYLINDRICAL_SURFACE ( 'NONE', #3138, 1.500000000000001332 ) ;
#2844 = DIRECTION ( 'NONE',  ( 1.000000000000000000, 1.278526357607465097E-16, 0.000000000000000000 ) ) ;
#2845 = DIRECTION ( 'NONE',  ( 1.278526357607465097E-16, -1.000000000000000000, -5.022723014296544476E-18 ) ) ;
#2846 = ORIENTED_EDGE ( 'NONE', *, *, #3135, .T. ) ;
#2847 = ORIENTED_EDGE ( 'NONE', *, *, #3868, .T. ) ;
#2848 = AXIS2_PLACEMENT_3D ( 'NONE', #4913, #7125, #5380 ) ;
#2849 = DIRECTION ( 'NONE',  ( -1.000000000000000000, 0.000000000000000000, 0.000000000000000000 ) ) ;
#2850 = CARTESIAN_POINT ( 'NONE',  ( -58.39999999999994884, -25.87015455142720910, -13.49999999999999822 ) ) ;
#2851 = LINE ( 'NONE', #3886, #6192 ) ;
#2852 = VERTEX_POINT ( 'NONE', #2436 ) ;
#2853 = DIRECTION ( 'NONE',  ( 0.000000000000000000, 0.000000000000000000, 1.000000000000000000 ) ) ;
#2854 = VERTEX_POINT ( 'NONE', #110 ) ;
#2855 = DIRECTION ( 'NONE',  ( 1.000000000000000000, 0.000000000000000000, 0.000000000000000000 ) ) ;
#2856 = DIRECTION ( 'NONE',  ( 1.268935612889287343E-16, -1.000000000000000000, 2.469788560855558288E-32 ) ) ;
#2857 = CARTESIAN_POINT ( 'NONE',  ( -60.89999999999995595, -25.87015455142720910, 12.69999999999999929 ) ) ;
#2858 = CYLINDRICAL_SURFACE ( 'NONE', #4378, 3.000000000000002665 ) ;
#2859 = ORIENTED_EDGE ( 'NONE', *, *, #5962, .F. ) ;
#2860 = CARTESIAN_POINT ( 'NONE',  ( -11.99999999999995559, -22.87015455142720199, -10.00000000000000178 ) ) ;
#2861 = ORIENTED_EDGE ( 'NONE', *, *, #6609, .T. ) ;
#2862 = LINE ( 'NONE', #5094, #261 ) ;
#2863 = AXIS2_PLACEMENT_3D ( 'NONE', #3245, #1611, #4856 ) ;
#2864 = FACE_OUTER_BOUND ( 'NONE', #6917, .T. ) ;
#2865 = CARTESIAN_POINT ( 'NONE',  ( -47.39999999999994174, -24.07015455142720839, -13.50000000000000533 ) ) ;
#2866 = EDGE_CURVE ( 'NONE', #5324, #3474, #2919, .T. ) ;
#2867 = LINE ( 'NONE', #6159, #1885 ) ;
#2868 = EDGE_LOOP ( 'NONE', ( #3650, #2095, #6565, #962 ) ) ;
#2869 = ADVANCED_FACE ( 'NONE', ( #4674 ), #2333, .T. ) ;
#2870 = DIRECTION ( 'NONE',  ( -1.000000000000000000, -1.268935612889287343E-16, 1.652117596168387263E-16 ) ) ;
#2871 = EDGE_CURVE ( 'NONE', #5342, #1025, #5256, .T. ) ;
#2872 = ORIENTED_EDGE ( 'NONE', *, *, #4582, .F. ) ;
#2873 = AXIS2_PLACEMENT_3D ( 'NONE', #5973, #4959, #421 ) ;
#2874 = LINE ( 'NONE', #71, #6557 ) ;
#2875 = CARTESIAN_POINT ( 'NONE',  ( -90.89999999999992042, -25.87015455142721265, 34.39999999999999147 ) ) ;
#2876 = FACE_BOUND ( 'NONE', #3630, .T. ) ;
#2877 = CARTESIAN_POINT ( 'NONE',  ( -52.49999999999992184, -25.87015455142720555, 56.39999999999998437 ) ) ;
#2878 = ADVANCED_FACE ( 'NONE', ( #798 ), #4569, .F. ) ;
#2879 = EDGE_CURVE ( 'NONE', #2365, #5301, #4786, .T. ) ;
#2880 = ORIENTED_EDGE ( 'NONE', *, *, #1905, .T. ) ;
#2881 = ORIENTED_EDGE ( 'NONE', *, *, #5148, .F. ) ;
#2882 = CARTESIAN_POINT ( 'NONE',  ( -23.99999999999993605, -24.07015455142720128, 11.00000000000000355 ) ) ;
#2883 = FACE_OUTER_BOUND ( 'NONE', #3790, .T. ) ;
#2884 = AXIS2_PLACEMENT_3D ( 'NONE', #5568, #5017, #5053 ) ;
#2885 = DIRECTION ( 'NONE',  ( -1.288097321785393689E-16, 1.000000000000000000, -3.489072158099908472E-32 ) ) ;
#2886 = ORIENTED_EDGE ( 'NONE', *, *, #6170, .T. ) ;
#2887 = CARTESIAN_POINT ( 'NONE',  ( -1.499999999999938938, -22.87015455142719844, 15.69999999999999929 ) ) ;
#2888 = VERTEX_POINT ( 'NONE', #4022 ) ;
#2889 = AXIS2_PLACEMENT_3D ( 'NONE', #5232, #2446, #6897 ) ;
#2890 = DIRECTION ( 'NONE',  ( 2.081668171172168513E-17, 3.816637062202878161E-32, 1.000000000000000000 ) ) ;
#2891 = CARTESIAN_POINT ( 'NONE',  ( -37.49999999999993605, -25.87015455142720555, 3.000000000000000000 ) ) ;
#2892 = CARTESIAN_POINT ( 'NONE',  ( -93.89999999999994884, -25.87015455142721265, -27.50000000000000355 ) ) ;
#2893 = DIRECTION ( 'NONE',  ( -1.000000000000000000, 0.000000000000000000, 0.000000000000000000 ) ) ;
#2894 = ORIENTED_EDGE ( 'NONE', *, *, #6439, .T. ) ;
#2895 = CARTESIAN_POINT ( 'NONE',  ( 6.245004513516505540E-14, -22.87015455142719844, 3.000000000000000000 ) ) ;
#2896 = VERTEX_POINT ( 'NONE', #6241 ) ;
#2897 = CARTESIAN_POINT ( 'NONE',  ( -93.89999999999994884, -22.87015455142721265, 5.899999999999998579 ) ) ;
#2898 = AXIS2_PLACEMENT_3D ( 'NONE', #6784, #1288, #1355 ) ;
#2899 = DIRECTION ( 'NONE',  ( 0.000000000000000000, 0.000000000000000000, 1.000000000000000000 ) ) ;
#2900 = CARTESIAN_POINT ( 'NONE',  ( -54.19999999999993179, -22.87015455142720555, 52.89999999999999147 ) ) ;
#2901 = ORIENTED_EDGE ( 'NONE', *, *, #1995, .T. ) ;
#2902 = DIRECTION ( 'NONE',  ( -1.000000000000000000, -1.268935612889287343E-16, 2.311115933264680629E-33 ) ) ;
#2903 = ORIENTED_EDGE ( 'NONE', *, *, #6517, .T. ) ;
#2904 = DIRECTION ( 'NONE',  ( 1.288097321785394182E-16, -1.000000000000000000, 3.489072158099908472E-32 ) ) ;
#2905 = VECTOR ( 'NONE', #6339, 1000.000000000000000 ) ;
#2906 = EDGE_CURVE ( 'NONE', #2280, #6015, #2444, .T. ) ;
#2907 = ORIENTED_EDGE ( 'NONE', *, *, #3920, .T. ) ;
#2908 = VECTOR ( 'NONE', #4376, 1000.000000000000000 ) ;
#2909 = FACE_OUTER_BOUND ( 'NONE', #5572, .T. ) ;
#2910 = CARTESIAN_POINT ( 'NONE',  ( -23.99999999999993605, -22.87015455142720199, 51.89999999999999858 ) ) ;
#2911 = EDGE_CURVE ( 'NONE', #5022, #3036, #144, .T. ) ;
#2912 = FACE_BOUND ( 'NONE', #6636, .T. ) ;
#2913 = CARTESIAN_POINT ( 'NONE',  ( -95.89999999999996305, -25.87015455142721265, -27.50000000000000355 ) ) ;
#2914 = EDGE_LOOP ( 'NONE', ( #6506, #3412, #2847, #1348 ) ) ;
#2915 = EDGE_LOOP ( 'NONE', ( #1470, #4897 ) ) ;
#2916 = AXIS2_PLACEMENT_3D ( 'NONE', #1126, #3933, #4554 ) ;
#2917 = FACE_OUTER_BOUND ( 'NONE', #4439, .T. ) ;
#2918 = DIRECTION ( 'NONE',  ( -1.000000000000000000, -1.288097321785393689E-16, 2.081668171172168513E-17 ) ) ;
#2919 = CIRCLE ( 'NONE', #6524, 1.250000000000001110 ) ;
#2920 = DIRECTION ( 'NONE',  ( 1.000000000000000000, 0.000000000000000000, 0.000000000000000000 ) ) ;
#2921 = VERTEX_POINT ( 'NONE', #5731 ) ;
#2922 = DIRECTION ( 'NONE',  ( -1.278526357607465097E-16, 1.000000000000000000, 5.022723014296544476E-18 ) ) ;
#2923 = ORIENTED_EDGE ( 'NONE', *, *, #5249, .T. ) ;
#2924 = VECTOR ( 'NONE', #2529, 1000.000000000000000 ) ;
#2925 = AXIS2_PLACEMENT_3D ( 'NONE', #3109, #5339, #1991 ) ;
#2926 = EDGE_CURVE ( 'NONE', #1174, #5293, #4608, .T. ) ;
#2927 = EDGE_CURVE ( 'NONE', #3760, #2380, #2111, .T. ) ;
#2928 = CARTESIAN_POINT ( 'NONE',  ( -34.99999999999993605, -22.87015455142720555, 51.94999999999999574 ) ) ;
#2929 = CARTESIAN_POINT ( 'NONE',  ( -94.39999999999996305, -22.87015455142721265, 5.200000000000000178 ) ) ;
#2930 = LINE ( 'NONE', #3615, #5138 ) ;
#2931 = CARTESIAN_POINT ( 'NONE',  ( -83.89999999999992042, -22.87015455142720910, 58.39999999999998437 ) ) ;
#2932 = ORIENTED_EDGE ( 'NONE', *, *, #1364, .T. ) ;
#2933 = AXIS2_PLACEMENT_3D ( 'NONE', #3392, #1071, #7176 ) ;
#2934 = FACE_BOUND ( 'NONE', #1599, .T. ) ;
#2935 = ORIENTED_EDGE ( 'NONE', *, *, #3681, .T. ) ;
#2936 = CIRCLE ( 'NONE', #1783, 1.250000000000001110 ) ;
#2937 = DIRECTION ( 'NONE',  ( 0.000000000000000000, 0.000000000000000000, 1.000000000000000000 ) ) ;
#2938 = LINE ( 'NONE', #5759, #5186 ) ;
#2939 = ORIENTED_EDGE ( 'NONE', *, *, #604, .F. ) ;
#2940 = CARTESIAN_POINT ( 'NONE',  ( -23.99999999999993605, -24.07015455142720128, 50.39999999999999858 ) ) ;
#2941 = ORIENTED_EDGE ( 'NONE', *, *, #5820, .F. ) ;
#2942 = AXIS2_PLACEMENT_3D ( 'NONE', #3856, #3308, #6507 ) ;
#2943 = DIRECTION ( 'NONE',  ( 0.000000000000000000, 0.000000000000000000, 1.000000000000000000 ) ) ;
#2944 = VECTOR ( 'NONE', #3432, 1000.000000000000000 ) ;
#2945 = LINE ( 'NONE', #242, #3573 ) ;
#2946 = DIRECTION ( 'NONE',  ( -1.288097321785393689E-16, 1.000000000000000000, -3.489072158099908472E-32 ) ) ;
#2947 = CARTESIAN_POINT ( 'NONE',  ( -79.39999999999994884, -25.87015455142721265, -33.54999999999999716 ) ) ;
#2948 = CYLINDRICAL_SURFACE ( 'NONE', #3094, 1.500000000000001332 ) ;
#2949 = DIRECTION ( 'NONE',  ( 0.000000000000000000, 5.022723014296612268E-18, -1.000000000000000000 ) ) ;
#2950 = ORIENTED_EDGE ( 'NONE', *, *, #1408, .F. ) ;
#2951 = VECTOR ( 'NONE', #2803, 1000.000000000000000 ) ;
#2952 = ADVANCED_FACE ( 'NONE', ( #4646 ), #6846, .F. ) ;
#2953 = CARTESIAN_POINT ( 'NONE',  ( -27.49999999999993250, -22.87015455142720555, 46.39999999999999147 ) ) ;
#2954 = LINE ( 'NONE', #253, #1746 ) ;
#2955 = ORIENTED_EDGE ( 'NONE', *, *, #463, .F. ) ;
#2956 = CARTESIAN_POINT ( 'NONE',  ( -93.39999999999994884, -25.87015455142721265, -27.50000000000000355 ) ) ;
#2957 = ORIENTED_EDGE ( 'NONE', *, *, #5172, .T. ) ;
#2958 = EDGE_CURVE ( 'NONE', #161, #1430, #6762, .T. ) ;
#2959 = CARTESIAN_POINT ( 'NONE',  ( -16.49999999999993960, -25.87015455142720199, 8.199999999999999289 ) ) ;
#2960 = EDGE_CURVE ( 'NONE', #6145, #2994, #5949, .T. ) ;
#2961 = VERTEX_POINT ( 'NONE', #4774 ) ;
#2962 = AXIS2_PLACEMENT_3D ( 'NONE', #4560, #5067, #681 ) ;
#2963 = EDGE_CURVE ( 'NONE', #4244, #856, #5610, .T. ) ;
#2964 = DIRECTION ( 'NONE',  ( 1.268935612889287343E-16, -1.000000000000000000, -1.026341648675403128E-48 ) ) ;
#2965 = CARTESIAN_POINT ( 'NONE',  ( -1.999999999999939382, -22.87015455142720199, -25.00000000000000711 ) ) ;
#2966 = CYLINDRICAL_SURFACE ( 'NONE', #6301, 1.000000000000000888 ) ;
#2967 = CARTESIAN_POINT ( 'NONE',  ( -37.49999999999993605, -25.87015455142720555, 3.000000000000000000 ) ) ;
#2968 = ORIENTED_EDGE ( 'NONE', *, *, #4052, .T. ) ;
#2969 = EDGE_LOOP ( 'NONE', ( #3489, #4120, #2204, #6927 ) ) ;
#2970 = ADVANCED_FACE ( 'NONE', ( #388 ), #282, .F. ) ;
#2971 = AXIS2_PLACEMENT_3D ( 'NONE', #3811, #2216, #6037 ) ;
#2972 = DIRECTION ( 'NONE',  ( 1.000000000000000000, 0.000000000000000000, 0.000000000000000000 ) ) ;
#2973 = FACE_OUTER_BOUND ( 'NONE', #6455, .T. ) ;
#2974 = ORIENTED_EDGE ( 'NONE', *, *, #5599, .T. ) ;
#2975 = CARTESIAN_POINT ( 'NONE',  ( -35.49999999999993605, -15.87015455142720732, 46.39999999999999147 ) ) ;
#2976 = VERTEX_POINT ( 'NONE', #5431 ) ;
#2977 = AXIS2_PLACEMENT_3D ( 'NONE', #468, #1070, #1650 ) ;
#2978 = LINE ( 'NONE', #5136, #1200 ) ;
#2979 = AXIS2_PLACEMENT_3D ( 'NONE', #3636, #4773, #833 ) ;
#2980 = ORIENTED_EDGE ( 'NONE', *, *, #1148, .T. ) ;
#2981 = DIRECTION ( 'NONE',  ( 1.000000000000000000, 0.000000000000000000, 0.000000000000000000 ) ) ;
#2982 = DIRECTION ( 'NONE',  ( -1.268935612889287343E-16, 1.000000000000000000, -2.469788560855558288E-32 ) ) ;
#2983 = DIRECTION ( 'NONE',  ( -1.000000000000000000, 0.000000000000000000, 0.000000000000000000 ) ) ;
#2984 = CARTESIAN_POINT ( 'NONE',  ( -35.39999999999994884, -25.87015455142720555, -2.000000000000000444 ) ) ;
#2985 = AXIS2_PLACEMENT_3D ( 'NONE', #1202, #1638, #5576 ) ;
#2986 = CARTESIAN_POINT ( 'NONE',  ( -69.88227985884040550, -25.87015455142721265, 19.39999999999999858 ) ) ;
#2987 = CYLINDRICAL_SURFACE ( 'NONE', #1865, 3.000000000000000888 ) ;
#2988 = ORIENTED_EDGE ( 'NONE', *, *, #3758, .T. ) ;
#2989 = DIRECTION ( 'NONE',  ( -1.000000000000000000, 0.000000000000000000, 0.000000000000000000 ) ) ;
#2990 = ORIENTED_EDGE ( 'NONE', *, *, #4713, .F. ) ;
#2991 = CIRCLE ( 'NONE', #7061, 1.249999999999997558 ) ;
#2992 = LINE ( 'NONE', #5813, #1901 ) ;
#2993 = ORIENTED_EDGE ( 'NONE', *, *, #1629, .T. ) ;
#2994 = VERTEX_POINT ( 'NONE', #1493 ) ;
#2995 = DIRECTION ( 'NONE',  ( 1.268935612889287343E-16, -1.000000000000000000, 2.469788560855558288E-32 ) ) ;
#2996 = AXIS2_PLACEMENT_3D ( 'NONE', #1365, #1260, #262 ) ;
#2997 = EDGE_CURVE ( 'NONE', #2854, #2961, #940, .T. ) ;
#2998 = AXIS2_PLACEMENT_3D ( 'NONE', #5823, #4293, #6390 ) ;
#2999 = EDGE_CURVE ( 'NONE', #1376, #4338, #2653, .T. ) ;
#3000 = DIRECTION ( 'NONE',  ( -1.000000000000000000, -1.278526357607465097E-16, 0.000000000000000000 ) ) ;
#3001 = CARTESIAN_POINT ( 'NONE',  ( -23.99999999999993605, -25.87015455142720555, 11.00000000000000355 ) ) ;
#3002 = ORIENTED_EDGE ( 'NONE', *, *, #827, .F. ) ;
#3003 = EDGE_CURVE ( 'NONE', #494, #4684, #6186, .T. ) ;
#3004 = FACE_BOUND ( 'NONE', #5441, .T. ) ;
#3005 = ORIENTED_EDGE ( 'NONE', *, *, #4550, .F. ) ;
#3006 = EDGE_CURVE ( 'NONE', #4207, #2720, #4851, .T. ) ;
#3007 = ADVANCED_FACE ( 'NONE', ( #7096 ), #2579, .F. ) ;
#3008 = CARTESIAN_POINT ( 'NONE',  ( -5.199999999999940670, -22.87015455142720199, -2.500000000000000444 ) ) ;
#3009 = DIRECTION ( 'NONE',  ( 0.000000000000000000, 0.000000000000000000, -1.000000000000000000 ) ) ;
#3010 = ORIENTED_EDGE ( 'NONE', *, *, #819, .T. ) ;
#3011 = DIRECTION ( 'NONE',  ( 1.278526357607465097E-16, -1.000000000000000000, -5.022723014296544476E-18 ) ) ;
#3012 = ORIENTED_EDGE ( 'NONE', *, *, #69, .T. ) ;
#3013 = SURFACE_STYLE_FILL_AREA ( #6336 ) ;
#3014 = ADVANCED_FACE ( 'NONE', ( #6949 ), #4197, .F. ) ;
#3015 = ORIENTED_EDGE ( 'NONE', *, *, #779, .T. ) ;
#3016 = CYLINDRICAL_SURFACE ( 'NONE', #1339, 1.000000000000000888 ) ;
#3017 = DIRECTION ( 'NONE',  ( 1.278526357607465097E-16, -1.000000000000000000, -5.022723014296544476E-18 ) ) ;
#3018 = VECTOR ( 'NONE', #1315, 1000.000000000000000 ) ;
#3019 = FACE_OUTER_BOUND ( 'NONE', #7127, .T. ) ;
#3020 = DIRECTION ( 'NONE',  ( 1.268935612889287343E-16, -1.000000000000000000, 2.469788560855558288E-32 ) ) ;
#3021 = ORIENTED_EDGE ( 'NONE', *, *, #4115, .F. ) ;
#3022 = UNCERTAINTY_MEASURE_WITH_UNIT (LENGTH_MEASURE( 1.000000000000000082E-05 ), #4032, 'distance_accuracy_value', 'NONE');
#3023 = CARTESIAN_POINT ( 'NONE',  ( -43.39999999999994884, -22.87015455142720555, -17.00000000000000711 ) ) ;
#3024 = CARTESIAN_POINT ( 'NONE',  ( -84.89999999999992042, -24.07015455142721194, 34.39999999999999147 ) ) ;
#3025 = EDGE_LOOP ( 'NONE', ( #4392, #3781, #473, #2517 ) ) ;
#3026 = DIRECTION ( 'NONE',  ( 1.268935612889287343E-16, -1.000000000000000000, 2.469788560855558288E-32 ) ) ;
#3027 = ORIENTED_EDGE ( 'NONE', *, *, #5028, .T. ) ;
#3028 = CARTESIAN_POINT ( 'NONE',  ( -53.19999999999992468, -25.87015455142720555, 53.89999999999999147 ) ) ;
#3029 = ORIENTED_EDGE ( 'NONE', *, *, #4011, .F. ) ;
#3030 = ADVANCED_FACE ( 'NONE', ( #985 ), #1420, .T. ) ;
#3031 = VECTOR ( 'NONE', #7095, 1000.000000000000000 ) ;
#3032 = DIRECTION ( 'NONE',  ( 0.000000000000000000, 0.000000000000000000, 1.000000000000000000 ) ) ;
#3033 = VECTOR ( 'NONE', #812, 1000.000000000000000 ) ;
#3034 = DIRECTION ( 'NONE',  ( -1.000000000000000000, 0.000000000000000000, 0.000000000000000000 ) ) ;
#3035 = LINE ( 'NONE', #853, #942 ) ;
#3036 = VERTEX_POINT ( 'NONE', #3637 ) ;
#3037 = CARTESIAN_POINT ( 'NONE',  ( 6.245004513516505540E-14, -25.87015455142720199, -6.229546490145814053E-31 ) ) ;
#3038 = EDGE_LOOP ( 'NONE', ( #444, #5836, #3899, #4198 ) ) ;
#3039 = CIRCLE ( 'NONE', #7110, 1.499999999999999556 ) ;
#3040 = VECTOR ( 'NONE', #736, 1000.000000000000000 ) ;
#3041 = DIRECTION ( 'NONE',  ( 1.268935612889287343E-16, -1.000000000000000000, -1.026341648675403128E-48 ) ) ;
#3042 = EDGE_CURVE ( 'NONE', #4750, #226, #1458, .T. ) ;
#3043 = AXIS2_PLACEMENT_3D ( 'NONE', #5923, #926, #7079 ) ;
#3044 = DIRECTION ( 'NONE',  ( 1.288097321785393689E-16, -1.000000000000000000, 3.489072158099908472E-32 ) ) ;
#3045 = AXIS2_PLACEMENT_3D ( 'NONE', #693, #3572, #657 ) ;
#3046 = LINE ( 'NONE', #270, #1806 ) ;
#3047 = EDGE_LOOP ( 'NONE', ( #5554, #4025 ) ) ;
#3048 = CARTESIAN_POINT ( 'NONE',  ( -41.69999999999994600, -25.87015455142720555, -33.00000000000000711 ) ) ;
#3049 = EDGE_LOOP ( 'NONE', ( #3500, #2523, #4327, #6337 ) ) ;
#3050 = DIRECTION ( 'NONE',  ( -1.000000000000000000, -1.268935612889287343E-16, 2.311115933264676181E-33 ) ) ;
#3051 = ADVANCED_FACE ( 'NONE', ( #3601 ), #834, .F. ) ;
#3052 = AXIS2_PLACEMENT_3D ( 'NONE', #1578, #436, #919 ) ;
#3053 = ORIENTED_EDGE ( 'NONE', *, *, #3217, .T. ) ;
#3054 = DIRECTION ( 'NONE',  ( -2.081668171172168513E-17, -3.816637062202878161E-32, -1.000000000000000000 ) ) ;
#3055 = DIRECTION ( 'NONE',  ( -1.278526357607465097E-16, 1.000000000000000000, 5.022723014296544476E-18 ) ) ;
#3056 = DIRECTION ( 'NONE',  ( 0.000000000000000000, 0.000000000000000000, -1.000000000000000000 ) ) ;
#3057 = EDGE_CURVE ( 'NONE', #5357, #6317, #1878, .T. ) ;
#3058 = AXIS2_PLACEMENT_3D ( 'NONE', #6281, #1177, #2406 ) ;
#3059 = DIRECTION ( 'NONE',  ( 1.288097321785393689E-16, -1.000000000000000000, 3.489072158099908472E-32 ) ) ;
#3060 = FACE_OUTER_BOUND ( 'NONE', #66, .T. ) ;
#3061 = ORIENTED_EDGE ( 'NONE', *, *, #3558, .F. ) ;
#3062 = CARTESIAN_POINT ( 'NONE',  ( -37.49999999999993605, -22.87015455142720555, 56.39999999999999858 ) ) ;
#3063 = CIRCLE ( 'NONE', #157, 2.000000000000001776 ) ;
#3064 = EDGE_LOOP ( 'NONE', ( #4533, #4280 ) ) ;
#3065 = ORIENTED_EDGE ( 'NONE', *, *, #2120, .F. ) ;
#3066 = CARTESIAN_POINT ( 'NONE',  ( -40.49999999999992184, -25.87015455142720555, 20.89999999999998792 ) ) ;
#3067 = ORIENTED_EDGE ( 'NONE', *, *, #1407, .F. ) ;
#3068 = VECTOR ( 'NONE', #3786, 1000.000000000000000 ) ;
#3069 = DIRECTION ( 'NONE',  ( 1.000000000000000000, 0.000000000000000000, 0.000000000000000000 ) ) ;
#3070 = ORIENTED_EDGE ( 'NONE', *, *, #4889, .F. ) ;
#3071 = LINE ( 'NONE', #2667, #213 ) ;
#3072 = CARTESIAN_POINT ( 'NONE',  ( -53.39999999999994884, -25.87015455142720910, -27.00000000000000355 ) ) ;
#3073 = VERTEX_POINT ( 'NONE', #2010 ) ;
#3074 = FACE_BOUND ( 'NONE', #974, .T. ) ;
#3075 = ORIENTED_EDGE ( 'NONE', *, *, #6785, .T. ) ;
#3076 = AXIS2_PLACEMENT_3D ( 'NONE', #539, #2297, #5683 ) ;
#3077 = CARTESIAN_POINT ( 'NONE',  ( -29.02239814395782247, -15.57820799198817241, 1.499999999999999778 ) ) ;
#3078 = DIRECTION ( 'NONE',  ( -1.000000000000000000, -1.268935612889287343E-16, 2.311115933264682682E-33 ) ) ;
#3079 = DIRECTION ( 'NONE',  ( 1.278526357607465097E-16, -1.000000000000000000, -5.022723014296544476E-18 ) ) ;
#3080 = ORIENTED_EDGE ( 'NONE', *, *, #5160, .T. ) ;
#3081 = DIRECTION ( 'NONE',  ( -1.268935612889287343E-16, 1.000000000000000000, -2.469788560855558288E-32 ) ) ;
#3082 = VERTEX_POINT ( 'NONE', #6444 ) ;
#3083 = VERTEX_POINT ( 'NONE', #908 ) ;
#3084 = CARTESIAN_POINT ( 'NONE',  ( -60.39999999999995595, -22.87015455142720910, 17.89999999999999858 ) ) ;
#3085 = ORIENTED_EDGE ( 'NONE', *, *, #2866, .F. ) ;
#3086 = ADVANCED_FACE ( 'NONE', ( #4272 ), #6480, .F. ) ;
#3087 = EDGE_CURVE ( 'NONE', #5342, #247, #4307, .T. ) ;
#3088 = CARTESIAN_POINT ( 'NONE',  ( -35.49999999999993605, -25.87015455142720555, 56.39999999999999858 ) ) ;
#3089 = VECTOR ( 'NONE', #3980, 1000.000000000000000 ) ;
#3090 = CARTESIAN_POINT ( 'NONE',  ( -90.69999999999991758, -22.87015455142721265, 23.39999999999999147 ) ) ;
#3091 = DIRECTION ( 'NONE',  ( 1.278526357607465097E-16, -1.000000000000000000, -5.022723014296544476E-18 ) ) ;
#3092 = ORIENTED_EDGE ( 'NONE', *, *, #2824, .T. ) ;
#3093 = ADVANCED_FACE ( 'NONE', ( #460 ), #6014, .F. ) ;
#3094 = AXIS2_PLACEMENT_3D ( 'NONE', #6240, #1756, #1247 ) ;
#3095 = ADVANCED_FACE ( 'NONE', ( #3831 ), #542, .F. ) ;
#3096 = LINE ( 'NONE', #3574, #2601 ) ;
#3097 = DIRECTION ( 'NONE',  ( -2.081668171172168513E-17, -3.816637062202878161E-32, -1.000000000000000000 ) ) ;
#3098 = ADVANCED_FACE ( 'NONE', ( #6052 ), #4850, .F. ) ;
#3099 = ORIENTED_EDGE ( 'NONE', *, *, #7115, .T. ) ;
#3100 = CARTESIAN_POINT ( 'NONE',  ( -58.39999999999994884, -22.87015455142720910, 17.89999999999999858 ) ) ;
#3101 = CYLINDRICAL_SURFACE ( 'NONE', #3748, 8.000000000000000000 ) ;
#3102 = ORIENTED_EDGE ( 'NONE', *, *, #3625, .T. ) ;
#3103 = ORIENTED_EDGE ( 'NONE', *, *, #921, .F. ) ;
#3104 = DIRECTION ( 'NONE',  ( -1.268935612889287343E-16, 1.000000000000000000, 1.026341648675403128E-48 ) ) ;
#3105 = VECTOR ( 'NONE', #4268, 1000.000000000000000 ) ;
#3106 = ORIENTED_EDGE ( 'NONE', *, *, #7184, .F. ) ;
#3107 = LINE ( 'NONE', #403, #6280 ) ;
#3108 = CIRCLE ( 'NONE', #3812, 1.250000000000001110 ) ;
#3109 = CARTESIAN_POINT ( 'NONE',  ( -42.49999999999992895, -22.87015455142720555, 45.89999999999998437 ) ) ;
#3110 = ORIENTED_EDGE ( 'NONE', *, *, #6517, .F. ) ;
#3111 = CARTESIAN_POINT ( 'NONE',  ( -45.89999999999994174, -22.87015455142720555, -13.50000000000000533 ) ) ;
#3112 = ORIENTED_EDGE ( 'NONE', *, *, #3923, .F. ) ;
#3113 = DIRECTION ( 'NONE',  ( 1.278526357607465097E-16, -1.000000000000000000, -5.022723014296544476E-18 ) ) ;
#3114 = DIRECTION ( 'NONE',  ( -1.278526357607465097E-16, 1.000000000000000000, 5.022723014296544476E-18 ) ) ;
#3115 = FACE_OUTER_BOUND ( 'NONE', #5666, .T. ) ;
#3116 = ORIENTED_EDGE ( 'NONE', *, *, #7196, .F. ) ;
#3117 = AXIS2_PLACEMENT_3D ( 'NONE', #2751, #1704, #3932 ) ;
#3118 = CARTESIAN_POINT ( 'NONE',  ( -11.99999999999994138, -25.87015455142720199, -35.50000000000000711 ) ) ;
#3119 = VERTEX_POINT ( 'NONE', #4386 ) ;
#3120 = ORIENTED_EDGE ( 'NONE', *, *, #1693, .T. ) ;
#3121 = VECTOR ( 'NONE', #4367, 1000.000000000000000 ) ;
#3122 = CARTESIAN_POINT ( 'NONE',  ( -45.89999999999994174, -24.07015455142720839, -13.50000000000000533 ) ) ;
#3123 = CARTESIAN_POINT ( 'NONE',  ( -1.499999999999938938, -22.87015455142719844, 16.69999999999999929 ) ) ;
#3124 = CYLINDRICAL_SURFACE ( 'NONE', #2979, 1.500000000000001332 ) ;
#3125 = DIRECTION ( 'NONE',  ( -1.288097321785393689E-16, 1.000000000000000000, -3.489072158099908472E-32 ) ) ;
#3126 = ADVANCED_FACE ( 'NONE', ( #3159 ), #7168, .F. ) ;
#3127 = EDGE_CURVE ( 'NONE', #897, #5401, #7057, .T. ) ;
#3128 = DIRECTION ( 'NONE',  ( 1.278526357607465097E-16, -1.000000000000000000, -5.022723014296544476E-18 ) ) ;
#3129 = DIRECTION ( 'NONE',  ( 0.000000000000000000, 5.022723014296612268E-18, -1.000000000000000000 ) ) ;
#3130 = ORIENTED_EDGE ( 'NONE', *, *, #1055, .T. ) ;
#3131 = LINE ( 'NONE', #4241, #3332 ) ;
#3132 = LINE ( 'NONE', #5359, #6312 ) ;
#3133 = ORIENTED_EDGE ( 'NONE', *, *, #1814, .F. ) ;
#3134 = CARTESIAN_POINT ( 'NONE',  ( -89.44999999999991758, -25.87015455142721265, 41.89999999999998437 ) ) ;
#3135 = EDGE_CURVE ( 'NONE', #3289, #3846, #501, .T. ) ;
#3136 = ORIENTED_EDGE ( 'NONE', *, *, #2300, .F. ) ;
#3137 = CYLINDRICAL_SURFACE ( 'NONE', #5002, 8.000000000000000000 ) ;
#3138 = AXIS2_PLACEMENT_3D ( 'NONE', #6877, #6305, #3532 ) ;
#3139 = DIRECTION ( 'NONE',  ( 0.000000000000000000, 0.000000000000000000, -1.000000000000000000 ) ) ;
#3140 = ORIENTED_EDGE ( 'NONE', *, *, #4932, .T. ) ;
#3141 = CARTESIAN_POINT ( 'NONE',  ( -71.89999999999994884, -22.87015455142720910, -29.50000000000000000 ) ) ;
#3142 = ORIENTED_EDGE ( 'NONE', *, *, #4846, .T. ) ;
#3143 = ADVANCED_FACE ( 'NONE', ( #6090 ), #3745, .T. ) ;
#3144 = VECTOR ( 'NONE', #2195, 1000.000000000000000 ) ;
#3145 = EDGE_CURVE ( 'NONE', #5301, #4907, #424, .T. ) ;
#3146 = CARTESIAN_POINT ( 'NONE',  ( -79.39999999999994884, -22.87015455142721265, -32.29999999999999716 ) ) ;
#3147 = DIRECTION ( 'NONE',  ( 1.369775700273876512E-16, -1.000000000000000000, 1.232595164407830672E-32 ) ) ;
#3148 = CARTESIAN_POINT ( 'NONE',  ( -93.39999999999994884, -25.87015455142721265, -24.80000000000000426 ) ) ;
#3149 = LINE ( 'NONE', #5929, #4609 ) ;
#3150 = AXIS2_PLACEMENT_3D ( 'NONE', #3673, #3125, #2618 ) ;
#3151 = ORIENTED_EDGE ( 'NONE', *, *, #5825, .T. ) ;
#3152 = AXIS2_PLACEMENT_3D ( 'NONE', #5271, #1297, #6826 ) ;
#3153 = ORIENTED_EDGE ( 'NONE', *, *, #4594, .F. ) ;
#3154 = DIRECTION ( 'NONE',  ( -1.268935612889287343E-16, 1.000000000000000000, -2.469788560855558288E-32 ) ) ;
#3155 = CIRCLE ( 'NONE', #1528, 3.000000000000000888 ) ;
#3156 = VECTOR ( 'NONE', #7185, 1000.000000000000000 ) ;
#3157 = DIRECTION ( 'NONE',  ( -1.288097321785393689E-16, 1.000000000000000000, -3.489072158099908472E-32 ) ) ;
#3158 = CARTESIAN_POINT ( 'NONE',  ( -87.89999999999992042, -22.87015455142721265, 34.39999999999999147 ) ) ;
#3159 = FACE_OUTER_BOUND ( 'NONE', #1643, .T. ) ;
#3160 = DIRECTION ( 'NONE',  ( 1.268935612889287343E-16, -1.000000000000000000, 2.469788560855558288E-32 ) ) ;
#3161 = VECTOR ( 'NONE', #559, 1000.000000000000000 ) ;
#3162 = VECTOR ( 'NONE', #6022, 1000.000000000000000 ) ;
#3163 = CIRCLE ( 'NONE', #6776, 1.000000000000000888 ) ;
#3164 = DIRECTION ( 'NONE',  ( 1.278526357607465097E-16, -1.000000000000000000, -5.022723014296544476E-18 ) ) ;
#3165 = DIRECTION ( 'NONE',  ( 1.278526357607465097E-16, -1.000000000000000000, -5.022723014296544476E-18 ) ) ;
#3166 = VERTEX_POINT ( 'NONE', #2652 ) ;
#3167 = CARTESIAN_POINT ( 'NONE',  ( -83.19999999999993179, -25.87015455142721265, 55.89999999999998437 ) ) ;
#3168 = CYLINDRICAL_SURFACE ( 'NONE', #30, 3.000000000000002665 ) ;
#3169 = ORIENTED_EDGE ( 'NONE', *, *, #6089, .T. ) ;
#3170 = ORIENTED_EDGE ( 'NONE', *, *, #7189, .F. ) ;
#3171 = LINE ( 'NONE', #475, #2133 ) ;
#3172 = ORIENTED_EDGE ( 'NONE', *, *, #3440, .F. ) ;
#3173 = EDGE_LOOP ( 'NONE', ( #4066, #4485, #6830, #4018, #6671, #4732, #4723, #4634 ) ) ;
#3174 = CIRCLE ( 'NONE', #731, 3.000000000000000888 ) ;
#3175 = ORIENTED_EDGE ( 'NONE', *, *, #3807, .F. ) ;
#3176 = AXIS2_PLACEMENT_3D ( 'NONE', #4094, #2310, #663 ) ;
#3177 = DIRECTION ( 'NONE',  ( 1.000000000000000000, 1.268935612889287343E-16, -2.311115933264680629E-33 ) ) ;
#3178 = EDGE_CURVE ( 'NONE', #2459, #2299, #4887, .T. ) ;
#3179 = DIRECTION ( 'NONE',  ( 0.000000000000000000, 0.000000000000000000, 1.000000000000000000 ) ) ;
#3180 = VERTEX_POINT ( 'NONE', #4426 ) ;
#3181 = DIRECTION ( 'NONE',  ( 1.268935612889287343E-16, -1.000000000000000000, -1.026341648675403128E-48 ) ) ;
#3182 = ORIENTED_EDGE ( 'NONE', *, *, #518, .F. ) ;
#3183 = ADVANCED_FACE ( 'NONE', ( #6628 ), #1023, .F. ) ;
#3184 = CIRCLE ( 'NONE', #1798, 3.000000000000002665 ) ;
#3185 = DIRECTION ( 'NONE',  ( -1.000000000000000000, 0.000000000000000000, 0.000000000000000000 ) ) ;
#3186 = DIRECTION ( 'NONE',  ( 0.000000000000000000, 0.000000000000000000, -1.000000000000000000 ) ) ;
#3187 = DIRECTION ( 'NONE',  ( 1.000000000000000000, 0.000000000000000000, 0.000000000000000000 ) ) ;
#3188 = EDGE_CURVE ( 'NONE', #5316, #5479, #3313, .T. ) ;
#3189 = LINE ( 'NONE', #2565, #2730 ) ;
#3190 = AXIS2_PLACEMENT_3D ( 'NONE', #3088, #4233, #312 ) ;
#3191 = EDGE_CURVE ( 'NONE', #5655, #1803, #5837, .T. ) ;
#3192 = ORIENTED_EDGE ( 'NONE', *, *, #5459, .T. ) ;
#3193 = ORIENTED_EDGE ( 'NONE', *, *, #1984, .T. ) ;
#3194 = DIRECTION ( 'NONE',  ( 1.288097321785393689E-16, -1.000000000000000000, 3.489072158099908472E-32 ) ) ;
#3195 = VECTOR ( 'NONE', #2423, 1000.000000000000000 ) ;
#3196 = CYLINDRICAL_SURFACE ( 'NONE', #3220, 8.000000000000000000 ) ;
#3197 = CYLINDRICAL_SURFACE ( 'NONE', #5530, 2.000000000000001776 ) ;
#3198 = DIRECTION ( 'NONE',  ( -1.000000000000000000, 0.000000000000000000, 0.000000000000000000 ) ) ;
#3199 = CARTESIAN_POINT ( 'NONE',  ( -71.89999999999994884, -24.07015455142720839, -29.50000000000000000 ) ) ;
#3200 = DIRECTION ( 'NONE',  ( -8.638375543017976328E-48, -5.022723014296544476E-18, 1.000000000000000000 ) ) ;
#3201 = CARTESIAN_POINT ( 'NONE',  ( -56.89999999999994884, -25.87015455142720910, -8.118983971337954131 ) ) ;
#3202 = CARTESIAN_POINT ( 'NONE',  ( -91.94999999999991758, -25.87015455142721265, 41.89999999999998437 ) ) ;
#3203 = VERTEX_POINT ( 'NONE', #5390 ) ;
#3204 = CARTESIAN_POINT ( 'NONE',  ( -48.49999999999992184, -24.07015455142720484, 34.39999999999998437 ) ) ;
#3205 = LINE ( 'NONE', #5436, #4223 ) ;
#3206 = ORIENTED_EDGE ( 'NONE', *, *, #5238, .F. ) ;
#3207 = ORIENTED_EDGE ( 'NONE', *, *, #6529, .T. ) ;
#3208 = DIRECTION ( 'NONE',  ( -1.278526357607465097E-16, 1.000000000000000000, 5.022723014296544476E-18 ) ) ;
#3209 = ORIENTED_EDGE ( 'NONE', *, *, #3708, .T. ) ;
#3210 = EDGE_LOOP ( 'NONE', ( #4778, #2107 ) ) ;
#3211 = CARTESIAN_POINT ( 'NONE',  ( -42.69999999999994600, -25.87015455142720910, -32.00000000000000711 ) ) ;
#3212 = FACE_OUTER_BOUND ( 'NONE', #4167, .T. ) ;
#3213 = DIRECTION ( 'NONE',  ( 0.000000000000000000, 0.000000000000000000, 1.000000000000000000 ) ) ;
#3214 = VERTEX_POINT ( 'NONE', #4924 ) ;
#3215 = CARTESIAN_POINT ( 'NONE',  ( -42.49999999999992895, -22.87015455142720555, 20.89999999999998792 ) ) ;
#3216 = ORIENTED_EDGE ( 'NONE', *, *, #4084, .F. ) ;
#3217 = EDGE_CURVE ( 'NONE', #6712, #1858, #7135, .T. ) ;
#3218 = EDGE_CURVE ( 'NONE', #1343, #2655, #3273, .T. ) ;
#3219 = CARTESIAN_POINT ( 'NONE',  ( -53.19999999999992468, -22.87015455142720555, 56.89999999999998437 ) ) ;
#3220 = AXIS2_PLACEMENT_3D ( 'NONE', #2046, #1601, #4921 ) ;
#3221 = CARTESIAN_POINT ( 'NONE',  ( -13.69999999999994778, -25.87015455142720199, -36.00000000000000711 ) ) ;
#3222 = EDGE_CURVE ( 'NONE', #4253, #1359, #1077, .T. ) ;
#3223 = CARTESIAN_POINT ( 'NONE',  ( -68.39999999999994884, -25.87015455142720910, -17.49999999999998934 ) ) ;
#3224 = DIRECTION ( 'NONE',  ( 8.638375543017976328E-48, 5.022723014296544476E-18, -1.000000000000000000 ) ) ;
#3225 = ORIENTED_EDGE ( 'NONE', *, *, #2073, .T. ) ;
#3226 = ORIENTED_EDGE ( 'NONE', *, *, #2050, .F. ) ;
#3227 = ORIENTED_EDGE ( 'NONE', *, *, #5202, .T. ) ;
#3228 = LINE ( 'NONE', #6120, #1788 ) ;
#3229 = EDGE_CURVE ( 'NONE', #7161, #2137, #170, .T. ) ;
#3230 = EDGE_CURVE ( 'NONE', #1358, #5819, #6233, .T. ) ;
#3231 = DIRECTION ( 'NONE',  ( 1.000000000000000000, 0.000000000000000000, 0.000000000000000000 ) ) ;
#3232 = AXIS2_PLACEMENT_3D ( 'NONE', #3893, #2318, #2290 ) ;
#3233 = AXIS2_PLACEMENT_3D ( 'NONE', #5925, #3694, #5375 ) ;
#3234 = DIRECTION ( 'NONE',  ( 1.000000000000000000, 0.000000000000000000, 0.000000000000000000 ) ) ;
#3235 = DIRECTION ( 'NONE',  ( -1.278526357607465097E-16, 1.000000000000000000, 5.022723014296544476E-18 ) ) ;
#3236 = CARTESIAN_POINT ( 'NONE',  ( -79.39999999999994884, -25.87015455142721265, -32.29999999999999716 ) ) ;
#3237 = EDGE_LOOP ( 'NONE', ( #5044, #5348, #702, #6700 ) ) ;
#3238 = EDGE_LOOP ( 'NONE', ( #6514, #5989, #6205, #3225 ) ) ;
#3239 = EDGE_CURVE ( 'NONE', #3518, #399, #23, .T. ) ;
#3240 = EDGE_CURVE ( 'NONE', #6026, #4821, #5032, .T. ) ;
#3241 = FACE_OUTER_BOUND ( 'NONE', #1063, .T. ) ;
#3242 = CARTESIAN_POINT ( 'NONE',  ( -1.999999999999939382, -22.87015455142720199, -25.00000000000000711 ) ) ;
#3243 = AXIS2_PLACEMENT_3D ( 'NONE', #2174, #3294, #5082 ) ;
#3244 = EDGE_LOOP ( 'NONE', ( #2130, #2511, #5985, #2610 ) ) ;
#3245 = CARTESIAN_POINT ( 'NONE',  ( -1.499999999999938938, -22.87015455142719844, 15.69999999999999929 ) ) ;
#3246 = DIRECTION ( 'NONE',  ( 1.000000000000000000, 0.000000000000000000, 0.000000000000000000 ) ) ;
#3247 = VERTEX_POINT ( 'NONE', #6124 ) ;
#3248 = ORIENTED_EDGE ( 'NONE', *, *, #7000, .T. ) ;
#3249 = CARTESIAN_POINT ( 'NONE',  ( -34.99999999999993605, -25.87015455142720555, 51.94999999999999574 ) ) ;
#3250 = ORIENTED_EDGE ( 'NONE', *, *, #6566, .F. ) ;
#3251 = ORIENTED_EDGE ( 'NONE', *, *, #787, .F. ) ;
#3252 = CARTESIAN_POINT ( 'NONE',  ( -75.39999999999994884, -22.87015455142720910, 5.899999999999997691 ) ) ;
#3253 = CARTESIAN_POINT ( 'NONE',  ( 6.245004513516505540E-14, -25.87015455142720199, 3.000000000000000000 ) ) ;
#3254 = CARTESIAN_POINT ( 'NONE',  ( -40.49999999999992184, -25.87015455142720555, 20.89999999999998792 ) ) ;
#3255 = ORIENTED_EDGE ( 'NONE', *, *, #4640, .T. ) ;
#3256 = PLANE ( 'NONE',  #955 ) ;
#3257 = ORIENTED_EDGE ( 'NONE', *, *, #4200, .F. ) ;
#3258 = DIRECTION ( 'NONE',  ( -1.268935612889287343E-16, 1.000000000000000000, -2.469788560855558288E-32 ) ) ;
#3259 = CARTESIAN_POINT ( 'NONE',  ( -12.49999999999994138, -25.87015455142720199, 5.000000000000000000 ) ) ;
#3260 = CARTESIAN_POINT ( 'NONE',  ( -43.39999999999994884, -25.87015455142720910, -37.50000000000000711 ) ) ;
#3261 = DIRECTION ( 'NONE',  ( 1.278526357607465097E-16, -1.000000000000000000, -5.022723014296544476E-18 ) ) ;
#3262 = ORIENTED_EDGE ( 'NONE', *, *, #6676, .T. ) ;
#3263 = VERTEX_POINT ( 'NONE', #1823 ) ;
#3264 = ORIENTED_EDGE ( 'NONE', *, *, #1910, .T. ) ;
#3265 = PLANE ( 'NONE',  #3296 ) ;
#3266 = VECTOR ( 'NONE', #4875, 1000.000000000000000 ) ;
#3267 = EDGE_CURVE ( 'NONE', #309, #3562, #2867, .T. ) ;
#3268 = AXIS2_PLACEMENT_3D ( 'NONE', #7024, #3091, #3056 ) ;
#3269 = DIRECTION ( 'NONE',  ( 0.000000000000000000, 0.000000000000000000, 1.000000000000000000 ) ) ;
#3270 = VECTOR ( 'NONE', #5886, 1000.000000000000000 ) ;
#3271 = CARTESIAN_POINT ( 'NONE',  ( -7.999999999999937828, -25.87015455142720199, -13.50000000000000533 ) ) ;
#3272 = DIRECTION ( 'NONE',  ( 1.268935612889287343E-16, -1.000000000000000000, -1.026341648675403128E-48 ) ) ;
#3273 = LINE ( 'NONE', #5503, #711 ) ;
#3274 = ORIENTED_EDGE ( 'NONE', *, *, #3287, .F. ) ;
#3275 = EDGE_CURVE ( 'NONE', #6020, #7150, #595, .T. ) ;
#3276 = ORIENTED_EDGE ( 'NONE', *, *, #5868, .F. ) ;
#3277 = EDGE_CURVE ( 'NONE', #856, #4244, #3278, .T. ) ;
#3278 = CIRCLE ( 'NONE', #4679, 1.250000000000001110 ) ;
#3279 = AXIS2_PLACEMENT_3D ( 'NONE', #4681, #803, #2989 ) ;
#3280 = LINE ( 'NONE', #5511, #979 ) ;
#3281 = DIRECTION ( 'NONE',  ( 2.081668171172168513E-17, 3.816637062202878161E-32, 1.000000000000000000 ) ) ;
#3282 = AXIS2_PLACEMENT_3D ( 'NONE', #5449, #891, #7040 ) ;
#3283 = AXIS2_PLACEMENT_3D ( 'NONE', #5948, #4318, #7031 ) ;
#3284 = EDGE_LOOP ( 'NONE', ( #5074, #5733, #266, #7086 ) ) ;
#3285 = CARTESIAN_POINT ( 'NONE',  ( -45.69999999999992468, -25.87015455142720555, 23.39999999999998792 ) ) ;
#3286 = DIRECTION ( 'NONE',  ( -1.268935612889287343E-16, 1.000000000000000000, -2.469788560855558288E-32 ) ) ;
#3287 = EDGE_CURVE ( 'NONE', #3530, #1758, #3488, .T. ) ;
#3288 = EDGE_CURVE ( 'NONE', #4821, #1376, #4570, .T. ) ;
#3289 = VERTEX_POINT ( 'NONE', #717 ) ;
#3290 = EDGE_LOOP ( 'NONE', ( #1922, #1084, #3918, #3015, #4900, #3358, #1153, #6504 ) ) ;
#3291 = DIRECTION ( 'NONE',  ( 0.000000000000000000, 0.000000000000000000, 1.000000000000000000 ) ) ;
#3292 = AXIS2_PLACEMENT_3D ( 'NONE', #4069, #1292, #4718 ) ;
#3293 = CARTESIAN_POINT ( 'NONE',  ( -47.39999999999994174, -22.87015455142720555, -13.50000000000000533 ) ) ;
#3294 = DIRECTION ( 'NONE',  ( -1.278526357607465097E-16, 1.000000000000000000, 5.022723014296544476E-18 ) ) ;
#3295 = CARTESIAN_POINT ( 'NONE',  ( -93.89999999999993463, -22.87015455142721265, 47.89999999999999147 ) ) ;
#3296 = AXIS2_PLACEMENT_3D ( 'NONE', #455, #2723, #1094 ) ;
#3297 = VERTEX_POINT ( 'NONE', #5654 ) ;
#3298 = FACE_OUTER_BOUND ( 'NONE', #1943, .T. ) ;
#3299 = ORIENTED_EDGE ( 'NONE', *, *, #1494, .F. ) ;
#3300 = VECTOR ( 'NONE', #1619, 1000.000000000000000 ) ;
#3301 = CARTESIAN_POINT ( 'NONE',  ( -60.89999999999995595, -22.87015455142720910, -31.04999999999999716 ) ) ;
#3302 = DIRECTION ( 'NONE',  ( -1.288097321785393689E-16, 1.000000000000000000, -3.489072158099908472E-32 ) ) ;
#3303 = DIRECTION ( 'NONE',  ( 0.000000000000000000, 0.000000000000000000, 1.000000000000000000 ) ) ;
#3304 = DIRECTION ( 'NONE',  ( 2.311115933264671392E-33, 3.697785493223492838E-32, 1.000000000000000000 ) ) ;
#3305 = EDGE_LOOP ( 'NONE', ( #6629, #3511, #527, #2197 ) ) ;
#3306 = EDGE_LOOP ( 'NONE', ( #5493, #6257, #5621, #2543 ) ) ;
#3307 = VECTOR ( 'NONE', #3792, 1000.000000000000000 ) ;
#3308 = DIRECTION ( 'NONE',  ( -1.278526357607465097E-16, 1.000000000000000000, 5.022723014296544476E-18 ) ) ;
#3309 = AXIS2_PLACEMENT_3D ( 'NONE', #809, #3032, #3069 ) ;
#3310 = CARTESIAN_POINT ( 'NONE',  ( -83.39999999999996305, -22.87015455142721265, -17.49999999999998934 ) ) ;
#3311 = DIRECTION ( 'NONE',  ( -1.000000000000000000, 0.000000000000000000, 0.000000000000000000 ) ) ;
#3312 = CARTESIAN_POINT ( 'NONE',  ( -53.39999999999994884, -22.87015455142720910, -2.000000000000000444 ) ) ;
#3313 = LINE ( 'NONE', #1567, #4908 ) ;
#3314 = ORIENTED_EDGE ( 'NONE', *, *, #2083, .F. ) ;
#3315 = VECTOR ( 'NONE', #1482, 1000.000000000000000 ) ;
#3316 = EDGE_CURVE ( 'NONE', #3631, #2472, #2691, .T. ) ;
#3317 = ADVANCED_FACE ( 'NONE', ( #2396 ), #6734, .F. ) ;
#3318 = VECTOR ( 'NONE', #4885, 1000.000000000000000 ) ;
#3319 = DIRECTION ( 'NONE',  ( 1.000000000000000000, 0.000000000000000000, 0.000000000000000000 ) ) ;
#3320 = EDGE_CURVE ( 'NONE', #91, #156, #3908, .T. ) ;
#3321 = ORIENTED_EDGE ( 'NONE', *, *, #5321, .T. ) ;
#3322 = LINE ( 'NONE', #5552, #652 ) ;
#3323 = CARTESIAN_POINT ( 'NONE',  ( -75.39999999999994884, -25.87015455142721265, -25.49999999999998934 ) ) ;
#3324 = ORIENTED_EDGE ( 'NONE', *, *, #2694, .T. ) ;
#3325 = EDGE_LOOP ( 'NONE', ( #4781, #2640, #6063, #4495, #6249, #5635, #3616, #93 ) ) ;
#3326 = AXIS2_PLACEMENT_3D ( 'NONE', #1879, #1772, #1258 ) ;
#3327 = ORIENTED_EDGE ( 'NONE', *, *, #3954, .T. ) ;
#3328 = EDGE_CURVE ( 'NONE', #6091, #4435, #1714, .T. ) ;
#3329 = DIRECTION ( 'NONE',  ( -1.288097321785393689E-16, 1.000000000000000000, -3.489072158099908472E-32 ) ) ;
#3330 = DIRECTION ( 'NONE',  ( 0.000000000000000000, 0.000000000000000000, -1.000000000000000000 ) ) ;
#3331 = DIRECTION ( 'NONE',  ( 0.000000000000000000, 0.000000000000000000, 1.000000000000000000 ) ) ;
#3332 = VECTOR ( 'NONE', #5911, 1000.000000000000000 ) ;
#3333 = EDGE_LOOP ( 'NONE', ( #7015, #4842, #1955, #4322 ) ) ;
#3334 = CARTESIAN_POINT ( 'NONE',  ( -2.499999999999939604, -25.87015455142720199, 44.70000000000000284 ) ) ;
#3335 = VERTEX_POINT ( 'NONE', #3941 ) ;
#3336 = EDGE_CURVE ( 'NONE', #6683, #2508, #2006, .T. ) ;
#3337 = AXIS2_PLACEMENT_3D ( 'NONE', #907, #2500, #1902 ) ;
#3338 = EDGE_CURVE ( 'NONE', #3119, #6641, #5612, .T. ) ;
#3339 = FACE_OUTER_BOUND ( 'NONE', #2196, .T. ) ;
#3340 = DIRECTION ( 'NONE',  ( -1.268935612889287343E-16, 1.000000000000000000, -2.469788560855558288E-32 ) ) ;
#3341 = CARTESIAN_POINT ( 'NONE',  ( -53.19999999999992468, -22.87015455142720555, 55.89999999999998437 ) ) ;
#3342 = CARTESIAN_POINT ( 'NONE',  ( -58.39999999999994884, -25.87015455142720910, -37.50000000000000000 ) ) ;
#3343 = ORIENTED_EDGE ( 'NONE', *, *, #6438, .F. ) ;
#3344 = DIRECTION ( 'NONE',  ( 1.278526357607465097E-16, -1.000000000000000000, -5.022723014296544476E-18 ) ) ;
#3345 = ORIENTED_EDGE ( 'NONE', *, *, #1529, .F. ) ;
#3346 = FACE_OUTER_BOUND ( 'NONE', #6809, .T. ) ;
#3347 = CARTESIAN_POINT ( 'NONE',  ( -60.89999999999995595, -25.87015455142720910, 12.69999999999999929 ) ) ;
#3348 = CARTESIAN_POINT ( 'NONE',  ( -40.49999999999992184, -22.87015455142720555, 20.89999999999998792 ) ) ;
#3349 = CARTESIAN_POINT ( 'NONE',  ( -83.19999999999993179, -22.87015455142720910, 53.89999999999999147 ) ) ;
#3350 = ORIENTED_EDGE ( 'NONE', *, *, #5248, .F. ) ;
#3351 = ORIENTED_EDGE ( 'NONE', *, *, #1958, .T. ) ;
#3352 = CIRCLE ( 'NONE', #5101, 3.000000000000002665 ) ;
#3353 = CARTESIAN_POINT ( 'NONE',  ( -10.49999999999993250, -22.87015455142720199, 56.40000000000000568 ) ) ;
#3354 = DIRECTION ( 'NONE',  ( -1.268935612889287343E-16, 1.000000000000000000, 1.026341648675403128E-48 ) ) ;
#3355 = PLANE ( 'NONE',  #6012 ) ;
#3356 = CARTESIAN_POINT ( 'NONE',  ( -95.89999999999993463, -25.87015455142721265, 20.89999999999998792 ) ) ;
#3357 = ORIENTED_EDGE ( 'NONE', *, *, #3859, .T. ) ;
#3358 = ORIENTED_EDGE ( 'NONE', *, *, #1407, .T. ) ;
#3359 = EDGE_CURVE ( 'NONE', #2508, #1270, #2298, .T. ) ;
#3360 = ORIENTED_EDGE ( 'NONE', *, *, #6614, .F. ) ;
#3361 = ADVANCED_FACE ( 'NONE', ( #4561 ), #6768, .F. ) ;
#3362 = DIRECTION ( 'NONE',  ( 1.268935612889287343E-16, -1.000000000000000000, -1.026341648675403128E-48 ) ) ;
#3363 = DIRECTION ( 'NONE',  ( -1.268935612889287343E-16, 1.000000000000000000, 1.026341648675403128E-48 ) ) ;
#3364 = CARTESIAN_POINT ( 'NONE',  ( -71.89999999999994884, -24.07015455142720839, 6.899999999999996803 ) ) ;
#3365 = EDGE_LOOP ( 'NONE', ( #3172, #6437, #2067, #5457 ) ) ;
#3366 = EDGE_CURVE ( 'NONE', #722, #2662, #2574, .T. ) ;
#3367 = LINE ( 'NONE', #5597, #6998 ) ;
#3368 = ORIENTED_EDGE ( 'NONE', *, *, #2780, .T. ) ;
#3369 = AXIS2_PLACEMENT_3D ( 'NONE', #2471, #3503, #1909 ) ;
#3370 = LINE ( 'NONE', #5600, #6372 ) ;
#3371 = CARTESIAN_POINT ( 'NONE',  ( -13.69999999999994067, -22.87015455142720199, -33.00000000000000711 ) ) ;
#3372 = DIRECTION ( 'NONE',  ( 0.000000000000000000, 0.000000000000000000, -1.000000000000000000 ) ) ;
#3373 = DIRECTION ( 'NONE',  ( 1.268935612889287343E-16, -1.000000000000000000, 3.697785493223492838E-32 ) ) ;
#3374 = ORIENTED_EDGE ( 'NONE', *, *, #4938, .T. ) ;
#3375 = CARTESIAN_POINT ( 'NONE',  ( -71.89999999999994884, -24.07015455142720839, 9.899999999999996803 ) ) ;
#3376 = ADVANCED_FACE ( 'NONE', ( #273 ), #6334, .F. ) ;
#3377 = ORIENTED_EDGE ( 'NONE', *, *, #5363, .T. ) ;
#3378 = EDGE_CURVE ( 'NONE', #4461, #3335, #5244, .T. ) ;
#3379 = LINE ( 'NONE', #94, #1208 ) ;
#3380 = AXIS2_PLACEMENT_3D ( 'NONE', #6740, #3568, #5800 ) ;
#3381 = FACE_OUTER_BOUND ( 'NONE', #6817, .T. ) ;
#3382 = FACE_OUTER_BOUND ( 'NONE', #3305, .T. ) ;
#3383 = CIRCLE ( 'NONE', #2916, 3.000000000000002665 ) ;
#3384 = DIRECTION ( 'NONE',  ( 1.288097321785393689E-16, -1.000000000000000000, 3.489072158099908472E-32 ) ) ;
#3385 = EDGE_LOOP ( 'NONE', ( #6718, #3839, #5245, #5119 ) ) ;
#3386 = ORIENTED_EDGE ( 'NONE', *, *, #4627, .T. ) ;
#3387 = AXIS2_PLACEMENT_3D ( 'NONE', #4812, #4739, #5354 ) ;
#3388 = ORIENTED_EDGE ( 'NONE', *, *, #6343, .T. ) ;
#3389 = DIRECTION ( 'NONE',  ( 1.278526357607465097E-16, -1.000000000000000000, -5.022723014296544476E-18 ) ) ;
#3390 = FACE_OUTER_BOUND ( 'NONE', #4689, .T. ) ;
#3391 = DIRECTION ( 'NONE',  ( -1.000000000000000000, 0.000000000000000000, 0.000000000000000000 ) ) ;
#3392 = CARTESIAN_POINT ( 'NONE',  ( -82.19999999999993179, -22.87015455142720910, 53.89999999999999147 ) ) ;
#3393 = AXIS2_PLACEMENT_3D ( 'NONE', #307, #2425, #1447 ) ;
#3394 = EDGE_LOOP ( 'NONE', ( #3768, #4583, #5169, #4078 ) ) ;
#3395 = ORIENTED_EDGE ( 'NONE', *, *, #3667, .F. ) ;
#3396 = CIRCLE ( 'NONE', #3506, 1.000000000000000888 ) ;
#3397 = VECTOR ( 'NONE', #6789, 1000.000000000000000 ) ;
#3398 = CIRCLE ( 'NONE', #479, 1.000000000000000000 ) ;
#3399 = CARTESIAN_POINT ( 'NONE',  ( -43.39999999999994884, -22.87015455142720555, -35.50000000000000711 ) ) ;
#3400 = LINE ( 'NONE', #3253, #2422 ) ;
#3401 = CARTESIAN_POINT ( 'NONE',  ( -37.49999999999993605, -22.87015455142720555, 3.000000000000000000 ) ) ;
#3402 = ORIENTED_EDGE ( 'NONE', *, *, #4446, .F. ) ;
#3403 = DIRECTION ( 'NONE',  ( -1.000000000000000000, 0.000000000000000000, 0.000000000000000000 ) ) ;
#3404 = ORIENTED_EDGE ( 'NONE', *, *, #471, .T. ) ;
#3405 = AXIS2_PLACEMENT_3D ( 'NONE', #2549, #995, #7070 ) ;
#3406 = VECTOR ( 'NONE', #5586, 1000.000000000000000 ) ;
#3407 = AXIS2_PLACEMENT_3D ( 'NONE', #5026, #3937, #5060 ) ;
#3408 = DIRECTION ( 'NONE',  ( 1.288097321785393689E-16, -1.000000000000000000, 3.489072158099908472E-32 ) ) ;
#3409 = DIRECTION ( 'NONE',  ( -1.000000000000000000, -1.268935612889287343E-16, 2.311115933264680629E-33 ) ) ;
#3410 = ORIENTED_EDGE ( 'NONE', *, *, #6263, .T. ) ;
#3411 = EDGE_CURVE ( 'NONE', #3977, #4914, #713, .T. ) ;
#3412 = ORIENTED_EDGE ( 'NONE', *, *, #5201, .T. ) ;
#3413 = CARTESIAN_POINT ( 'NONE',  ( -7.999999999999937828, -22.87015455142720199, -13.50000000000000533 ) ) ;
#3414 = CIRCLE ( 'NONE', #4124, 1.500000000000004885 ) ;
#3415 = ADVANCED_FACE ( 'NONE', ( #3595 ), #6976, .F. ) ;
#3416 = ADVANCED_FACE ( 'NONE', ( #5314 ), #5212, .T. ) ;
#3417 = CYLINDRICAL_SURFACE ( 'NONE', #6724, 2.000000000000001776 ) ;
#3418 = FACE_OUTER_BOUND ( 'NONE', #862, .T. ) ;
#3419 = DIRECTION ( 'NONE',  ( -2.081668171172168513E-17, -3.816637062202878161E-32, -1.000000000000000000 ) ) ;
#3420 = ORIENTED_EDGE ( 'NONE', *, *, #1107, .T. ) ;
#3421 = CARTESIAN_POINT ( 'NONE',  ( -42.49999999999992895, -22.87015455142720555, 47.89999999999998437 ) ) ;
#3422 = VECTOR ( 'NONE', #6231, 1000.000000000000000 ) ;
#3423 = ORIENTED_EDGE ( 'NONE', *, *, #289, .T. ) ;
#3424 = CARTESIAN_POINT ( 'NONE',  ( -43.39999999999994884, -22.87015455142720555, -5.226522175108941271E-31 ) ) ;
#3425 = CARTESIAN_POINT ( 'NONE',  ( -52.49999999999992895, -15.87015455142720732, 22.89999999999999147 ) ) ;
#3426 = CARTESIAN_POINT ( 'NONE',  ( -27.52239814395782247, -22.87015455142720555, 1.499999999999999778 ) ) ;
#3427 = DIRECTION ( 'NONE',  ( 1.268935612889287343E-16, -1.000000000000000000, -1.026341648675403128E-48 ) ) ;
#3428 = AXIS2_PLACEMENT_3D ( 'NONE', #896, #4377, #4802 ) ;
#3429 = ORIENTED_EDGE ( 'NONE', *, *, #5460, .F. ) ;
#3430 = VERTEX_POINT ( 'NONE', #4765 ) ;
#3431 = CIRCLE ( 'NONE', #283, 8.000000000000000000 ) ;
#3432 = DIRECTION ( 'NONE',  ( -1.000000000000000000, -1.268935612889287343E-16, 2.311115933264680629E-33 ) ) ;
#3433 = LINE ( 'NONE', #4027, #3842 ) ;
#3434 = ORIENTED_EDGE ( 'NONE', *, *, #868, .F. ) ;
#3435 = CARTESIAN_POINT ( 'NONE',  ( -60.49999999999992895, -22.87015455142720555, 37.89999999999999147 ) ) ;
#3436 = VERTEX_POINT ( 'NONE', #6396 ) ;
#3437 = CYLINDRICAL_SURFACE ( 'NONE', #4685, 3.000000000000002665 ) ;
#3438 = ORIENTED_EDGE ( 'NONE', *, *, #2550, .F. ) ;
#3439 = ORIENTED_EDGE ( 'NONE', *, *, #5747, .F. ) ;
#3440 = EDGE_CURVE ( 'NONE', #1736, #3576, #1416, .T. ) ;
#3441 = DIRECTION ( 'NONE',  ( 0.000000000000000000, 0.000000000000000000, -1.000000000000000000 ) ) ;
#3442 = CARTESIAN_POINT ( 'NONE',  ( -75.89999999999990621, -15.87015455142721088, 37.89999999999999147 ) ) ;
#3443 = CARTESIAN_POINT ( 'NONE',  ( -55.39999999999994884, -22.87015455142720910, -2.000000000000000444 ) ) ;
#3444 = DIRECTION ( 'NONE',  ( -1.278526357607465097E-16, 1.000000000000000000, 5.022723014296544476E-18 ) ) ;
#3445 = ORIENTED_EDGE ( 'NONE', *, *, #5874, .F. ) ;
#3446 = CYLINDRICAL_SURFACE ( 'NONE', #4340, 1.500000000000001332 ) ;
#3447 = ORIENTED_EDGE ( 'NONE', *, *, #3229, .T. ) ;
#3448 = DIRECTION ( 'NONE',  ( 1.268935612889287343E-16, -1.000000000000000000, -1.026341648675403128E-48 ) ) ;
#3449 = EDGE_CURVE ( 'NONE', #6635, #3492, #2451, .T. ) ;
#3450 = CIRCLE ( 'NONE', #6818, 1.000000000000000000 ) ;
#3451 = EDGE_CURVE ( 'NONE', #3854, #2702, #5895, .T. ) ;
#3452 = CARTESIAN_POINT ( 'NONE',  ( -90.69999999999991758, -22.87015455142721265, 23.39999999999999147 ) ) ;
#3453 = FACE_OUTER_BOUND ( 'NONE', #5887, .T. ) ;
#3454 = ORIENTED_EDGE ( 'NONE', *, *, #3239, .T. ) ;
#3455 = DIRECTION ( 'NONE',  ( 1.268935612889287343E-16, -1.000000000000000000, -1.026341648675403128E-48 ) ) ;
#3456 = ORIENTED_EDGE ( 'NONE', *, *, #4371, .F. ) ;
#3457 = DIRECTION ( 'NONE',  ( 1.000000000000000000, 1.268935612889287343E-16, -2.311115933264680629E-33 ) ) ;
#3458 = AXIS2_PLACEMENT_3D ( 'NONE', #54, #1554, #3849 ) ;
#3459 = EDGE_CURVE ( 'NONE', #6405, #5484, #3155, .T. ) ;
#3460 = ORIENTED_EDGE ( 'NONE', *, *, #3275, .T. ) ;
#3461 = DIRECTION ( 'NONE',  ( 1.000000000000000000, 0.000000000000000000, 0.000000000000000000 ) ) ;
#3462 = CARTESIAN_POINT ( 'NONE',  ( -1.999999999999932498, -25.87015455142720199, -35.00000000000000711 ) ) ;
#3463 = DIRECTION ( 'NONE',  ( -1.268935612889287343E-16, 1.000000000000000000, 1.026341648675403128E-48 ) ) ;
#3464 = DIRECTION ( 'NONE',  ( 1.000000000000000000, 1.268935612889287343E-16, 6.608470384673551024E-16 ) ) ;
#3465 = EDGE_LOOP ( 'NONE', ( #2939, #407, #1356, #1301 ) ) ;
#3466 = ORIENTED_EDGE ( 'NONE', *, *, #2033, .F. ) ;
#3467 = EDGE_CURVE ( 'NONE', #1463, #6594, #4334, .T. ) ;
#3468 = ADVANCED_FACE ( 'NONE', ( #1344 ), #4697, .F. ) ;
#3469 = CARTESIAN_POINT ( 'NONE',  ( -16.49999999999993960, -22.87015455142720199, 8.199999999999999289 ) ) ;
#3470 = FACE_OUTER_BOUND ( 'NONE', #755, .T. ) ;
#3471 = DIRECTION ( 'NONE',  ( 1.288097321785393689E-16, -1.000000000000000000, 3.489072158099908472E-32 ) ) ;
#3472 = EDGE_LOOP ( 'NONE', ( #4855, #3763 ) ) ;
#3473 = PLANE ( 'NONE',  #6424 ) ;
#3474 = VERTEX_POINT ( 'NONE', #1857 ) ;
#3475 = CIRCLE ( 'NONE', #1618, 1.500000000000004885 ) ;
#3476 =( NAMED_UNIT ( * ) PLANE_ANGLE_UNIT ( ) SI_UNIT ( $, .RADIAN. ) );
#3477 = CYLINDRICAL_SURFACE ( 'NONE', #4065, 2.000000000000000444 ) ;
#3478 = CARTESIAN_POINT ( 'NONE',  ( -23.99999999999993605, -22.87015455142720199, 11.00000000000000355 ) ) ;
#3479 = DIRECTION ( 'NONE',  ( -1.000000000000000000, 0.000000000000000000, 0.000000000000000000 ) ) ;
#3480 = ORIENTED_EDGE ( 'NONE', *, *, #4790, .F. ) ;
#3481 = CARTESIAN_POINT ( 'NONE',  ( -23.99999999999993605, -22.87015455142720199, 9.500000000000003553 ) ) ;
#3482 = ORIENTED_EDGE ( 'NONE', *, *, #148, .F. ) ;
#3483 = FACE_OUTER_BOUND ( 'NONE', #4611, .T. ) ;
#3484 = AXIS2_PLACEMENT_3D ( 'NONE', #4578, #4678, #150 ) ;
#3485 = CARTESIAN_POINT ( 'NONE',  ( -40.49999999999992184, -22.87015455142720555, 32.07493386054424178 ) ) ;
#3486 = CARTESIAN_POINT ( 'NONE',  ( -2.499999999999939604, -22.87015455142719844, 45.70000000000000284 ) ) ;
#3487 = ORIENTED_EDGE ( 'NONE', *, *, #7060, .T. ) ;
#3488 = LINE ( 'NONE', #6838, #3983 ) ;
#3489 = ORIENTED_EDGE ( 'NONE', *, *, #1192, .F. ) ;
#3490 = CYLINDRICAL_SURFACE ( 'NONE', #6542, 1.000000000000000888 ) ;
#3491 = EDGE_CURVE ( 'NONE', #5423, #3665, #4797, .T. ) ;
#3492 = VERTEX_POINT ( 'NONE', #6907 ) ;
#3493 = EDGE_CURVE ( 'NONE', #557, #1168, #6298, .T. ) ;
#3494 = EDGE_CURVE ( 'NONE', #2424, #4556, #1655, .T. ) ;
#3495 = CARTESIAN_POINT ( 'NONE',  ( -13.69999999999994778, -25.87015455142720199, -32.00000000000000711 ) ) ;
#3496 = PLANE ( 'NONE',  #6056 ) ;
#3497 = DIRECTION ( 'NONE',  ( 1.000000000000000000, 0.000000000000000000, 0.000000000000000000 ) ) ;
#3498 = DIRECTION ( 'NONE',  ( 1.288097321785393689E-16, -1.000000000000000000, 3.489072158099908472E-32 ) ) ;
#3499 = EDGE_CURVE ( 'NONE', #2389, #6427, #5761, .T. ) ;
#3500 = ORIENTED_EDGE ( 'NONE', *, *, #689, .F. ) ;
#3501 = AXIS2_PLACEMENT_3D ( 'NONE', #4332, #6545, #1556 ) ;
#3502 = PLANE ( 'NONE',  #5634 ) ;
#3503 = DIRECTION ( 'NONE',  ( 6.608470384673551024E-16, 5.022723014296697009E-18, -1.000000000000000000 ) ) ;
#3504 = VECTOR ( 'NONE', #6371, 1000.000000000000000 ) ;
#3505 = ADVANCED_FACE ( 'NONE', ( #5283 ), #2493, .F. ) ;
#3506 = AXIS2_PLACEMENT_3D ( 'NONE', #1158, #6757, #3372 ) ;
#3507 = VERTEX_POINT ( 'NONE', #2224 ) ;
#3508 = DIRECTION ( 'NONE',  ( 1.000000000000000000, 0.000000000000000000, 0.000000000000000000 ) ) ;
#3509 = ORIENTED_EDGE ( 'NONE', *, *, #1995, .F. ) ;
#3510 = DIRECTION ( 'NONE',  ( -1.540743955509788340E-33, -8.323527102631437622E-34, -1.000000000000000000 ) ) ;
#3511 = ORIENTED_EDGE ( 'NONE', *, *, #4852, .F. ) ;
#3512 = VECTOR ( 'NONE', #5829, 1000.000000000000000 ) ;
#3513 = CARTESIAN_POINT ( 'NONE',  ( -79.39999999999994884, -22.87015455142721265, 12.69999999999999929 ) ) ;
#3514 = LINE ( 'NONE', #4107, #5804 ) ;
#3515 = DIRECTION ( 'NONE',  ( -1.000000000000000000, 0.000000000000000000, 0.000000000000000000 ) ) ;
#3516 = DIRECTION ( 'NONE',  ( 1.288097321785393689E-16, -1.000000000000000000, 3.489072158099908472E-32 ) ) ;
#3517 = AXIS2_PLACEMENT_3D ( 'NONE', #7155, #6577, #1589 ) ;
#3518 = VERTEX_POINT ( 'NONE', #6185 ) ;
#3519 = AXIS2_PLACEMENT_3D ( 'NONE', #1575, #2624, #5984 ) ;
#3520 = FACE_BOUND ( 'NONE', #3325, .T. ) ;
#3521 = ORIENTED_EDGE ( 'NONE', *, *, #2926, .F. ) ;
#3522 = AXIS2_PLACEMENT_3D ( 'NONE', #5228, #1947, #4172 ) ;
#3523 = PLANE ( 'NONE',  #6267 ) ;
#3524 = DIRECTION ( 'NONE',  ( 0.000000000000000000, 0.000000000000000000, 1.000000000000000000 ) ) ;
#3525 = ORIENTED_EDGE ( 'NONE', *, *, #1320, .T. ) ;
#3526 = DIRECTION ( 'NONE',  ( 0.000000000000000000, 0.000000000000000000, -1.000000000000000000 ) ) ;
#3527 = ORIENTED_EDGE ( 'NONE', *, *, #1370, .T. ) ;
#3528 = AXIS2_PLACEMENT_3D ( 'NONE', #5681, #1163, #1710 ) ;
#3529 = CARTESIAN_POINT ( 'NONE',  ( -12.49999999999993427, -22.87015455142720199, 58.39999999999999858 ) ) ;
#3530 = VERTEX_POINT ( 'NONE', #6651 ) ;
#3531 = DIRECTION ( 'NONE',  ( 0.000000000000000000, 0.000000000000000000, -1.000000000000000000 ) ) ;
#3532 = DIRECTION ( 'NONE',  ( 1.000000000000000000, 0.000000000000000000, 0.000000000000000000 ) ) ;
#3533 = DIRECTION ( 'NONE',  ( -1.288097321785393689E-16, 1.000000000000000000, -3.489072158099908472E-32 ) ) ;
#3534 = DIRECTION ( 'NONE',  ( -8.638375543017976328E-48, -5.022723014296544476E-18, 1.000000000000000000 ) ) ;
#3535 = ORIENTED_EDGE ( 'NONE', *, *, #6744, .F. ) ;
#3536 = AXIS2_PLACEMENT_3D ( 'NONE', #5549, #2695, #1027 ) ;
#3537 = EDGE_CURVE ( 'NONE', #5267, #4515, #5679, .T. ) ;
#3538 = ADVANCED_FACE ( 'NONE', ( #5127 ), #3898, .F. ) ;
#3539 = EDGE_CURVE ( 'NONE', #3665, #5423, #3039, .T. ) ;
#3540 = DIRECTION ( 'NONE',  ( 0.000000000000000000, 0.000000000000000000, -1.000000000000000000 ) ) ;
#3541 = AXIS2_PLACEMENT_3D ( 'NONE', #1135, #5096, #4492 ) ;
#3542 = DIRECTION ( 'NONE',  ( -2.081668171172168513E-17, -3.816637062202878161E-32, -1.000000000000000000 ) ) ;
#3543 = ORIENTED_EDGE ( 'NONE', *, *, #6005, .T. ) ;
#3544 = CARTESIAN_POINT ( 'NONE',  ( 6.245004513516505540E-14, -25.87015455142720199, -25.00000000000000711 ) ) ;
#3545 = VERTEX_POINT ( 'NONE', #1670 ) ;
#3546 = LINE ( 'NONE', #5780, #2822 ) ;
#3547 = ORIENTED_EDGE ( 'NONE', *, *, #7196, .T. ) ;
#3548 = EDGE_CURVE ( 'NONE', #578, #5716, #1815, .T. ) ;
#3549 = AXIS2_PLACEMENT_3D ( 'NONE', #2526, #1305, #3524 ) ;
#3550 = ADVANCED_FACE ( 'NONE', ( #6258 ), #2355, .F. ) ;
#3551 = DIRECTION ( 'NONE',  ( -1.000000000000000000, 0.000000000000000000, 0.000000000000000000 ) ) ;
#3552 = CARTESIAN_POINT ( 'NONE',  ( -7.999999999999937828, -22.87015455142720199, -13.50000000000000533 ) ) ;
#3553 = VECTOR ( 'NONE', #4738, 1000.000000000000000 ) ;
#3554 = CARTESIAN_POINT ( 'NONE',  ( -43.39999999999994884, -22.87015455142720555, -37.50000000000000711 ) ) ;
#3555 = EDGE_LOOP ( 'NONE', ( #6525, #476 ) ) ;
#3556 = FACE_OUTER_BOUND ( 'NONE', #2679, .T. ) ;
#3557 = ORIENTED_EDGE ( 'NONE', *, *, #5993, .T. ) ;
#3558 = EDGE_CURVE ( 'NONE', #2788, #494, #1198, .T. ) ;
#3559 = EDGE_CURVE ( 'NONE', #5194, #1184, #60, .T. ) ;
#3560 = CARTESIAN_POINT ( 'NONE',  ( -53.19999999999992468, -25.87015455142720555, 52.89999999999999147 ) ) ;
#3561 = DIRECTION ( 'NONE',  ( 1.000000000000000000, 0.000000000000000000, 0.000000000000000000 ) ) ;
#3562 = VERTEX_POINT ( 'NONE', #1264 ) ;
#3563 = DIRECTION ( 'NONE',  ( -1.268935612889287343E-16, 1.000000000000000000, 1.026341648675403128E-48 ) ) ;
#3564 = ORIENTED_EDGE ( 'NONE', *, *, #1932, .T. ) ;
#3565 = DIRECTION ( 'NONE',  ( -1.000000000000000000, 0.000000000000000000, 0.000000000000000000 ) ) ;
#3566 = ORIENTED_EDGE ( 'NONE', *, *, #1869, .T. ) ;
#3567 = CARTESIAN_POINT ( 'NONE',  ( -2.499999999999939604, -22.87015455142719844, 5.000000000000000888 ) ) ;
#3568 = DIRECTION ( 'NONE',  ( 1.288097321785393689E-16, -1.000000000000000000, 3.489072158099908472E-32 ) ) ;
#3569 = CIRCLE ( 'NONE', #1251, 1.250000000000001110 ) ;
#3570 = CARTESIAN_POINT ( 'NONE',  ( -86.39999999999992042, -22.87015455142721265, 34.39999999999999147 ) ) ;
#3571 = ADVANCED_FACE ( 'NONE', ( #92 ), #3446, .F. ) ;
#3572 = DIRECTION ( 'NONE',  ( -1.268935612889287343E-16, 1.000000000000000000, -2.469788560855558288E-32 ) ) ;
#3573 = VECTOR ( 'NONE', #2463, 1000.000000000000000 ) ;
#3574 = CARTESIAN_POINT ( 'NONE',  ( -16.49999999999993960, -25.87015455142720199, 51.94999999999999574 ) ) ;
#3575 = DIRECTION ( 'NONE',  ( 1.268935612889287343E-16, -1.000000000000000000, -1.026341648675403128E-48 ) ) ;
#3576 = VERTEX_POINT ( 'NONE', #3481 ) ;
#3577 = CARTESIAN_POINT ( 'NONE',  ( -50.19999999999994600, -25.87015455142720910, -2.500000000000000444 ) ) ;
#3578 = VERTEX_POINT ( 'NONE', #2789 ) ;
#3579 = ORIENTED_EDGE ( 'NONE', *, *, #6316, .F. ) ;
#3580 = CIRCLE ( 'NONE', #1959, 3.000000000000002665 ) ;
#3581 = CARTESIAN_POINT ( 'NONE',  ( 6.245004513516505540E-14, -22.87015455142720199, -6.229546490145814053E-31 ) ) ;
#3582 = ADVANCED_FACE ( 'NONE', ( #1779 ), #709, .F. ) ;
#3583 = VECTOR ( 'NONE', #5532, 1000.000000000000000 ) ;
#3584 = VECTOR ( 'NONE', #6073, 1000.000000000000000 ) ;
#3585 = DIRECTION ( 'NONE',  ( 1.278526357607465097E-16, -1.000000000000000000, -5.022723014296544476E-18 ) ) ;
#3586 = EDGE_CURVE ( 'NONE', #5373, #517, #5376, .T. ) ;
#3587 = CARTESIAN_POINT ( 'NONE',  ( -11.99999999999995559, -25.87015455142720199, -17.00000000000000711 ) ) ;
#3588 = EDGE_LOOP ( 'NONE', ( #6272, #4427, #2408, #4075, #514, #2880, #7014, #6080 ) ) ;
#3589 = EDGE_LOOP ( 'NONE', ( #4131, #4358, #4562, #3840 ) ) ;
#3590 = CARTESIAN_POINT ( 'NONE',  ( -43.39999999999994884, -25.87015455142720910, -35.50000000000000711 ) ) ;
#3591 = LINE ( 'NONE', #5173, #2644 ) ;
#3592 = DIRECTION ( 'NONE',  ( -1.288097321785393689E-16, 1.000000000000000000, -3.489072158099908472E-32 ) ) ;
#3593 = EDGE_CURVE ( 'NONE', #119, #1896, #675, .T. ) ;
#3594 = ORIENTED_EDGE ( 'NONE', *, *, #6654, .T. ) ;
#3595 = FACE_OUTER_BOUND ( 'NONE', #547, .T. ) ;
#3596 = VERTEX_POINT ( 'NONE', #2322 ) ;
#3597 = DIRECTION ( 'NONE',  ( -1.268935612889287343E-16, 1.000000000000000000, 1.026341648675403128E-48 ) ) ;
#3598 = VERTEX_POINT ( 'NONE', #2257 ) ;
#3599 = CYLINDRICAL_SURFACE ( 'NONE', #2155, 8.000000000000007105 ) ;
#3600 = LINE ( 'NONE', #6948, #2288 ) ;
#3601 = FACE_OUTER_BOUND ( 'NONE', #632, .T. ) ;
#3602 = AXIS2_PLACEMENT_3D ( 'NONE', #4087, #5219, #2433 ) ;
#3603 = CARTESIAN_POINT ( 'NONE',  ( -95.89999999999996305, -22.87015455142721265, 17.89999999999999858 ) ) ;
#3604 = LINE ( 'NONE', #3677, #5711 ) ;
#3605 = ORIENTED_EDGE ( 'NONE', *, *, #378, .T. ) ;
#3606 = CARTESIAN_POINT ( 'NONE',  ( -12.49999999999994138, -25.87015455142720199, 3.000000000000000000 ) ) ;
#3607 = ORIENTED_EDGE ( 'NONE', *, *, #1829, .F. ) ;
#3608 = AXIS2_PLACEMENT_3D ( 'NONE', #6617, #1630, #3187 ) ;
#3609 = CARTESIAN_POINT ( 'NONE',  ( -84.89999999999992042, -25.87015455142721265, 34.39999999999999147 ) ) ;
#3610 = ORIENTED_EDGE ( 'NONE', *, *, #4594, .T. ) ;
#3611 = VECTOR ( 'NONE', #1383, 1000.000000000000000 ) ;
#3612 = VECTOR ( 'NONE', #7038, 1000.000000000000000 ) ;
#3613 = EDGE_LOOP ( 'NONE', ( #6033, #5931, #2448, #328, #3794, #4479, #1512, #3721 ) ) ;
#3614 = DIRECTION ( 'NONE',  ( -1.278526357607465097E-16, 1.000000000000000000, 5.022723014296544476E-18 ) ) ;
#3615 = CARTESIAN_POINT ( 'NONE',  ( 6.245004513516505540E-14, -22.87015455142720199, -2.000000000000000444 ) ) ;
#3616 = ORIENTED_EDGE ( 'NONE', *, *, #6987, .F. ) ;
#3617 = FACE_BOUND ( 'NONE', #3290, .T. ) ;
#3618 = ORIENTED_EDGE ( 'NONE', *, *, #6229, .F. ) ;
#3619 = AXIS2_PLACEMENT_3D ( 'NONE', #1786, #2835, #4635 ) ;
#3620 = ADVANCED_FACE ( 'NONE', ( #4486 ), #6155, .F. ) ;
#3621 = EDGE_CURVE ( 'NONE', #1343, #1758, #1532, .T. ) ;
#3622 = DIRECTION ( 'NONE',  ( -1.268935612889287343E-16, 1.000000000000000000, -2.469788560855558288E-32 ) ) ;
#3623 = VECTOR ( 'NONE', #5015, 1000.000000000000000 ) ;
#3624 = CARTESIAN_POINT ( 'NONE',  ( -47.39999999999994174, -25.87015455142720910, -13.50000000000000533 ) ) ;
#3625 = EDGE_CURVE ( 'NONE', #3760, #2443, #6861, .T. ) ;
#3626 = VECTOR ( 'NONE', #1465, 1000.000000000000000 ) ;
#3627 = PLANE ( 'NONE',  #2282 ) ;
#3628 = VERTEX_POINT ( 'NONE', #4074 ) ;
#3629 = CARTESIAN_POINT ( 'NONE',  ( -50.19999999999994600, -25.87015455142720910, -2.500000000000000444 ) ) ;
#3630 = EDGE_LOOP ( 'NONE', ( #4629, #7111 ) ) ;
#3631 = VERTEX_POINT ( 'NONE', #4724 ) ;
#3632 =( NAMED_UNIT ( * ) SI_UNIT ( $, .STERADIAN. ) SOLID_ANGLE_UNIT ( ) );
#3633 = EDGE_CURVE ( 'NONE', #3492, #6635, #5620, .T. ) ;
#3634 = VERTEX_POINT ( 'NONE', #193 ) ;
#3635 = DIRECTION ( 'NONE',  ( -1.268935612889287343E-16, 1.000000000000000000, -2.469788560855558288E-32 ) ) ;
#3636 = CARTESIAN_POINT ( 'NONE',  ( -69.88227985884040550, -15.57820799198817951, 19.39999999999999858 ) ) ;
#3637 = CARTESIAN_POINT ( 'NONE',  ( -5.499999999999935163, -25.87015455142720199, 44.69999999999999574 ) ) ;
#3638 = VERTEX_POINT ( 'NONE', #1993 ) ;
#3639 = AXIS2_PLACEMENT_3D ( 'NONE', #4543, #6747, #1838 ) ;
#3640 = DIRECTION ( 'NONE',  ( -1.268935612889287343E-16, 1.000000000000000000, 1.026341648675403128E-48 ) ) ;
#3641 = CARTESIAN_POINT ( 'NONE',  ( -34.99999999999993605, -25.87015455142720555, 54.44999999999999574 ) ) ;
#3642 = ORIENTED_EDGE ( 'NONE', *, *, #4886, .T. ) ;
#3643 = CYLINDRICAL_SURFACE ( 'NONE', #5890, 8.000000000000000000 ) ;
#3644 = FACE_OUTER_BOUND ( 'NONE', #139, .T. ) ;
#3645 = VECTOR ( 'NONE', #2, 1000.000000000000000 ) ;
#3646 = VERTEX_POINT ( 'NONE', #5788 ) ;
#3647 = ORIENTED_EDGE ( 'NONE', *, *, #4303, .F. ) ;
#3648 = DIRECTION ( 'NONE',  ( -1.000000000000000000, 0.000000000000000000, 0.000000000000000000 ) ) ;
#3649 = ORIENTED_EDGE ( 'NONE', *, *, #21, .T. ) ;
#3650 = ORIENTED_EDGE ( 'NONE', *, *, #6279, .F. ) ;
#3651 = CIRCLE ( 'NONE', #5988, 2.000000000000001776 ) ;
#3652 = EDGE_LOOP ( 'NONE', ( #3684, #4080, #6816, #6900 ) ) ;
#3653 = DIRECTION ( 'NONE',  ( -1.000000000000000000, 0.000000000000000000, 0.000000000000000000 ) ) ;
#3654 = DIRECTION ( 'NONE',  ( -1.268935612889287343E-16, 1.000000000000000000, 1.026341648675403128E-48 ) ) ;
#3655 = ORIENTED_EDGE ( 'NONE', *, *, #4220, .F. ) ;
#3656 = FACE_BOUND ( 'NONE', #991, .T. ) ;
#3657 = ORIENTED_EDGE ( 'NONE', *, *, #2999, .F. ) ;
#3658 = CARTESIAN_POINT ( 'NONE',  ( -50.19999999999994600, -22.87015455142720555, -21.00000000000000000 ) ) ;
#3659 = DIRECTION ( 'NONE',  ( -1.268935612889287343E-16, 1.000000000000000000, 1.026341648675403128E-48 ) ) ;
#3660 = FACE_OUTER_BOUND ( 'NONE', #3333, .T. ) ;
#3661 = ORIENTED_EDGE ( 'NONE', *, *, #6529, .F. ) ;
#3662 = EDGE_CURVE ( 'NONE', #5809, #5766, #2252, .T. ) ;
#3663 = CARTESIAN_POINT ( 'NONE',  ( -40.49999999999992184, -22.87015455142720555, 45.89999999999999858 ) ) ;
#3664 = ORIENTED_EDGE ( 'NONE', *, *, #779, .F. ) ;
#3665 = VERTEX_POINT ( 'NONE', #1883 ) ;
#3666 = CARTESIAN_POINT ( 'NONE',  ( -44.39999999999994174, -24.07015455142720839, -13.50000000000000533 ) ) ;
#3667 = EDGE_CURVE ( 'NONE', #3578, #1868, #6197, .T. ) ;
#3668 = DIRECTION ( 'NONE',  ( -1.000000000000000000, 0.000000000000000000, 0.000000000000000000 ) ) ;
#3669 = LINE ( 'NONE', #905, #513 ) ;
#3670 = VECTOR ( 'NONE', #915, 1000.000000000000000 ) ;
#3671 = EDGE_CURVE ( 'NONE', #3576, #4599, #265, .T. ) ;
#3672 = CARTESIAN_POINT ( 'NONE',  ( -55.39999999999994884, -25.87015455142720910, -4.949188263117179308E-31 ) ) ;
#3673 = CARTESIAN_POINT ( 'NONE',  ( -87.89999999999992042, -24.07015455142721194, 34.39999999999999147 ) ) ;
#3674 = ADVANCED_FACE ( 'NONE', ( #3556, #4628, #4150, #1956, #1300, #3074, #3004, #1404, #6829, #3520, #1369, #5235, #2485, #5755, #1337, #6934, #6387, #3617, #5854, #855, #5308, #301, #4759, #4216, #1438, #3656, #5888, #2934, #5168, #162, #369, #3691, #6610, #2029 ), #3256, .F. ) ;
#3675 = AXIS2_PLACEMENT_3D ( 'NONE', #5502, #983, #6088 ) ;
#3676 = FACE_OUTER_BOUND ( 'NONE', #1015, .T. ) ;
#3677 = CARTESIAN_POINT ( 'NONE',  ( -53.19999999999992468, -25.87015455142720555, 56.89999999999998437 ) ) ;
#3678 = VERTEX_POINT ( 'NONE', #3111 ) ;
#3679 = CARTESIAN_POINT ( 'NONE',  ( -60.49999999999992895, -25.87015455142720910, 37.89999999999999147 ) ) ;
#3680 = CARTESIAN_POINT ( 'NONE',  ( -41.69999999999994600, -25.87015455142720555, -32.00000000000000711 ) ) ;
#3681 = EDGE_CURVE ( 'NONE', #6232, #134, #1662, .T. ) ;
#3682 = EDGE_CURVE ( 'NONE', #4283, #2380, #1623, .T. ) ;
#3683 = ORIENTED_EDGE ( 'NONE', *, *, #742, .T. ) ;
#3684 = ORIENTED_EDGE ( 'NONE', *, *, #3178, .F. ) ;
#3685 = CARTESIAN_POINT ( 'NONE',  ( -47.39999999999994174, -24.07015455142720839, -13.50000000000000533 ) ) ;
#3686 = EDGE_LOOP ( 'NONE', ( #417, #7177 ) ) ;
#3687 = ORIENTED_EDGE ( 'NONE', *, *, #6706, .T. ) ;
#3688 = CARTESIAN_POINT ( 'NONE',  ( -23.99999999999993605, -25.87015455142720555, 50.39999999999999858 ) ) ;
#3689 = DIRECTION ( 'NONE',  ( 1.000000000000000000, 0.000000000000000000, 0.000000000000000000 ) ) ;
#3690 = EDGE_LOOP ( 'NONE', ( #4766, #5443, #4395, #5861 ) ) ;
#3691 = FACE_BOUND ( 'NONE', #3472, .T. ) ;
#3692 = ORIENTED_EDGE ( 'NONE', *, *, #7183, .F. ) ;
#3693 = VECTOR ( 'NONE', #636, 1000.000000000000000 ) ;
#3694 = DIRECTION ( 'NONE',  ( -1.278526357607465097E-16, 1.000000000000000000, 5.022723014296544476E-18 ) ) ;
#3695 = CARTESIAN_POINT ( 'NONE',  ( -79.39999999999994884, -25.87015455142721265, 13.95000000000000107 ) ) ;
#3696 = CARTESIAN_POINT ( 'NONE',  ( -23.99999999999993605, -22.87015455142720199, 12.50000000000000178 ) ) ;
#3697 = FACE_BOUND ( 'NONE', #5276, .T. ) ;
#3698 = VERTEX_POINT ( 'NONE', #6463 ) ;
#3699 = ORIENTED_EDGE ( 'NONE', *, *, #6791, .T. ) ;
#3700 = ORIENTED_EDGE ( 'NONE', *, *, #6303, .F. ) ;
#3701 = DIRECTION ( 'NONE',  ( 1.540743955509788340E-33, 8.323527102631437622E-34, 1.000000000000000000 ) ) ;
#3702 = VECTOR ( 'NONE', #2708, 1000.000000000000000 ) ;
#3703 = PLANE ( 'NONE',  #2873 ) ;
#3704 = DIRECTION ( 'NONE',  ( -1.278526357607465097E-16, 1.000000000000000000, 5.022723014296544476E-18 ) ) ;
#3705 = CARTESIAN_POINT ( 'NONE',  ( -20.49999999999993250, -15.87015455142720377, 23.00000000000000355 ) ) ;
#3706 = DIRECTION ( 'NONE',  ( 0.000000000000000000, 0.000000000000000000, 1.000000000000000000 ) ) ;
#3707 = AXIS2_PLACEMENT_3D ( 'NONE', #4614, #2918, #5153 ) ;
#3708 = EDGE_CURVE ( 'NONE', #4396, #2852, #6881, .T. ) ;
#3709 = ADVANCED_FACE ( 'NONE', ( #2143 ), #4370, .T. ) ;
#3710 = VECTOR ( 'NONE', #6886, 1000.000000000000000 ) ;
#3711 = DIRECTION ( 'NONE',  ( 1.268935612889287343E-16, -1.000000000000000000, 2.469788560855558288E-32 ) ) ;
#3712 = CARTESIAN_POINT ( 'NONE',  ( -23.99999999999993605, -24.07015455142720128, 8.000000000000001776 ) ) ;
#3713 = ORIENTED_EDGE ( 'NONE', *, *, #2281, .F. ) ;
#3714 = CARTESIAN_POINT ( 'NONE',  ( -60.89999999999995595, -22.87015455142720910, 13.95000000000000107 ) ) ;
#3715 = PLANE ( 'NONE',  #1895 ) ;
#3716 = VERTEX_POINT ( 'NONE', #3215 ) ;
#3717 = EDGE_LOOP ( 'NONE', ( #6259, #5133, #6349, #7200 ) ) ;
#3718 = CARTESIAN_POINT ( 'NONE',  ( -93.39999999999994884, -25.87015455142721265, -27.50000000000000355 ) ) ;
#3719 = ORIENTED_EDGE ( 'NONE', *, *, #4505, .T. ) ;
#3720 = EDGE_CURVE ( 'NONE', #2472, #3631, #5035, .T. ) ;
#3721 = ORIENTED_EDGE ( 'NONE', *, *, #6970, .T. ) ;
#3722 = DIRECTION ( 'NONE',  ( 0.000000000000000000, 0.000000000000000000, 1.000000000000000000 ) ) ;
#3723 = VECTOR ( 'NONE', #1864, 1000.000000000000000 ) ;
#3724 = DIRECTION ( 'NONE',  ( 1.268935612889287343E-16, -1.000000000000000000, -1.026341648675403128E-48 ) ) ;
#3725 = EDGE_LOOP ( 'NONE', ( #4806, #1186, #2320, #6101 ) ) ;
#3726 = CARTESIAN_POINT ( 'NONE',  ( -5.499999999999935163, -22.87015455142720199, 15.69999999999999929 ) ) ;
#3727 = ORIENTED_EDGE ( 'NONE', *, *, #643, .F. ) ;
#3728 = AXIS2_PLACEMENT_3D ( 'NONE', #2537, #2049, #6984 ) ;
#3729 = AXIS2_PLACEMENT_3D ( 'NONE', #4447, #2319, #2350 ) ;
#3730 = DIRECTION ( 'NONE',  ( -2.081668171172168513E-17, -3.816637062202878161E-32, -1.000000000000000000 ) ) ;
#3731 = FACE_OUTER_BOUND ( 'NONE', #3465, .T. ) ;
#3732 = LINE ( 'NONE', #2638, #6980 ) ;
#3733 = DIRECTION ( 'NONE',  ( 0.000000000000000000, 0.000000000000000000, 1.000000000000000000 ) ) ;
#3734 = AXIS2_PLACEMENT_3D ( 'NONE', #5097, #683, #135 ) ;
#3735 = ORIENTED_EDGE ( 'NONE', *, *, #1851, .F. ) ;
#3736 = AXIS2_PLACEMENT_3D ( 'NONE', #3478, #706, #2387 ) ;
#3737 = ORIENTED_EDGE ( 'NONE', *, *, #1684, .F. ) ;
#3738 = ORIENTED_EDGE ( 'NONE', *, *, #6667, .T. ) ;
#3739 = CARTESIAN_POINT ( 'NONE',  ( -60.89999999999995595, -22.87015455142720910, -32.29999999999999716 ) ) ;
#3740 = AXIS2_PLACEMENT_3D ( 'NONE', #4691, #2522, #6967 ) ;
#3741 = CIRCLE ( 'NONE', #3279, 8.000000000000000000 ) ;
#3742 = DIRECTION ( 'NONE',  ( 1.000000000000000000, 0.000000000000000000, 0.000000000000000000 ) ) ;
#3743 = CARTESIAN_POINT ( 'NONE',  ( -52.49999999999992184, -22.87015455142720555, 56.39999999999998437 ) ) ;
#3744 = DIRECTION ( 'NONE',  ( -1.000000000000000000, 0.000000000000000000, 0.000000000000000000 ) ) ;
#3745 = CYLINDRICAL_SURFACE ( 'NONE', #4093, 2.000000000000001776 ) ;
#3746 = CARTESIAN_POINT ( 'NONE',  ( -19.99999999999995381, -22.87015455142720555, -10.00000000000000178 ) ) ;
#3747 = ORIENTED_EDGE ( 'NONE', *, *, #316, .T. ) ;
#3748 = AXIS2_PLACEMENT_3D ( 'NONE', #323, #292, #6993 ) ;
#3749 = STYLED_ITEM ( 'NONE', ( #4265 ), #4391 ) ;
#3750 = FACE_OUTER_BOUND ( 'NONE', #274, .T. ) ;
#3751 = DIRECTION ( 'NONE',  ( 1.268935612889287343E-16, -1.000000000000000000, -1.026341648675403128E-48 ) ) ;
#3752 = ORIENTED_EDGE ( 'NONE', *, *, #975, .F. ) ;
#3753 = FACE_OUTER_BOUND ( 'NONE', #1884, .T. ) ;
#3754 = DIRECTION ( 'NONE',  ( -1.000000000000000000, -1.288097321785394182E-16, 1.860284413285604114E-16 ) ) ;
#3755 = EDGE_LOOP ( 'NONE', ( #783, #2494 ) ) ;
#3756 = EDGE_CURVE ( 'NONE', #2530, #480, #3874, .T. ) ;
#3757 = CARTESIAN_POINT ( 'NONE',  ( -34.99999999999993605, -25.87015455142720555, 8.199999999999999289 ) ) ;
#3758 = EDGE_CURVE ( 'NONE', #4110, #6712, #5848, .T. ) ;
#3759 = ORIENTED_EDGE ( 'NONE', *, *, #3328, .T. ) ;
#3760 = VERTEX_POINT ( 'NONE', #406 ) ;
#3761 = VECTOR ( 'NONE', #3701, 1000.000000000000000 ) ;
#3762 = ADVANCED_FACE ( 'NONE', ( #1043 ), #2599, .F. ) ;
#3763 = ORIENTED_EDGE ( 'NONE', *, *, #2369, .F. ) ;
#3764 = DIRECTION ( 'NONE',  ( 1.000000000000000000, 0.000000000000000000, 0.000000000000000000 ) ) ;
#3765 = CIRCLE ( 'NONE', #499, 3.000000000000000888 ) ;
#3766 = DIRECTION ( 'NONE',  ( -1.278526357607465097E-16, 1.000000000000000000, 5.022723014296544476E-18 ) ) ;
#3767 = DIRECTION ( 'NONE',  ( 1.278526357607465097E-16, -1.000000000000000000, -5.022723014296544476E-18 ) ) ;
#3768 = ORIENTED_EDGE ( 'NONE', *, *, #4099, .F. ) ;
#3769 = EDGE_CURVE ( 'NONE', #6712, #6199, #6311, .T. ) ;
#3770 = DIRECTION ( 'NONE',  ( 1.268935612889287343E-16, -1.000000000000000000, 2.469788560855558288E-32 ) ) ;
#3771 = ADVANCED_FACE ( 'NONE', ( #1549 ), #485, .F. ) ;
#3772 = VERTEX_POINT ( 'NONE', #2178 ) ;
#3773 = VECTOR ( 'NONE', #3389, 1000.000000000000000 ) ;
#3774 = DIRECTION ( 'NONE',  ( 1.278526357607465097E-16, -1.000000000000000000, -5.022723014296544476E-18 ) ) ;
#3775 = CARTESIAN_POINT ( 'NONE',  ( -22.37615976230803483, -25.87015455142720555, 3.000000000000000000 ) ) ;
#3776 = CARTESIAN_POINT ( 'NONE',  ( -35.49999999999993605, -25.87015455142720555, 5.000000000000000000 ) ) ;
#3777 = DIRECTION ( 'NONE',  ( 0.000000000000000000, 0.000000000000000000, -1.000000000000000000 ) ) ;
#3778 = VECTOR ( 'NONE', #5974, 1000.000000000000000 ) ;
#3779 = ORIENTED_EDGE ( 'NONE', *, *, #5606, .F. ) ;
#3780 = ORIENTED_EDGE ( 'NONE', *, *, #6170, .F. ) ;
#3781 = ORIENTED_EDGE ( 'NONE', *, *, #3593, .T. ) ;
#3782 = ADVANCED_FACE ( 'NONE', ( #5996 ), #2670, .F. ) ;
#3783 = FACE_OUTER_BOUND ( 'NONE', #1694, .T. ) ;
#3784 = CIRCLE ( 'NONE', #4148, 2.000000000000001776 ) ;
#3785 = CARTESIAN_POINT ( 'NONE',  ( -2.499999999999925837, -25.87015455142720199, 48.40000000000000568 ) ) ;
#3786 = DIRECTION ( 'NONE',  ( 0.000000000000000000, -5.022723014296612268E-18, 1.000000000000000000 ) ) ;
#3787 = CARTESIAN_POINT ( 'NONE',  ( -85.39999999999994884, -25.87015455142721265, -35.50000000000000711 ) ) ;
#3788 = CARTESIAN_POINT ( 'NONE',  ( -42.69999999999994600, -22.87015455142720555, -36.00000000000000711 ) ) ;
#3789 = EDGE_LOOP ( 'NONE', ( #3420, #2901, #5091, #2012, #3527, #1973, #3605, #5181 ) ) ;
#3790 = EDGE_LOOP ( 'NONE', ( #3257, #5618, #6042, #3404 ) ) ;
#3791 = VECTOR ( 'NONE', #4988, 1000.000000000000000 ) ;
#3792 = DIRECTION ( 'NONE',  ( 1.278526357607465097E-16, -1.000000000000000000, -5.022723014296544476E-18 ) ) ;
#3793 = CARTESIAN_POINT ( 'NONE',  ( -79.39999999999994884, -25.87015455142721265, -32.29999999999999716 ) ) ;
#3794 = ORIENTED_EDGE ( 'NONE', *, *, #4099, .T. ) ;
#3795 = LINE ( 'NONE', #3837, #1133 ) ;
#3796 = DIRECTION ( 'NONE',  ( 1.000000000000000000, 1.288097321785394182E-16, -2.081668171172168513E-17 ) ) ;
#3797 = VERTEX_POINT ( 'NONE', #4290 ) ;
#3798 = ORIENTED_EDGE ( 'NONE', *, *, #4424, .F. ) ;
#3799 = DIRECTION ( 'NONE',  ( -1.268935612889287343E-16, 1.000000000000000000, 1.026341648675403128E-48 ) ) ;
#3800 = ORIENTED_EDGE ( 'NONE', *, *, #815, .T. ) ;
#3801 = CIRCLE ( 'NONE', #764, 1.250000000000001110 ) ;
#3802 = VERTEX_POINT ( 'NONE', #6496 ) ;
#3803 = CARTESIAN_POINT ( 'NONE',  ( -1.999999999999939382, -22.87015455142719844, 13.00000000000000178 ) ) ;
#3804 = CARTESIAN_POINT ( 'NONE',  ( -5.199999999999940670, -22.87015455142720199, -21.00000000000000000 ) ) ;
#3805 = FACE_OUTER_BOUND ( 'NONE', #2160, .T. ) ;
#3806 = ORIENTED_EDGE ( 'NONE', *, *, #5606, .T. ) ;
#3807 = EDGE_CURVE ( 'NONE', #1726, #6285, #5039, .T. ) ;
#3808 = AXIS2_PLACEMENT_3D ( 'NONE', #7167, #6627, #6554 ) ;
#3809 = CARTESIAN_POINT ( 'NONE',  ( -93.39999999999994884, -25.87015455142721265, -35.50000000000000711 ) ) ;
#3810 = ORIENTED_EDGE ( 'NONE', *, *, #1500, .F. ) ;
#3811 = CARTESIAN_POINT ( 'NONE',  ( -90.69999999999991758, -25.87015455142721265, 23.39999999999999147 ) ) ;
#3812 = AXIS2_PLACEMENT_3D ( 'NONE', #4383, #4421, #6625 ) ;
#3813 = ADVANCED_FACE ( 'NONE', ( #4328 ), #4906, .F. ) ;
#3814 = EDGE_CURVE ( 'NONE', #1025, #5760, #3961, .T. ) ;
#3815 = CYLINDRICAL_SURFACE ( 'NONE', #4287, 2.000000000000000000 ) ;
#3816 = CARTESIAN_POINT ( 'NONE',  ( -60.49999999999992895, -22.87015455142720555, 22.89999999999999147 ) ) ;
#3817 = CARTESIAN_POINT ( 'NONE',  ( -1.999999999999939382, -25.87015455142720199, 15.00000000000000000 ) ) ;
#3818 = EDGE_CURVE ( 'NONE', #1969, #890, #52, .T. ) ;
#3819 = ORIENTED_EDGE ( 'NONE', *, *, #6968, .F. ) ;
#3820 = ORIENTED_EDGE ( 'NONE', *, *, #1898, .F. ) ;
#3821 = ORIENTED_EDGE ( 'NONE', *, *, #4536, .F. ) ;
#3822 = DIRECTION ( 'NONE',  ( -1.278526357607465097E-16, 1.000000000000000000, 5.022723014296544476E-18 ) ) ;
#3823 = CIRCLE ( 'NONE', #5217, 8.000000000000007105 ) ;
#3824 = EDGE_CURVE ( 'NONE', #5122, #119, #1894, .T. ) ;
#3825 = EDGE_CURVE ( 'NONE', #4190, #1273, #7187, .T. ) ;
#3826 = DIRECTION ( 'NONE',  ( 0.000000000000000000, 0.000000000000000000, -1.000000000000000000 ) ) ;
#3827 = VECTOR ( 'NONE', #88, 1000.000000000000000 ) ;
#3828 = AXIS2_PLACEMENT_3D ( 'NONE', #4444, #6000, #19 ) ;
#3829 = CARTESIAN_POINT ( 'NONE',  ( -84.89999999999992042, -24.07015455142721194, 34.39999999999999147 ) ) ;
#3830 = DIRECTION ( 'NONE',  ( -1.268935612889287343E-16, 1.000000000000000000, -2.469788560855558288E-32 ) ) ;
#3831 = FACE_OUTER_BOUND ( 'NONE', #5121, .T. ) ;
#3832 = VERTEX_POINT ( 'NONE', #1083 ) ;
#3833 = ORIENTED_EDGE ( 'NONE', *, *, #4993, .F. ) ;
#3834 = DIRECTION ( 'NONE',  ( -1.000000000000000000, -1.278526357607465097E-16, -6.608470384673552010E-16 ) ) ;
#3835 = PLANE ( 'NONE',  #5590 ) ;
#3836 = ORIENTED_EDGE ( 'NONE', *, *, #1541, .T. ) ;
#3837 = CARTESIAN_POINT ( 'NONE',  ( -82.19999999999993179, -22.87015455142720910, 56.89999999999998437 ) ) ;
#3838 = DIRECTION ( 'NONE',  ( 0.000000000000000000, 5.022723014296612268E-18, -1.000000000000000000 ) ) ;
#3839 = ORIENTED_EDGE ( 'NONE', *, *, #6919, .F. ) ;
#3840 = ORIENTED_EDGE ( 'NONE', *, *, #4532, .F. ) ;
#3841 = DIRECTION ( 'NONE',  ( 1.268935612889287343E-16, -1.000000000000000000, -1.026341648675403128E-48 ) ) ;
#3842 = VECTOR ( 'NONE', #181, 1000.000000000000000 ) ;
#3843 = DIRECTION ( 'NONE',  ( -1.000000000000000000, -1.268935612889287343E-16, 2.311115933264682682E-33 ) ) ;
#3844 = CARTESIAN_POINT ( 'NONE',  ( -85.39999999999994884, -22.87015455142721265, 15.89999999999999680 ) ) ;
#3845 = FACE_OUTER_BOUND ( 'NONE', #5480, .T. ) ;
#3846 = VERTEX_POINT ( 'NONE', #2287 ) ;
#3847 = DIRECTION ( 'NONE',  ( 0.000000000000000000, 0.000000000000000000, 1.000000000000000000 ) ) ;
#3848 = ORIENTED_EDGE ( 'NONE', *, *, #3320, .F. ) ;
#3849 = DIRECTION ( 'NONE',  ( 1.000000000000000000, 0.000000000000000000, 0.000000000000000000 ) ) ;
#3850 = CYLINDRICAL_SURFACE ( 'NONE', #1267, 1.250000000000001110 ) ;
#3851 = CARTESIAN_POINT ( 'NONE',  ( -23.99999999999993605, -24.07015455142720128, 11.00000000000000355 ) ) ;
#3852 = DIRECTION ( 'NONE',  ( -1.652117596168387016E-16, -2.179666125485422852E-32, -1.000000000000000000 ) ) ;
#3853 = VERTEX_POINT ( 'NONE', #631 ) ;
#3854 = VERTEX_POINT ( 'NONE', #525 ) ;
#3855 = VERTEX_POINT ( 'NONE', #6684 ) ;
#3856 = CARTESIAN_POINT ( 'NONE',  ( -1.999999999999939382, -25.87015455142720199, 46.40000000000000568 ) ) ;
#3857 = VECTOR ( 'NONE', #4483, 1000.000000000000000 ) ;
#3858 = ADVANCED_FACE ( 'NONE', ( #3298 ), #2214, .T. ) ;
#3859 = EDGE_CURVE ( 'NONE', #6065, #5809, #6213, .T. ) ;
#3860 = EDGE_CURVE ( 'NONE', #1736, #6378, #118, .T. ) ;
#3861 = AXIS2_PLACEMENT_3D ( 'NONE', #6512, #5466, #2232 ) ;
#3862 = CYLINDRICAL_SURFACE ( 'NONE', #4062, 1.250000000000001110 ) ;
#3863 = AXIS2_PLACEMENT_3D ( 'NONE', #4326, #6536, #2098 ) ;
#3864 = CYLINDRICAL_SURFACE ( 'NONE', #164, 3.000000000000002665 ) ;
#3865 = DIRECTION ( 'NONE',  ( -1.000000000000000000, 0.000000000000000000, 0.000000000000000000 ) ) ;
#3866 = DIRECTION ( 'NONE',  ( 0.000000000000000000, 0.000000000000000000, 1.000000000000000000 ) ) ;
#3867 = ORIENTED_EDGE ( 'NONE', *, *, #4091, .F. ) ;
#3868 = EDGE_CURVE ( 'NONE', #6836, #6445, #6722, .T. ) ;
#3869 = EDGE_LOOP ( 'NONE', ( #4321, #4861, #51, #435 ) ) ;
#3870 = VECTOR ( 'NONE', #2902, 1000.000000000000000 ) ;
#3871 = ADVANCED_FACE ( 'NONE', ( #1224 ), #3437, .F. ) ;
#3872 = DIRECTION ( 'NONE',  ( -1.268935612889287343E-16, 1.000000000000000000, 1.026341648675403128E-48 ) ) ;
#3873 = CARTESIAN_POINT ( 'NONE',  ( -71.89999999999994884, -22.87015455142720910, 11.39999999999999680 ) ) ;
#3874 = CIRCLE ( 'NONE', #1085, 3.000000000000002665 ) ;
#3875 = AXIS2_PLACEMENT_3D ( 'NONE', #42, #6710, #5475 ) ;
#3876 = ORIENTED_EDGE ( 'NONE', *, *, #3366, .F. ) ;
#3877 = DIRECTION ( 'NONE',  ( -1.288097321785393689E-16, 1.000000000000000000, -3.489072158099908472E-32 ) ) ;
#3878 = CARTESIAN_POINT ( 'NONE',  ( -13.69999999999994067, -22.87015455142720199, -33.00000000000000711 ) ) ;
#3879 = ORIENTED_EDGE ( 'NONE', *, *, #3633, .T. ) ;
#3880 = ORIENTED_EDGE ( 'NONE', *, *, #1066, .F. ) ;
#3881 = EDGE_CURVE ( 'NONE', #453, #5187, #6109, .T. ) ;
#3882 = EDGE_CURVE ( 'NONE', #3596, #4879, #1737, .T. ) ;
#3883 = AXIS2_PLACEMENT_3D ( 'NONE', #1789, #4017, #3597 ) ;
#3884 = CARTESIAN_POINT ( 'NONE',  ( -41.69999999999994600, -22.87015455142720555, -35.00000000000000000 ) ) ;
#3885 = CARTESIAN_POINT ( 'NONE',  ( -27.49999999999993250, -22.87015455142720199, 15.00000000000000355 ) ) ;
#3886 = CARTESIAN_POINT ( 'NONE',  ( -52.49999999999992895, -25.87015455142720555, 30.89999999999999147 ) ) ;
#3887 =( GEOMETRIC_REPRESENTATION_CONTEXT ( 3 ) GLOBAL_UNCERTAINTY_ASSIGNED_CONTEXT ( ( #5803 ) ) GLOBAL_UNIT_ASSIGNED_CONTEXT ( ( #237, #6366, #3632 ) ) REPRESENTATION_CONTEXT ( 'NONE', 'WORKASPACE' ) );
#3888 = ORIENTED_EDGE ( 'NONE', *, *, #4639, .T. ) ;
#3889 = DIRECTION ( 'NONE',  ( -1.000000000000000000, 0.000000000000000000, 0.000000000000000000 ) ) ;
#3890 = EDGE_LOOP ( 'NONE', ( #1338, #4604, #617, #5340 ) ) ;
#3891 = CIRCLE ( 'NONE', #4361, 2.000000000000001776 ) ;
#3892 = DIRECTION ( 'NONE',  ( -1.288097321785393689E-16, 1.000000000000000000, -3.489072158099908472E-32 ) ) ;
#3893 = CARTESIAN_POINT ( 'NONE',  ( -41.69999999999994600, -25.87015455142720555, -35.00000000000000000 ) ) ;
#3894 = ADVANCED_FACE ( 'NONE', ( #2344 ), #1121, .F. ) ;
#3895 = DIRECTION ( 'NONE',  ( 0.000000000000000000, 0.000000000000000000, -1.000000000000000000 ) ) ;
#3896 = DIRECTION ( 'NONE',  ( -1.288097321785393689E-16, 1.000000000000000000, -3.489072158099908472E-32 ) ) ;
#3897 = ORIENTED_EDGE ( 'NONE', *, *, #6624, .T. ) ;
#3898 = PLANE ( 'NONE',  #6190 ) ;
#3899 = ORIENTED_EDGE ( 'NONE', *, *, #4443, .F. ) ;
#3900 = ORIENTED_EDGE ( 'NONE', *, *, #3756, .T. ) ;
#3901 = VECTOR ( 'NONE', #3978, 1000.000000000000000 ) ;
#3902 = CARTESIAN_POINT ( 'NONE',  ( -83.89999999999992042, -25.87015455142721265, 56.39999999999998437 ) ) ;
#3903 = CIRCLE ( 'NONE', #4248, 2.000000000000001776 ) ;
#3904 = AXIS2_PLACEMENT_3D ( 'NONE', #1098, #7055, #1059 ) ;
#3905 = CARTESIAN_POINT ( 'NONE',  ( -42.69999999999994600, -22.87015455142720555, -33.00000000000000711 ) ) ;
#3906 = EDGE_CURVE ( 'NONE', #3853, #2527, #2123, .T. ) ;
#3907 = CARTESIAN_POINT ( 'NONE',  ( -48.49999999999992184, -24.07015455142720484, 34.39999999999998437 ) ) ;
#3908 = LINE ( 'NONE', #1136, #5841 ) ;
#3909 = EDGE_LOOP ( 'NONE', ( #6894, #77, #4277, #484 ) ) ;
#3910 = ADVANCED_FACE ( 'NONE', ( #5565 ), #5636, .F. ) ;
#3911 = VECTOR ( 'NONE', #820, 1000.000000000000000 ) ;
#3912 = AXIS2_PLACEMENT_3D ( 'NONE', #3705, #3055, #762 ) ;
#3913 = EDGE_CURVE ( 'NONE', #716, #1174, #2250, .T. ) ;
#3914 = LINE ( 'NONE', #39, #5523 ) ;
#3915 = CARTESIAN_POINT ( 'NONE',  ( -71.89999999999994884, -25.87015455142720910, 9.899999999999996803 ) ) ;
#3916 = EDGE_LOOP ( 'NONE', ( #1841, #2030, #4730, #2779 ) ) ;
#3917 = DIRECTION ( 'NONE',  ( -8.638375543017976328E-48, -5.022723014296544476E-18, 1.000000000000000000 ) ) ;
#3918 = ORIENTED_EDGE ( 'NONE', *, *, #408, .F. ) ;
#3919 = ORIENTED_EDGE ( 'NONE', *, *, #5943, .T. ) ;
#3920 = EDGE_CURVE ( 'NONE', #3430, #2665, #3367, .T. ) ;
#3921 = CARTESIAN_POINT ( 'NONE',  ( -1.999999999999939382, -25.87015455142720199, 13.00000000000000178 ) ) ;
#3922 = DIRECTION ( 'NONE',  ( 1.268935612889287343E-16, -1.000000000000000000, 2.469788560855558288E-32 ) ) ;
#3923 = EDGE_CURVE ( 'NONE', #7036, #3832, #2817, .T. ) ;
#3924 = VERTEX_POINT ( 'NONE', #4653 ) ;
#3925 = DIRECTION ( 'NONE',  ( -1.278526357607465097E-16, 1.000000000000000000, 5.022723014296544476E-18 ) ) ;
#3926 = AXIS2_PLACEMENT_3D ( 'NONE', #1812, #291, #4204 ) ;
#3927 = ORIENTED_EDGE ( 'NONE', *, *, #730, .F. ) ;
#3928 = CARTESIAN_POINT ( 'NONE',  ( -55.39999999999994884, -15.57820799198817596, -8.118983971337954131 ) ) ;
#3929 = ORIENTED_EDGE ( 'NONE', *, *, #6531, .F. ) ;
#3930 = CIRCLE ( 'NONE', #1828, 8.000000000000000000 ) ;
#3931 = CARTESIAN_POINT ( 'NONE',  ( -74.03758619217045123, -22.87015455142721265, 19.39999999999999503 ) ) ;
#3932 = DIRECTION ( 'NONE',  ( 0.000000000000000000, 0.000000000000000000, 1.000000000000000000 ) ) ;
#3933 = DIRECTION ( 'NONE',  ( 1.288097321785393689E-16, -1.000000000000000000, 3.489072158099908472E-32 ) ) ;
#3934 = CYLINDRICAL_SURFACE ( 'NONE', #886, 2.000000000000001776 ) ;
#3935 = ORIENTED_EDGE ( 'NONE', *, *, #5148, .T. ) ;
#3936 = DIRECTION ( 'NONE',  ( -1.268935612889287343E-16, 1.000000000000000000, 1.026341648675403128E-48 ) ) ;
#3937 = DIRECTION ( 'NONE',  ( -1.278526357607465097E-16, 1.000000000000000000, 5.022723014296544476E-18 ) ) ;
#3938 = CARTESIAN_POINT ( 'NONE',  ( -55.39999999999994884, -25.87015455142720910, -2.000000000000000444 ) ) ;
#3939 = CARTESIAN_POINT ( 'NONE',  ( -93.39999999999994884, -22.87015455142721265, 4.199999999999999289 ) ) ;
#3940 = VECTOR ( 'NONE', #62, 1000.000000000000000 ) ;
#3941 = CARTESIAN_POINT ( 'NONE',  ( -75.89999999999990621, -22.87015455142720910, 45.89999999999999858 ) ) ;
#3942 = EDGE_LOOP ( 'NONE', ( #6382, #2597, #359, #4297 ) ) ;
#3943 = ORIENTED_EDGE ( 'NONE', *, *, #3621, .F. ) ;
#3944 = CIRCLE ( 'NONE', #789, 1.250000000000001110 ) ;
#3945 = ORIENTED_EDGE ( 'NONE', *, *, #2958, .T. ) ;
#3946 = LINE ( 'NONE', #6669, #384 ) ;
#3947 = FACE_OUTER_BOUND ( 'NONE', #3717, .T. ) ;
#3948 = LINE ( 'NONE', #5077, #5317 ) ;
#3949 = PLANE ( 'NONE',  #5739 ) ;
#3950 = VERTEX_POINT ( 'NONE', #3028 ) ;
#3951 = ORIENTED_EDGE ( 'NONE', *, *, #5658, .F. ) ;
#3952 = EDGE_LOOP ( 'NONE', ( #4214, #5178, #405, #5814 ) ) ;
#3953 = ADVANCED_FACE ( 'NONE', ( #6320, #6959 ), #3473, .T. ) ;
#3954 = EDGE_CURVE ( 'NONE', #309, #557, #5505, .T. ) ;
#3955 = ADVANCED_FACE ( 'NONE', ( #845 ), #1916, .F. ) ;
#3956 = FACE_OUTER_BOUND ( 'NONE', #4869, .T. ) ;
#3957 = DIRECTION ( 'NONE',  ( -1.288097321785393689E-16, 1.000000000000000000, -3.489072158099908472E-32 ) ) ;
#3958 = ORIENTED_EDGE ( 'NONE', *, *, #4791, .T. ) ;
#3959 = CYLINDRICAL_SURFACE ( 'NONE', #6079, 1.250000000000001110 ) ;
#3960 = ORIENTED_EDGE ( 'NONE', *, *, #2124, .T. ) ;
#3961 = LINE ( 'NONE', #2315, #3161 ) ;
#3962 = VECTOR ( 'NONE', #5524, 1000.000000000000000 ) ;
#3963 = EDGE_CURVE ( 'NONE', #3562, #2389, #5195, .T. ) ;
#3964 = EDGE_CURVE ( 'NONE', #856, #866, #4030, .T. ) ;
#3965 = CYLINDRICAL_SURFACE ( 'NONE', #5337, 8.000000000000007105 ) ;
#3966 = CARTESIAN_POINT ( 'NONE',  ( -42.69999999999994600, -22.87015455142720555, -35.00000000000000000 ) ) ;
#3967 = VERTEX_POINT ( 'NONE', #3609 ) ;
#3968 = DIRECTION ( 'NONE',  ( -1.268935612889287343E-16, 1.000000000000000000, -2.469788560855558288E-32 ) ) ;
#3969 = DIRECTION ( 'NONE',  ( -1.278526357607465097E-16, 1.000000000000000000, 5.022723014296544476E-18 ) ) ;
#3970 = CARTESIAN_POINT ( 'NONE',  ( -75.89999999999990621, -22.87015455142720910, 30.89999999999999147 ) ) ;
#3971 = CARTESIAN_POINT ( 'NONE',  ( -52.49999999999992184, -25.87015455142720555, 58.39999999999998437 ) ) ;
#3972 = CARTESIAN_POINT ( 'NONE',  ( -58.39999999999994884, -22.87015455142720910, 5.899999999999997691 ) ) ;
#3973 = VERTEX_POINT ( 'NONE', #2379 ) ;
#3974 = CARTESIAN_POINT ( 'NONE',  ( -90.39999999999994884, -22.87015455142721265, 5.200000000000000178 ) ) ;
#3975 = VECTOR ( 'NONE', #2687, 1000.000000000000000 ) ;
#3976 = AXIS2_PLACEMENT_3D ( 'NONE', #4987, #4004, #2220 ) ;
#3977 = VERTEX_POINT ( 'NONE', #1876 ) ;
#3978 = DIRECTION ( 'NONE',  ( 1.000000000000000000, 1.268935612889287343E-16, -2.311115933264682682E-33 ) ) ;
#3979 = DIRECTION ( 'NONE',  ( -1.000000000000000000, 0.000000000000000000, 0.000000000000000000 ) ) ;
#3980 = DIRECTION ( 'NONE',  ( -1.652117596168387263E-16, -2.179666125485422852E-32, -1.000000000000000000 ) ) ;
#3981 = ADVANCED_FACE ( 'NONE', ( #4683 ), #295, .F. ) ;
#3982 = FACE_OUTER_BOUND ( 'NONE', #2818, .T. ) ;
#3983 = VECTOR ( 'NONE', #3419, 1000.000000000000000 ) ;
#3984 = EDGE_LOOP ( 'NONE', ( #3345, #6935, #4565, #6488 ) ) ;
#3985 = ORIENTED_EDGE ( 'NONE', *, *, #2573, .F. ) ;
#3986 = CIRCLE ( 'NONE', #6990, 1.000000000000000888 ) ;
#3987 = ORIENTED_EDGE ( 'NONE', *, *, #5208, .F. ) ;
#3988 = AXIS2_PLACEMENT_3D ( 'NONE', #4581, #6178, #5672 ) ;
#3989 = DIRECTION ( 'NONE',  ( -1.268935612889287343E-16, 1.000000000000000000, 1.026341648675403128E-48 ) ) ;
#3990 = CARTESIAN_POINT ( 'NONE',  ( -55.39999999999994884, -25.87015455142720910, -8.118983971337957684 ) ) ;
#3991 = EDGE_CURVE ( 'NONE', #5196, #1270, #2254, .T. ) ;
#3992 = ORIENTED_EDGE ( 'NONE', *, *, #1054, .T. ) ;
#3993 = CARTESIAN_POINT ( 'NONE',  ( -45.69999999999992468, -22.87015455142720555, 23.39999999999998792 ) ) ;
#3994 = ORIENTED_EDGE ( 'NONE', *, *, #1693, .F. ) ;
#3995 = CARTESIAN_POINT ( 'NONE',  ( -58.39999999999994884, -22.87015455142720910, -25.49999999999998934 ) ) ;
#3996 = ORIENTED_EDGE ( 'NONE', *, *, #967, .T. ) ;
#3997 = AXIS2_PLACEMENT_3D ( 'NONE', #6823, #1842, #220 ) ;
#3998 = ADVANCED_FACE ( 'NONE', ( #1328 ), #5266, .F. ) ;
#3999 = DIRECTION ( 'NONE',  ( -1.268935612889287343E-16, 1.000000000000000000, 1.026341648675403128E-48 ) ) ;
#4000 = VECTOR ( 'NONE', #5385, 1000.000000000000000 ) ;
#4001 = DIRECTION ( 'NONE',  ( 0.000000000000000000, 0.000000000000000000, 1.000000000000000000 ) ) ;
#4002 = EDGE_CURVE ( 'NONE', #7004, #5103, #606, .T. ) ;
#4003 = ADVANCED_FACE ( 'NONE', ( #2411 ), #1361, .T. ) ;
#4004 = DIRECTION ( 'NONE',  ( 1.288097321785393689E-16, -1.000000000000000000, 3.489072158099908472E-32 ) ) ;
#4005 = DIRECTION ( 'NONE',  ( 0.000000000000000000, 0.000000000000000000, -1.000000000000000000 ) ) ;
#4006 = ORIENTED_EDGE ( 'NONE', *, *, #1940, .T. ) ;
#4007 = ORIENTED_EDGE ( 'NONE', *, *, #21, .F. ) ;
#4008 = DIRECTION ( 'NONE',  ( -1.268935612889287343E-16, 1.000000000000000000, 1.026341648675403128E-48 ) ) ;
#4009 = CIRCLE ( 'NONE', #3058, 1.500000000000001332 ) ;
#4010 = DIRECTION ( 'NONE',  ( -1.288097321785393689E-16, 1.000000000000000000, -3.489072158099908472E-32 ) ) ;
#4011 = EDGE_CURVE ( 'NONE', #1868, #5225, #6286, .T. ) ;
#4012 = PLANE ( 'NONE',  #4372 ) ;
#4013 = CIRCLE ( 'NONE', #4132, 1.249999999999997558 ) ;
#4014 = EDGE_CURVE ( 'NONE', #3530, #1345, #3546, .T. ) ;
#4015 = CARTESIAN_POINT ( 'NONE',  ( -48.49999999999992184, -22.87015455142720555, 34.39999999999998437 ) ) ;
#4016 = EDGE_LOOP ( 'NONE', ( #1051, #2993, #6375, #7117 ) ) ;
#4017 = DIRECTION ( 'NONE',  ( -1.000000000000000000, -1.268935612889287343E-16, 2.311115933264682682E-33 ) ) ;
#4018 = ORIENTED_EDGE ( 'NONE', *, *, #767, .T. ) ;
#4019 = LINE ( 'NONE', #2401, #2951 ) ;
#4020 = CARTESIAN_POINT ( 'NONE',  ( -1.999999999999939382, -25.87015455142720199, 48.40000000000000568 ) ) ;
#4021 = FACE_BOUND ( 'NONE', #3047, .T. ) ;
#4022 = CARTESIAN_POINT ( 'NONE',  ( -93.89999999999994884, -25.87015455142721265, -27.50000000000000355 ) ) ;
#4023 = AXIS2_PLACEMENT_3D ( 'NONE', #2456, #3592, #5827 ) ;
#4024 = ORIENTED_EDGE ( 'NONE', *, *, #238, .F. ) ;
#4025 = ORIENTED_EDGE ( 'NONE', *, *, #5599, .F. ) ;
#4026 = FACE_OUTER_BOUND ( 'NONE', #6125, .T. ) ;
#4027 = CARTESIAN_POINT ( 'NONE',  ( -90.89999999999992042, -24.07015455142721194, 34.39999999999999147 ) ) ;
#4028 = CARTESIAN_POINT ( 'NONE',  ( -58.39999999999994884, -25.87015455142720910, 17.89999999999999858 ) ) ;
#4029 = ORIENTED_EDGE ( 'NONE', *, *, #5425, .T. ) ;
#4030 = LINE ( 'NONE', #6854, #2460 ) ;
#4031 = ORIENTED_EDGE ( 'NONE', *, *, #2346, .T. ) ;
#4032 =( LENGTH_UNIT ( ) NAMED_UNIT ( * ) SI_UNIT ( .MILLI., .METRE. ) );
#4033 = CIRCLE ( 'NONE', #4734, 1.500000000000004885 ) ;
#4034 = CARTESIAN_POINT ( 'NONE',  ( -93.89999999999993463, -22.87015455142721265, 45.89999999999999147 ) ) ;
#4035 = EDGE_CURVE ( 'NONE', #3634, #3631, #2992, .T. ) ;
#4036 = DIRECTION ( 'NONE',  ( 2.311115933264671392E-33, 3.697785493223492838E-32, 1.000000000000000000 ) ) ;
#4037 = DIRECTION ( 'NONE',  ( 1.278526357607465097E-16, -1.000000000000000000, -5.022723014296544476E-18 ) ) ;
#4038 = ORIENTED_EDGE ( 'NONE', *, *, #6624, .F. ) ;
#4039 = DIRECTION ( 'NONE',  ( -1.268935612889287343E-16, 1.000000000000000000, -2.469788560855558288E-32 ) ) ;
#4040 = EDGE_LOOP ( 'NONE', ( #3752, #6380, #6528, #5897 ) ) ;
#4041 = DIRECTION ( 'NONE',  ( -1.000000000000000000, 0.000000000000000000, 0.000000000000000000 ) ) ;
#4042 = ADVANCED_FACE ( 'NONE', ( #5846 ), #5745, .T. ) ;
#4043 = EDGE_CURVE ( 'NONE', #6891, #927, #6379, .T. ) ;
#4044 = ADVANCED_FACE ( 'NONE', ( #6417 ), #4208, .T. ) ;
#4045 = CARTESIAN_POINT ( 'NONE',  ( -42.49999999999992895, -25.87015455142720555, 45.89999999999998437 ) ) ;
#4046 = DIRECTION ( 'NONE',  ( 0.000000000000000000, 0.000000000000000000, -1.000000000000000000 ) ) ;
#4047 = ORIENTED_EDGE ( 'NONE', *, *, #2960, .F. ) ;
#4048 = CARTESIAN_POINT ( 'NONE',  ( -2.499999999999939604, -25.87015455142720199, 16.69999999999999929 ) ) ;
#4049 = ORIENTED_EDGE ( 'NONE', *, *, #3378, .T. ) ;
#4050 = CARTESIAN_POINT ( 'NONE',  ( -89.44999999999991758, -25.87015455142721265, 23.39999999999999147 ) ) ;
#4051 = CIRCLE ( 'NONE', #7171, 1.250000000000001110 ) ;
#4052 = EDGE_CURVE ( 'NONE', #434, #59, #2582, .T. ) ;
#4053 = ORIENTED_EDGE ( 'NONE', *, *, #6872, .T. ) ;
#4054 = AXIS2_PLACEMENT_3D ( 'NONE', #6938, #4185, #6392 ) ;
#4055 = CARTESIAN_POINT ( 'NONE',  ( -51.44999999999994600, -22.87015455142720555, -21.00000000000000000 ) ) ;
#4056 = DIRECTION ( 'NONE',  ( 1.000000000000000000, 1.288097321785393689E-16, -2.081668171172168513E-17 ) ) ;
#4057 = CARTESIAN_POINT ( 'NONE',  ( 6.245004513516505540E-14, -22.87015455142719844, 48.40000000000000568 ) ) ;
#4058 = CARTESIAN_POINT ( 'NONE',  ( -40.49999999999992184, -25.87015455142720910, 37.36395190979015268 ) ) ;
#4059 = VERTEX_POINT ( 'NONE', #6567 ) ;
#4060 = ORIENTED_EDGE ( 'NONE', *, *, #3239, .F. ) ;
#4061 = ORIENTED_EDGE ( 'NONE', *, *, #2593, .F. ) ;
#4062 = AXIS2_PLACEMENT_3D ( 'NONE', #6086, #6766, #1784 ) ;
#4063 = DIRECTION ( 'NONE',  ( 0.000000000000000000, 0.000000000000000000, 1.000000000000000000 ) ) ;
#4064 = DIRECTION ( 'NONE',  ( 0.000000000000000000, -5.022723014296612268E-18, 1.000000000000000000 ) ) ;
#4065 = AXIS2_PLACEMENT_3D ( 'NONE', #2965, #4177, #4656 ) ;
#4066 = ORIENTED_EDGE ( 'NONE', *, *, #598, .F. ) ;
#4067 = CARTESIAN_POINT ( 'NONE',  ( -23.99999999999993605, -24.07015455142720128, 51.89999999999999858 ) ) ;
#4068 = ORIENTED_EDGE ( 'NONE', *, *, #2647, .F. ) ;
#4069 = CARTESIAN_POINT ( 'NONE',  ( -60.39999999999995595, -22.87015455142720910, 15.89999999999999680 ) ) ;
#4070 = FACE_OUTER_BOUND ( 'NONE', #5536, .T. ) ;
#4071 = CARTESIAN_POINT ( 'NONE',  ( -9.499999999999943157, -24.07015455142720128, -13.50000000000000533 ) ) ;
#4072 = DIRECTION ( 'NONE',  ( -1.268935612889287343E-16, 1.000000000000000000, -2.469788560855558288E-32 ) ) ;
#4073 = ORIENTED_EDGE ( 'NONE', *, *, #206, .F. ) ;
#4074 = CARTESIAN_POINT ( 'NONE',  ( -90.39999999999994884, -25.87015455142721265, 4.199999999999999289 ) ) ;
#4075 = ORIENTED_EDGE ( 'NONE', *, *, #730, .T. ) ;
#4076 = LINE ( 'NONE', #230, #4642 ) ;
#4077 = CYLINDRICAL_SURFACE ( 'NONE', #2489, 1.500000000000001332 ) ;
#4078 = ORIENTED_EDGE ( 'NONE', *, *, #6714, .T. ) ;
#4079 = DIRECTION ( 'NONE',  ( 0.000000000000000000, 0.000000000000000000, 1.000000000000000000 ) ) ;
#4080 = ORIENTED_EDGE ( 'NONE', *, *, #5105, .F. ) ;
#4081 = ADVANCED_FACE ( 'NONE', ( #4783 ), #2093, .T. ) ;
#4082 = DIRECTION ( 'NONE',  ( 1.000000000000000000, 1.288097321785394182E-16, -2.081668171172168513E-17 ) ) ;
#4083 = AXIS2_PLACEMENT_3D ( 'NONE', #7140, #466, #6670 ) ;
#4084 = EDGE_CURVE ( 'NONE', #300, #1475, #4320, .T. ) ;
#4085 = ORIENTED_EDGE ( 'NONE', *, *, #5521, .T. ) ;
#4086 = DIRECTION ( 'NONE',  ( 1.278526357607465097E-16, -1.000000000000000000, -5.022723014296544476E-18 ) ) ;
#4087 = CARTESIAN_POINT ( 'NONE',  ( -60.89999999999995595, -22.87015455142720910, 12.69999999999999929 ) ) ;
#4088 = EDGE_CURVE ( 'NONE', #321, #4255, #3171, .T. ) ;
#4089 = FACE_BOUND ( 'NONE', #4580, .T. ) ;
#4090 = DIRECTION ( 'NONE',  ( 2.311115933264671392E-33, 3.697785493223492838E-32, 1.000000000000000000 ) ) ;
#4091 = EDGE_CURVE ( 'NONE', #876, #7170, #6996, .T. ) ;
#4092 = EDGE_CURVE ( 'NONE', #5329, #6445, #3163, .T. ) ;
#4093 = AXIS2_PLACEMENT_3D ( 'NONE', #2116, #984, #4460 ) ;
#4094 = CARTESIAN_POINT ( 'NONE',  ( -48.49999999999992184, -22.87015455142720555, 34.39999999999998437 ) ) ;
#4095 = DIRECTION ( 'NONE',  ( 0.000000000000000000, 0.000000000000000000, 1.000000000000000000 ) ) ;
#4096 = AXIS2_PLACEMENT_3D ( 'NONE', #5347, #1413, #2569 ) ;
#4097 = ORIENTED_EDGE ( 'NONE', *, *, #6083, .T. ) ;
#4098 = DIRECTION ( 'NONE',  ( -2.311115933264671392E-33, -3.697785493223492838E-32, -1.000000000000000000 ) ) ;
#4099 = EDGE_CURVE ( 'NONE', #1042, #5440, #5916, .T. ) ;
#4100 = EDGE_CURVE ( 'NONE', #1702, #49, #2704, .T. ) ;
#4101 = EDGE_LOOP ( 'NONE', ( #4369, #6991 ) ) ;
#4102 = CARTESIAN_POINT ( 'NONE',  ( -60.39999999999995595, -15.87015455142720732, -25.49999999999998934 ) ) ;
#4103 = ORIENTED_EDGE ( 'NONE', *, *, #4171, .T. ) ;
#4104 = AXIS2_PLACEMENT_3D ( 'NONE', #1239, #3455, #756 ) ;
#4105 = AXIS2_PLACEMENT_3D ( 'NONE', #3993, #2248, #592 ) ;
#4106 = CARTESIAN_POINT ( 'NONE',  ( -11.99999999999994138, -22.87015455142720199, -35.50000000000000711 ) ) ;
#4107 = CARTESIAN_POINT ( 'NONE',  ( -89.39999999999992042, -22.87015455142721265, 34.39999999999999147 ) ) ;
#4108 = CARTESIAN_POINT ( 'NONE',  ( -75.39999999999994884, -22.87015455142720910, -25.49999999999998934 ) ) ;
#4109 = AXIS2_PLACEMENT_3D ( 'NONE', #1233, #3968, #5023 ) ;
#4110 = VERTEX_POINT ( 'NONE', #3718 ) ;
#4111 = VECTOR ( 'NONE', #4895, 1000.000000000000000 ) ;
#4112 = DIRECTION ( 'NONE',  ( 1.288097321785393689E-16, -1.000000000000000000, 3.489072158099908472E-32 ) ) ;
#4113 = EDGE_LOOP ( 'NONE', ( #2314, #2714, #5589, #3661 ) ) ;
#4114 = CIRCLE ( 'NONE', #6884, 1.000000000000000888 ) ;
#4115 = EDGE_CURVE ( 'NONE', #1654, #6321, #2663, .T. ) ;
#4116 = CARTESIAN_POINT ( 'NONE',  ( -50.49999999999992895, -22.87015455142720555, 55.89999999999998437 ) ) ;
#4117 = FACE_OUTER_BOUND ( 'NONE', #1181, .T. ) ;
#4118 = ORIENTED_EDGE ( 'NONE', *, *, #872, .F. ) ;
#4119 = DIRECTION ( 'NONE',  ( 0.000000000000000000, 0.000000000000000000, -1.000000000000000000 ) ) ;
#4120 = ORIENTED_EDGE ( 'NONE', *, *, #2312, .T. ) ;
#4121 = AXIS2_PLACEMENT_3D ( 'NONE', #4489, #3448, #4041 ) ;
#4122 = LINE ( 'NONE', #5898, #4587 ) ;
#4123 = EDGE_CURVE ( 'NONE', #1093, #6328, #4926, .T. ) ;
#4124 = AXIS2_PLACEMENT_3D ( 'NONE', #5575, #4595, #6802 ) ;
#4125 = VERTEX_POINT ( 'NONE', #5478 ) ;
#4126 = DIRECTION ( 'NONE',  ( 1.268935612889287343E-16, -1.000000000000000000, 2.469788560855558288E-32 ) ) ;
#4127 = DIRECTION ( 'NONE',  ( 1.288097321785393689E-16, -1.000000000000000000, 3.489072158099908472E-32 ) ) ;
#4128 = EDGE_CURVE ( 'NONE', #735, #1439, #1468, .T. ) ;
#4129 = DIRECTION ( 'NONE',  ( -1.000000000000000000, 0.000000000000000000, 0.000000000000000000 ) ) ;
#4130 = CARTESIAN_POINT ( 'NONE',  ( -53.19999999999992468, -22.87015455142720555, 52.89999999999999147 ) ) ;
#4131 = ORIENTED_EDGE ( 'NONE', *, *, #688, .F. ) ;
#4132 = AXIS2_PLACEMENT_3D ( 'NONE', #350, #3872, #3319 ) ;
#4133 = EDGE_CURVE ( 'NONE', #7080, #6421, #2936, .T. ) ;
#4134 = DIRECTION ( 'NONE',  ( -1.288097321785393689E-16, 1.000000000000000000, -3.489072158099908472E-32 ) ) ;
#4135 = VECTOR ( 'NONE', #2650, 1000.000000000000000 ) ;
#4136 = CARTESIAN_POINT ( 'NONE',  ( -46.99999999999992184, -24.07015455142720484, 34.39999999999998437 ) ) ;
#4137 = VERTEX_POINT ( 'NONE', #5362 ) ;
#4138 = CARTESIAN_POINT ( 'NONE',  ( -60.89999999999995595, -25.87015455142720910, -32.29999999999999716 ) ) ;
#4139 = EDGE_LOOP ( 'NONE', ( #6620, #5211, #1787, #5913 ) ) ;
#4140 = EDGE_LOOP ( 'NONE', ( #3264, #1539 ) ) ;
#4141 = DIRECTION ( 'NONE',  ( 1.268935612889287343E-16, -1.000000000000000000, 2.469788560855558288E-32 ) ) ;
#4142 = ORIENTED_EDGE ( 'NONE', *, *, #3277, .T. ) ;
#4143 = CIRCLE ( 'NONE', #4954, 1.250000000000001110 ) ;
#4144 = EDGE_CURVE ( 'NONE', #4417, #4821, #2590, .T. ) ;
#4145 = SHAPE_DEFINITION_REPRESENTATION ( #2207, #1495 ) ;
#4146 = DIRECTION ( 'NONE',  ( 0.000000000000000000, 0.000000000000000000, 1.000000000000000000 ) ) ;
#4147 = DIRECTION ( 'NONE',  ( -1.288097321785393689E-16, 1.000000000000000000, -3.489072158099908472E-32 ) ) ;
#4148 = AXIS2_PLACEMENT_3D ( 'NONE', #6727, #3896, #2221 ) ;
#4149 = ORIENTED_EDGE ( 'NONE', *, *, #327, .T. ) ;
#4150 = FACE_BOUND ( 'NONE', #2642, .T. ) ;
#4151 = ORIENTED_EDGE ( 'NONE', *, *, #6217, .F. ) ;
#4152 = LINE ( 'NONE', #1304, #1607 ) ;
#4153 = CARTESIAN_POINT ( 'NONE',  ( -68.39999999999994884, -22.87015455142720910, -25.49999999999998934 ) ) ;
#4154 = ORIENTED_EDGE ( 'NONE', *, *, #644, .T. ) ;
#4155 = DIRECTION ( 'NONE',  ( 0.000000000000000000, 0.000000000000000000, -1.000000000000000000 ) ) ;
#4156 = EDGE_LOOP ( 'NONE', ( #5922, #3360 ) ) ;
#4157 = AXIS2_PLACEMENT_3D ( 'NONE', #5358, #1847, #4747 ) ;
#4158 = CARTESIAN_POINT ( 'NONE',  ( -53.39999999999994884, -25.87015455142720910, -2.000000000000000444 ) ) ;
#4159 = CYLINDRICAL_SURFACE ( 'NONE', #1800, 1.499999999999994449 ) ;
#4160 = LINE ( 'NONE', #2675, #2235 ) ;
#4161 = AXIS2_PLACEMENT_3D ( 'NONE', #3146, #3622, #4184 ) ;
#4162 = DIRECTION ( 'NONE',  ( -1.288097321785393689E-16, 1.000000000000000000, -3.489072158099908472E-32 ) ) ;
#4163 = DIRECTION ( 'NONE',  ( 1.278526357607465097E-16, -1.000000000000000000, -5.022723014296544476E-18 ) ) ;
#4164 = ORIENTED_EDGE ( 'NONE', *, *, #2189, .F. ) ;
#4165 = DIRECTION ( 'NONE',  ( 0.000000000000000000, 0.000000000000000000, -1.000000000000000000 ) ) ;
#4166 = LINE ( 'NONE', #6952, #1396 ) ;
#4167 = EDGE_LOOP ( 'NONE', ( #3170, #4610, #6484, #6299 ) ) ;
#4168 = DIRECTION ( 'NONE',  ( -2.311115933264671392E-33, -3.697785493223492838E-32, -1.000000000000000000 ) ) ;
#4169 = ORIENTED_EDGE ( 'NONE', *, *, #2376, .F. ) ;
#4170 = ORIENTED_EDGE ( 'NONE', *, *, #2213, .T. ) ;
#4171 = EDGE_CURVE ( 'NONE', #5349, #4989, #4114, .T. ) ;
#4172 = DIRECTION ( 'NONE',  ( 1.268935612889287343E-16, -1.000000000000000000, 2.469788560855558288E-32 ) ) ;
#4173 = EDGE_CURVE ( 'NONE', #3289, #897, #250, .T. ) ;
#4174 = ADVANCED_FACE ( 'NONE', ( #1035 ), #5951, .F. ) ;
#4175 = ORIENTED_EDGE ( 'NONE', *, *, #5909, .T. ) ;
#4176 = CIRCLE ( 'NONE', #5693, 1.250000000000001110 ) ;
#4177 = DIRECTION ( 'NONE',  ( -1.268935612889287343E-16, 1.000000000000000000, 1.026341648675403128E-48 ) ) ;
#4178 = DIRECTION ( 'NONE',  ( 1.000000000000000000, 1.268935612889287343E-16, 6.608470384673552010E-16 ) ) ;
#4179 = ORIENTED_EDGE ( 'NONE', *, *, #2684, .F. ) ;
#4180 = DIRECTION ( 'NONE',  ( -1.000000000000000000, 0.000000000000000000, 0.000000000000000000 ) ) ;
#4181 = EDGE_CURVE ( 'NONE', #2410, #2665, #6840, .T. ) ;
#4182 = ORIENTED_EDGE ( 'NONE', *, *, #2032, .T. ) ;
#4183 = ADVANCED_FACE ( 'NONE', ( #5180 ), #758, .T. ) ;
#4184 = DIRECTION ( 'NONE',  ( 0.000000000000000000, 0.000000000000000000, -1.000000000000000000 ) ) ;
#4185 = DIRECTION ( 'NONE',  ( 1.268935612889287343E-16, -1.000000000000000000, -1.026341648675403128E-48 ) ) ;
#4186 = AXIS2_PLACEMENT_3D ( 'NONE', #2311, #7152, #4401 ) ;
#4187 = CARTESIAN_POINT ( 'NONE',  ( -1.999999999999932498, -22.87015455142720199, -35.00000000000000711 ) ) ;
#4188 = VERTEX_POINT ( 'NONE', #3421 ) ;
#4189 = CARTESIAN_POINT ( 'NONE',  ( -23.99999999999993605, -25.87015455142720555, 11.00000000000000355 ) ) ;
#4190 = VERTEX_POINT ( 'NONE', #1616 ) ;
#4191 = VERTEX_POINT ( 'NONE', #4637 ) ;
#4192 = LINE ( 'NONE', #3084, #6429 ) ;
#4193 = EDGE_LOOP ( 'NONE', ( #4273, #1911, #687, #728 ) ) ;
#4194 = CARTESIAN_POINT ( 'NONE',  ( -4.499999999999934275, -22.87015455142719844, 16.69999999999999929 ) ) ;
#4195 = AXIS2_PLACEMENT_3D ( 'NONE', #2542, #2585, #4315 ) ;
#4196 = FACE_BOUND ( 'NONE', #1519, .T. ) ;
#4197 = CYLINDRICAL_SURFACE ( 'NONE', #6865, 3.000000000000002665 ) ;
#4198 = ORIENTED_EDGE ( 'NONE', *, *, #1738, .T. ) ;
#4199 = VECTOR ( 'NONE', #4606, 1000.000000000000000 ) ;
#4200 = EDGE_CURVE ( 'NONE', #2609, #2150, #1241, .T. ) ;
#4201 = FACE_OUTER_BOUND ( 'NONE', #3038, .T. ) ;
#4202 = DIRECTION ( 'NONE',  ( 0.000000000000000000, 5.022723014296612268E-18, -1.000000000000000000 ) ) ;
#4203 = ORIENTED_EDGE ( 'NONE', *, *, #5300, .T. ) ;
#4204 = DIRECTION ( 'NONE',  ( -1.000000000000000000, -1.288097321785394182E-16, 2.081668171172168513E-17 ) ) ;
#4205 = DIRECTION ( 'NONE',  ( -1.288097321785393689E-16, 1.000000000000000000, -3.489072158099908472E-32 ) ) ;
#4206 = ORIENTED_EDGE ( 'NONE', *, *, #7189, .T. ) ;
#4207 = VERTEX_POINT ( 'NONE', #7147 ) ;
#4208 = CYLINDRICAL_SURFACE ( 'NONE', #3405, 2.000000000000001776 ) ;
#4209 = VECTOR ( 'NONE', #1604, 1000.000000000000000 ) ;
#4210 = EDGE_LOOP ( 'NONE', ( #6293, #4449, #696, #6933 ) ) ;
#4211 = EDGE_CURVE ( 'NONE', #1042, #5281, #2978, .T. ) ;
#4212 = CYLINDRICAL_SURFACE ( 'NONE', #4301, 1.250000000000001110 ) ;
#4213 = CARTESIAN_POINT ( 'NONE',  ( -82.19999999999993179, -25.87015455142721265, 53.89999999999999147 ) ) ;
#4214 = ORIENTED_EDGE ( 'NONE', *, *, #7206, .F. ) ;
#4215 = ADVANCED_FACE ( 'NONE', ( #2399, #7178 ), #6300, .T. ) ;
#4216 = FACE_BOUND ( 'NONE', #6489, .T. ) ;
#4217 = AXIS2_PLACEMENT_3D ( 'NONE', #6760, #6223, #641 ) ;
#4218 = VECTOR ( 'NONE', #4168, 1000.000000000000000 ) ;
#4219 = DIRECTION ( 'NONE',  ( 1.860284413285604114E-16, 5.944725313101900991E-32, 1.000000000000000000 ) ) ;
#4220 = EDGE_CURVE ( 'NONE', #3973, #5103, #1750, .T. ) ;
#4221 = VECTOR ( 'NONE', #2747, 1000.000000000000000 ) ;
#4222 = FACE_OUTER_BOUND ( 'NONE', #7209, .T. ) ;
#4223 = VECTOR ( 'NONE', #3796, 1000.000000000000000 ) ;
#4224 = LINE ( 'NONE', #4729, #3911 ) ;
#4225 = ORIENTED_EDGE ( 'NONE', *, *, #1274, .F. ) ;
#4226 = CARTESIAN_POINT ( 'NONE',  ( -87.89999999999992042, -22.87015455142721265, 34.39999999999999147 ) ) ;
#4227 = ORIENTED_EDGE ( 'NONE', *, *, #3881, .F. ) ;
#4228 = ORIENTED_EDGE ( 'NONE', *, *, #5105, .T. ) ;
#4229 = DIRECTION ( 'NONE',  ( 1.268935612889287343E-16, -1.000000000000000000, -1.026341648675403128E-48 ) ) ;
#4230 = AXIS2_PLACEMENT_3D ( 'NONE', #137, #4563, #6810 ) ;
#4231 = ADVANCED_FACE ( 'NONE', ( #2739 ), #3490, .F. ) ;
#4232 = VERTEX_POINT ( 'NONE', #172 ) ;
#4233 = DIRECTION ( 'NONE',  ( 1.278526357607465097E-16, -1.000000000000000000, -5.022723014296544476E-18 ) ) ;
#4234 = FACE_BOUND ( 'NONE', #5918, .T. ) ;
#4235 = DIRECTION ( 'NONE',  ( 1.288097321785393689E-16, -1.000000000000000000, 3.489072158099908472E-32 ) ) ;
#4236 = ORIENTED_EDGE ( 'NONE', *, *, #689, .T. ) ;
#4237 = AXIS2_PLACEMENT_3D ( 'NONE', #46, #2283, #733 ) ;
#4238 = CYLINDRICAL_SURFACE ( 'NONE', #857, 2.000000000000001776 ) ;
#4239 = CARTESIAN_POINT ( 'NONE',  ( -11.99999999999994138, -22.87015455142720199, -37.50000000000000711 ) ) ;
#4240 = ORIENTED_EDGE ( 'NONE', *, *, #6753, .T. ) ;
#4241 = CARTESIAN_POINT ( 'NONE',  ( -60.39999999999995595, -25.87015455142720910, 5.899999999999997691 ) ) ;
#4242 = DIRECTION ( 'NONE',  ( 0.000000000000000000, 0.000000000000000000, -1.000000000000000000 ) ) ;
#4243 = VECTOR ( 'NONE', #3164, 1000.000000000000000 ) ;
#4244 = VERTEX_POINT ( 'NONE', #4050 ) ;
#4245 = CARTESIAN_POINT ( 'NONE',  ( -1.999999999999939382, -25.87015455142720199, 48.40000000000000568 ) ) ;
#4246 = ORIENTED_EDGE ( 'NONE', *, *, #3338, .F. ) ;
#4247 = ORIENTED_EDGE ( 'NONE', *, *, #6968, .T. ) ;
#4248 = AXIS2_PLACEMENT_3D ( 'NONE', #86, #5162, #6322 ) ;
#4249 = VECTOR ( 'NONE', #6947, 1000.000000000000000 ) ;
#4250 = ORIENTED_EDGE ( 'NONE', *, *, #317, .T. ) ;
#4251 = CARTESIAN_POINT ( 'NONE',  ( -51.44999999999994600, -22.87015455142720555, -2.500000000000000444 ) ) ;
#4252 = DIRECTION ( 'NONE',  ( -1.278526357607465097E-16, 1.000000000000000000, 5.022723014296544476E-18 ) ) ;
#4253 = VERTEX_POINT ( 'NONE', #719 ) ;
#4254 = CARTESIAN_POINT ( 'NONE',  ( -55.39999999999994884, -22.87015455142720910, -4.949188263117179308E-31 ) ) ;
#4255 = VERTEX_POINT ( 'NONE', #101 ) ;
#4256 = CIRCLE ( 'NONE', #276, 2.000000000000001776 ) ;
#4257 = CARTESIAN_POINT ( 'NONE',  ( -55.39999999999994884, -22.87015455142720910, -4.949188263117179308E-31 ) ) ;
#4258 = EDGE_CURVE ( 'NONE', #226, #1969, #4347, .T. ) ;
#4259 = DIRECTION ( 'NONE',  ( -1.000000000000000000, -1.268935612889287343E-16, 2.311115933264676181E-33 ) ) ;
#4260 = DIRECTION ( 'NONE',  ( 1.000000000000000000, 1.268935612889287343E-16, -2.311115933264680629E-33 ) ) ;
#4261 = ORIENTED_EDGE ( 'NONE', *, *, #4220, .T. ) ;
#4262 = VECTOR ( 'NONE', #2995, 1000.000000000000000 ) ;
#4263 = ORIENTED_EDGE ( 'NONE', *, *, #3042, .F. ) ;
#4264 = ORIENTED_EDGE ( 'NONE', *, *, #7115, .F. ) ;
#4265 = PRESENTATION_STYLE_ASSIGNMENT (( #5246 ) ) ;
#4266 = ADVANCED_FACE ( 'NONE', ( #5690 ), #1209, .T. ) ;
#4267 = EDGE_CURVE ( 'NONE', #5958, #4337, #1088, .T. ) ;
#4268 = DIRECTION ( 'NONE',  ( 2.081668171172168513E-17, 3.816637062202878161E-32, 1.000000000000000000 ) ) ;
#4269 = FACE_OUTER_BOUND ( 'NONE', #3394, .T. ) ;
#4270 = AXIS2_PLACEMENT_3D ( 'NONE', #3679, #1427, #747 ) ;
#4271 = FACE_BOUND ( 'NONE', #4140, .T. ) ;
#4272 = FACE_OUTER_BOUND ( 'NONE', #4499, .T. ) ;
#4273 = ORIENTED_EDGE ( 'NONE', *, *, #4373, .F. ) ;
#4274 = ADVANCED_FACE ( 'NONE', ( #6064, #4602 ), #2328, .T. ) ;
#4275 = DIRECTION ( 'NONE',  ( -1.268935612889287343E-16, 1.000000000000000000, -2.469788560855558288E-32 ) ) ;
#4276 = LINE ( 'NONE', #5908, #5350 ) ;
#4277 = ORIENTED_EDGE ( 'NONE', *, *, #5521, .F. ) ;
#4278 = CARTESIAN_POINT ( 'NONE',  ( -55.39999999999994884, -22.87015455142720910, -4.949188263117179308E-31 ) ) ;
#4279 = FACE_OUTER_BOUND ( 'NONE', #3869, .T. ) ;
#4280 = ORIENTED_EDGE ( 'NONE', *, *, #7206, .T. ) ;
#4281 = ORIENTED_EDGE ( 'NONE', *, *, #1193, .F. ) ;
#4282 = CARTESIAN_POINT ( 'NONE',  ( -60.49999999999992895, -15.87015455142720732, 30.89999999999999147 ) ) ;
#4283 = VERTEX_POINT ( 'NONE', #1076 ) ;
#4284 = CIRCLE ( 'NONE', #1139, 8.000000000000007105 ) ;
#4285 = ORIENTED_EDGE ( 'NONE', *, *, #3087, .T. ) ;
#4286 = LINE ( 'NONE', #1040, #1974 ) ;
#4287 = AXIS2_PLACEMENT_3D ( 'NONE', #3259, #3114, #4375 ) ;
#4288 = CARTESIAN_POINT ( 'NONE',  ( -46.94999999999992468, -22.87015455142720555, 41.89999999999998437 ) ) ;
#4289 = EDGE_LOOP ( 'NONE', ( #6160, #3153 ) ) ;
#4290 = CARTESIAN_POINT ( 'NONE',  ( -60.89999999999995595, -25.87015455142720910, 13.95000000000000107 ) ) ;
#4291 = ORIENTED_EDGE ( 'NONE', *, *, #4454, .T. ) ;
#4292 = CIRCLE ( 'NONE', #2080, 8.000000000000000000 ) ;
#4293 = DIRECTION ( 'NONE',  ( -1.268935612889287343E-16, 1.000000000000000000, 1.026341648675403128E-48 ) ) ;
#4294 = DIRECTION ( 'NONE',  ( 2.311115933264671392E-33, 3.697785493223492838E-32, 1.000000000000000000 ) ) ;
#4295 = DIRECTION ( 'NONE',  ( -1.288097321785393689E-16, 1.000000000000000000, -3.489072158099908472E-32 ) ) ;
#4296 = DIRECTION ( 'NONE',  ( -1.268935612889287343E-16, 1.000000000000000000, -2.469788560855558288E-32 ) ) ;
#4297 = ORIENTED_EDGE ( 'NONE', *, *, #7059, .F. ) ;
#4298 = ORIENTED_EDGE ( 'NONE', *, *, #2337, .T. ) ;
#4299 = ORIENTED_EDGE ( 'NONE', *, *, #732, .F. ) ;
#4300 = FACE_OUTER_BOUND ( 'NONE', #1144, .T. ) ;
#4301 = AXIS2_PLACEMENT_3D ( 'NONE', #5445, #2139, #298 ) ;
#4302 = DIRECTION ( 'NONE',  ( -1.000000000000000000, 0.000000000000000000, 0.000000000000000000 ) ) ;
#4303 = EDGE_CURVE ( 'NONE', #1169, #6212, #4974, .T. ) ;
#4304 = EDGE_CURVE ( 'NONE', #5628, #7146, #5656, .T. ) ;
#4305 = DIRECTION ( 'NONE',  ( -1.000000000000000000, -1.278526357607465097E-16, 0.000000000000000000 ) ) ;
#4306 = CARTESIAN_POINT ( 'NONE',  ( -94.39999999999996305, -22.87015455142721265, 5.200000000000000178 ) ) ;
#4307 = LINE ( 'NONE', #3788, #6072 ) ;
#4308 = DIRECTION ( 'NONE',  ( -1.268935612889287343E-16, 1.000000000000000000, 1.026341648675403128E-48 ) ) ;
#4309 = ADVANCED_FACE ( 'NONE', ( #6770 ), #5099, .F. ) ;
#4310 = VECTOR ( 'NONE', #4064, 1000.000000000000000 ) ;
#4311 = ORIENTED_EDGE ( 'NONE', *, *, #5699, .F. ) ;
#4312 = AXIS2_PLACEMENT_3D ( 'NONE', #1028, #5550, #619 ) ;
#4313 = EDGE_CURVE ( 'NONE', #4878, #2022, #5797, .T. ) ;
#4314 = DIRECTION ( 'NONE',  ( 1.000000000000000000, 0.000000000000000000, 0.000000000000000000 ) ) ;
#4315 = DIRECTION ( 'NONE',  ( 0.000000000000000000, 0.000000000000000000, 1.000000000000000000 ) ) ;
#4316 = ORIENTED_EDGE ( 'NONE', *, *, #3913, .F. ) ;
#4317 = CARTESIAN_POINT ( 'NONE',  ( -91.39999999999994884, -22.87015455142721265, 5.200000000000000178 ) ) ;
#4318 = DIRECTION ( 'NONE',  ( 1.288097321785393689E-16, -1.000000000000000000, 3.489072158099908472E-32 ) ) ;
#4319 = VERTEX_POINT ( 'NONE', #343 ) ;
#4320 = LINE ( 'NONE', #398, #6202 ) ;
#4321 = ORIENTED_EDGE ( 'NONE', *, *, #2997, .F. ) ;
#4322 = ORIENTED_EDGE ( 'NONE', *, *, #4886, .F. ) ;
#4323 = LINE ( 'NONE', #7151, #5052 ) ;
#4324 = CARTESIAN_POINT ( 'NONE',  ( -12.49999999999993072, -15.87015455142720022, 46.39999999999999147 ) ) ;
#4325 = CIRCLE ( 'NONE', #3976, 3.000000000000002665 ) ;
#4326 = CARTESIAN_POINT ( 'NONE',  ( -23.99999999999993605, -22.87015455142720199, 50.39999999999999858 ) ) ;
#4327 = ORIENTED_EDGE ( 'NONE', *, *, #6676, .F. ) ;
#4328 = FACE_OUTER_BOUND ( 'NONE', #36, .T. ) ;
#4329 = AXIS2_PLACEMENT_3D ( 'NONE', #5306, #1335, #190 ) ;
#4330 = LINE ( 'NONE', #1513, #6036 ) ;
#4331 = LINE ( 'NONE', #6543, #909 ) ;
#4332 = CARTESIAN_POINT ( 'NONE',  ( -12.49999999999993427, -25.87015455142720199, 56.39999999999999858 ) ) ;
#4333 = DIRECTION ( 'NONE',  ( -1.278526357607465097E-16, 1.000000000000000000, 5.022723014296544476E-18 ) ) ;
#4334 = CIRCLE ( 'NONE', #4096, 8.000000000000000000 ) ;
#4335 = EDGE_LOOP ( 'NONE', ( #7087, #1138, #6242, #4379 ) ) ;
#4336 = CIRCLE ( 'NONE', #6874, 1.249999999999997558 ) ;
#4337 = VERTEX_POINT ( 'NONE', #3666 ) ;
#4338 = VERTEX_POINT ( 'NONE', #5831 ) ;
#4339 = CARTESIAN_POINT ( 'NONE',  ( -95.89999999999996305, -22.87015455142721265, -25.50000000000000355 ) ) ;
#4340 = AXIS2_PLACEMENT_3D ( 'NONE', #568, #3344, #5715 ) ;
#4341 = CIRCLE ( 'NONE', #4915, 1.499999999999999556 ) ;
#4342 = DIRECTION ( 'NONE',  ( 1.000000000000000000, 0.000000000000000000, 0.000000000000000000 ) ) ;
#4343 = CARTESIAN_POINT ( 'NONE',  ( -37.49999999999993605, -22.87015455142720555, 5.000000000000000000 ) ) ;
#4344 = DIRECTION ( 'NONE',  ( 0.000000000000000000, 0.000000000000000000, -1.000000000000000000 ) ) ;
#4345 = DIRECTION ( 'NONE',  ( -2.081668171172168513E-17, -3.816637062202878161E-32, -1.000000000000000000 ) ) ;
#4346 = EDGE_LOOP ( 'NONE', ( #5304, #5671, #1981, #4652, #3557, #5619, #6319, #2167 ) ) ;
#4347 = CIRCLE ( 'NONE', #489, 8.000000000000000000 ) ;
#4348 = CIRCLE ( 'NONE', #5273, 1.000000000000000888 ) ;
#4349 = ORIENTED_EDGE ( 'NONE', *, *, #2419, .T. ) ;
#4350 = PRESENTATION_LAYER_ASSIGNMENT (  '', '', ( #3749 ) ) ;
#4351 = EDGE_CURVE ( 'NONE', #309, #6427, #4122, .T. ) ;
#4352 = LINE ( 'NONE', #6558, #3307 ) ;
#4353 = DIRECTION ( 'NONE',  ( -1.000000000000000000, 0.000000000000000000, 0.000000000000000000 ) ) ;
#4354 = EDGE_LOOP ( 'NONE', ( #2677, #5145, #1509, #6297 ) ) ;
#4355 = FACE_OUTER_BOUND ( 'NONE', #2412, .T. ) ;
#4356 = DIRECTION ( 'NONE',  ( 1.000000000000000000, 0.000000000000000000, 0.000000000000000000 ) ) ;
#4357 = ORIENTED_EDGE ( 'NONE', *, *, #6919, .T. ) ;
#4358 = ORIENTED_EDGE ( 'NONE', *, *, #2420, .T. ) ;
#4359 = PRODUCT ( '\X2\75356c6067b6603b88c562fc7248\X0\1', '\X2\75356c6067b6603b88c562fc7248\X0\1', '', ( #2480 ) ) ;
#4360 = DIRECTION ( 'NONE',  ( -1.268935612889287343E-16, 1.000000000000000000, -2.469788560855558288E-32 ) ) ;
#4361 = AXIS2_PLACEMENT_3D ( 'NONE', #5647, #6730, #642 ) ;
#4362 = EDGE_CURVE ( 'NONE', #4720, #259, #260, .T. ) ;
#4363 = ADVANCED_FACE ( 'NONE', ( #826 ), #1346, .F. ) ;
#4364 = EDGE_LOOP ( 'NONE', ( #570, #2763 ) ) ;
#4365 = DIRECTION ( 'NONE',  ( 1.268935612889287343E-16, -1.000000000000000000, -1.026341648675403128E-48 ) ) ;
#4366 = AXIS2_PLACEMENT_3D ( 'NONE', #4776, #1461, #5907 ) ;
#4367 = DIRECTION ( 'NONE',  ( 1.278526357607465097E-16, -1.000000000000000000, -5.022723014296544476E-18 ) ) ;
#4368 = CARTESIAN_POINT ( 'NONE',  ( -91.94999999999991758, -25.87015455142721265, 41.89999999999998437 ) ) ;
#4369 = ORIENTED_EDGE ( 'NONE', *, *, #558, .T. ) ;
#4370 = PLANE ( 'NONE',  #6419 ) ;
#4371 = EDGE_CURVE ( 'NONE', #5373, #4914, #792, .T. ) ;
#4372 = AXIS2_PLACEMENT_3D ( 'NONE', #1269, #6767, #1237 ) ;
#4373 = EDGE_CURVE ( 'NONE', #4125, #684, #5389, .T. ) ;
#4374 = DIRECTION ( 'NONE',  ( 1.000000000000000000, 1.278526357607465097E-16, 0.000000000000000000 ) ) ;
#4375 = DIRECTION ( 'NONE',  ( 0.000000000000000000, 0.000000000000000000, 1.000000000000000000 ) ) ;
#4376 = DIRECTION ( 'NONE',  ( 1.000000000000000000, 1.278526357607465097E-16, 0.000000000000000000 ) ) ;
#4377 = DIRECTION ( 'NONE',  ( 1.268935612889287343E-16, -1.000000000000000000, 2.469788560855558288E-32 ) ) ;
#4378 = AXIS2_PLACEMENT_3D ( 'NONE', #6115, #6648, #4555 ) ;
#4379 = ORIENTED_EDGE ( 'NONE', *, *, #2073, .F. ) ;
#4380 = ORIENTED_EDGE ( 'NONE', *, *, #3825, .T. ) ;
#4381 = EDGE_LOOP ( 'NONE', ( #3687, #4858 ) ) ;
#4382 = CARTESIAN_POINT ( 'NONE',  ( -35.49999999999993605, -22.87015455142720555, 5.000000000000000000 ) ) ;
#4383 = CARTESIAN_POINT ( 'NONE',  ( -79.39999999999994884, -25.87015455142721265, 12.69999999999999929 ) ) ;
#4384 = DIRECTION ( 'NONE',  ( 1.288097321785393689E-16, -1.000000000000000000, 3.489072158099908472E-32 ) ) ;
#4385 = CARTESIAN_POINT ( 'NONE',  ( -35.49999999999993605, -22.87015455142720555, 3.000000000000000000 ) ) ;
#4386 = CARTESIAN_POINT ( 'NONE',  ( -95.89999999999993463, -25.87015455142721265, 22.89999999999999147 ) ) ;
#4387 = ORIENTED_EDGE ( 'NONE', *, *, #6928, .T. ) ;
#4388 = EDGE_LOOP ( 'NONE', ( #2397, #1433, #4264, #3719 ) ) ;
#4389 = DIRECTION ( 'NONE',  ( 1.288097321785393689E-16, -1.000000000000000000, 3.489072158099908472E-32 ) ) ;
#4390 = DIRECTION ( 'NONE',  ( -2.311115933264671392E-33, -3.697785493223492838E-32, -1.000000000000000000 ) ) ;
#4391 = MANIFOLD_SOLID_BREP ( '\X2\51f853f0\X0\-\X2\62c94f38\X0\1', #2302 ) ;
#4392 = ORIENTED_EDGE ( 'NONE', *, *, #4415, .F. ) ;
#4393 = CARTESIAN_POINT ( 'NONE',  ( -11.99999999999995559, -15.87015455142720377, -2.000000000000000444 ) ) ;
#4394 = FACE_OUTER_BOUND ( 'NONE', #6728, .T. ) ;
#4395 = ORIENTED_EDGE ( 'NONE', *, *, #6316, .T. ) ;
#4396 = VERTEX_POINT ( 'NONE', #310 ) ;
#4397 = CARTESIAN_POINT ( 'NONE',  ( -75.39999999999994884, -22.87015455142720910, -17.49999999999998934 ) ) ;
#4398 = ORIENTED_EDGE ( 'NONE', *, *, #6261, .T. ) ;
#4399 = CIRCLE ( 'NONE', #6248, 3.000000000000002665 ) ;
#4400 = DIRECTION ( 'NONE',  ( -1.268935612889287343E-16, 1.000000000000000000, 1.026341648675403128E-48 ) ) ;
#4401 = DIRECTION ( 'NONE',  ( 1.000000000000000000, 0.000000000000000000, 0.000000000000000000 ) ) ;
#4402 = EDGE_CURVE ( 'NONE', #4435, #300, #2591, .T. ) ;
#4403 = EDGE_CURVE ( 'NONE', #3263, #6703, #6207, .T. ) ;
#4404 = DIRECTION ( 'NONE',  ( -1.268935612889287343E-16, 1.000000000000000000, 1.026341648675403128E-48 ) ) ;
#4405 = ORIENTED_EDGE ( 'NONE', *, *, #4713, .T. ) ;
#4406 = VECTOR ( 'NONE', #529, 1000.000000000000000 ) ;
#4407 = DIRECTION ( 'NONE',  ( 1.000000000000000000, 1.268935612889287343E-16, -2.311115933264682682E-33 ) ) ;
#4408 = EDGE_LOOP ( 'NONE', ( #2391, #2186, #5843, #3747 ) ) ;
#4409 = EDGE_CURVE ( 'NONE', #293, #2788, #1967, .T. ) ;
#4410 = CYLINDRICAL_SURFACE ( 'NONE', #5063, 1.000000000000000000 ) ;
#4411 = CARTESIAN_POINT ( 'NONE',  ( -52.49999999999992895, -22.87015455142720555, 37.89999999999999147 ) ) ;
#4412 = CARTESIAN_POINT ( 'NONE',  ( -90.39999999999994884, -22.87015455142721265, -23.79999999999999361 ) ) ;
#4413 = EDGE_CURVE ( 'NONE', #321, #5504, #4192, .T. ) ;
#4414 = CARTESIAN_POINT ( 'NONE',  ( -93.39999999999994884, -22.87015455142721265, -35.50000000000000711 ) ) ;
#4415 = EDGE_CURVE ( 'NONE', #119, #6020, #935, .T. ) ;
#4416 = ORIENTED_EDGE ( 'NONE', *, *, #3218, .T. ) ;
#4417 = VERTEX_POINT ( 'NONE', #2005 ) ;
#4418 = VERTEX_POINT ( 'NONE', #2532 ) ;
#4419 = CARTESIAN_POINT ( 'NONE',  ( -60.49999999999992895, -22.87015455142720555, 45.89999999999999858 ) ) ;
#4420 = CIRCLE ( 'NONE', #6150, 1.499999999999994449 ) ;
#4421 = DIRECTION ( 'NONE',  ( -1.268935612889287343E-16, 1.000000000000000000, -2.469788560855558288E-32 ) ) ;
#4422 = CIRCLE ( 'NONE', #1034, 1.000000000000000888 ) ;
#4423 = FACE_OUTER_BOUND ( 'NONE', #5302, .T. ) ;
#4424 = EDGE_CURVE ( 'NONE', #6549, #2459, #1432, .T. ) ;
#4425 = DIRECTION ( 'NONE',  ( -1.278526357607465097E-16, 1.000000000000000000, 5.022723014296544476E-18 ) ) ;
#4426 = CARTESIAN_POINT ( 'NONE',  ( -35.39999999999994884, -22.87015455142720555, -2.000000000000000444 ) ) ;
#4427 = ORIENTED_EDGE ( 'NONE', *, *, #2614, .T. ) ;
#4428 = ORIENTED_EDGE ( 'NONE', *, *, #6474, .F. ) ;
#4429 = DIRECTION ( 'NONE',  ( 1.000000000000000000, 1.268935612889287343E-16, -2.311115933264682682E-33 ) ) ;
#4430 = DIRECTION ( 'NONE',  ( 0.000000000000000000, 5.022723014296612268E-18, -1.000000000000000000 ) ) ;
#4431 = ORIENTED_EDGE ( 'NONE', *, *, #2927, .T. ) ;
#4432 = FACE_OUTER_BOUND ( 'NONE', #6781, .T. ) ;
#4433 = PLANE ( 'NONE',  #1311 ) ;
#4434 = ORIENTED_EDGE ( 'NONE', *, *, #4621, .F. ) ;
#4435 = VERTEX_POINT ( 'NONE', #6045 ) ;
#4436 = CARTESIAN_POINT ( 'NONE',  ( -83.39999999999996305, -25.87015455142721265, -17.49999999999998934 ) ) ;
#4437 = FACE_OUTER_BOUND ( 'NONE', #5288, .T. ) ;
#4438 = CARTESIAN_POINT ( 'NONE',  ( -34.99999999999993605, -25.87015455142720555, 8.199999999999999289 ) ) ;
#4439 = EDGE_LOOP ( 'NONE', ( #2721, #966, #2980, #208 ) ) ;
#4440 = VECTOR ( 'NONE', #6096, 1000.000000000000000 ) ;
#4441 = CARTESIAN_POINT ( 'NONE',  ( -23.99999999999993605, -22.87015455142720199, 12.50000000000000178 ) ) ;
#4442 = EDGE_LOOP ( 'NONE', ( #5896, #44, #2706, #2129 ) ) ;
#4443 = EDGE_CURVE ( 'NONE', #2896, #1716, #2076, .T. ) ;
#4444 = CARTESIAN_POINT ( 'NONE',  ( -56.89999999999994884, -15.57820799198817596, -13.50000000000000178 ) ) ;
#4445 = CARTESIAN_POINT ( 'NONE',  ( -93.39999999999994884, -25.87015455142721265, -23.80000000000000071 ) ) ;
#4446 = EDGE_CURVE ( 'NONE', #2625, #4528, #3174, .T. ) ;
#4447 = CARTESIAN_POINT ( 'NONE',  ( -58.39999999999994884, -22.87015455142720910, -37.50000000000000000 ) ) ;
#4448 = FACE_BOUND ( 'NONE', #6168, .T. ) ;
#4449 = ORIENTED_EDGE ( 'NONE', *, *, #2261, .F. ) ;
#4450 = ORIENTED_EDGE ( 'NONE', *, *, #1989, .T. ) ;
#4451 = DIRECTION ( 'NONE',  ( -1.000000000000000000, -1.268935612889287343E-16, -6.608470384673550038E-16 ) ) ;
#4452 = AXIS2_PLACEMENT_3D ( 'NONE', #491, #6040, #1048 ) ;
#4453 = PRODUCT_DEFINITION_CONTEXT ( 'detailed design', #5161, 'design' ) ;
#4454 = EDGE_CURVE ( 'NONE', #7048, #2702, #5049, .T. ) ;
#4455 = EDGE_CURVE ( 'NONE', #1803, #3772, #495, .T. ) ;
#4456 = CARTESIAN_POINT ( 'NONE',  ( -91.39999999999994884, -25.87015455142721265, 5.200000000000000178 ) ) ;
#4457 = AXIS2_PLACEMENT_3D ( 'NONE', #889, #330, #1508 ) ;
#4458 = LINE ( 'NONE', #6660, #1112 ) ;
#4459 = FACE_OUTER_BOUND ( 'NONE', #6283, .T. ) ;
#4460 = DIRECTION ( 'NONE',  ( 0.000000000000000000, 0.000000000000000000, 1.000000000000000000 ) ) ;
#4461 = VERTEX_POINT ( 'NONE', #4419 ) ;
#4462 = ORIENTED_EDGE ( 'NONE', *, *, #4976, .T. ) ;
#4463 = ADVANCED_FACE ( 'NONE', ( #1053 ), #2226, .T. ) ;
#4464 = CARTESIAN_POINT ( 'NONE',  ( -35.49999999999993605, -25.87015455142720555, 23.00000000000000355 ) ) ;
#4465 = CARTESIAN_POINT ( 'NONE',  ( -11.99999999999995559, -15.87015455142720377, -25.00000000000001066 ) ) ;
#4466 = AXIS2_PLACEMENT_3D ( 'NONE', #4829, #2713, #5371 ) ;
#4467 = AXIS2_PLACEMENT_3D ( 'NONE', #4651, #5154, #6376 ) ;
#4468 = ORIENTED_EDGE ( 'NONE', *, *, #1147, .T. ) ;
#4469 = CARTESIAN_POINT ( 'NONE',  ( -4.499999999999934275, -22.87015455142719844, 15.69999999999999929 ) ) ;
#4470 = DIRECTION ( 'NONE',  ( -1.000000000000000000, -1.268935612889287343E-16, 2.311115933264682682E-33 ) ) ;
#4471 = ORIENTED_EDGE ( 'NONE', *, *, #4542, .F. ) ;
#4472 = AXIS2_PLACEMENT_3D ( 'NONE', #4899, #6456, #1431 ) ;
#4473 = CYLINDRICAL_SURFACE ( 'NONE', #737, 1.000000000000000888 ) ;
#4474 = LINE ( 'NONE', #6681, #4549 ) ;
#4475 = DIRECTION ( 'NONE',  ( -1.000000000000000000, 0.000000000000000000, 0.000000000000000000 ) ) ;
#4476 = AXIS2_PLACEMENT_3D ( 'NONE', #4880, #4451, #978 ) ;
#4477 = ORIENTED_EDGE ( 'NONE', *, *, #3277, .F. ) ;
#4478 = DIRECTION ( 'NONE',  ( 1.278526357607465097E-16, -1.000000000000000000, -5.022723014296544476E-18 ) ) ;
#4479 = ORIENTED_EDGE ( 'NONE', *, *, #2135, .T. ) ;
#4480 = AXIS2_PLACEMENT_3D ( 'NONE', #605, #61, #2357 ) ;
#4481 = LINE ( 'NONE', #7191, #2081 ) ;
#4482 = FACE_OUTER_BOUND ( 'NONE', #5410, .T. ) ;
#4483 = DIRECTION ( 'NONE',  ( -1.268935612889287343E-16, 1.000000000000000000, -2.469788560855558288E-32 ) ) ;
#4484 = DIRECTION ( 'NONE',  ( -1.268935612889287343E-16, 1.000000000000000000, -2.469788560855558288E-32 ) ) ;
#4485 = ORIENTED_EDGE ( 'NONE', *, *, #1460, .T. ) ;
#4486 = FACE_OUTER_BOUND ( 'NONE', #2180, .T. ) ;
#4487 = ORIENTED_EDGE ( 'NONE', *, *, #742, .F. ) ;
#4488 = VECTOR ( 'NONE', #3640, 1000.000000000000000 ) ;
#4489 = CARTESIAN_POINT ( 'NONE',  ( -13.69999999999994067, -22.87015455142720199, -35.00000000000000000 ) ) ;
#4490 = AXIS2_PLACEMENT_3D ( 'NONE', #2082, #498, #4884 ) ;
#4491 = DIRECTION ( 'NONE',  ( -1.268935612889287343E-16, 1.000000000000000000, -2.469788560855558288E-32 ) ) ;
#4492 = DIRECTION ( 'NONE',  ( 1.000000000000000000, 0.000000000000000000, 0.000000000000000000 ) ) ;
#4493 = ADVANCED_FACE ( 'NONE', ( #3783 ), #418, .F. ) ;
#4494 = DIRECTION ( 'NONE',  ( 0.000000000000000000, 0.000000000000000000, 1.000000000000000000 ) ) ;
#4495 = ORIENTED_EDGE ( 'NONE', *, *, #4621, .T. ) ;
#4496 = ADVANCED_FACE ( 'NONE', ( #536 ), #3265, .F. ) ;
#4497 = ORIENTED_EDGE ( 'NONE', *, *, #1629, .F. ) ;
#4498 = ADVANCED_FACE ( 'NONE', ( #4300 ), #1521, .F. ) ;
#4499 = EDGE_LOOP ( 'NONE', ( #5688, #4696, #5787, #831 ) ) ;
#4500 = CARTESIAN_POINT ( 'NONE',  ( -12.49999999999993072, -22.87015455142720199, 38.39999999999999147 ) ) ;
#4501 = LINE ( 'NONE', #1688, #1286 ) ;
#4502 = CARTESIAN_POINT ( 'NONE',  ( -1.499999999999938938, -25.87015455142720199, 45.70000000000000284 ) ) ;
#4503 = DIRECTION ( 'NONE',  ( 1.268935612889287343E-16, -1.000000000000000000, -1.026341648675403128E-48 ) ) ;
#4504 = ADVANCED_FACE ( 'NONE', ( #7089 ), #6653, .T. ) ;
#4505 = EDGE_CURVE ( 'NONE', #2004, #3119, #1017, .T. ) ;
#4506 = EDGE_LOOP ( 'NONE', ( #6102, #1016, #1585, #2630 ) ) ;
#4507 = ORIENTED_EDGE ( 'NONE', *, *, #1958, .F. ) ;
#4508 = DIRECTION ( 'NONE',  ( 2.311115933264671392E-33, 3.697785493223492838E-32, 1.000000000000000000 ) ) ;
#4509 = CARTESIAN_POINT ( 'NONE',  ( -2.499999999999939604, -22.87015455142719844, 16.69999999999999929 ) ) ;
#4510 = ORIENTED_EDGE ( 'NONE', *, *, #4133, .F. ) ;
#4511 = CARTESIAN_POINT ( 'NONE',  ( -43.39999999999994884, -22.87015455142720555, -10.00000000000000178 ) ) ;
#4512 = AXIS2_PLACEMENT_3D ( 'NONE', #4393, #5983, #2700 ) ;
#4513 = ORIENTED_EDGE ( 'NONE', *, *, #3230, .T. ) ;
#4514 = CARTESIAN_POINT ( 'NONE',  ( -54.19999999999993179, -22.87015455142720555, 52.89999999999999147 ) ) ;
#4515 = VERTEX_POINT ( 'NONE', #2110 ) ;
#4516 = DIRECTION ( 'NONE',  ( 1.278526357607465097E-16, -1.000000000000000000, -5.022723014296544476E-18 ) ) ;
#4517 = DIRECTION ( 'NONE',  ( -1.540743955509788340E-33, -8.323527102631437622E-34, -1.000000000000000000 ) ) ;
#4518 = CIRCLE ( 'NONE', #2998, 8.000000000000001776 ) ;
#4519 = CARTESIAN_POINT ( 'NONE',  ( -89.39999999999992042, -24.07015455142721194, 34.39999999999999147 ) ) ;
#4520 = ORIENTED_EDGE ( 'NONE', *, *, #4091, .T. ) ;
#4521 = DIRECTION ( 'NONE',  ( -1.000000000000000000, -1.268935612889287343E-16, 2.311115933264682682E-33 ) ) ;
#4522 = DIRECTION ( 'NONE',  ( -1.278526357607465097E-16, 1.000000000000000000, 5.022723014296544476E-18 ) ) ;
#4523 = AXIS2_PLACEMENT_3D ( 'NONE', #5387, #385, #3742 ) ;
#4524 = CYLINDRICAL_SURFACE ( 'NONE', #1026, 2.000000000000001776 ) ;
#4525 = DIRECTION ( 'NONE',  ( -1.000000000000000000, -1.288097321785393689E-16, 2.081668171172168513E-17 ) ) ;
#4526 = VECTOR ( 'NONE', #304, 1000.000000000000000 ) ;
#4527 = CARTESIAN_POINT ( 'NONE',  ( -46.99999999999992184, -22.87015455142720555, 34.39999999999998437 ) ) ;
#4528 = VERTEX_POINT ( 'NONE', #5539 ) ;
#4529 = CARTESIAN_POINT ( 'NONE',  ( -35.39999999999994884, -25.87015455142720555, -25.00000000000001066 ) ) ;
#4530 = CIRCLE ( 'NONE', #3232, 1.000000000000000888 ) ;
#4531 = CIRCLE ( 'NONE', #79, 8.000000000000000000 ) ;
#4532 = EDGE_CURVE ( 'NONE', #7080, #5206, #3228, .T. ) ;
#4533 = ORIENTED_EDGE ( 'NONE', *, *, #5170, .T. ) ;
#4534 = CARTESIAN_POINT ( 'NONE',  ( -79.39999999999994884, -25.87015455142721265, 11.44999999999999751 ) ) ;
#4535 = CARTESIAN_POINT ( 'NONE',  ( -2.499999999999925837, -25.87015455142720199, 48.40000000000000568 ) ) ;
#4536 = EDGE_CURVE ( 'NONE', #5360, #2486, #4958, .T. ) ;
#4537 = LINE ( 'NONE', #4057, #6591 ) ;
#4538 = FACE_OUTER_BOUND ( 'NONE', #1405, .T. ) ;
#4539 = ORIENTED_EDGE ( 'NONE', *, *, #5249, .F. ) ;
#4540 = ORIENTED_EDGE ( 'NONE', *, *, #5869, .T. ) ;
#4541 = EDGE_CURVE ( 'NONE', #5880, #6388, #6323, .T. ) ;
#4542 = EDGE_CURVE ( 'NONE', #4255, #6594, #1673, .T. ) ;
#4543 = CARTESIAN_POINT ( 'NONE',  ( -83.39999999999994884, -25.87015455142721265, 15.89999999999999680 ) ) ;
#4544 = DIRECTION ( 'NONE',  ( -1.000000000000000000, 0.000000000000000000, 0.000000000000000000 ) ) ;
#4545 = CARTESIAN_POINT ( 'NONE',  ( -1.999999999999939382, -25.87015455142720199, -6.183324171480520393E-31 ) ) ;
#4546 = ORIENTED_EDGE ( 'NONE', *, *, #6987, .T. ) ;
#4547 = DIRECTION ( 'NONE',  ( 1.000000000000000000, 1.268935612889287343E-16, -2.311115933264680629E-33 ) ) ;
#4548 = ORIENTED_EDGE ( 'NONE', *, *, #7183, .T. ) ;
#4549 = VECTOR ( 'NONE', #1323, 1000.000000000000000 ) ;
#4550 = EDGE_CURVE ( 'NONE', #2841, #6169, #4843, .T. ) ;
#4551 = DIRECTION ( 'NONE',  ( 0.000000000000000000, 0.000000000000000000, 1.000000000000000000 ) ) ;
#4552 = DIRECTION ( 'NONE',  ( -1.278526357607465097E-16, 1.000000000000000000, 5.022723014296544476E-18 ) ) ;
#4553 = CIRCLE ( 'NONE', #5239, 1.250000000000001110 ) ;
#4554 = DIRECTION ( 'NONE',  ( 1.000000000000000000, 0.000000000000000000, 0.000000000000000000 ) ) ;
#4555 = DIRECTION ( 'NONE',  ( 1.000000000000000000, 0.000000000000000000, 0.000000000000000000 ) ) ;
#4556 = VERTEX_POINT ( 'NONE', #4918 ) ;
#4557 = ORIENTED_EDGE ( 'NONE', *, *, #2346, .F. ) ;
#4558 = DIRECTION ( 'NONE',  ( 0.000000000000000000, 0.000000000000000000, -1.000000000000000000 ) ) ;
#4559 = DIRECTION ( 'NONE',  ( 1.000000000000000000, 0.000000000000000000, 0.000000000000000000 ) ) ;
#4560 = CARTESIAN_POINT ( 'NONE',  ( -43.39999999999994884, -22.87015455142720555, -35.50000000000000711 ) ) ;
#4561 = FACE_OUTER_BOUND ( 'NONE', #2286, .T. ) ;
#4562 = ORIENTED_EDGE ( 'NONE', *, *, #67, .T. ) ;
#4563 = DIRECTION ( 'NONE',  ( -1.000000000000000000, -1.288097321785393689E-16, 2.081668171172168513E-17 ) ) ;
#4564 = CIRCLE ( 'NONE', #3152, 1.250000000000001110 ) ;
#4565 = ORIENTED_EDGE ( 'NONE', *, *, #4889, .T. ) ;
#4566 = CARTESIAN_POINT ( 'NONE',  ( -95.89999999999996305, -22.87015455142721265, -25.50000000000000355 ) ) ;
#4567 = FACE_OUTER_BOUND ( 'NONE', #4040, .T. ) ;
#4568 = DIRECTION ( 'NONE',  ( 1.278526357607465097E-16, -1.000000000000000000, -5.022723014296544476E-18 ) ) ;
#4569 = CYLINDRICAL_SURFACE ( 'NONE', #1652, 1.250000000000001110 ) ;
#4570 = CIRCLE ( 'NONE', #5144, 8.000000000000000000 ) ;
#4571 = ORIENTED_EDGE ( 'NONE', *, *, #238, .T. ) ;
#4572 = VERTEX_POINT ( 'NONE', #7129 ) ;
#4573 = AXIS2_PLACEMENT_3D ( 'NONE', #1222, #5526, #4475 ) ;
#4574 = EDGE_CURVE ( 'NONE', #5702, #2678, #1095, .T. ) ;
#4575 = VECTOR ( 'NONE', #4478, 1000.000000000000000 ) ;
#4576 = VECTOR ( 'NONE', #2277, 1000.000000000000000 ) ;
#4577 = CYLINDRICAL_SURFACE ( 'NONE', #6553, 3.000000000000002665 ) ;
#4578 = CARTESIAN_POINT ( 'NONE',  ( -2.499999999999939604, -25.87015455142720199, 5.000000000000000888 ) ) ;
#4579 = FACE_OUTER_BOUND ( 'NONE', #2868, .T. ) ;
#4580 = EDGE_LOOP ( 'NONE', ( #5782, #1924, #1978, #3460, #1816, #3566, #275, #3888 ) ) ;
#4581 = CARTESIAN_POINT ( 'NONE',  ( -60.89999999999995595, -25.87015455142720910, -32.29999999999999716 ) ) ;
#4582 = EDGE_CURVE ( 'NONE', #922, #3203, #5629, .T. ) ;
#4583 = ORIENTED_EDGE ( 'NONE', *, *, #4211, .T. ) ;
#4584 = AXIS2_PLACEMENT_3D ( 'NONE', #3974, #5764, #2208 ) ;
#4585 = EDGE_CURVE ( 'NONE', #1669, #5778, #6188, .T. ) ;
#4586 = CARTESIAN_POINT ( 'NONE',  ( -50.49999999999992895, -22.87015455142720555, 56.39999999999998437 ) ) ;
#4587 = VECTOR ( 'NONE', #5933, 1000.000000000000000 ) ;
#4588 = DIRECTION ( 'NONE',  ( -1.268935612889287343E-16, 1.000000000000000000, 1.026341648675403128E-48 ) ) ;
#4589 = FACE_OUTER_BOUND ( 'NONE', #1024, .T. ) ;
#4590 = ORIENTED_EDGE ( 'NONE', *, *, #2775, .F. ) ;
#4591 = DIRECTION ( 'NONE',  ( -1.268935612889287343E-16, 1.000000000000000000, 1.026341648675403128E-48 ) ) ;
#4592 = EDGE_CURVE ( 'NONE', #134, #6232, #2262, .T. ) ;
#4593 = EDGE_LOOP ( 'NONE', ( #353, #2557, #4225, #1695 ) ) ;
#4594 = EDGE_CURVE ( 'NONE', #7170, #5819, #2023, .T. ) ;
#4595 = DIRECTION ( 'NONE',  ( 1.268935612889287343E-16, -1.000000000000000000, 2.469788560855558288E-32 ) ) ;
#4596 = VECTOR ( 'NONE', #4400, 1000.000000000000000 ) ;
#4597 = FACE_OUTER_BOUND ( 'NONE', #4193, .T. ) ;
#4598 = FACE_OUTER_BOUND ( 'NONE', #5968, .T. ) ;
#4599 = VERTEX_POINT ( 'NONE', #1266 ) ;
#4600 = CARTESIAN_POINT ( 'NONE',  ( -29.02239814395782247, -15.57820799198817241, 3.000000000000000000 ) ) ;
#4601 = ORIENTED_EDGE ( 'NONE', *, *, #4881, .T. ) ;
#4602 = FACE_BOUND ( 'NONE', #104, .T. ) ;
#4603 = CIRCLE ( 'NONE', #6446, 1.500000000000001332 ) ;
#4604 = ORIENTED_EDGE ( 'NONE', *, *, #4424, .T. ) ;
#4605 = CARTESIAN_POINT ( 'NONE',  ( -75.39999999999994884, -25.87015455142721265, -25.49999999999998934 ) ) ;
#4606 = DIRECTION ( 'NONE',  ( -1.000000000000000000, -1.268935612889287343E-16, 2.311115933264680629E-33 ) ) ;
#4607 = FACE_BOUND ( 'NONE', #4969, .T. ) ;
#4608 = LINE ( 'NONE', #727, #4675 ) ;
#4609 = VECTOR ( 'NONE', #4260, 1000.000000000000000 ) ;
#4610 = ORIENTED_EDGE ( 'NONE', *, *, #3586, .F. ) ;
#4611 = EDGE_LOOP ( 'NONE', ( #4428, #5513, #6899, #825 ) ) ;
#4612 = AXIS2_PLACEMENT_3D ( 'NONE', #3312, #5429, #3744 ) ;
#4613 = CARTESIAN_POINT ( 'NONE',  ( -9.999999999999939604, -25.87015455142720199, -35.00000000000001421 ) ) ;
#4614 = CARTESIAN_POINT ( 'NONE',  ( -40.49999999999992184, -22.87015455142720555, 20.89999999999998792 ) ) ;
#4615 = CYLINDRICAL_SURFACE ( 'NONE', #4467, 3.000000000000002665 ) ;
#4616 = ORIENTED_EDGE ( 'NONE', *, *, #819, .F. ) ;
#4617 = CARTESIAN_POINT ( 'NONE',  ( -48.49999999999992184, -24.07015455142720484, 34.39999999999998437 ) ) ;
#4618 = ORIENTED_EDGE ( 'NONE', *, *, #4582, .T. ) ;
#4619 = DIRECTION ( 'NONE',  ( -1.268935612889287343E-16, 1.000000000000000000, -2.469788560855558288E-32 ) ) ;
#4620 = ADVANCED_FACE ( 'NONE', ( #3346 ), #6226, .F. ) ;
#4621 = EDGE_CURVE ( 'NONE', #5187, #4878, #7130, .T. ) ;
#4622 = AXIS2_PLACEMENT_3D ( 'NONE', #880, #1501, #6954 ) ;
#4623 = CARTESIAN_POINT ( 'NONE',  ( -89.44999999999991758, -25.87015455142721265, 41.89999999999998437 ) ) ;
#4624 = DIRECTION ( 'NONE',  ( 0.000000000000000000, 0.000000000000000000, -1.000000000000000000 ) ) ;
#4625 = CARTESIAN_POINT ( 'NONE',  ( -79.39999999999994884, -25.87015455142721265, -32.29999999999999716 ) ) ;
#4626 = EDGE_LOOP ( 'NONE', ( #3438, #7102, #6163, #416 ) ) ;
#4627 = EDGE_CURVE ( 'NONE', #5420, #4750, #6782, .T. ) ;
#4628 = FACE_BOUND ( 'NONE', #603, .T. ) ;
#4629 = ORIENTED_EDGE ( 'NONE', *, *, #316, .F. ) ;
#4630 = EDGE_CURVE ( 'NONE', #6436, #5684, #3379, .T. ) ;
#4631 = ADVANCED_FACE ( 'NONE', ( #3483 ), #677, .T. ) ;
#4632 = DIRECTION ( 'NONE',  ( 1.278526357607465097E-16, -1.000000000000000000, -5.022723014296544476E-18 ) ) ;
#4633 = DIRECTION ( 'NONE',  ( -1.268935612889287343E-16, 1.000000000000000000, -2.469788560855558288E-32 ) ) ;
#4634 = ORIENTED_EDGE ( 'NONE', *, *, #2386, .T. ) ;
#4635 = DIRECTION ( 'NONE',  ( 1.000000000000000000, 0.000000000000000000, 0.000000000000000000 ) ) ;
#4636 = ORIENTED_EDGE ( 'NONE', *, *, #1590, .T. ) ;
#4637 = CARTESIAN_POINT ( 'NONE',  ( -53.19999999999992468, -25.87015455142720555, 55.89999999999998437 ) ) ;
#4638 = CIRCLE ( 'NONE', #7056, 1.500000000000001332 ) ;
#4639 = EDGE_CURVE ( 'NONE', #3036, #100, #5750, .T. ) ;
#4640 = EDGE_CURVE ( 'NONE', #2826, #4719, #382, .T. ) ;
#4641 = ORIENTED_EDGE ( 'NONE', *, *, #6003, .F. ) ;
#4642 = VECTOR ( 'NONE', #4632, 1000.000000000000000 ) ;
#4643 = CARTESIAN_POINT ( 'NONE',  ( -48.94999999999994600, -22.87015455142720555, -2.500000000000000444 ) ) ;
#4644 = DIRECTION ( 'NONE',  ( 0.000000000000000000, 0.000000000000000000, -1.000000000000000000 ) ) ;
#4645 = DIRECTION ( 'NONE',  ( 2.311115933264682682E-33, 8.323527102631439332E-34, 1.000000000000000000 ) ) ;
#4646 = FACE_OUTER_BOUND ( 'NONE', #3942, .T. ) ;
#4647 = AXIS2_PLACEMENT_3D ( 'NONE', #7158, #1628, #1810 ) ;
#4648 = CARTESIAN_POINT ( 'NONE',  ( -58.39999999999994884, -25.87015455142720910, -8.118983971337954131 ) ) ;
#4649 = PLANE ( 'NONE',  #573 ) ;
#4650 = ORIENTED_EDGE ( 'NONE', *, *, #2604, .F. ) ;
#4651 = CARTESIAN_POINT ( 'NONE',  ( -47.39999999999994174, -24.07015455142720839, -13.50000000000000533 ) ) ;
#4652 = ORIENTED_EDGE ( 'NONE', *, *, #6384, .T. ) ;
#4653 = CARTESIAN_POINT ( 'NONE',  ( -79.39999999999994884, -25.87015455142721265, -31.04999999999999716 ) ) ;
#4654 = EDGE_LOOP ( 'NONE', ( #4658, #5720, #6560, #6302 ) ) ;
#4655 = CARTESIAN_POINT ( 'NONE',  ( -2.499999999999939604, -25.87015455142720199, 15.69999999999999929 ) ) ;
#4656 = DIRECTION ( 'NONE',  ( 1.000000000000000000, 0.000000000000000000, 0.000000000000000000 ) ) ;
#4657 = CARTESIAN_POINT ( 'NONE',  ( -12.49999999999993072, -25.87015455142720199, 46.39999999999999147 ) ) ;
#4658 = ORIENTED_EDGE ( 'NONE', *, *, #1590, .F. ) ;
#4659 = ORIENTED_EDGE ( 'NONE', *, *, #5993, .F. ) ;
#4660 = EDGE_CURVE ( 'NONE', #2852, #4396, #3414, .T. ) ;
#4661 = ADVANCED_FACE ( 'NONE', ( #2294 ), #1745, .F. ) ;
#4662 = CARTESIAN_POINT ( 'NONE',  ( -3.949999999999943334, -25.87015455142720199, -2.500000000000000444 ) ) ;
#4663 = CARTESIAN_POINT ( 'NONE',  ( -35.39999999999994884, -15.87015455142720732, -10.00000000000000178 ) ) ;
#4664 = EDGE_LOOP ( 'NONE', ( #5946, #3377, #7039, #1573 ) ) ;
#4665 = DIRECTION ( 'NONE',  ( -1.268935612889287343E-16, 1.000000000000000000, -2.469788560855558288E-32 ) ) ;
#4666 = VERTEX_POINT ( 'NONE', #1199 ) ;
#4667 = CARTESIAN_POINT ( 'NONE',  ( -83.39999999999996305, -15.87015455142721443, -25.49999999999998934 ) ) ;
#4668 = VECTOR ( 'NONE', #6019, 1000.000000000000000 ) ;
#4669 = EDGE_CURVE ( 'NONE', #1345, #6839, #3891, .T. ) ;
#4670 = ORIENTED_EDGE ( 'NONE', *, *, #4753, .F. ) ;
#4671 = CARTESIAN_POINT ( 'NONE',  ( -10.99999999999993960, -24.07015455142720128, -13.50000000000000533 ) ) ;
#4672 = FACE_OUTER_BOUND ( 'NONE', #1527, .T. ) ;
#4673 = DIRECTION ( 'NONE',  ( -1.000000000000000000, -1.268935612889287343E-16, 2.311115933264682682E-33 ) ) ;
#4674 = FACE_OUTER_BOUND ( 'NONE', #452, .T. ) ;
#4675 = VECTOR ( 'NONE', #2949, 1000.000000000000000 ) ;
#4676 = EDGE_CURVE ( 'NONE', #2443, #5225, #2862, .T. ) ;
#4677 = FACE_OUTER_BOUND ( 'NONE', #5776, .T. ) ;
#4678 = DIRECTION ( 'NONE',  ( 1.278526357607465097E-16, -1.000000000000000000, -5.022723014296544476E-18 ) ) ;
#4679 = AXIS2_PLACEMENT_3D ( 'NONE', #6808, #6194, #6268 ) ;
#4680 = ORIENTED_EDGE ( 'NONE', *, *, #3006, .F. ) ;
#4681 = CARTESIAN_POINT ( 'NONE',  ( -35.39999999999994884, -25.87015455142720555, -17.00000000000000711 ) ) ;
#4682 = ORIENTED_EDGE ( 'NONE', *, *, #975, .T. ) ;
#4683 = FACE_OUTER_BOUND ( 'NONE', #3237, .T. ) ;
#4684 = VERTEX_POINT ( 'NONE', #2138 ) ;
#4685 = AXIS2_PLACEMENT_3D ( 'NONE', #2778, #668, #3889 ) ;
#4686 = CARTESIAN_POINT ( 'NONE',  ( 6.245004513516505540E-14, -22.87015455142719844, 46.40000000000000568 ) ) ;
#4687 = DIRECTION ( 'NONE',  ( 1.278526357607465097E-16, -1.000000000000000000, -5.022723014296544476E-18 ) ) ;
#4688 = VECTOR ( 'NONE', #6235, 1000.000000000000000 ) ;
#4689 = EDGE_LOOP ( 'NONE', ( #254, #1160, #4650, #6266 ) ) ;
#4690 = CIRCLE ( 'NONE', #3875, 1.250000000000001110 ) ;
#4691 = CARTESIAN_POINT ( 'NONE',  ( -87.89999999999992042, -22.87015455142721265, 34.39999999999999147 ) ) ;
#4692 = EDGE_LOOP ( 'NONE', ( #6663, #163, #5043, #757 ) ) ;
#4693 = AXIS2_PLACEMENT_3D ( 'NONE', #3739, #3154, #7201 ) ;
#4694 = FACE_OUTER_BOUND ( 'NONE', #5016, .T. ) ;
#4695 = DIRECTION ( 'NONE',  ( -1.268935612889287343E-16, 1.000000000000000000, -2.469788560855558288E-32 ) ) ;
#4696 = ORIENTED_EDGE ( 'NONE', *, *, #5104, .T. ) ;
#4697 = CYLINDRICAL_SURFACE ( 'NONE', #5492, 1.250000000000001110 ) ;
#4698 = ORIENTED_EDGE ( 'NONE', *, *, #2906, .F. ) ;
#4699 = VECTOR ( 'NONE', #4508, 1000.000000000000000 ) ;
#4700 = CARTESIAN_POINT ( 'NONE',  ( -7.999999999999937828, -25.87015455142720199, -13.50000000000000533 ) ) ;
#4701 = ORIENTED_EDGE ( 'NONE', *, *, #3230, .F. ) ;
#4702 = ADVANCED_FACE ( 'NONE', ( #6534 ), #4473, .F. ) ;
#4703 = CARTESIAN_POINT ( 'NONE',  ( -71.89999999999994884, -22.87015455142720910, 8.399999999999998579 ) ) ;
#4704 = DIRECTION ( 'NONE',  ( -1.268935612889287343E-16, 1.000000000000000000, 1.026341648675403128E-48 ) ) ;
#4705 = DIRECTION ( 'NONE',  ( 1.268935612889287343E-16, -1.000000000000000000, -1.026341648675403128E-48 ) ) ;
#4706 = CARTESIAN_POINT ( 'NONE',  ( -50.19999999999994600, -22.87015455142720555, -21.00000000000000000 ) ) ;
#4707 = ORIENTED_EDGE ( 'NONE', *, *, #1718, .F. ) ;
#4708 = EDGE_CURVE ( 'NONE', #3846, #4879, #5011, .T. ) ;
#4709 = CIRCLE ( 'NONE', #4819, 3.000000000000002665 ) ;
#4710 = LINE ( 'NONE', #6347, #7137 ) ;
#4711 = CIRCLE ( 'NONE', #2479, 8.000000000000000000 ) ;
#4712 = CARTESIAN_POINT ( 'NONE',  ( -13.69999999999994778, -22.87015455142720199, -32.00000000000000711 ) ) ;
#4713 = EDGE_CURVE ( 'NONE', #3203, #454, #2173, .T. ) ;
#4714 = ORIENTED_EDGE ( 'NONE', *, *, #5593, .F. ) ;
#4715 = CARTESIAN_POINT ( 'NONE',  ( -34.99999999999993605, -22.87015455142720555, 53.19999999999999574 ) ) ;
#4716 = ORIENTED_EDGE ( 'NONE', *, *, #3003, .T. ) ;
#4717 = ORIENTED_EDGE ( 'NONE', *, *, #3411, .T. ) ;
#4718 = DIRECTION ( 'NONE',  ( 0.000000000000000000, 0.000000000000000000, 1.000000000000000000 ) ) ;
#4719 = VERTEX_POINT ( 'NONE', #6104 ) ;
#4720 = VERTEX_POINT ( 'NONE', #1000 ) ;
#4721 = DIRECTION ( 'NONE',  ( -1.268935612889287343E-16, 1.000000000000000000, 1.026341648675403128E-48 ) ) ;
#4722 = CARTESIAN_POINT ( 'NONE',  ( -12.69999999999994067, -25.87015455142720199, -35.00000000000000000 ) ) ;
#4723 = ORIENTED_EDGE ( 'NONE', *, *, #5393, .F. ) ;
#4724 = CARTESIAN_POINT ( 'NONE',  ( -23.99999999999993605, -24.07015455142720128, 48.89999999999999858 ) ) ;
#4725 = ORIENTED_EDGE ( 'NONE', *, *, #5117, .F. ) ;
#4726 = CIRCLE ( 'NONE', #6701, 1.250000000000001110 ) ;
#4727 = CYLINDRICAL_SURFACE ( 'NONE', #2191, 2.000000000000001776 ) ;
#4728 = DIRECTION ( 'NONE',  ( -1.268935612889287343E-16, 1.000000000000000000, 1.026341648675403128E-48 ) ) ;
#4729 = CARTESIAN_POINT ( 'NONE',  ( -58.39999999999994884, -15.57820799198817596, -13.50000000000000178 ) ) ;
#4730 = ORIENTED_EDGE ( 'NONE', *, *, #3920, .F. ) ;
#4731 = CARTESIAN_POINT ( 'NONE',  ( -83.89999999999992042, -15.87015455142721088, 22.89999999999999147 ) ) ;
#4732 = ORIENTED_EDGE ( 'NONE', *, *, #1103, .T. ) ;
#4733 = VERTEX_POINT ( 'NONE', #7113 ) ;
#4734 = AXIS2_PLACEMENT_3D ( 'NONE', #656, #3463, #3391 ) ;
#4735 = ORIENTED_EDGE ( 'NONE', *, *, #5300, .F. ) ;
#4736 = DIRECTION ( 'NONE',  ( 0.000000000000000000, 0.000000000000000000, -1.000000000000000000 ) ) ;
#4737 = CIRCLE ( 'NONE', #1379, 2.000000000000001776 ) ;
#4738 = DIRECTION ( 'NONE',  ( -1.000000000000000000, -1.268935612889287343E-16, 2.311115933264682682E-33 ) ) ;
#4739 = DIRECTION ( 'NONE',  ( -1.288097321785393689E-16, 1.000000000000000000, -3.489072158099908472E-32 ) ) ;
#4740 = ORIENTED_EDGE ( 'NONE', *, *, #5160, .F. ) ;
#4741 = EDGE_CURVE ( 'NONE', #2327, #219, #402, .T. ) ;
#4742 = AXIS2_PLACEMENT_3D ( 'NONE', #457, #1564, #3269 ) ;
#4743 = EDGE_CURVE ( 'NONE', #126, #3698, #2707, .T. ) ;
#4744 = CARTESIAN_POINT ( 'NONE',  ( -5.499999999999935163, -22.87015455142720199, 44.69999999999999574 ) ) ;
#4745 = DIRECTION ( 'NONE',  ( 0.000000000000000000, 0.000000000000000000, 1.000000000000000000 ) ) ;
#4746 = VERTEX_POINT ( 'NONE', #3921 ) ;
#4747 = DIRECTION ( 'NONE',  ( 0.000000000000000000, 0.000000000000000000, -1.000000000000000000 ) ) ;
#4748 = DIRECTION ( 'NONE',  ( -2.311115933264671392E-33, -3.697785493223492838E-32, -1.000000000000000000 ) ) ;
#4749 = ORIENTED_EDGE ( 'NONE', *, *, #686, .T. ) ;
#4750 = VERTEX_POINT ( 'NONE', #4436 ) ;
#4751 = DIRECTION ( 'NONE',  ( -1.288097321785393689E-16, 1.000000000000000000, -3.489072158099908472E-32 ) ) ;
#4752 = EDGE_CURVE ( 'NONE', #3678, #6539, #45, .T. ) ;
#4753 = EDGE_CURVE ( 'NONE', #5766, #3950, #2096, .T. ) ;
#4754 = EDGE_LOOP ( 'NONE', ( #3175, #2362, #2974, #5069 ) ) ;
#4755 = AXIS2_PLACEMENT_3D ( 'NONE', #4306, #6511, #6499 ) ;
#4756 = LINE ( 'NONE', #7076, #5113 ) ;
#4757 = DIRECTION ( 'NONE',  ( 1.000000000000000000, 0.000000000000000000, 0.000000000000000000 ) ) ;
#4758 = EDGE_LOOP ( 'NONE', ( #4963, #1003, #6416, #7162 ) ) ;
#4759 = FACE_BOUND ( 'NONE', #5744, .T. ) ;
#4760 = EDGE_CURVE ( 'NONE', #3166, #3297, #5520, .T. ) ;
#4761 = LINE ( 'NONE', #6971, #6713 ) ;
#4762 = LINE ( 'NONE', #7011, #4867 ) ;
#4763 = DIRECTION ( 'NONE',  ( 1.000000000000000000, 1.278526357607465097E-16, -1.652117596168387263E-16 ) ) ;
#4764 = VERTEX_POINT ( 'NONE', #2246 ) ;
#4765 = CARTESIAN_POINT ( 'NONE',  ( -35.49999999999993605, -22.87015455142720555, 58.39999999999999858 ) ) ;
#4766 = ORIENTED_EDGE ( 'NONE', *, *, #3240, .F. ) ;
#4767 = ORIENTED_EDGE ( 'NONE', *, *, #2169, .F. ) ;
#4768 = CARTESIAN_POINT ( 'NONE',  ( -29.02239814395782247, -22.87015455142720555, 1.499999999999999778 ) ) ;
#4769 = CIRCLE ( 'NONE', #2540, 1.000000000000000888 ) ;
#4770 = VERTEX_POINT ( 'NONE', #3803 ) ;
#4771 = CARTESIAN_POINT ( 'NONE',  ( -3.949999999999943334, -22.87015455142720199, -2.500000000000000444 ) ) ;
#4772 = CIRCLE ( 'NONE', #1, 1.000000000000000888 ) ;
#4773 = DIRECTION ( 'NONE',  ( 1.278526357607465097E-16, -1.000000000000000000, -5.022723014296544476E-18 ) ) ;
#4774 = CARTESIAN_POINT ( 'NONE',  ( -51.49999999999992895, -25.87015455142720555, 34.39999999999998437 ) ) ;
#4775 = EDGE_LOOP ( 'NONE', ( #6059, #2021, #6175, #2531 ) ) ;
#4776 = CARTESIAN_POINT ( 'NONE',  ( -16.49999999999993960, -25.87015455142720199, 8.199999999999999289 ) ) ;
#4777 = CYLINDRICAL_SURFACE ( 'NONE', #5584, 1.250000000000001110 ) ;
#4778 = ORIENTED_EDGE ( 'NONE', *, *, #5282, .F. ) ;
#4779 = CARTESIAN_POINT ( 'NONE',  ( -93.39999999999994884, -25.87015455142721265, 4.199999999999999289 ) ) ;
#4780 = LINE ( 'NONE', #2660, #2820 ) ;
#4781 = ORIENTED_EDGE ( 'NONE', *, *, #3087, .F. ) ;
#4782 = ORIENTED_EDGE ( 'NONE', *, *, #4173, .T. ) ;
#4783 = FACE_OUTER_BOUND ( 'NONE', #2212, .T. ) ;
#4784 = ORIENTED_EDGE ( 'NONE', *, *, #378, .F. ) ;
#4785 = EDGE_CURVE ( 'NONE', #5958, #1074, #4323, .T. ) ;
#4786 = CIRCLE ( 'NONE', #6985, 2.000000000000000000 ) ;
#4787 = CIRCLE ( 'NONE', #5614, 1.250000000000001110 ) ;
#4788 = ORIENTED_EDGE ( 'NONE', *, *, #6825, .F. ) ;
#4789 = DIRECTION ( 'NONE',  ( 1.000000000000000000, 1.278526357607465097E-16, 6.421683760739835630E-34 ) ) ;
#4790 = EDGE_CURVE ( 'NONE', #2662, #5349, #5990, .T. ) ;
#4791 = EDGE_CURVE ( 'NONE', #5997, #357, #1697, .T. ) ;
#4792 = DIRECTION ( 'NONE',  ( 1.288097321785393689E-16, -1.000000000000000000, 3.489072158099908472E-32 ) ) ;
#4793 = ORIENTED_EDGE ( 'NONE', *, *, #37, .F. ) ;
#4794 = DIRECTION ( 'NONE',  ( 0.000000000000000000, 0.000000000000000000, 1.000000000000000000 ) ) ;
#4795 = ORIENTED_EDGE ( 'NONE', *, *, #4313, .T. ) ;
#4796 = EDGE_CURVE ( 'NONE', #6692, #1044, #2715, .T. ) ;
#4797 = CIRCLE ( 'NONE', #941, 1.499999999999999556 ) ;
#4798 = CIRCLE ( 'NONE', #4105, 1.250000000000001110 ) ;
#4799 = DIRECTION ( 'NONE',  ( -1.268935612889287343E-16, 1.000000000000000000, 1.026341648675403128E-48 ) ) ;
#4800 = CARTESIAN_POINT ( 'NONE',  ( -43.39999999999994884, -25.87015455142720910, -17.00000000000000711 ) ) ;
#4801 = VECTOR ( 'NONE', #5007, 1000.000000000000000 ) ;
#4802 = DIRECTION ( 'NONE',  ( 0.000000000000000000, 0.000000000000000000, 1.000000000000000000 ) ) ;
#4803 = EDGE_CURVE ( 'NONE', #6866, #494, #481, .T. ) ;
#4804 = ORIENTED_EDGE ( 'NONE', *, *, #1364, .F. ) ;
#4805 = DIRECTION ( 'NONE',  ( 1.000000000000000000, 0.000000000000000000, 0.000000000000000000 ) ) ;
#4806 = ORIENTED_EDGE ( 'NONE', *, *, #5327, .F. ) ;
#4807 = ORIENTED_EDGE ( 'NONE', *, *, #148, .T. ) ;
#4808 = VECTOR ( 'NONE', #325, 1000.000000000000000 ) ;
#4809 = CARTESIAN_POINT ( 'NONE',  ( -83.19999999999993179, -22.87015455142720910, 56.89999999999998437 ) ) ;
#4810 = DIRECTION ( 'NONE',  ( 1.288097321785393689E-16, -1.000000000000000000, 3.489072158099908472E-32 ) ) ;
#4811 = CARTESIAN_POINT ( 'NONE',  ( -1.999999999999939382, -25.87015455142720199, 13.00000000000000178 ) ) ;
#4812 = CARTESIAN_POINT ( 'NONE',  ( -54.19999999999993179, -22.87015455142720555, 55.89999999999998437 ) ) ;
#4813 = VECTOR ( 'NONE', #3329, 1000.000000000000000 ) ;
#4814 = CARTESIAN_POINT ( 'NONE',  ( -82.19999999999993179, -22.87015455142720910, 55.89999999999998437 ) ) ;
#4815 = CARTESIAN_POINT ( 'NONE',  ( -83.39999999999996305, -22.87015455142721265, -2.100000000000004530 ) ) ;
#4816 = ORIENTED_EDGE ( 'NONE', *, *, #599, .T. ) ;
#4817 = CARTESIAN_POINT ( 'NONE',  ( -10.99999999999993960, -24.07015455142720128, -13.50000000000000533 ) ) ;
#4818 = DIRECTION ( 'NONE',  ( -1.268935612889287343E-16, 1.000000000000000000, -2.469788560855558288E-32 ) ) ;
#4819 = AXIS2_PLACEMENT_3D ( 'NONE', #5471, #2199, #6057 ) ;
#4820 = ORIENTED_EDGE ( 'NONE', *, *, #5110, .T. ) ;
#4821 = VERTEX_POINT ( 'NONE', #3252 ) ;
#4822 = CARTESIAN_POINT ( 'NONE',  ( -20.49999999999993250, -25.87015455142720199, 38.39999999999999147 ) ) ;
#4823 = AXIS2_PLACEMENT_3D ( 'NONE', #5784, #2317, #4551 ) ;
#4824 = VECTOR ( 'NONE', #4922, 1000.000000000000000 ) ;
#4825 = ORIENTED_EDGE ( 'NONE', *, *, #376, .F. ) ;
#4826 = DIRECTION ( 'NONE',  ( -1.288097321785393689E-16, 1.000000000000000000, -3.489072158099908472E-32 ) ) ;
#4827 = DIRECTION ( 'NONE',  ( -2.081668171172168513E-17, -3.816637062202878161E-32, -1.000000000000000000 ) ) ;
#4828 = ORIENTED_EDGE ( 'NONE', *, *, #2559, .F. ) ;
#4829 = CARTESIAN_POINT ( 'NONE',  ( -35.49999999999993605, -15.87015455142720732, 46.39999999999999147 ) ) ;
#4830 = ORIENTED_EDGE ( 'NONE', *, *, #4351, .T. ) ;
#4831 = AXIS2_PLACEMENT_3D ( 'NONE', #1342, #1375, #3009 ) ;
#4832 = EDGE_CURVE ( 'NONE', #7161, #6549, #6678, .T. ) ;
#4833 = DIRECTION ( 'NONE',  ( 1.540743955509788340E-33, 8.323527102631437622E-34, 1.000000000000000000 ) ) ;
#4834 = VECTOR ( 'NONE', #7023, 1000.000000000000000 ) ;
#4835 = PLANE ( 'NONE',  #2309 ) ;
#4836 = EDGE_CURVE ( 'NONE', #4733, #4319, #5979, .T. ) ;
#4837 = FACE_OUTER_BOUND ( 'NONE', #1217, .T. ) ;
#4838 = DIRECTION ( 'NONE',  ( 1.000000000000000000, 0.000000000000000000, 0.000000000000000000 ) ) ;
#4839 = ORIENTED_EDGE ( 'NONE', *, *, #5602, .T. ) ;
#4840 = VECTOR ( 'NONE', #2964, 1000.000000000000000 ) ;
#4841 = ORIENTED_EDGE ( 'NONE', *, *, #6384, .F. ) ;
#4842 = ORIENTED_EDGE ( 'NONE', *, *, #4660, .F. ) ;
#4843 = LINE ( 'NONE', #6009, #38 ) ;
#4844 = EDGE_CURVE ( 'NONE', #5329, #5022, #2666, .T. ) ;
#4845 = EDGE_CURVE ( 'NONE', #1336, #2003, #7180, .T. ) ;
#4846 = EDGE_CURVE ( 'NONE', #3247, #5194, #1079, .T. ) ;
#4847 = CARTESIAN_POINT ( 'NONE',  ( -41.69999999999994600, -22.87015455142720555, -33.00000000000000711 ) ) ;
#4848 = CARTESIAN_POINT ( 'NONE',  ( -93.39999999999994884, -25.87015455142721265, 7.899999999999999467 ) ) ;
#4849 = VECTOR ( 'NONE', #3516, 1000.000000000000000 ) ;
#4850 = PLANE ( 'NONE',  #3861 ) ;
#4851 = LINE ( 'NONE', #347, #3611 ) ;
#4852 = EDGE_CURVE ( 'NONE', #2762, #6184, #1799, .T. ) ;
#4853 = CARTESIAN_POINT ( 'NONE',  ( -94.39999999999996305, -22.87015455142721265, 4.199999999999999289 ) ) ;
#4854 = CARTESIAN_POINT ( 'NONE',  ( -93.89999999999993463, -25.87015455142721265, 47.89999999999999147 ) ) ;
#4855 = ORIENTED_EDGE ( 'NONE', *, *, #5905, .F. ) ;
#4856 = DIRECTION ( 'NONE',  ( -0.000000000000000000, -5.022723014296612268E-18, 1.000000000000000000 ) ) ;
#4857 = CARTESIAN_POINT ( 'NONE',  ( -6.449999999999938005, -25.87015455142720199, -2.500000000000000444 ) ) ;
#4858 = ORIENTED_EDGE ( 'NONE', *, *, #4373, .T. ) ;
#4859 = EDGE_LOOP ( 'NONE', ( #1634, #6568, #1986, #2957 ) ) ;
#4860 = CARTESIAN_POINT ( 'NONE',  ( -37.49999999999993605, -22.87015455142720555, 15.00000000000000355 ) ) ;
#4861 = ORIENTED_EDGE ( 'NONE', *, *, #5783, .F. ) ;
#4862 = ORIENTED_EDGE ( 'NONE', *, *, #4402, .F. ) ;
#4863 = AXIS2_PLACEMENT_3D ( 'NONE', #4847, #1058, #3231 ) ;
#4864 = ORIENTED_EDGE ( 'NONE', *, *, #5557, .F. ) ;
#4865 = DIRECTION ( 'NONE',  ( 1.000000000000000000, 0.000000000000000000, 0.000000000000000000 ) ) ;
#4866 = CARTESIAN_POINT ( 'NONE',  ( -91.94999999999991758, -25.87015455142721265, 23.39999999999999147 ) ) ;
#4867 = VECTOR ( 'NONE', #5452, 1000.000000000000000 ) ;
#4868 = DIRECTION ( 'NONE',  ( -1.288097321785393689E-16, 1.000000000000000000, -3.489072158099908472E-32 ) ) ;
#4869 = EDGE_LOOP ( 'NONE', ( #6462, #2955, #6862, #4468 ) ) ;
#4870 = CARTESIAN_POINT ( 'NONE',  ( -71.89999999999994884, -24.07015455142720839, -29.50000000000000000 ) ) ;
#4871 = ORIENTED_EDGE ( 'NONE', *, *, #872, .T. ) ;
#4872 = VECTOR ( 'NONE', #2349, 1000.000000000000000 ) ;
#4873 = CARTESIAN_POINT ( 'NONE',  ( -83.89999999999992042, -25.87015455142721265, 22.89999999999999147 ) ) ;
#4874 = FACE_OUTER_BOUND ( 'NONE', #3385, .T. ) ;
#4875 = DIRECTION ( 'NONE',  ( -1.288097321785393689E-16, 1.000000000000000000, -3.489072158099908472E-32 ) ) ;
#4876 = CARTESIAN_POINT ( 'NONE',  ( -60.39999999999995595, -25.87015455142720910, -37.50000000000000000 ) ) ;
#4877 = ORIENTED_EDGE ( 'NONE', *, *, #1460, .F. ) ;
#4878 = VERTEX_POINT ( 'NONE', #625 ) ;
#4879 = VERTEX_POINT ( 'NONE', #2953 ) ;
#4880 = CARTESIAN_POINT ( 'NONE',  ( -9.999999999999939604, -25.87015455142720199, -37.50000000000000711 ) ) ;
#4881 = EDGE_CURVE ( 'NONE', #748, #5790, #1326, .T. ) ;
#4882 = CIRCLE ( 'NONE', #1625, 3.000000000000002665 ) ;
#4883 = CARTESIAN_POINT ( 'NONE',  ( -60.89999999999995595, -22.87015455142720910, -32.29999999999999716 ) ) ;
#4884 = DIRECTION ( 'NONE',  ( 1.268935612889287343E-16, -1.000000000000000000, 2.469788560855558288E-32 ) ) ;
#4885 = DIRECTION ( 'NONE',  ( 1.288097321785393689E-16, -1.000000000000000000, 3.489072158099908472E-32 ) ) ;
#4886 = EDGE_CURVE ( 'NONE', #1642, #1207, #5392, .T. ) ;
#4887 = LINE ( 'NONE', #6593, #3031 ) ;
#4888 = CARTESIAN_POINT ( 'NONE',  ( -47.39999999999994174, -22.87015455142720555, -13.50000000000000533 ) ) ;
#4889 = EDGE_CURVE ( 'NONE', #3716, #91, #5667, .T. ) ;
#4890 = AXIS2_PLACEMENT_3D ( 'NONE', #4509, #2210, #3330 ) ;
#4891 = CARTESIAN_POINT ( 'NONE',  ( 6.245004513516505540E-14, -25.87015455142720199, 48.40000000000000568 ) ) ;
#4892 = CARTESIAN_POINT ( 'NONE',  ( -68.39999999999994884, -25.87015455142720910, 5.899999999999997691 ) ) ;
#4893 = EDGE_LOOP ( 'NONE', ( #1538, #3012 ) ) ;
#4894 = PLANE ( 'NONE',  #4512 ) ;
#4895 = DIRECTION ( 'NONE',  ( 1.000000000000000000, 1.268935612889287343E-16, -2.311115933264682682E-33 ) ) ;
#4896 = EDGE_CURVE ( 'NONE', #3073, #6962, #4009, .T. ) ;
#4897 = ORIENTED_EDGE ( 'NONE', *, *, #1064, .F. ) ;
#4898 = VERTEX_POINT ( 'NONE', #4648 ) ;
#4899 = CARTESIAN_POINT ( 'NONE',  ( -83.89999999999992042, -22.87015455142720910, 56.39999999999998437 ) ) ;
#4900 = ORIENTED_EDGE ( 'NONE', *, *, #7053, .F. ) ;
#4901 = ORIENTED_EDGE ( 'NONE', *, *, #6346, .T. ) ;
#4902 = CARTESIAN_POINT ( 'NONE',  ( -55.39999999999994884, -22.87015455142720910, -37.50000000000000711 ) ) ;
#4903 = CARTESIAN_POINT ( 'NONE',  ( -1.999999999999939382, -22.87015455142719844, 15.00000000000000000 ) ) ;
#4904 = DIRECTION ( 'NONE',  ( 0.000000000000000000, 0.000000000000000000, 1.000000000000000000 ) ) ;
#4905 = ORIENTED_EDGE ( 'NONE', *, *, #6428, .T. ) ;
#4906 = CYLINDRICAL_SURFACE ( 'NONE', #1310, 1.499999999999999556 ) ;
#4907 = VERTEX_POINT ( 'NONE', #4613 ) ;
#4908 = VECTOR ( 'NONE', #6662, 1000.000000000000000 ) ;
#4909 = CIRCLE ( 'NONE', #1075, 8.000000000000007105 ) ;
#4910 = CARTESIAN_POINT ( 'NONE',  ( -4.499999999999934275, -25.87015455142720199, 15.69999999999999929 ) ) ;
#4911 = CARTESIAN_POINT ( 'NONE',  ( -93.39999999999994884, -22.87015455142721265, 5.200000000000000178 ) ) ;
#4912 = LINE ( 'NONE', #6002, #6066 ) ;
#4913 = CARTESIAN_POINT ( 'NONE',  ( -27.49999999999993250, -22.87015455142720199, 38.39999999999999147 ) ) ;
#4914 = VERTEX_POINT ( 'NONE', #1287 ) ;
#4915 = AXIS2_PLACEMENT_3D ( 'NONE', #1002, #2668, #6461 ) ;
#4916 = ORIENTED_EDGE ( 'NONE', *, *, #1529, .T. ) ;
#4917 = ORIENTED_EDGE ( 'NONE', *, *, #4123, .T. ) ;
#4918 = CARTESIAN_POINT ( 'NONE',  ( -10.49999999999993960, -25.87015455142720199, 5.000000000000000888 ) ) ;
#4919 = AXIS2_PLACEMENT_3D ( 'NONE', #5058, #4990, #7199 ) ;
#4920 = AXIS2_PLACEMENT_3D ( 'NONE', #5626, #3286, #2701 ) ;
#4921 = DIRECTION ( 'NONE',  ( 0.000000000000000000, 0.000000000000000000, -1.000000000000000000 ) ) ;
#4922 = DIRECTION ( 'NONE',  ( 1.268935612889287343E-16, -1.000000000000000000, 2.469788560855558288E-32 ) ) ;
#4923 = DIRECTION ( 'NONE',  ( 0.000000000000000000, 0.000000000000000000, 1.000000000000000000 ) ) ;
#4924 = CARTESIAN_POINT ( 'NONE',  ( -94.39999999999996305, -25.87015455142721265, -23.79999999999999361 ) ) ;
#4925 = ORIENTED_EDGE ( 'NONE', *, *, #4592, .F. ) ;
#4926 = CIRCLE ( 'NONE', #4472, 2.000000000000001776 ) ;
#4927 = ORIENTED_EDGE ( 'NONE', *, *, #1852, .F. ) ;
#4928 = EDGE_CURVE ( 'NONE', #794, #1796, #6783, .T. ) ;
#4929 = ADVANCED_FACE ( 'NONE', ( #3956 ), #80, .T. ) ;
#4930 = LINE ( 'NONE', #4891, #2838 ) ;
#4931 = CARTESIAN_POINT ( 'NONE',  ( -4.499999999999934275, -22.87015455142719844, 44.70000000000000284 ) ) ;
#4932 = EDGE_CURVE ( 'NONE', #399, #2205, #1870, .T. ) ;
#4933 = ORIENTED_EDGE ( 'NONE', *, *, #2269, .F. ) ;
#4934 = DIRECTION ( 'NONE',  ( 6.400303567556335158E-16, 4.695715941393217538E-32, -1.000000000000000000 ) ) ;
#4935 = VERTEX_POINT ( 'NONE', #2813 ) ;
#4936 = DIRECTION ( 'NONE',  ( -1.278526357607465097E-16, 1.000000000000000000, 5.022723014296544476E-18 ) ) ;
#4937 = VECTOR ( 'NONE', #3843, 1000.000000000000000 ) ;
#4938 = EDGE_CURVE ( 'NONE', #2508, #6683, #6329, .T. ) ;
#4939 = EDGE_CURVE ( 'NONE', #2003, #2762, #1913, .T. ) ;
#4940 = ORIENTED_EDGE ( 'NONE', *, *, #2927, .F. ) ;
#4941 = CARTESIAN_POINT ( 'NONE',  ( -22.37615976230803483, -15.57820799198817241, 3.000000000000000000 ) ) ;
#4942 = AXIS2_PLACEMENT_3D ( 'NONE', #7062, #988, #507 ) ;
#4943 = CARTESIAN_POINT ( 'NONE',  ( -50.39999999999994174, -25.87015455142720910, -13.50000000000000533 ) ) ;
#4944 = ORIENTED_EDGE ( 'NONE', *, *, #5650, .F. ) ;
#4945 = CARTESIAN_POINT ( 'NONE',  ( -4.499999999999934275, -22.87015455142719844, 44.70000000000000284 ) ) ;
#4946 = ORIENTED_EDGE ( 'NONE', *, *, #604, .T. ) ;
#4947 = DIRECTION ( 'NONE',  ( -1.278526357607465097E-16, 1.000000000000000000, 5.022723014296544476E-18 ) ) ;
#4948 = EDGE_LOOP ( 'NONE', ( #169, #3447, #4901, #145 ) ) ;
#4949 = VECTOR ( 'NONE', #7166, 1000.000000000000000 ) ;
#4950 = DIRECTION ( 'NONE',  ( 0.000000000000000000, 0.000000000000000000, -1.000000000000000000 ) ) ;
#4951 = CARTESIAN_POINT ( 'NONE',  ( -71.89999999999994884, -22.87015455142720910, 11.39999999999999680 ) ) ;
#4952 = CARTESIAN_POINT ( 'NONE',  ( -35.49999999999993605, -25.87015455142720555, 15.00000000000000355 ) ) ;
#4953 = DIRECTION ( 'NONE',  ( 1.000000000000000000, 0.000000000000000000, 0.000000000000000000 ) ) ;
#4954 = AXIS2_PLACEMENT_3D ( 'NONE', #5719, #6331, #6864 ) ;
#4955 = ORIENTED_EDGE ( 'NONE', *, *, #5411, .F. ) ;
#4956 = ORIENTED_EDGE ( 'NONE', *, *, #7204, .F. ) ;
#4957 = EDGE_LOOP ( 'NONE', ( #1727, #4698, #2372, #4053 ) ) ;
#4958 = LINE ( 'NONE', #4339, #1319 ) ;
#4959 = DIRECTION ( 'NONE',  ( -1.000000000000000000, -1.268935612889287343E-16, 2.311115933264682682E-33 ) ) ;
#4960 = PLANE ( 'NONE',  #1692 ) ;
#4961 = LINE ( 'NONE', #1603, #7050 ) ;
#4962 = CARTESIAN_POINT ( 'NONE',  ( -12.49999999999993072, -22.87015455142720199, 38.39999999999999147 ) ) ;
#4963 = ORIENTED_EDGE ( 'NONE', *, *, #1907, .T. ) ;
#4964 = EDGE_CURVE ( 'NONE', #4319, #4733, #3765, .T. ) ;
#4965 = ORIENTED_EDGE ( 'NONE', *, *, #3338, .T. ) ;
#4966 = VECTOR ( 'NONE', #1262, 1000.000000000000000 ) ;
#4967 = CARTESIAN_POINT ( 'NONE',  ( -48.49999999999992184, -24.07015455142720484, 34.39999999999998437 ) ) ;
#4968 = CARTESIAN_POINT ( 'NONE',  ( -10.49999999999993250, -25.87015455142720199, 56.40000000000000568 ) ) ;
#4969 = EDGE_LOOP ( 'NONE', ( #2935, #5607 ) ) ;
#4970 = DIRECTION ( 'NONE',  ( -1.288097321785393689E-16, 1.000000000000000000, -3.489072158099908472E-32 ) ) ;
#4971 = LINE ( 'NONE', #2306, #6772 ) ;
#4972 = ORIENTED_EDGE ( 'NONE', *, *, #505, .T. ) ;
#4973 = ADVANCED_FACE ( 'NONE', ( #4026 ), #6819, .F. ) ;
#4974 = LINE ( 'NONE', #4529, #7003 ) ;
#4975 = ORIENTED_EDGE ( 'NONE', *, *, #278, .F. ) ;
#4976 = EDGE_CURVE ( 'NONE', #4572, #2770, #616, .T. ) ;
#4977 = CARTESIAN_POINT ( 'NONE',  ( -55.39999999999994884, -22.87015455142720910, -4.949188263117179308E-31 ) ) ;
#4978 = LINE ( 'NONE', #7181, #1386 ) ;
#4979 = ORIENTED_EDGE ( 'NONE', *, *, #694, .F. ) ;
#4980 = CARTESIAN_POINT ( 'NONE',  ( -2.499999999999939604, -25.87015455142720199, 13.00000000000000178 ) ) ;
#4981 = ORIENTED_EDGE ( 'NONE', *, *, #7204, .T. ) ;
#4982 = DIRECTION ( 'NONE',  ( 1.278526357607465097E-16, -1.000000000000000000, -5.022723014296544476E-18 ) ) ;
#4983 = ADVANCED_FACE ( 'NONE', ( #588 ), #3502, .F. ) ;
#4984 = ORIENTED_EDGE ( 'NONE', *, *, #7092, .F. ) ;
#4985 = CARTESIAN_POINT ( 'NONE',  ( -45.69999999999992468, -22.87015455142720555, 41.89999999999998437 ) ) ;
#4986 = LINE ( 'NONE', #2823, #6612 ) ;
#4987 = CARTESIAN_POINT ( 'NONE',  ( -87.89999999999992042, -25.87015455142721265, 34.39999999999999147 ) ) ;
#4988 = DIRECTION ( 'NONE',  ( -1.278526357607465097E-16, 1.000000000000000000, 5.022723014296544476E-18 ) ) ;
#4989 = VERTEX_POINT ( 'NONE', #149 ) ;
#4990 = DIRECTION ( 'NONE',  ( -1.278526357607465097E-16, 1.000000000000000000, 5.022723014296544476E-18 ) ) ;
#4991 = EDGE_LOOP ( 'NONE', ( #4060, #2215, #5333, #5877 ) ) ;
#4992 = ADVANCED_FACE ( 'NONE', ( #2917 ), #4577, .F. ) ;
#4993 = EDGE_CURVE ( 'NONE', #4338, #4417, #6211, .T. ) ;
#4994 = DIRECTION ( 'NONE',  ( 1.268935612889287343E-16, -1.000000000000000000, 2.469788560855558288E-32 ) ) ;
#4995 = CARTESIAN_POINT ( 'NONE',  ( -4.999999999999936939, -25.87015455142720199, -13.50000000000000533 ) ) ;
#4996 = VECTOR ( 'NONE', #3408, 1000.000000000000000 ) ;
#4997 = DIRECTION ( 'NONE',  ( -1.278526357607465097E-16, 1.000000000000000000, 5.022723014296544476E-18 ) ) ;
#4998 = CARTESIAN_POINT ( 'NONE',  ( 6.245004513516505540E-14, -25.87015455142720199, 46.40000000000000568 ) ) ;
#4999 = DIRECTION ( 'NONE',  ( 0.000000000000000000, 0.000000000000000000, 1.000000000000000000 ) ) ;
#5000 = ORIENTED_EDGE ( 'NONE', *, *, #4796, .T. ) ;
#5001 = ORIENTED_EDGE ( 'NONE', *, *, #5208, .T. ) ;
#5002 = AXIS2_PLACEMENT_3D ( 'NONE', #5408, #3766, #3722 ) ;
#5003 = CARTESIAN_POINT ( 'NONE',  ( -90.39999999999994884, -22.87015455142721265, 5.200000000000000178 ) ) ;
#5004 = DIRECTION ( 'NONE',  ( 0.000000000000000000, 0.000000000000000000, -1.000000000000000000 ) ) ;
#5005 = ORIENTED_EDGE ( 'NONE', *, *, #1008, .F. ) ;
#5006 = CARTESIAN_POINT ( 'NONE',  ( -75.89999999999990621, -25.87015455142720910, 22.89999999999999147 ) ) ;
#5007 = DIRECTION ( 'NONE',  ( -1.268935612889287343E-16, 1.000000000000000000, -2.469788560855558288E-32 ) ) ;
#5008 = VERTEX_POINT ( 'NONE', #2437 ) ;
#5009 = EDGE_LOOP ( 'NONE', ( #791, #5346, #3142, #1263 ) ) ;
#5010 = ORIENTED_EDGE ( 'NONE', *, *, #4676, .T. ) ;
#5011 = LINE ( 'NONE', #5481, #2364 ) ;
#5012 = DIRECTION ( 'NONE',  ( -2.311115933264682682E-33, -8.323527102631439332E-34, -1.000000000000000000 ) ) ;
#5013 = FACE_OUTER_BOUND ( 'NONE', #1277, .T. ) ;
#5014 = ORIENTED_EDGE ( 'NONE', *, *, #4836, .F. ) ;
#5015 = DIRECTION ( 'NONE',  ( -1.268935612889287343E-16, 1.000000000000000000, 1.026341648675403128E-48 ) ) ;
#5016 = EDGE_LOOP ( 'NONE', ( #153, #2950, #843, #976 ) ) ;
#5017 = DIRECTION ( 'NONE',  ( -1.288097321785393689E-16, 1.000000000000000000, -3.489072158099908472E-32 ) ) ;
#5018 = EDGE_CURVE ( 'NONE', #3297, #3166, #1099, .T. ) ;
#5019 = EDGE_CURVE ( 'NONE', #6752, #3203, #4710, .T. ) ;
#5020 = DIRECTION ( 'NONE',  ( 1.000000000000000000, 0.000000000000000000, 0.000000000000000000 ) ) ;
#5021 = CARTESIAN_POINT ( 'NONE',  ( -90.69999999999991758, -25.87015455142721265, 41.89999999999998437 ) ) ;
#5022 = VERTEX_POINT ( 'NONE', #4744 ) ;
#5023 = DIRECTION ( 'NONE',  ( 0.000000000000000000, 0.000000000000000000, -1.000000000000000000 ) ) ;
#5024 = ORIENTED_EDGE ( 'NONE', *, *, #365, .T. ) ;
#5025 = VECTOR ( 'NONE', #3160, 1000.000000000000000 ) ;
#5026 = CARTESIAN_POINT ( 'NONE',  ( -22.37615976230803483, -22.87015455142720555, 1.499999999999999778 ) ) ;
#5027 = VECTOR ( 'NONE', #3936, 1000.000000000000000 ) ;
#5028 = EDGE_CURVE ( 'NONE', #493, #296, #1388, .T. ) ;
#5029 = CARTESIAN_POINT ( 'NONE',  ( -69.88227985884040550, -25.87015455142721265, 20.89999999999999503 ) ) ;
#5030 = CIRCLE ( 'NONE', #2113, 1.249999999999997558 ) ;
#5031 = CARTESIAN_POINT ( 'NONE',  ( -2.499999999999932943, -25.87015455142720199, 56.40000000000000568 ) ) ;
#5032 = LINE ( 'NONE', #3972, #3870 ) ;
#5033 = ORIENTED_EDGE ( 'NONE', *, *, #107, .F. ) ;
#5034 = ORIENTED_EDGE ( 'NONE', *, *, #3671, .T. ) ;
#5035 = CIRCLE ( 'NONE', #3517, 1.500000000000001332 ) ;
#5036 = CIRCLE ( 'NONE', #6310, 8.000000000000000000 ) ;
#5037 = LINE ( 'NONE', #140, #5870 ) ;
#5038 = DIRECTION ( 'NONE',  ( -1.268935612889287343E-16, 1.000000000000000000, -2.469788560855558288E-32 ) ) ;
#5039 = CIRCLE ( 'NONE', #360, 3.000000000000002665 ) ;
#5040 = AXIS2_PLACEMENT_3D ( 'NONE', #1840, #5263, #3508 ) ;
#5041 = DIRECTION ( 'NONE',  ( 1.278526357607465097E-16, -1.000000000000000000, -5.022723014296544476E-18 ) ) ;
#5042 = CARTESIAN_POINT ( 'NONE',  ( -7.999999999999937828, -22.87015455142720199, -13.50000000000000533 ) ) ;
#5043 = ORIENTED_EDGE ( 'NONE', *, *, #3467, .F. ) ;
#5044 = ORIENTED_EDGE ( 'NONE', *, *, #5992, .T. ) ;
#5045 = VECTOR ( 'NONE', #4360, 1000.000000000000000 ) ;
#5046 = DIRECTION ( 'NONE',  ( 1.268935612889287343E-16, -1.000000000000000000, 2.469788560855558288E-32 ) ) ;
#5047 = CARTESIAN_POINT ( 'NONE',  ( -71.89999999999994884, -25.87015455142720910, -29.50000000000000000 ) ) ;
#5048 = LINE ( 'NONE', #3401, #2812 ) ;
#5049 = CIRCLE ( 'NONE', #4693, 1.250000000000001110 ) ;
#5050 = ORIENTED_EDGE ( 'NONE', *, *, #4896, .F. ) ;
#5051 = CARTESIAN_POINT ( 'NONE',  ( -37.49999999999993605, -22.87015455142720555, 58.39999999999999858 ) ) ;
#5052 = VECTOR ( 'NONE', #3362, 1000.000000000000000 ) ;
#5053 = DIRECTION ( 'NONE',  ( -1.000000000000000000, 0.000000000000000000, 0.000000000000000000 ) ) ;
#5054 = DIRECTION ( 'NONE',  ( -1.000000000000000000, 0.000000000000000000, 0.000000000000000000 ) ) ;
#5055 = DIRECTION ( 'NONE',  ( 1.000000000000000000, 0.000000000000000000, 0.000000000000000000 ) ) ;
#5056 = FACE_OUTER_BOUND ( 'NONE', #6335, .T. ) ;
#5057 = ORIENTED_EDGE ( 'NONE', *, *, #229, .T. ) ;
#5058 = CARTESIAN_POINT ( 'NONE',  ( -20.49999999999993250, -15.87015455142720377, 38.39999999999999147 ) ) ;
#5059 = VECTOR ( 'NONE', #7172, 1000.000000000000000 ) ;
#5060 = DIRECTION ( 'NONE',  ( 1.000000000000000000, 0.000000000000000000, 0.000000000000000000 ) ) ;
#5061 = EDGE_CURVE ( 'NONE', #788, #3646, #6920, .T. ) ;
#5062 = ADVANCED_FACE ( 'NONE', ( #6449 ), #6951, .F. ) ;
#5063 = AXIS2_PLACEMENT_3D ( 'NONE', #6613, #4619, #3441 ) ;
#5064 = ADVANCED_FACE ( 'NONE', ( #3676 ), #252, .F. ) ;
#5065 = CIRCLE ( 'NONE', #389, 1.000000000000000888 ) ;
#5066 = CARTESIAN_POINT ( 'NONE',  ( -42.49999999999992895, -22.87015455142720555, 22.89999999999999147 ) ) ;
#5067 = DIRECTION ( 'NONE',  ( -1.268935612889287343E-16, 1.000000000000000000, 1.026341648675403128E-48 ) ) ;
#5068 = DIRECTION ( 'NONE',  ( 1.000000000000000000, 0.000000000000000000, 0.000000000000000000 ) ) ;
#5069 = ORIENTED_EDGE ( 'NONE', *, *, #5510, .F. ) ;
#5070 = EDGE_CURVE ( 'NONE', #922, #4283, #1976, .T. ) ;
#5071 = EDGE_CURVE ( 'NONE', #585, #6943, #6440, .T. ) ;
#5072 = ORIENTED_EDGE ( 'NONE', *, *, #4092, .F. ) ;
#5073 = CIRCLE ( 'NONE', #1115, 2.000000000000001776 ) ;
#5074 = ORIENTED_EDGE ( 'NONE', *, *, #1769, .F. ) ;
#5075 = LINE ( 'NONE', #2303, #7025 ) ;
#5076 = CARTESIAN_POINT ( 'NONE',  ( -71.89999999999994884, -24.07015455142720839, -31.00000000000000355 ) ) ;
#5077 = CARTESIAN_POINT ( 'NONE',  ( -60.39999999999995595, -22.87015455142720910, -2.100000000000004530 ) ) ;
#5078 = CARTESIAN_POINT ( 'NONE',  ( -47.39999999999994174, -24.07015455142720839, -13.50000000000000533 ) ) ;
#5079 = ORIENTED_EDGE ( 'NONE', *, *, #963, .T. ) ;
#5080 = ORIENTED_EDGE ( 'NONE', *, *, #3145, .F. ) ;
#5081 = DIRECTION ( 'NONE',  ( -1.278526357607465097E-16, 1.000000000000000000, 5.022723014296544476E-18 ) ) ;
#5082 = DIRECTION ( 'NONE',  ( 0.000000000000000000, 0.000000000000000000, -1.000000000000000000 ) ) ;
#5083 = DIRECTION ( 'NONE',  ( 1.268935612889287343E-16, -1.000000000000000000, -1.026341648675403128E-48 ) ) ;
#5084 = ORIENTED_EDGE ( 'NONE', *, *, #120, .T. ) ;
#5085 = DIRECTION ( 'NONE',  ( 1.278526357607465097E-16, -1.000000000000000000, -5.022723014296544476E-18 ) ) ;
#5086 = ORIENTED_EDGE ( 'NONE', *, *, #688, .T. ) ;
#5087 = CARTESIAN_POINT ( 'NONE',  ( -83.89999999999992042, -22.87015455142720910, 37.89999999999999147 ) ) ;
#5088 = CIRCLE ( 'NONE', #1948, 8.000000000000000000 ) ;
#5089 = DIRECTION ( 'NONE',  ( -1.268935612889287343E-16, 1.000000000000000000, -2.469788560855558288E-32 ) ) ;
#5090 = CARTESIAN_POINT ( 'NONE',  ( -38.99999999999992895, -15.57820799198817596, 32.07493386054424178 ) ) ;
#5091 = ORIENTED_EDGE ( 'NONE', *, *, #286, .T. ) ;
#5092 = DIRECTION ( 'NONE',  ( 1.288097321785393689E-16, -1.000000000000000000, 3.489072158099908472E-32 ) ) ;
#5093 = ORIENTED_EDGE ( 'NONE', *, *, #3964, .T. ) ;
#5094 = CARTESIAN_POINT ( 'NONE',  ( 6.245004513516505540E-14, -22.87015455142720199, -25.00000000000000711 ) ) ;
#5095 = DIRECTION ( 'NONE',  ( 1.288097321785393689E-16, -1.000000000000000000, 3.489072158099908472E-32 ) ) ;
#5096 = DIRECTION ( 'NONE',  ( -1.268935612889287343E-16, 1.000000000000000000, 1.026341648675403128E-48 ) ) ;
#5097 = CARTESIAN_POINT ( 'NONE',  ( -93.89999999999993463, -25.87015455142721265, 55.89999999999999147 ) ) ;
#5098 = ORIENTED_EDGE ( 'NONE', *, *, #6688, .F. ) ;
#5099 = PLANE ( 'NONE',  #3883 ) ;
#5100 = ADVANCED_FACE ( 'NONE', ( #4677 ), #4238, .T. ) ;
#5101 = AXIS2_PLACEMENT_3D ( 'NONE', #55, #2856, #5675 ) ;
#5102 = AXIS2_PLACEMENT_3D ( 'NONE', #4257, #5414, #1406 ) ;
#5103 = VERTEX_POINT ( 'NONE', #800 ) ;
#5104 = EDGE_CURVE ( 'NONE', #933, #6492, #5839, .T. ) ;
#5105 = EDGE_CURVE ( 'NONE', #4207, #2459, #215, .T. ) ;
#5106 = CYLINDRICAL_SURFACE ( 'NONE', #6685, 1.500000000000001332 ) ;
#5107 = LINE ( 'NONE', #691, #3723 ) ;
#5108 = FACE_OUTER_BOUND ( 'NONE', #1550, .T. ) ;
#5109 = FACE_OUTER_BOUND ( 'NONE', #7, .T. ) ;
#5110 = EDGE_CURVE ( 'NONE', #1174, #3846, #6105, .T. ) ;
#5111 = ORIENTED_EDGE ( 'NONE', *, *, #3882, .F. ) ;
#5112 = ORIENTED_EDGE ( 'NONE', *, *, #3222, .T. ) ;
#5113 = VECTOR ( 'NONE', #6573, 1000.000000000000000 ) ;
#5114 = AXIS2_PLACEMENT_3D ( 'NONE', #6716, #3363, #522 ) ;
#5115 = DIRECTION ( 'NONE',  ( 0.000000000000000000, 0.000000000000000000, 1.000000000000000000 ) ) ;
#5116 = DIRECTION ( 'NONE',  ( 1.000000000000000000, 0.000000000000000000, 0.000000000000000000 ) ) ;
#5117 = EDGE_CURVE ( 'NONE', #3073, #6788, #5773, .T. ) ;
#5118 = CARTESIAN_POINT ( 'NONE',  ( -52.49999999999992895, -22.87015455142720555, 30.89999999999999147 ) ) ;
#5119 = ORIENTED_EDGE ( 'NONE', *, *, #550, .T. ) ;
#5120 = CARTESIAN_POINT ( 'NONE',  ( -13.69999999999994067, -22.87015455142720199, -36.00000000000000711 ) ) ;
#5121 = EDGE_LOOP ( 'NONE', ( #4925, #5811, #6579, #5435 ) ) ;
#5122 = VERTEX_POINT ( 'NONE', #765 ) ;
#5123 = DIRECTION ( 'NONE',  ( 1.268935612889287343E-16, -1.000000000000000000, -1.026341648675403128E-48 ) ) ;
#5124 = CARTESIAN_POINT ( 'NONE',  ( -93.39999999999994884, -22.87015455142721265, -24.80000000000000426 ) ) ;
#5125 = CARTESIAN_POINT ( 'NONE',  ( -91.39999999999994884, -25.87015455142721265, 4.199999999999999289 ) ) ;
#5126 = ORIENTED_EDGE ( 'NONE', *, *, #1403, .T. ) ;
#5127 = FACE_OUTER_BOUND ( 'NONE', #4664, .T. ) ;
#5128 = EDGE_LOOP ( 'NONE', ( #6358, #4487, #3958, #1951 ) ) ;
#5129 = DIRECTION ( 'NONE',  ( 0.000000000000000000, 0.000000000000000000, -1.000000000000000000 ) ) ;
#5130 = AXIS2_PLACEMENT_3D ( 'NONE', #3776, #3017, #6582 ) ;
#5131 = CYLINDRICAL_SURFACE ( 'NONE', #667, 1.250000000000001110 ) ;
#5132 = CARTESIAN_POINT ( 'NONE',  ( -35.49999999999993605, -22.87015455142720555, 3.000000000000000000 ) ) ;
#5133 = ORIENTED_EDGE ( 'NONE', *, *, #2689, .F. ) ;
#5134 = DIRECTION ( 'NONE',  ( 1.278526357607465097E-16, -1.000000000000000000, -5.022723014296544476E-18 ) ) ;
#5135 = ORIENTED_EDGE ( 'NONE', *, *, #1761, .T. ) ;
#5136 = CARTESIAN_POINT ( 'NONE',  ( -27.49999999999993250, -25.87015455142720555, 15.00000000000000355 ) ) ;
#5137 = AXIS2_PLACEMENT_3D ( 'NONE', #3746, #5938, #5391 ) ;
#5138 = VECTOR ( 'NONE', #780, 1000.000000000000000 ) ;
#5139 = EDGE_LOOP ( 'NONE', ( #2251, #6365, #6994, #6997 ) ) ;
#5140 = DIRECTION ( 'NONE',  ( 0.000000000000000000, 0.000000000000000000, -1.000000000000000000 ) ) ;
#5141 = DIRECTION ( 'NONE',  ( -1.000000000000000000, 0.000000000000000000, 0.000000000000000000 ) ) ;
#5142 = FACE_BOUND ( 'NONE', #3064, .T. ) ;
#5143 = DIRECTION ( 'NONE',  ( 1.000000000000000000, 0.000000000000000000, 0.000000000000000000 ) ) ;
#5144 = AXIS2_PLACEMENT_3D ( 'NONE', #6699, #5721, #2267 ) ;
#5145 = ORIENTED_EDGE ( 'NONE', *, *, #751, .T. ) ;
#5146 = ORIENTED_EDGE ( 'NONE', *, *, #2213, .F. ) ;
#5147 = AXIS2_PLACEMENT_3D ( 'NONE', #6852, #1944, #2920 ) ;
#5148 = EDGE_CURVE ( 'NONE', #156, #3973, #626, .T. ) ;
#5149 = AXIS2_PLACEMENT_3D ( 'NONE', #2390, #782, #5821 ) ;
#5150 = EDGE_CURVE ( 'NONE', #134, #5403, #3096, .T. ) ;
#5151 = CIRCLE ( 'NONE', #138, 1.250000000000001110 ) ;
#5152 = DIRECTION ( 'NONE',  ( 1.000000000000000000, 0.000000000000000000, 0.000000000000000000 ) ) ;
#5153 = DIRECTION ( 'NONE',  ( 1.288097321785393689E-16, -1.000000000000000000, 3.489072158099908472E-32 ) ) ;
#5154 = DIRECTION ( 'NONE',  ( 1.268935612889287343E-16, -1.000000000000000000, -1.026341648675403128E-48 ) ) ;
#5155 = ORIENTED_EDGE ( 'NONE', *, *, #2604, .T. ) ;
#5156 = DIRECTION ( 'NONE',  ( 0.000000000000000000, 0.000000000000000000, 1.000000000000000000 ) ) ;
#5157 = ORIENTED_EDGE ( 'NONE', *, *, #317, .F. ) ;
#5158 = AXIS2_PLACEMENT_3D ( 'NONE', #2363, #3841, #685 ) ;
#5159 = ADVANCED_FACE ( 'NONE', ( #4201 ), #6408, .T. ) ;
#5160 = EDGE_CURVE ( 'NONE', #1430, #161, #267, .T. ) ;
#5161 = APPLICATION_CONTEXT ( 'automotive_design' ) ;
#5162 = DIRECTION ( 'NONE',  ( 1.288097321785393689E-16, -1.000000000000000000, 3.489072158099908472E-32 ) ) ;
#5163 = VECTOR ( 'NONE', #6763, 1000.000000000000000 ) ;
#5164 = CYLINDRICAL_SURFACE ( 'NONE', #2996, 1.500000000000001332 ) ;
#5165 = DIRECTION ( 'NONE',  ( -1.268935612889287343E-16, 1.000000000000000000, 1.026341648675403128E-48 ) ) ;
#5166 = FACE_OUTER_BOUND ( 'NONE', #2547, .T. ) ;
#5167 = ORIENTED_EDGE ( 'NONE', *, *, #5593, .T. ) ;
#5168 = FACE_BOUND ( 'NONE', #5319, .T. ) ;
#5169 = ORIENTED_EDGE ( 'NONE', *, *, #1718, .T. ) ;
#5170 = EDGE_CURVE ( 'NONE', #379, #2609, #4013, .T. ) ;
#5171 = VECTOR ( 'NONE', #5560, 1000.000000000000000 ) ;
#5172 = EDGE_CURVE ( 'NONE', #4188, #6839, #1570, .T. ) ;
#5173 = CARTESIAN_POINT ( 'NONE',  ( -75.53758619217045123, -15.57820799198817951, 20.89999999999998792 ) ) ;
#5174 = CARTESIAN_POINT ( 'NONE',  ( -83.89999999999992042, -22.87015455142720910, 30.89999999999999147 ) ) ;
#5175 = CIRCLE ( 'NONE', #2031, 1.500000000000001332 ) ;
#5176 = ORIENTED_EDGE ( 'NONE', *, *, #4088, .F. ) ;
#5177 = DIRECTION ( 'NONE',  ( -1.278526357607465097E-16, 1.000000000000000000, 5.022723014296544476E-18 ) ) ;
#5178 = ORIENTED_EDGE ( 'NONE', *, *, #4200, .T. ) ;
#5179 = CIRCLE ( 'NONE', #2602, 1.249999999999997558 ) ;
#5180 = FACE_OUTER_BOUND ( 'NONE', #194, .T. ) ;
#5181 = ORIENTED_EDGE ( 'NONE', *, *, #2218, .T. ) ;
#5182 = LINE ( 'NONE', #6130, #3901 ) ;
#5183 = CARTESIAN_POINT ( 'NONE',  ( -52.49999999999992895, -25.87015455142720555, 30.89999999999999147 ) ) ;
#5184 = DIRECTION ( 'NONE',  ( -1.288097321785393689E-16, 1.000000000000000000, -3.489072158099908472E-32 ) ) ;
#5185 = CARTESIAN_POINT ( 'NONE',  ( -1.999999999999939382, -25.87015455142720199, -2.000000000000000444 ) ) ;
#5186 = VECTOR ( 'NONE', #4633, 1000.000000000000000 ) ;
#5187 = VERTEX_POINT ( 'NONE', #2620 ) ;
#5188 = AXIS2_PLACEMENT_3D ( 'NONE', #726, #5184, #6203 ) ;
#5189 = DIRECTION ( 'NONE',  ( -1.268935612889287343E-16, 1.000000000000000000, -2.469788560855558288E-32 ) ) ;
#5190 = DIRECTION ( 'NONE',  ( 1.288097321785393689E-16, -1.000000000000000000, 3.489072158099908472E-32 ) ) ;
#5191 = AXIS2_PLACEMENT_3D ( 'NONE', #222, #3999, #635 ) ;
#5192 = ORIENTED_EDGE ( 'NONE', *, *, #1636, .T. ) ;
#5193 = DIRECTION ( 'NONE',  ( 1.268935612889287343E-16, -1.000000000000000000, 2.469788560855558288E-32 ) ) ;
#5194 = VERTEX_POINT ( 'NONE', #4853 ) ;
#5195 = LINE ( 'NONE', #3066, #5972 ) ;
#5196 = VERTEX_POINT ( 'NONE', #1647 ) ;
#5197 = AXIS2_PLACEMENT_3D ( 'NONE', #5534, #6153, #673 ) ;
#5198 = ADVANCED_FACE ( 'NONE', ( #3241 ), #2657, .F. ) ;
#5199 = CARTESIAN_POINT ( 'NONE',  ( -71.89999999999994884, -22.87015455142720910, -31.00000000000000355 ) ) ;
#5200 = LINE ( 'NONE', #2414, #440 ) ;
#5201 = EDGE_CURVE ( 'NONE', #7150, #6836, #7100, .T. ) ;
#5202 = EDGE_CURVE ( 'NONE', #4898, #1273, #6214, .T. ) ;
#5203 = CARTESIAN_POINT ( 'NONE',  ( -9.499999999999943157, -22.87015455142720199, -13.50000000000000533 ) ) ;
#5204 = DIRECTION ( 'NONE',  ( 0.000000000000000000, -5.022723014296612268E-18, 1.000000000000000000 ) ) ;
#5205 = ORIENTED_EDGE ( 'NONE', *, *, #5567, .F. ) ;
#5206 = VERTEX_POINT ( 'NONE', #6095 ) ;
#5207 = CARTESIAN_POINT ( 'NONE',  ( -42.69999999999994600, -22.87015455142720555, -32.00000000000000711 ) ) ;
#5208 = EDGE_CURVE ( 'NONE', #2486, #2888, #3063, .T. ) ;
#5209 = PLANE ( 'NONE',  #1925 ) ;
#5210 = ADVANCED_FACE ( 'NONE', ( #3750 ), #5433, .T. ) ;
#5211 = ORIENTED_EDGE ( 'NONE', *, *, #2171, .T. ) ;
#5212 = CYLINDRICAL_SURFACE ( 'NONE', #2244, 2.000000000000000000 ) ;
#5213 = EDGE_LOOP ( 'NONE', ( #4175, #6946 ) ) ;
#5214 = CARTESIAN_POINT ( 'NONE',  ( -1.499999999999938938, -25.87015455142720199, 15.69999999999999929 ) ) ;
#5215 = VECTOR ( 'NONE', #5499, 1000.000000000000000 ) ;
#5216 = ORIENTED_EDGE ( 'NONE', *, *, #4846, .F. ) ;
#5217 = AXIS2_PLACEMENT_3D ( 'NONE', #6361, #3044, #5279 ) ;
#5218 = DIRECTION ( 'NONE',  ( -1.000000000000000000, 0.000000000000000000, 0.000000000000000000 ) ) ;
#5219 = DIRECTION ( 'NONE',  ( -1.268935612889287343E-16, 1.000000000000000000, -2.469788560855558288E-32 ) ) ;
#5220 = FACE_BOUND ( 'NONE', #6023, .T. ) ;
#5221 = PLANE ( 'NONE',  #2241 ) ;
#5222 = VECTOR ( 'NONE', #3730, 1000.000000000000000 ) ;
#5223 = DIRECTION ( 'NONE',  ( 1.000000000000000000, 0.000000000000000000, 0.000000000000000000 ) ) ;
#5224 = CARTESIAN_POINT ( 'NONE',  ( -5.199999999999940670, -25.87015455142720199, -2.500000000000000444 ) ) ;
#5225 = VERTEX_POINT ( 'NONE', #390 ) ;
#5226 = CARTESIAN_POINT ( 'NONE',  ( -12.49999999999993427, -25.87015455142720199, 58.39999999999999858 ) ) ;
#5227 = ORIENTED_EDGE ( 'NONE', *, *, #2386, .F. ) ;
#5228 = CARTESIAN_POINT ( 'NONE',  ( -94.39999999999996305, -22.87015455142721265, 5.200000000000000178 ) ) ;
#5229 = EDGE_LOOP ( 'NONE', ( #6720, #7029, #2475, #997 ) ) ;
#5230 = AXIS2_PLACEMENT_3D ( 'NONE', #2814, #5012, #6606 ) ;
#5231 = DIRECTION ( 'NONE',  ( 1.288097321785393689E-16, -1.000000000000000000, 3.489072158099908472E-32 ) ) ;
#5232 = CARTESIAN_POINT ( 'NONE',  ( -52.49999999999992184, -22.87015455142720555, 56.39999999999998437 ) ) ;
#5233 = CARTESIAN_POINT ( 'NONE',  ( -60.49999999999992895, -25.87015455142720910, 22.89999999999999147 ) ) ;
#5234 = ORIENTED_EDGE ( 'NONE', *, *, #3662, .F. ) ;
#5235 = FACE_BOUND ( 'NONE', #2041, .T. ) ;
#5236 = ORIENTED_EDGE ( 'NONE', *, *, #5460, .T. ) ;
#5237 = EDGE_CURVE ( 'NONE', #3802, #2655, #1608, .T. ) ;
#5238 = EDGE_CURVE ( 'NONE', #1654, #70, #4930, .T. ) ;
#5239 = AXIS2_PLACEMENT_3D ( 'NONE', #3793, #6165, #5004 ) ;
#5240 = CARTESIAN_POINT ( 'NONE',  ( -60.89999999999995595, -22.87015455142720910, 11.44999999999999751 ) ) ;
#5241 = EDGE_CURVE ( 'NONE', #3263, #146, #1108, .T. ) ;
#5242 = CYLINDRICAL_SURFACE ( 'NONE', #869, 8.000000000000000000 ) ;
#5243 = ORIENTED_EDGE ( 'NONE', *, *, #1751, .T. ) ;
#5244 = LINE ( 'NONE', #3663, #2924 ) ;
#5245 = ORIENTED_EDGE ( 'NONE', *, *, #6832, .F. ) ;
#5246 = SURFACE_STYLE_USAGE ( .BOTH. , #2496 ) ;
#5247 = AXIS2_PLACEMENT_3D ( 'NONE', #3462, #176, #5141 ) ;
#5248 = EDGE_CURVE ( 'NONE', #5546, #6020, #4352, .T. ) ;
#5249 = EDGE_CURVE ( 'NONE', #2205, #1858, #1104, .T. ) ;
#5250 = EDGE_LOOP ( 'NONE', ( #4793, #2659, #2053, #5476 ) ) ;
#5251 = CARTESIAN_POINT ( 'NONE',  ( -37.49999999999993605, -22.87015455142720555, 3.000000000000000000 ) ) ;
#5252 = LINE ( 'NONE', #1481, #1988 ) ;
#5253 = FACE_BOUND ( 'NONE', #854, .T. ) ;
#5254 = DIRECTION ( 'NONE',  ( 1.000000000000000000, 0.000000000000000000, 0.000000000000000000 ) ) ;
#5255 = ORIENTED_EDGE ( 'NONE', *, *, #2169, .T. ) ;
#5256 = CIRCLE ( 'NONE', #1072, 1.000000000000000888 ) ;
#5257 = CIRCLE ( 'NONE', #17, 3.000000000000000888 ) ;
#5258 = DIRECTION ( 'NONE',  ( 1.860284413285604114E-16, 5.944725313101900991E-32, 1.000000000000000000 ) ) ;
#5259 = CARTESIAN_POINT ( 'NONE',  ( -71.89999999999994884, -24.07015455142720839, 9.899999999999996803 ) ) ;
#5260 = AXIS2_PLACEMENT_3D ( 'NONE', #2940, #5177, #2798 ) ;
#5261 = VECTOR ( 'NONE', #523, 1000.000000000000000 ) ;
#5262 = EDGE_LOOP ( 'NONE', ( #1422, #1196, #43, #3027 ) ) ;
#5263 = DIRECTION ( 'NONE',  ( 1.288097321785393689E-16, -1.000000000000000000, 3.489072158099908472E-32 ) ) ;
#5264 = ORIENTED_EDGE ( 'NONE', *, *, #6100, .F. ) ;
#5265 = EDGE_LOOP ( 'NONE', ( #2431, #6363, #5057, #6412 ) ) ;
#5266 = CYLINDRICAL_SURFACE ( 'NONE', #7122, 8.000000000000000000 ) ;
#5267 = VERTEX_POINT ( 'NONE', #5394 ) ;
#5268 = AXIS2_PLACEMENT_3D ( 'NONE', #3809, #1005, #6032 ) ;
#5269 = VECTOR ( 'NONE', #4827, 1000.000000000000000 ) ;
#5270 = CARTESIAN_POINT ( 'NONE',  ( -50.49999999999992895, -25.87015455142720555, 55.89999999999998437 ) ) ;
#5271 = CARTESIAN_POINT ( 'NONE',  ( -45.69999999999992468, -25.87015455142720555, 41.89999999999998437 ) ) ;
#5272 = ORIENTED_EDGE ( 'NONE', *, *, #4454, .F. ) ;
#5273 = AXIS2_PLACEMENT_3D ( 'NONE', #2806, #3020, #6815 ) ;
#5274 = CARTESIAN_POINT ( 'NONE',  ( -54.19999999999993179, -22.87015455142720555, 53.89999999999999147 ) ) ;
#5275 = EDGE_CURVE ( 'NONE', #6388, #277, #7139, .T. ) ;
#5276 = EDGE_LOOP ( 'NONE', ( #6556, #6853 ) ) ;
#5277 = AXIS2_PLACEMENT_3D ( 'NONE', #3413, #6693, #128 ) ;
#5278 = DIRECTION ( 'NONE',  ( -1.000000000000000000, 0.000000000000000000, 0.000000000000000000 ) ) ;
#5279 = DIRECTION ( 'NONE',  ( 1.000000000000000000, 0.000000000000000000, 0.000000000000000000 ) ) ;
#5280 = CARTESIAN_POINT ( 'NONE',  ( -71.89999999999994884, -24.07015455142720839, -32.50000000000000000 ) ) ;
#5281 = VERTEX_POINT ( 'NONE', #943 ) ;
#5282 = EDGE_CURVE ( 'NONE', #2343, #146, #4709, .T. ) ;
#5283 = FACE_OUTER_BOUND ( 'NONE', #3909, .T. ) ;
#5284 = EDGE_LOOP ( 'NONE', ( #294, #4179, #6224, #2188 ) ) ;
#5285 = DIRECTION ( 'NONE',  ( 1.268935612889287343E-16, -1.000000000000000000, 2.469788560855558288E-32 ) ) ;
#5286 = EDGE_CURVE ( 'NONE', #2854, #6333, #3184, .T. ) ;
#5287 = AXIS2_PLACEMENT_3D ( 'NONE', #3603, #1424, #1941 ) ;
#5288 = EDGE_LOOP ( 'NONE', ( #1579, #6643, #1234, #5370 ) ) ;
#5289 = CARTESIAN_POINT ( 'NONE',  ( -38.99999999999992895, -15.57820799198817596, 37.36395190979015268 ) ) ;
#5290 = EDGE_CURVE ( 'NONE', #2720, #2299, #3280, .T. ) ;
#5291 = CARTESIAN_POINT ( 'NONE',  ( -55.39999999999994884, -22.87015455142720910, -2.000000000000000444 ) ) ;
#5292 = DIRECTION ( 'NONE',  ( -1.000000000000000000, 0.000000000000000000, 0.000000000000000000 ) ) ;
#5293 = VERTEX_POINT ( 'NONE', #4464 ) ;
#5294 = VECTOR ( 'NONE', #345, 1000.000000000000000 ) ;
#5295 = DIRECTION ( 'NONE',  ( -1.000000000000000000, -1.278526357607465097E-16, 0.000000000000000000 ) ) ;
#5296 = CIRCLE ( 'NONE', #1340, 1.000000000000000000 ) ;
#5297 = DIRECTION ( 'NONE',  ( -1.000000000000000000, 0.000000000000000000, 0.000000000000000000 ) ) ;
#5298 = ORIENTED_EDGE ( 'NONE', *, *, #5999, .T. ) ;
#5299 = FACE_OUTER_BOUND ( 'NONE', #3049, .T. ) ;
#5300 = EDGE_CURVE ( 'NONE', #5880, #1803, #6630, .T. ) ;
#5301 = VERTEX_POINT ( 'NONE', #1498 ) ;
#5302 = EDGE_LOOP ( 'NONE', ( #2249, #6769, #3996, #4047 ) ) ;
#5303 = DIRECTION ( 'NONE',  ( -1.288097321785393689E-16, 1.000000000000000000, -3.489072158099908472E-32 ) ) ;
#5304 = ORIENTED_EDGE ( 'NONE', *, *, #4443, .T. ) ;
#5305 = CARTESIAN_POINT ( 'NONE',  ( -34.99999999999993605, -25.87015455142720555, 51.94999999999999574 ) ) ;
#5306 = CARTESIAN_POINT ( 'NONE',  ( -93.89999999999994884, -22.87015455142721265, 5.899999999999998579 ) ) ;
#5307 = ORIENTED_EDGE ( 'NONE', *, *, #4446, .T. ) ;
#5308 = FACE_BOUND ( 'NONE', #4381, .T. ) ;
#5309 = ORIENTED_EDGE ( 'NONE', *, *, #5241, .T. ) ;
#5310 = CARTESIAN_POINT ( 'NONE',  ( -42.49999999999992895, -25.87015455142720555, 47.89999999999998437 ) ) ;
#5311 = DIRECTION ( 'NONE',  ( -1.278526357607465097E-16, 1.000000000000000000, 5.022723014296544476E-18 ) ) ;
#5312 = DIRECTION ( 'NONE',  ( 1.000000000000000000, 1.288097321785394182E-16, 6.400303567556334172E-16 ) ) ;
#5313 = ORIENTED_EDGE ( 'NONE', *, *, #4403, .F. ) ;
#5314 = FACE_OUTER_BOUND ( 'NONE', #1092, .T. ) ;
#5315 = ORIENTED_EDGE ( 'NONE', *, *, #2785, .F. ) ;
#5316 = VERTEX_POINT ( 'NONE', #5944 ) ;
#5317 = VECTOR ( 'NONE', #1171, 1000.000000000000000 ) ;
#5318 = DIRECTION ( 'NONE',  ( 2.311115933264671392E-33, 3.697785493223492838E-32, 1.000000000000000000 ) ) ;
#5319 = EDGE_LOOP ( 'NONE', ( #3374, #2400 ) ) ;
#5320 = DIRECTION ( 'NONE',  ( 1.540743955509788340E-33, 8.323527102631437622E-34, 1.000000000000000000 ) ) ;
#5321 = EDGE_CURVE ( 'NONE', #1661, #3634, #6905, .T. ) ;
#5322 = VECTOR ( 'NONE', #1124, 1000.000000000000000 ) ;
#5323 = CARTESIAN_POINT ( 'NONE',  ( -16.49999999999993960, -25.87015455142720199, 8.199999999999999289 ) ) ;
#5324 = VERTEX_POINT ( 'NONE', #4055 ) ;
#5325 = EDGE_CURVE ( 'NONE', #4515, #2826, #5175, .T. ) ;
#5326 = CARTESIAN_POINT ( 'NONE',  ( -94.39999999999996305, -22.87015455142721265, -24.80000000000000426 ) ) ;
#5327 = EDGE_CURVE ( 'NONE', #1343, #1469, #2366, .T. ) ;
#5328 = CARTESIAN_POINT ( 'NONE',  ( -71.89999999999994884, -25.87015455142720910, -26.49999999999999645 ) ) ;
#5329 = VERTEX_POINT ( 'NONE', #580 ) ;
#5330 = DIRECTION ( 'NONE',  ( 0.000000000000000000, 0.000000000000000000, -1.000000000000000000 ) ) ;
#5331 = DIRECTION ( 'NONE',  ( 1.860284413285604114E-16, 5.944725313101900991E-32, 1.000000000000000000 ) ) ;
#5332 = ORIENTED_EDGE ( 'NONE', *, *, #5506, .F. ) ;
#5333 = ORIENTED_EDGE ( 'NONE', *, *, #6745, .F. ) ;
#5334 = DIRECTION ( 'NONE',  ( -1.000000000000000000, 0.000000000000000000, 0.000000000000000000 ) ) ;
#5335 = EDGE_CURVE ( 'NONE', #5008, #3335, #5037, .T. ) ;
#5336 = ORIENTED_EDGE ( 'NONE', *, *, #427, .T. ) ;
#5337 = AXIS2_PLACEMENT_3D ( 'NONE', #3442, #2183, #5054 ) ;
#5338 = CYLINDRICAL_SURFACE ( 'NONE', #5927, 1.000000000000000888 ) ;
#5339 = DIRECTION ( 'NONE',  ( -1.288097321785393689E-16, 1.000000000000000000, -3.489072158099908472E-32 ) ) ;
#5340 = ORIENTED_EDGE ( 'NONE', *, *, #5717, .T. ) ;
#5341 = DIRECTION ( 'NONE',  ( 1.000000000000000000, 1.278526357607465097E-16, 6.421683760739835630E-34 ) ) ;
#5342 = VERTEX_POINT ( 'NONE', #1140 ) ;
#5343 = CARTESIAN_POINT ( 'NONE',  ( -85.89999999999992042, -22.87015455142720910, 55.89999999999999858 ) ) ;
#5344 = LINE ( 'NONE', #337, #1259 ) ;
#5345 = CARTESIAN_POINT ( 'NONE',  ( -50.39999999999994174, -24.07015455142720839, -13.50000000000000533 ) ) ;
#5346 = ORIENTED_EDGE ( 'NONE', *, *, #1500, .T. ) ;
#5347 = CARTESIAN_POINT ( 'NONE',  ( -68.39999999999994884, -25.87015455142720910, -2.100000000000004530 ) ) ;
#5348 = ORIENTED_EDGE ( 'NONE', *, *, #5900, .T. ) ;
#5349 = VERTEX_POINT ( 'NONE', #3495 ) ;
#5350 = VECTOR ( 'NONE', #6409, 1000.000000000000000 ) ;
#5351 = DIRECTION ( 'NONE',  ( -1.288097321785393689E-16, 1.000000000000000000, -3.489072158099908472E-32 ) ) ;
#5352 = CARTESIAN_POINT ( 'NONE',  ( -6.449999999999938005, -22.87015455142720199, -21.00000000000000000 ) ) ;
#5353 = FACE_BOUND ( 'NONE', #4346, .T. ) ;
#5354 = DIRECTION ( 'NONE',  ( -1.000000000000000000, 0.000000000000000000, 0.000000000000000000 ) ) ;
#5355 = CARTESIAN_POINT ( 'NONE',  ( -60.49999999999992895, -15.87015455142720732, 37.89999999999999147 ) ) ;
#5356 = FACE_BOUND ( 'NONE', #439, .T. ) ;
#5357 = VERTEX_POINT ( 'NONE', #3353 ) ;
#5358 = CARTESIAN_POINT ( 'NONE',  ( -93.89999999999994884, -25.87015455142721265, -25.50000000000000355 ) ) ;
#5359 = CARTESIAN_POINT ( 'NONE',  ( -44.44999999999991758, -25.87015455142720555, 41.89999999999998437 ) ) ;
#5360 = VERTEX_POINT ( 'NONE', #4566 ) ;
#5361 = EDGE_CURVE ( 'NONE', #2655, #3430, #1440, .T. ) ;
#5362 = CARTESIAN_POINT ( 'NONE',  ( -68.39999999999994884, -25.87015455142720910, -25.49999999999998934 ) ) ;
#5363 = EDGE_CURVE ( 'NONE', #695, #6738, #4019, .T. ) ;
#5364 = ORIENTED_EDGE ( 'NONE', *, *, #5335, .T. ) ;
#5365 = EDGE_CURVE ( 'NONE', #2737, #126, #7019, .T. ) ;
#5366 = AXIS2_PLACEMENT_3D ( 'NONE', #1641, #4345, #2728 ) ;
#5367 = ORIENTED_EDGE ( 'NONE', *, *, #1596, .F. ) ;
#5368 = FACE_OUTER_BOUND ( 'NONE', #6584, .T. ) ;
#5369 = CARTESIAN_POINT ( 'NONE',  ( -48.89999999999994174, -22.87015455142720555, -13.50000000000000533 ) ) ;
#5370 = ORIENTED_EDGE ( 'NONE', *, *, #6654, .F. ) ;
#5371 = DIRECTION ( 'NONE',  ( 1.278526357607465097E-16, -1.000000000000000000, -5.022723014296544476E-18 ) ) ;
#5372 = EDGE_CURVE ( 'NONE', #6492, #2064, #3914, .T. ) ;
#5373 = VERTEX_POINT ( 'NONE', #4534 ) ;
#5374 = CIRCLE ( 'NONE', #5842, 3.000000000000002665 ) ;
#5375 = DIRECTION ( 'NONE',  ( 0.000000000000000000, 0.000000000000000000, 1.000000000000000000 ) ) ;
#5376 = CIRCLE ( 'NONE', #4109, 1.250000000000001110 ) ;
#5377 = DIRECTION ( 'NONE',  ( 1.288097321785393689E-16, -1.000000000000000000, 3.489072158099908472E-32 ) ) ;
#5378 = CIRCLE ( 'NONE', #6420, 1.250000000000001110 ) ;
#5379 = CYLINDRICAL_SURFACE ( 'NONE', #1176, 3.000000000000000888 ) ;
#5380 = DIRECTION ( 'NONE',  ( 0.000000000000000000, 0.000000000000000000, -1.000000000000000000 ) ) ;
#5381 = ORIENTED_EDGE ( 'NONE', *, *, #1679, .F. ) ;
#5382 = EDGE_LOOP ( 'NONE', ( #2990, #7041, #4357, #3800 ) ) ;
#5383 = EDGE_CURVE ( 'NONE', #5701, #1397, #2874, .T. ) ;
#5384 = ORIENTED_EDGE ( 'NONE', *, *, #2469, .T. ) ;
#5385 = DIRECTION ( 'NONE',  ( 1.268935612889287343E-16, -1.000000000000000000, 2.469788560855558288E-32 ) ) ;
#5386 = AXIS2_PLACEMENT_3D ( 'NONE', #3685, #3799, #5334 ) ;
#5387 = CARTESIAN_POINT ( 'NONE',  ( -50.19999999999994600, -25.87015455142720910, -21.00000000000000000 ) ) ;
#5388 = LINE ( 'NONE', #6050, #2487 ) ;
#5389 = CIRCLE ( 'NONE', #1674, 1.499999999999999556 ) ;
#5390 = CARTESIAN_POINT ( 'NONE',  ( -22.37615976230803483, -22.87015455142720199, 3.000000000000000000 ) ) ;
#5391 = DIRECTION ( 'NONE',  ( -1.000000000000000000, 0.000000000000000000, 0.000000000000000000 ) ) ;
#5392 = CIRCLE ( 'NONE', #6103, 1.500000000000004885 ) ;
#5393 = EDGE_CURVE ( 'NONE', #6212, #578, #5182, .T. ) ;
#5394 = CARTESIAN_POINT ( 'NONE',  ( -75.53758619217045123, -22.87015455142721265, 17.89999999999999858 ) ) ;
#5395 = CARTESIAN_POINT ( 'NONE',  ( -85.89999999999992042, -25.87015455142721265, 56.39999999999998437 ) ) ;
#5396 = ORIENTED_EDGE ( 'NONE', *, *, #5018, .T. ) ;
#5397 = DIRECTION ( 'NONE',  ( -1.000000000000000000, -1.278526357607465097E-16, 0.000000000000000000 ) ) ;
#5398 = CARTESIAN_POINT ( 'NONE',  ( -54.19999999999993179, -22.87015455142720555, 56.89999999999998437 ) ) ;
#5399 = AXIS2_PLACEMENT_3D ( 'NONE', #2732, #6596, #5980 ) ;
#5400 = EDGE_LOOP ( 'NONE', ( #2671, #311, #2072, #4749 ) ) ;
#5401 = VERTEX_POINT ( 'NONE', #4500 ) ;
#5402 = DIRECTION ( 'NONE',  ( 0.000000000000000000, 0.000000000000000000, -1.000000000000000000 ) ) ;
#5403 = VERTEX_POINT ( 'NONE', #6707 ) ;
#5404 = CIRCLE ( 'NONE', #982, 1.500000000000001332 ) ;
#5405 = AXIS2_PLACEMENT_3D ( 'NONE', #3567, #4086, #3531 ) ;
#5406 = ORIENTED_EDGE ( 'NONE', *, *, #6478, .F. ) ;
#5407 = ADVANCED_FACE ( 'NONE', ( #1721 ), #175, .F. ) ;
#5408 = CARTESIAN_POINT ( 'NONE',  ( -27.49999999999993605, -15.87015455142720377, 38.39999999999999147 ) ) ;
#5409 = CARTESIAN_POINT ( 'NONE',  ( -2.499999999999939604, -22.87015455142719844, 13.00000000000000178 ) ) ;
#5410 = EDGE_LOOP ( 'NONE', ( #5987, #551, #3594, #850 ) ) ;
#5411 = EDGE_CURVE ( 'NONE', #1558, #2410, #3946, .T. ) ;
#5412 = CARTESIAN_POINT ( 'NONE',  ( -55.39999999999994884, -25.87015455142720910, -4.949188263117179308E-31 ) ) ;
#5413 = AXIS2_PLACEMENT_3D ( 'NONE', #5090, #602, #1668 ) ;
#5414 = DIRECTION ( 'NONE',  ( 1.000000000000000000, 1.268935612889287343E-16, -2.311115933264682682E-33 ) ) ;
#5415 = ADVANCED_FACE ( 'NONE', ( #2909 ), #5106, .F. ) ;
#5416 = CIRCLE ( 'NONE', #5188, 1.250000000000001110 ) ;
#5417 = LINE ( 'NONE', #411, #87 ) ;
#5418 = CARTESIAN_POINT ( 'NONE',  ( -41.69999999999994600, -22.87015455142720555, -32.00000000000000711 ) ) ;
#5419 = DIRECTION ( 'NONE',  ( -1.278526357607465097E-16, 1.000000000000000000, 5.022723014296544476E-18 ) ) ;
#5420 = VERTEX_POINT ( 'NONE', #4605 ) ;
#5421 = AXIS2_PLACEMENT_3D ( 'NONE', #1807, #5231, #2445 ) ;
#5422 = EDGE_LOOP ( 'NONE', ( #5722, #4520, #3610, #4701 ) ) ;
#5423 = VERTEX_POINT ( 'NONE', #5622 ) ;
#5424 = CARTESIAN_POINT ( 'NONE',  ( -95.89999999999993463, -22.87015455142721265, 22.89999999999999147 ) ) ;
#5425 = EDGE_CURVE ( 'NONE', #6549, #2976, #6812, .T. ) ;
#5426 = EDGE_CURVE ( 'NONE', #1992, #1965, #5075, .T. ) ;
#5427 = CYLINDRICAL_SURFACE ( 'NONE', #4863, 1.000000000000000888 ) ;
#5428 = LINE ( 'NONE', #4343, #6570 ) ;
#5429 = DIRECTION ( 'NONE',  ( -1.268935612889287343E-16, 1.000000000000000000, 1.026341648675403128E-48 ) ) ;
#5430 = CARTESIAN_POINT ( 'NONE',  ( -35.49999999999993605, -25.87015455142720555, 46.39999999999999147 ) ) ;
#5431 = CARTESIAN_POINT ( 'NONE',  ( -27.52239814395782247, -25.87015455142720555, 1.499999999999999778 ) ) ;
#5432 = ORIENTED_EDGE ( 'NONE', *, *, #700, .F. ) ;
#5433 = PLANE ( 'NONE',  #5399 ) ;
#5434 = DIRECTION ( 'NONE',  ( -1.268935612889287343E-16, 1.000000000000000000, 1.026341648675403128E-48 ) ) ;
#5435 = ORIENTED_EDGE ( 'NONE', *, *, #5468, .F. ) ;
#5436 = CARTESIAN_POINT ( 'NONE',  ( -40.49999999999992184, -22.87015455142720555, 58.39999999999998437 ) ) ;
#5437 = ORIENTED_EDGE ( 'NONE', *, *, #661, .F. ) ;
#5438 = ORIENTED_EDGE ( 'NONE', *, *, #1054, .F. ) ;
#5439 = CARTESIAN_POINT ( 'NONE',  ( -95.89999999999996305, -22.87015455142721265, -27.50000000000000355 ) ) ;
#5440 = VERTEX_POINT ( 'NONE', #6200 ) ;
#5441 = EDGE_LOOP ( 'NONE', ( #6269, #4956 ) ) ;
#5442 = AXIS2_PLACEMENT_3D ( 'NONE', #5613, #680, #2832 ) ;
#5443 = ORIENTED_EDGE ( 'NONE', *, *, #1819, .T. ) ;
#5444 = CARTESIAN_POINT ( 'NONE',  ( -56.89999999999994884, -25.87015455142720910, -13.50000000000000178 ) ) ;
#5445 = CARTESIAN_POINT ( 'NONE',  ( -79.39999999999994884, -25.87015455142721265, 12.69999999999999929 ) ) ;
#5446 = AXIS2_PLACEMENT_3D ( 'NONE', #449, #3147, #374 ) ;
#5447 = LINE ( 'NONE', #5409, #3270 ) ;
#5448 = ORIENTED_EDGE ( 'NONE', *, *, #7138, .T. ) ;
#5449 = CARTESIAN_POINT ( 'NONE',  ( -83.89999999999992042, -15.87015455142721088, 45.89999999999999858 ) ) ;
#5450 = VECTOR ( 'NONE', #4833, 1000.000000000000000 ) ;
#5451 = LINE ( 'NONE', #5531, #6937 ) ;
#5452 = DIRECTION ( 'NONE',  ( 1.268935612889287343E-16, -1.000000000000000000, 2.469788560855558288E-32 ) ) ;
#5453 = CARTESIAN_POINT ( 'NONE',  ( -71.89999999999994884, -25.87015455142720910, -32.50000000000000000 ) ) ;
#5454 = CARTESIAN_POINT ( 'NONE',  ( -60.89999999999995595, -25.87015455142720910, -32.29999999999999716 ) ) ;
#5455 = EDGE_LOOP ( 'NONE', ( #4828, #4540, #5637, #3368 ) ) ;
#5456 = EDGE_LOOP ( 'NONE', ( #4164, #5005, #6469, #6377 ) ) ;
#5457 = ORIENTED_EDGE ( 'NONE', *, *, #3671, .F. ) ;
#5458 = DIRECTION ( 'NONE',  ( 0.000000000000000000, 0.000000000000000000, 1.000000000000000000 ) ) ;
#5459 = EDGE_CURVE ( 'NONE', #2258, #296, #1212, .T. ) ;
#5460 = EDGE_CURVE ( 'NONE', #6436, #2443, #986, .T. ) ;
#5461 = EDGE_CURVE ( 'NONE', #4190, #2495, #1934, .T. ) ;
#5462 = AXIS2_PLACEMENT_3D ( 'NONE', #3804, #11, #2247 ) ;
#5463 = DIRECTION ( 'NONE',  ( -1.000000000000000000, 0.000000000000000000, 0.000000000000000000 ) ) ;
#5464 = CARTESIAN_POINT ( 'NONE',  ( -83.89999999999992042, -22.87015455142720910, 58.39999999999998437 ) ) ;
#5465 = PLANE ( 'NONE',  #6345 ) ;
#5466 = DIRECTION ( 'NONE',  ( 1.000000000000000000, 1.268935612889287343E-16, -2.311115933264676181E-33 ) ) ;
#5467 = ORIENTED_EDGE ( 'NONE', *, *, #4743, .F. ) ;
#5468 = EDGE_CURVE ( 'NONE', #6232, #3545, #2008, .T. ) ;
#5469 = EDGE_CURVE ( 'NONE', #900, #7136, #5765, .T. ) ;
#5470 = AXIS2_PLACEMENT_3D ( 'NONE', #3915, #1141, #6131 ) ;
#5471 = CARTESIAN_POINT ( 'NONE',  ( -23.99999999999993605, -25.87015455142720555, 50.39999999999999858 ) ) ;
#5472 = DIRECTION ( 'NONE',  ( 1.278526357607465097E-16, -1.000000000000000000, -5.022723014296544476E-18 ) ) ;
#5473 = ORIENTED_EDGE ( 'NONE', *, *, #5461, .F. ) ;
#5474 = PLANE ( 'NONE',  #409 ) ;
#5475 = DIRECTION ( 'NONE',  ( 0.000000000000000000, 0.000000000000000000, 1.000000000000000000 ) ) ;
#5476 = ORIENTED_EDGE ( 'NONE', *, *, #2228, .F. ) ;
#5477 = ORIENTED_EDGE ( 'NONE', *, *, #6870, .F. ) ;
#5478 = CARTESIAN_POINT ( 'NONE',  ( -71.89999999999994884, -22.87015455142720910, 8.399999999999998579 ) ) ;
#5479 = VERTEX_POINT ( 'NONE', #5352 ) ;
#5480 = EDGE_LOOP ( 'NONE', ( #341, #718, #4250, #2664 ) ) ;
#5481 = CARTESIAN_POINT ( 'NONE',  ( -27.49999999999993250, -22.87015455142720555, 46.39999999999999147 ) ) ;
#5482 = CARTESIAN_POINT ( 'NONE',  ( -45.69999999999992468, -25.87015455142720555, 41.89999999999998437 ) ) ;
#5483 = FACE_OUTER_BOUND ( 'NONE', #3238, .T. ) ;
#5484 = VERTEX_POINT ( 'NONE', #1863 ) ;
#5485 = DIRECTION ( 'NONE',  ( 0.000000000000000000, 0.000000000000000000, 1.000000000000000000 ) ) ;
#5486 = ORIENTED_EDGE ( 'NONE', *, *, #1949, .F. ) ;
#5487 = VECTOR ( 'NONE', #6182, 1000.000000000000000 ) ;
#5488 = DIRECTION ( 'NONE',  ( 1.000000000000000000, 1.268935612889287343E-16, -2.311115933264683024E-33 ) ) ;
#5489 = LINE ( 'NONE', #895, #2077 ) ;
#5490 = LINE ( 'NONE', #3816, #2562 ) ;
#5491 = DIRECTION ( 'NONE',  ( 1.268935612889287343E-16, -1.000000000000000000, -1.026341648675403128E-48 ) ) ;
#5492 = AXIS2_PLACEMENT_3D ( 'NONE', #3629, #5795, #4805 ) ;
#5493 = ORIENTED_EDGE ( 'NONE', *, *, #1055, .F. ) ;
#5494 = VECTOR ( 'NONE', #6749, 1000.000000000000000 ) ;
#5495 = VERTEX_POINT ( 'NONE', #4771 ) ;
#5496 = DIRECTION ( 'NONE',  ( -1.278526357607465097E-16, 1.000000000000000000, 5.022723014296544476E-18 ) ) ;
#5497 = AXIS2_PLACEMENT_3D ( 'NONE', #2827, #4521, #5645 ) ;
#5498 = CIRCLE ( 'NONE', #5040, 3.000000000000002665 ) ;
#5499 = DIRECTION ( 'NONE',  ( 1.268935612889287343E-16, -1.000000000000000000, 2.469788560855558288E-32 ) ) ;
#5500 = ADVANCED_FACE ( 'NONE', ( #832 ), #243, .F. ) ;
#5501 = FACE_OUTER_BOUND ( 'NONE', #2567, .T. ) ;
#5502 = CARTESIAN_POINT ( 'NONE',  ( -71.89999999999994884, -22.87015455142720910, 9.899999999999996803 ) ) ;
#5503 = CARTESIAN_POINT ( 'NONE',  ( -37.49999999999993605, -22.87015455142720555, 3.000000000000000000 ) ) ;
#5504 = VERTEX_POINT ( 'NONE', #5902 ) ;
#5505 = CIRCLE ( 'NONE', #1423, 1.499999999999994449 ) ;
#5506 = EDGE_CURVE ( 'NONE', #4125, #3665, #280, .T. ) ;
#5507 = VERTEX_POINT ( 'NONE', #4643 ) ;
#5508 = AXIS2_PLACEMENT_3D ( 'NONE', #4768, #6979, #7163 ) ;
#5509 = ADVANCED_FACE ( 'NONE', ( #6912 ), #4159, .F. ) ;
#5510 = EDGE_CURVE ( 'NONE', #6285, #4720, #2535, .T. ) ;
#5511 = CARTESIAN_POINT ( 'NONE',  ( -55.39999999999994884, -25.87015455142720910, -4.949188263117179308E-31 ) ) ;
#5512 = DIRECTION ( 'NONE',  ( 1.000000000000000000, 1.288097321785394182E-16, -2.081668171172168513E-17 ) ) ;
#5513 = ORIENTED_EDGE ( 'NONE', *, *, #5825, .F. ) ;
#5514 = CARTESIAN_POINT ( 'NONE',  ( -58.39999999999994884, -25.87015455142720910, -35.50000000000000000 ) ) ;
#5515 = LINE ( 'NONE', #6742, #4576 ) ;
#5516 = ORIENTED_EDGE ( 'NONE', *, *, #4002, .T. ) ;
#5517 = ORIENTED_EDGE ( 'NONE', *, *, #1372, .T. ) ;
#5518 = DIRECTION ( 'NONE',  ( 1.288097321785394182E-16, -1.000000000000000000, 3.489072158099908472E-32 ) ) ;
#5519 = ORIENTED_EDGE ( 'NONE', *, *, #7194, .T. ) ;
#5520 = CIRCLE ( 'NONE', #851, 3.000000000000000888 ) ;
#5521 = EDGE_CURVE ( 'NONE', #630, #5932, #6369, .T. ) ;
#5522 = DIRECTION ( 'NONE',  ( 1.540743955509788340E-33, 8.323527102631437622E-34, 1.000000000000000000 ) ) ;
#5523 = VECTOR ( 'NONE', #2274, 1000.000000000000000 ) ;
#5524 = DIRECTION ( 'NONE',  ( -1.000000000000000000, -1.288097321785394182E-16, 2.081668171172168513E-17 ) ) ;
#5525 = ADVANCED_FACE ( 'NONE', ( #6304 ), #6843, .F. ) ;
#5526 = DIRECTION ( 'NONE',  ( -1.288097321785393689E-16, 1.000000000000000000, -3.489072158099908472E-32 ) ) ;
#5527 = EDGE_LOOP ( 'NONE', ( #6585, #85, #356, #2316 ) ) ;
#5528 = CARTESIAN_POINT ( 'NONE',  ( -35.49999999999993605, -22.87015455142720555, 56.39999999999999858 ) ) ;
#5529 = ORIENTED_EDGE ( 'NONE', *, *, #3328, .F. ) ;
#5530 = AXIS2_PLACEMENT_3D ( 'NONE', #3743, #7132, #7093 ) ;
#5531 = CARTESIAN_POINT ( 'NONE',  ( -74.03758619217045123, -15.57820799198817951, 19.39999999999999503 ) ) ;
#5532 = DIRECTION ( 'NONE',  ( -1.268935612889287343E-16, 1.000000000000000000, 1.026341648675403128E-48 ) ) ;
#5533 = LINE ( 'NONE', #2752, #241 ) ;
#5534 = CARTESIAN_POINT ( 'NONE',  ( -19.99999999999995381, -15.87015455142720377, -17.00000000000000711 ) ) ;
#5535 = AXIS2_PLACEMENT_3D ( 'NONE', #451, #5419, #4838 ) ;
#5536 = EDGE_LOOP ( 'NONE', ( #3429, #6359, #3299, #1102 ) ) ;
#5537 = ORIENTED_EDGE ( 'NONE', *, *, #6745, .T. ) ;
#5538 = ORIENTED_EDGE ( 'NONE', *, *, #2217, .T. ) ;
#5539 = CARTESIAN_POINT ( 'NONE',  ( -71.89999999999994884, -25.87015455142720910, 6.899999999999996803 ) ) ;
#5540 = AXIS2_PLACEMENT_3D ( 'NONE', #1382, #2435, #4673 ) ;
#5541 = CARTESIAN_POINT ( 'NONE',  ( -60.89999999999995595, -25.87015455142720910, 11.44999999999999751 ) ) ;
#5542 = CIRCLE ( 'NONE', #5191, 1.250000000000001110 ) ;
#5543 = FACE_OUTER_BOUND ( 'NONE', #802, .T. ) ;
#5544 = CARTESIAN_POINT ( 'NONE',  ( -23.99999999999993605, -24.07015455142720128, 47.39999999999999858 ) ) ;
#5545 = DIRECTION ( 'NONE',  ( -6.608470384673552010E-16, -8.302488146810123651E-32, 1.000000000000000000 ) ) ;
#5546 = VERTEX_POINT ( 'NONE', #3123 ) ;
#5547 = CIRCLE ( 'NONE', #1939, 1.500000000000001332 ) ;
#5548 = ADVANCED_FACE ( 'NONE', ( #1970 ), #3016, .F. ) ;
#5549 = CARTESIAN_POINT ( 'NONE',  ( -83.39999999999994884, -22.87015455142721265, -35.50000000000000000 ) ) ;
#5550 = DIRECTION ( 'NONE',  ( 1.268935612889287343E-16, -1.000000000000000000, -1.026341648675403128E-48 ) ) ;
#5551 = ORIENTED_EDGE ( 'NONE', *, *, #1496, .F. ) ;
#5552 = CARTESIAN_POINT ( 'NONE',  ( -16.49999999999993960, -25.87015455142720199, 6.949999999999998401 ) ) ;
#5553 = LINE ( 'NONE', #2769, #4801 ) ;
#5554 = ORIENTED_EDGE ( 'NONE', *, *, #4362, .F. ) ;
#5555 = ORIENTED_EDGE ( 'NONE', *, *, #37, .T. ) ;
#5556 = CIRCLE ( 'NONE', #3808, 3.000000000000002665 ) ;
#5557 = EDGE_CURVE ( 'NONE', #1558, #3802, #2278, .T. ) ;
#5558 = ADVANCED_FACE ( 'NONE', ( #1314 ), #3599, .F. ) ;
#5559 = EDGE_CURVE ( 'NONE', #2365, #1715, #1456, .T. ) ;
#5560 = DIRECTION ( 'NONE',  ( 1.540743955509788340E-33, 8.323527102631437622E-34, 1.000000000000000000 ) ) ;
#5561 = DIRECTION ( 'NONE',  ( 1.000000000000000000, 0.000000000000000000, 0.000000000000000000 ) ) ;
#5562 = CARTESIAN_POINT ( 'NONE',  ( -23.99999999999993605, -25.87015455142720555, 47.39999999999999858 ) ) ;
#5563 = ORIENTED_EDGE ( 'NONE', *, *, #2963, .T. ) ;
#5564 = AXIS2_PLACEMENT_3D ( 'NONE', #2758, #1134, #646 ) ;
#5565 = FACE_OUTER_BOUND ( 'NONE', #3916, .T. ) ;
#5566 = ORIENTED_EDGE ( 'NONE', *, *, #2787, .F. ) ;
#5567 = EDGE_CURVE ( 'NONE', #2852, #1207, #3669, .T. ) ;
#5568 = CARTESIAN_POINT ( 'NONE',  ( -45.69999999999992468, -25.87015455142720555, 23.39999999999998792 ) ) ;
#5569 = CIRCLE ( 'NONE', #4054, 8.000000000000000000 ) ;
#5570 = FACE_OUTER_BOUND ( 'NONE', #1830, .T. ) ;
#5571 = PLANE ( 'NONE',  #1580 ) ;
#5572 = EDGE_LOOP ( 'NONE', ( #4497, #3314, #1843, #1622 ) ) ;
#5573 = ORIENTED_EDGE ( 'NONE', *, *, #1851, .T. ) ;
#5574 = ORIENTED_EDGE ( 'NONE', *, *, #1403, .F. ) ;
#5575 = CARTESIAN_POINT ( 'NONE',  ( -71.89999999999994884, -22.87015455142720910, -29.50000000000000000 ) ) ;
#5576 = DIRECTION ( 'NONE',  ( 1.000000000000000000, 0.000000000000000000, 0.000000000000000000 ) ) ;
#5577 = CARTESIAN_POINT ( 'NONE',  ( -71.89999999999994884, -24.07015455142720839, -29.50000000000000000 ) ) ;
#5578 = DIRECTION ( 'NONE',  ( -1.288097321785393689E-16, 1.000000000000000000, -3.489072158099908472E-32 ) ) ;
#5579 = ORIENTED_EDGE ( 'NONE', *, *, #334, .F. ) ;
#5580 = ORIENTED_EDGE ( 'NONE', *, *, #5900, .F. ) ;
#5581 = AXIS2_PLACEMENT_3D ( 'NONE', #589, #1657, #5592 ) ;
#5582 = DIRECTION ( 'NONE',  ( -1.278526357607465097E-16, 1.000000000000000000, 5.022723014296544476E-18 ) ) ;
#5583 = LINE ( 'NONE', #6708, #1510 ) ;
#5584 = AXIS2_PLACEMENT_3D ( 'NONE', #351, #288, #912 ) ;
#5585 = DIRECTION ( 'NONE',  ( 1.000000000000000000, 1.268935612889287343E-16, -2.311115933264682682E-33 ) ) ;
#5586 = DIRECTION ( 'NONE',  ( 2.081668171172168513E-17, 3.816637062202878161E-32, 1.000000000000000000 ) ) ;
#5587 = ORIENTED_EDGE ( 'NONE', *, *, #4043, .F. ) ;
#5588 = ORIENTED_EDGE ( 'NONE', *, *, #4173, .F. ) ;
#5589 = ORIENTED_EDGE ( 'NONE', *, *, #4123, .F. ) ;
#5590 = AXIS2_PLACEMENT_3D ( 'NONE', #6058, #3281, #5512 ) ;
#5591 = CARTESIAN_POINT ( 'NONE',  ( -27.49999999999993605, -15.87015455142720377, 23.00000000000000355 ) ) ;
#5592 = DIRECTION ( 'NONE',  ( 0.000000000000000000, 0.000000000000000000, 1.000000000000000000 ) ) ;
#5593 = EDGE_CURVE ( 'NONE', #2678, #557, #6338, .T. ) ;
#5594 = CARTESIAN_POINT ( 'NONE',  ( -11.99999999999994138, -25.87015455142720199, -37.50000000000000711 ) ) ;
#5595 = ORIENTED_EDGE ( 'NONE', *, *, #2963, .F. ) ;
#5596 = VECTOR ( 'NONE', #6201, 1000.000000000000000 ) ;
#5597 = CARTESIAN_POINT ( 'NONE',  ( -37.49999999999993605, -22.87015455142720555, 58.39999999999999858 ) ) ;
#5598 = ORIENTED_EDGE ( 'NONE', *, *, #6785, .F. ) ;
#5599 = EDGE_CURVE ( 'NONE', #259, #4720, #53, .T. ) ;
#5600 = CARTESIAN_POINT ( 'NONE',  ( -12.69999999999994067, -25.87015455142720199, -36.00000000000000711 ) ) ;
#5601 = LINE ( 'NONE', #4411, #3693 ) ;
#5602 = EDGE_CURVE ( 'NONE', #900, #4770, #422, .T. ) ;
#5603 = DIRECTION ( 'NONE',  ( -1.278526357607465097E-16, 1.000000000000000000, 5.022723014296544476E-18 ) ) ;
#5604 = ADVANCED_FACE ( 'NONE', ( #4423 ), #1639, .F. ) ;
#5605 = DIRECTION ( 'NONE',  ( -1.288097321785393689E-16, 1.000000000000000000, -3.489072158099908472E-32 ) ) ;
#5606 = EDGE_CURVE ( 'NONE', #3082, #503, #5936, .T. ) ;
#5607 = ORIENTED_EDGE ( 'NONE', *, *, #4592, .T. ) ;
#5608 = CARTESIAN_POINT ( 'NONE',  ( -19.99999999999995381, -22.87015455142720555, -25.00000000000001066 ) ) ;
#5609 = EDGE_LOOP ( 'NONE', ( #3402, #1813 ) ) ;
#5610 = CIRCLE ( 'NONE', #5724, 1.250000000000001110 ) ;
#5611 = DIRECTION ( 'NONE',  ( 0.000000000000000000, 0.000000000000000000, -1.000000000000000000 ) ) ;
#5612 = CIRCLE ( 'NONE', #6649, 2.000000000000001776 ) ;
#5613 = CARTESIAN_POINT ( 'NONE',  ( -47.39999999999994174, -25.87015455142720910, -13.50000000000000533 ) ) ;
#5614 = AXIS2_PLACEMENT_3D ( 'NONE', #2857, #5089, #124 ) ;
#5615 = CARTESIAN_POINT ( 'NONE',  ( -29.02239814395782247, -25.87015455142720555, 1.499999999999999778 ) ) ;
#5616 = EDGE_CURVE ( 'NONE', #4232, #4191, #5065, .T. ) ;
#5617 = DIRECTION ( 'NONE',  ( 1.000000000000000000, 0.000000000000000000, 0.000000000000000000 ) ) ;
#5618 = ORIENTED_EDGE ( 'NONE', *, *, #5170, .F. ) ;
#5619 = ORIENTED_EDGE ( 'NONE', *, *, #6132, .T. ) ;
#5620 = CIRCLE ( 'NONE', #3740, 1.500000000000001332 ) ;
#5621 = ORIENTED_EDGE ( 'NONE', *, *, #5469, .F. ) ;
#5622 = CARTESIAN_POINT ( 'NONE',  ( -71.89999999999994884, -24.07015455142720839, 11.39999999999999680 ) ) ;
#5623 = AXIS2_PLACEMENT_3D ( 'NONE', #2170, #5518, #4082 ) ;
#5624 = CIRCLE ( 'NONE', #7120, 1.250000000000001110 ) ;
#5625 = LINE ( 'NONE', #1214, #1243 ) ;
#5626 = CARTESIAN_POINT ( 'NONE',  ( -93.39999999999994884, -22.87015455142721265, -23.80000000000000071 ) ) ;
#5627 = ORIENTED_EDGE ( 'NONE', *, *, #2394, .T. ) ;
#5628 = VERTEX_POINT ( 'NONE', #4848 ) ;
#5629 = CIRCLE ( 'NONE', #3407, 1.500000000000001332 ) ;
#5630 = EDGE_CURVE ( 'NONE', #2546, #1032, #750, .T. ) ;
#5631 = DIRECTION ( 'NONE',  ( -1.278526357607465097E-16, 1.000000000000000000, 5.022723014296544476E-18 ) ) ;
#5632 = CYLINDRICAL_SURFACE ( 'NONE', #6847, 1.250000000000001110 ) ;
#5633 = CYLINDRICAL_SURFACE ( 'NONE', #2245, 1.249999999999997558 ) ;
#5634 = AXIS2_PLACEMENT_3D ( 'NONE', #5740, #2340, #5046 ) ;
#5635 = ORIENTED_EDGE ( 'NONE', *, *, #569, .T. ) ;
#5636 = PLANE ( 'NONE',  #6771 ) ;
#5637 = ORIENTED_EDGE ( 'NONE', *, *, #2516, .T. ) ;
#5638 = AXIS2_PLACEMENT_3D ( 'NONE', #1278, #6739, #1245 ) ;
#5639 = DIRECTION ( 'NONE',  ( -1.268935612889287343E-16, 1.000000000000000000, -2.469788560855558288E-32 ) ) ;
#5640 = DIRECTION ( 'NONE',  ( -1.000000000000000000, 0.000000000000000000, 0.000000000000000000 ) ) ;
#5641 = EDGE_CURVE ( 'NONE', #7150, #7074, #5388, .T. ) ;
#5642 = LINE ( 'NONE', #3966, #5487 ) ;
#5643 = LINE ( 'NONE', #3342, #998 ) ;
#5644 = ORIENTED_EDGE ( 'NONE', *, *, #1172, .T. ) ;
#5645 = DIRECTION ( 'NONE',  ( -1.268935612889287343E-16, 1.000000000000000000, 1.026341648675403128E-48 ) ) ;
#5646 = VECTOR ( 'NONE', #6018, 1000.000000000000000 ) ;
#5647 = CARTESIAN_POINT ( 'NONE',  ( -42.49999999999992895, -25.87015455142720555, 45.89999999999998437 ) ) ;
#5648 = CIRCLE ( 'NONE', #5421, 8.000000000000007105 ) ;
#5649 = EDGE_CURVE ( 'NONE', #379, #5495, #6087, .T. ) ;
#5650 = EDGE_CURVE ( 'NONE', #2678, #1485, #5428, .T. ) ;
#5651 = AXIS2_PLACEMENT_3D ( 'NONE', #3271, #1491, #3311 ) ;
#5652 = DIRECTION ( 'NONE',  ( 1.000000000000000000, 0.000000000000000000, 0.000000000000000000 ) ) ;
#5653 = DIRECTION ( 'NONE',  ( 1.000000000000000000, 0.000000000000000000, 0.000000000000000000 ) ) ;
#5654 = CARTESIAN_POINT ( 'NONE',  ( -71.89999999999994884, -24.07015455142720839, 12.89999999999999858 ) ) ;
#5655 = VERTEX_POINT ( 'NONE', #938 ) ;
#5656 = LINE ( 'NONE', #1275, #725 ) ;
#5657 = CIRCLE ( 'NONE', #6803, 2.000000000000001776 ) ;
#5658 = EDGE_CURVE ( 'NONE', #1890, #1716, #1523, .T. ) ;
#5659 = ADVANCED_FACE ( 'NONE', ( #5543 ), #3197, .T. ) ;
#5660 = ORIENTED_EDGE ( 'NONE', *, *, #4752, .F. ) ;
#5661 = DIRECTION ( 'NONE',  ( 1.000000000000000000, 1.278526357607465097E-16, 0.000000000000000000 ) ) ;
#5662 = CARTESIAN_POINT ( 'NONE',  ( -45.89999999999994174, -22.87015455142720555, -13.50000000000000533 ) ) ;
#5663 = FACE_BOUND ( 'NONE', #6351, .T. ) ;
#5664 = CARTESIAN_POINT ( 'NONE',  ( -9.999999999999939604, -22.87015455142720199, -35.50000000000000711 ) ) ;
#5665 = VERTEX_POINT ( 'NONE', #3829 ) ;
#5666 = EDGE_LOOP ( 'NONE', ( #708, #6883 ) ) ;
#5667 = LINE ( 'NONE', #1730, #1210 ) ;
#5668 = CARTESIAN_POINT ( 'NONE',  ( -37.49999999999993605, -25.87015455142720555, 32.07493386054424178 ) ) ;
#5669 = CARTESIAN_POINT ( 'NONE',  ( -93.89999999999994884, -22.87015455142721265, -25.50000000000000355 ) ) ;
#5670 = VECTOR ( 'NONE', #5397, 1000.000000000000000 ) ;
#5671 = ORIENTED_EDGE ( 'NONE', *, *, #643, .T. ) ;
#5672 = DIRECTION ( 'NONE',  ( 0.000000000000000000, 0.000000000000000000, -1.000000000000000000 ) ) ;
#5673 = ORIENTED_EDGE ( 'NONE', *, *, #7052, .T. ) ;
#5674 = CARTESIAN_POINT ( 'NONE',  ( -56.89999999999994884, -22.87015455142720910, -8.118983971337954131 ) ) ;
#5675 = DIRECTION ( 'NONE',  ( 0.000000000000000000, 0.000000000000000000, 1.000000000000000000 ) ) ;
#5676 = CARTESIAN_POINT ( 'NONE',  ( -68.39999999999994884, -25.87015455142720910, 5.899999999999997691 ) ) ;
#5677 = CYLINDRICAL_SURFACE ( 'NONE', #5197, 8.000000000000001776 ) ;
#5678 = ORIENTED_EDGE ( 'NONE', *, *, #3191, .T. ) ;
#5679 = LINE ( 'NONE', #1708, #828 ) ;
#5680 = VERTEX_POINT ( 'NONE', #2157 ) ;
#5681 = CARTESIAN_POINT ( 'NONE',  ( -75.39999999999994884, -25.87015455142721265, -17.49999999999998934 ) ) ;
#5682 = DIRECTION ( 'NONE',  ( -1.000000000000000000, 0.000000000000000000, 0.000000000000000000 ) ) ;
#5683 = DIRECTION ( 'NONE',  ( 1.268935612889287343E-16, -1.000000000000000000, -1.026341648675403128E-48 ) ) ;
#5684 = VERTEX_POINT ( 'NONE', #2193 ) ;
#5685 = CIRCLE ( 'NONE', #7182, 1.249999999999997558 ) ;
#5686 = ADVANCED_FACE ( 'NONE', ( #5501 ), #1021, .F. ) ;
#5687 = DIRECTION ( 'NONE',  ( -1.278526357607465097E-16, 1.000000000000000000, 5.022723014296544476E-18 ) ) ;
#5688 = ORIENTED_EDGE ( 'NONE', *, *, #2032, .F. ) ;
#5689 = ADVANCED_FACE ( 'NONE', ( #1565 ), #3864, .F. ) ;
#5690 = FACE_OUTER_BOUND ( 'NONE', #5229, .T. ) ;
#5691 = EDGE_CURVE ( 'NONE', #6328, #6126, #2726, .T. ) ;
#5692 = CIRCLE ( 'NONE', #1151, 1.000000000000000888 ) ;
#5693 = AXIS2_PLACEMENT_3D ( 'NONE', #4985, #3892, #1664 ) ;
#5694 = ORIENTED_EDGE ( 'NONE', *, *, #1490, .F. ) ;
#5695 = CARTESIAN_POINT ( 'NONE',  ( -48.49999999999992184, -22.87015455142720555, 34.39999999999998437 ) ) ;
#5696 = FACE_OUTER_BOUND ( 'NONE', #6548, .T. ) ;
#5697 = PLANE ( 'NONE',  #6244 ) ;
#5698 = CARTESIAN_POINT ( 'NONE',  ( -11.99999999999994138, -25.87015455142720199, -35.50000000000000711 ) ) ;
#5699 = EDGE_CURVE ( 'NONE', #6738, #1654, #3651, .T. ) ;
#5700 = ADVANCED_FACE ( 'NONE', ( #4269 ), #4960, .F. ) ;
#5701 = VERTEX_POINT ( 'NONE', #3971 ) ;
#5702 = VERTEX_POINT ( 'NONE', #5132 ) ;
#5703 = CARTESIAN_POINT ( 'NONE',  ( -71.89999999999994884, -24.07015455142720839, -29.50000000000000000 ) ) ;
#5704 = CARTESIAN_POINT ( 'NONE',  ( -52.49999999999992895, -22.87015455142720555, 20.89999999999998792 ) ) ;
#5705 = CARTESIAN_POINT ( 'NONE',  ( -55.39999999999994884, -22.87015455142720910, -2.000000000000000444 ) ) ;
#5706 = ORIENTED_EDGE ( 'NONE', *, *, #1452, .T. ) ;
#5707 = DIRECTION ( 'NONE',  ( 1.268935612889287343E-16, -1.000000000000000000, -1.026341648675402976E-48 ) ) ;
#5708 = VERTEX_POINT ( 'NONE', #2833 ) ;
#5709 = CARTESIAN_POINT ( 'NONE',  ( -5.199999999999940670, -25.87015455142720199, -2.500000000000000444 ) ) ;
#5710 = CARTESIAN_POINT ( 'NONE',  ( -75.89999999999990621, -25.87015455142720910, 30.89999999999999147 ) ) ;
#5711 = VECTOR ( 'NONE', #3097, 1000.000000000000000 ) ;
#5712 = LINE ( 'NONE', #1954, #2568 ) ;
#5713 = LINE ( 'NONE', #354, #537 ) ;
#5714 = VERTEX_POINT ( 'NONE', #3486 ) ;
#5715 = DIRECTION ( 'NONE',  ( 1.000000000000000000, 0.000000000000000000, 0.000000000000000000 ) ) ;
#5716 = VERTEX_POINT ( 'NONE', #6158 ) ;
#5717 = EDGE_CURVE ( 'NONE', #2299, #2976, #4603, .T. ) ;
#5718 = CARTESIAN_POINT ( 'NONE',  ( -82.19999999999991758, -22.87015455142720910, 52.89999999999999147 ) ) ;
#5719 = CARTESIAN_POINT ( 'NONE',  ( -45.69999999999992468, -22.87015455142720555, 23.39999999999998792 ) ) ;
#5720 = ORIENTED_EDGE ( 'NONE', *, *, #6882, .T. ) ;
#5721 = DIRECTION ( 'NONE',  ( 1.268935612889287343E-16, -1.000000000000000000, 2.469788560855558288E-32 ) ) ;
#5722 = ORIENTED_EDGE ( 'NONE', *, *, #1932, .F. ) ;
#5723 = DIRECTION ( 'NONE',  ( 1.278526357607465097E-16, -1.000000000000000000, -5.022723014296544476E-18 ) ) ;
#5724 = AXIS2_PLACEMENT_3D ( 'NONE', #1972, #5904, #5292 ) ;
#5725 = VECTOR ( 'NONE', #2520, 1000.000000000000000 ) ;
#5726 = ORIENTED_EDGE ( 'NONE', *, *, #4084, .T. ) ;
#5727 = DIRECTION ( 'NONE',  ( 0.000000000000000000, 0.000000000000000000, -1.000000000000000000 ) ) ;
#5728 = CARTESIAN_POINT ( 'NONE',  ( -60.89999999999995595, -25.87015455142720910, 12.69999999999999929 ) ) ;
#5729 = ADVANCED_FACE ( 'NONE', ( #32 ), #2325, .F. ) ;
#5730 = CARTESIAN_POINT ( 'NONE',  ( -45.39999999999994884, -22.87015455142720555, -37.50000000000000711 ) ) ;
#5731 = CARTESIAN_POINT ( 'NONE',  ( -55.39999999999994884, -25.87015455142720910, -25.00000000000000000 ) ) ;
#5732 = AXIS2_PLACEMENT_3D ( 'NONE', #1929, #6364, #3526 ) ;
#5733 = ORIENTED_EDGE ( 'NONE', *, *, #1990, .T. ) ;
#5734 = ORIENTED_EDGE ( 'NONE', *, *, #3188, .T. ) ;
#5735 = EDGE_LOOP ( 'NONE', ( #6828, #3564 ) ) ;
#5736 = EDGE_CURVE ( 'NONE', #70, #1506, #4711, .T. ) ;
#5737 = EDGE_CURVE ( 'NONE', #59, #434, #271, .T. ) ;
#5738 = AXIS2_PLACEMENT_3D ( 'NONE', #6426, #2417, #4180 ) ;
#5739 = AXIS2_PLACEMENT_3D ( 'NONE', #1691, #3917, #1173 ) ;
#5740 = CARTESIAN_POINT ( 'NONE',  ( -58.39999999999994884, -22.87015455142720910, 17.89999999999999858 ) ) ;
#5741 = LINE ( 'NONE', #1871, #1280 ) ;
#5742 = ORIENTED_EDGE ( 'NONE', *, *, #2272, .F. ) ;
#5743 = CARTESIAN_POINT ( 'NONE',  ( -29.02239814395780826, -22.87015455142720555, -5.558805222425289812E-31 ) ) ;
#5744 = EDGE_LOOP ( 'NONE', ( #5033, #5272 ) ) ;
#5745 = PLANE ( 'NONE',  #3522 ) ;
#5746 = VECTOR ( 'NONE', #4936, 1000.000000000000000 ) ;
#5747 = EDGE_CURVE ( 'NONE', #630, #4418, #4458, .T. ) ;
#5748 = ADVANCED_FACE ( 'NONE', ( #2265 ), #575, .F. ) ;
#5749 = LINE ( 'NONE', #743, #4840 ) ;
#5750 = CIRCLE ( 'NONE', #977, 1.000000000000000888 ) ;
#5751 = DIRECTION ( 'NONE',  ( 1.288097321785393689E-16, -1.000000000000000000, 3.489072158099908472E-32 ) ) ;
#5752 = CYLINDRICAL_SURFACE ( 'NONE', #3736, 1.499999999999999556 ) ;
#5753 = DIRECTION ( 'NONE',  ( 1.000000000000000000, 1.268935612889287343E-16, -2.311115933264680629E-33 ) ) ;
#5754 = ORIENTED_EDGE ( 'NONE', *, *, #4832, .T. ) ;
#5755 = FACE_BOUND ( 'NONE', #6674, .T. ) ;
#5756 = EDGE_LOOP ( 'NONE', ( #4546, #3120, #3480, #1767 ) ) ;
#5757 = VECTOR ( 'NONE', #10, 1000.000000000000000 ) ;
#5758 = DIRECTION ( 'NONE',  ( -2.311115933264682682E-33, -8.323527102631439332E-34, -1.000000000000000000 ) ) ;
#5759 = CARTESIAN_POINT ( 'NONE',  ( -95.89999999999996305, -22.87015455142721265, 5.899999999999998579 ) ) ;
#5760 = VERTEX_POINT ( 'NONE', #1677 ) ;
#5761 = LINE ( 'NONE', #1377, #3512 ) ;
#5762 = ORIENTED_EDGE ( 'NONE', *, *, #6832, .T. ) ;
#5763 = CIRCLE ( 'NONE', #3326, 8.000000000000000000 ) ;
#5764 = DIRECTION ( 'NONE',  ( -1.000000000000000000, -1.268935612889287343E-16, 2.311115933264676181E-33 ) ) ;
#5765 = CIRCLE ( 'NONE', #5405, 8.000000000000000000 ) ;
#5766 = VERTEX_POINT ( 'NONE', #2795 ) ;
#5767 = CARTESIAN_POINT ( 'NONE',  ( -1.999999999999939382, -25.87015455142720199, -25.00000000000000711 ) ) ;
#5768 = FACE_OUTER_BOUND ( 'NONE', #2969, .T. ) ;
#5769 = FACE_BOUND ( 'NONE', #1653, .T. ) ;
#5770 = CARTESIAN_POINT ( 'NONE',  ( -74.03758619217045123, -25.87015455142721265, 19.39999999999999503 ) ) ;
#5771 = AXIS2_PLACEMENT_3D ( 'NONE', #3817, #3261, #4005 ) ;
#5772 = CIRCLE ( 'NONE', #2619, 8.000000000000000000 ) ;
#5773 = LINE ( 'NONE', #839, #2273 ) ;
#5774 = LINE ( 'NONE', #115, #1975 ) ;
#5775 = CIRCLE ( 'NONE', #1919, 2.000000000000000000 ) ;
#5776 = EDGE_LOOP ( 'NONE', ( #6277, #3053, #4539, #2859 ) ) ;
#5777 = PLANE ( 'NONE',  #6658 ) ;
#5778 = VERTEX_POINT ( 'NONE', #6698 ) ;
#5779 = EDGE_CURVE ( 'NONE', #1506, #5357, #647, .T. ) ;
#5780 = CARTESIAN_POINT ( 'NONE',  ( -40.49999999999992184, -22.87015455142720555, 45.89999999999998437 ) ) ;
#5781 = ADVANCED_FACE ( 'NONE', ( #98 ), #4012, .F. ) ;
#5782 = ORIENTED_EDGE ( 'NONE', *, *, #6566, .T. ) ;
#5783 = EDGE_CURVE ( 'NONE', #6333, #2854, #1220, .T. ) ;
#5784 = CARTESIAN_POINT ( 'NONE',  ( -93.39999999999994884, -25.87015455142721265, 15.89999999999999680 ) ) ;
#5785 = CARTESIAN_POINT ( 'NONE',  ( -6.499999999999933387, -22.87015455142720199, -13.50000000000000533 ) ) ;
#5786 = DIRECTION ( 'NONE',  ( 0.000000000000000000, -5.022723014296612268E-18, 1.000000000000000000 ) ) ;
#5787 = ORIENTED_EDGE ( 'NONE', *, *, #5372, .T. ) ;
#5788 = CARTESIAN_POINT ( 'NONE',  ( -50.49999999999992895, -25.87015455142720555, 56.39999999999998437 ) ) ;
#5789 = ADVANCED_FACE ( 'NONE', ( #3382 ), #611, .T. ) ;
#5790 = VERTEX_POINT ( 'NONE', #7205 ) ;
#5791 = ADVANCED_FACE ( 'NONE', ( #3453 ), #63, .F. ) ;
#5792 = CARTESIAN_POINT ( 'NONE',  ( -1.499999999999938938, -22.87015455142719844, 15.69999999999999929 ) ) ;
#5793 = LINE ( 'NONE', #786, #7148 ) ;
#5794 = EDGE_LOOP ( 'NONE', ( #4825, #1945, #1614, #3439 ) ) ;
#5795 = DIRECTION ( 'NONE',  ( -1.268935612889287343E-16, 1.000000000000000000, 1.026341648675403128E-48 ) ) ;
#5796 = ORIENTED_EDGE ( 'NONE', *, *, #4803, .T. ) ;
#5797 = LINE ( 'NONE', #1450, #5975 ) ;
#5798 = ORIENTED_EDGE ( 'NONE', *, *, #165, .F. ) ;
#5799 = DIRECTION ( 'NONE',  ( 1.000000000000000000, 1.288097321785393689E-16, -2.081668171172168513E-17 ) ) ;
#5800 = DIRECTION ( 'NONE',  ( 1.000000000000000000, 0.000000000000000000, 0.000000000000000000 ) ) ;
#5801 = CARTESIAN_POINT ( 'NONE',  ( -60.39999999999995595, -22.87015455142720910, 17.89999999999999858 ) ) ;
#5802 = CARTESIAN_POINT ( 'NONE',  ( -41.69999999999994600, -22.87015455142720555, -35.00000000000000000 ) ) ;
#5803 = UNCERTAINTY_MEASURE_WITH_UNIT (LENGTH_MEASURE( 1.000000000000000082E-05 ), #237, 'distance_accuracy_value', 'NONE');
#5804 = VECTOR ( 'NONE', #5751, 1000.000000000000000 ) ;
#5805 = AXIS2_PLACEMENT_3D ( 'NONE', #3658, #4799, #928 ) ;
#5806 = CARTESIAN_POINT ( 'NONE',  ( -50.49999999999992895, -25.87015455142720555, 58.39999999999998437 ) ) ;
#5807 = LINE ( 'NONE', #3024, #332 ) ;
#5808 = AXIS2_PLACEMENT_3D ( 'NONE', #1920, #745, #3034 ) ;
#5809 = VERTEX_POINT ( 'NONE', #2900 ) ;
#5810 = DIRECTION ( 'NONE',  ( -1.278526357607465097E-16, 1.000000000000000000, 5.022723014296544476E-18 ) ) ;
#5811 = ORIENTED_EDGE ( 'NONE', *, *, #5150, .T. ) ;
#5812 = ORIENTED_EDGE ( 'NONE', *, *, #1276, .T. ) ;
#5813 = CARTESIAN_POINT ( 'NONE',  ( -23.99999999999993605, -22.87015455142720199, 48.89999999999999858 ) ) ;
#5814 = ORIENTED_EDGE ( 'NONE', *, *, #5649, .F. ) ;
#5815 = ADVANCED_FACE ( 'NONE', ( #3418 ), #133, .F. ) ;
#5816 = ADVANCED_FACE ( 'NONE', ( #4598 ), #6733, .F. ) ;
#5817 = DIRECTION ( 'NONE',  ( 0.000000000000000000, 0.000000000000000000, -1.000000000000000000 ) ) ;
#5818 = DIRECTION ( 'NONE',  ( 1.268935612889287343E-16, -1.000000000000000000, -1.026341648675403128E-48 ) ) ;
#5819 = VERTEX_POINT ( 'NONE', #1204 ) ;
#5820 = EDGE_CURVE ( 'NONE', #256, #112, #1999, .T. ) ;
#5821 = DIRECTION ( 'NONE',  ( 1.000000000000000000, 0.000000000000000000, 0.000000000000000000 ) ) ;
#5822 = ORIENTED_EDGE ( 'NONE', *, *, #5117, .T. ) ;
#5823 = CARTESIAN_POINT ( 'NONE',  ( -1.999999999999932498, -25.87015455142720199, -35.00000000000000711 ) ) ;
#5824 = ADVANCED_FACE ( 'NONE', ( #754 ), #231, .F. ) ;
#5825 = EDGE_CURVE ( 'NONE', #1402, #7146, #5793, .T. ) ;
#5826 = LINE ( 'NONE', #2490, #195 ) ;
#5827 = DIRECTION ( 'NONE',  ( 1.000000000000000000, 0.000000000000000000, 0.000000000000000000 ) ) ;
#5828 = ORIENTED_EDGE ( 'NONE', *, *, #196, .F. ) ;
#5829 = DIRECTION ( 'NONE',  ( -1.288097321785393689E-16, 1.000000000000000000, -3.489072158099908472E-32 ) ) ;
#5830 = ORIENTED_EDGE ( 'NONE', *, *, #4413, .T. ) ;
#5831 = CARTESIAN_POINT ( 'NONE',  ( -83.39999999999996305, -25.87015455142721265, -2.100000000000004530 ) ) ;
#5832 = ORIENTED_EDGE ( 'NONE', *, *, #4455, .T. ) ;
#5833 = DIRECTION ( 'NONE',  ( 1.000000000000000000, 0.000000000000000000, 0.000000000000000000 ) ) ;
#5834 = CARTESIAN_POINT ( 'NONE',  ( -93.89999999999993463, -25.87015455142721265, 20.89999999999998792 ) ) ;
#5835 = DIRECTION ( 'NONE',  ( -1.000000000000000000, 0.000000000000000000, 0.000000000000000000 ) ) ;
#5836 = ORIENTED_EDGE ( 'NONE', *, *, #5658, .T. ) ;
#5837 = CIRCLE ( 'NONE', #12, 1.000000000000000888 ) ;
#5838 = VECTOR ( 'NONE', #4178, 1000.000000000000000 ) ;
#5839 = LINE ( 'NONE', #287, #1563 ) ;
#5840 = CARTESIAN_POINT ( 'NONE',  ( -58.39999999999994884, -22.87015455142720910, -8.118983971337954131 ) ) ;
#5841 = VECTOR ( 'NONE', #648, 1000.000000000000000 ) ;
#5842 = AXIS2_PLACEMENT_3D ( 'NONE', #6069, #5083, #1081 ) ;
#5843 = ORIENTED_EDGE ( 'NONE', *, *, #4785, .T. ) ;
#5844 = CARTESIAN_POINT ( 'NONE',  ( -60.39999999999995595, -15.87015455142720732, 5.899999999999997691 ) ) ;
#5845 = ORIENTED_EDGE ( 'NONE', *, *, #2136, .F. ) ;
#5846 = FACE_OUTER_BOUND ( 'NONE', #227, .T. ) ;
#5847 = ORIENTED_EDGE ( 'NONE', *, *, #5954, .F. ) ;
#5848 = CIRCLE ( 'NONE', #5268, 8.000000000000000000 ) ;
#5849 = ORIENTED_EDGE ( 'NONE', *, *, #661, .T. ) ;
#5850 = CARTESIAN_POINT ( 'NONE',  ( -75.89999999999990621, -22.87015455142720910, 22.89999999999999147 ) ) ;
#5851 = CARTESIAN_POINT ( 'NONE',  ( -94.39999999999996305, -25.87015455142721265, 5.200000000000000178 ) ) ;
#5852 = VECTOR ( 'NONE', #951, 1000.000000000000000 ) ;
#5853 = ORIENTED_EDGE ( 'NONE', *, *, #376, .T. ) ;
#5854 = FACE_BOUND ( 'NONE', #1544, .T. ) ;
#5855 = ORIENTED_EDGE ( 'NONE', *, *, #2646, .T. ) ;
#5856 = AXIS2_PLACEMENT_3D ( 'NONE', #6156, #4522, #1235 ) ;
#5857 = CARTESIAN_POINT ( 'NONE',  ( -2.499999999999939604, -22.87015455142719844, 15.69999999999999929 ) ) ;
#5858 = EDGE_CURVE ( 'NONE', #2099, #958, #2938, .T. ) ;
#5859 = CARTESIAN_POINT ( 'NONE',  ( -3.949999999999943334, -22.87015455142720199, -21.00000000000000000 ) ) ;
#5860 = FACE_OUTER_BOUND ( 'NONE', #1437, .T. ) ;
#5861 = ORIENTED_EDGE ( 'NONE', *, *, #4144, .T. ) ;
#5862 = DIRECTION ( 'NONE',  ( 1.000000000000000000, 0.000000000000000000, 0.000000000000000000 ) ) ;
#5863 = EDGE_LOOP ( 'NONE', ( #6354, #5845, #5255, #2777 ) ) ;
#5864 = ORIENTED_EDGE ( 'NONE', *, *, #4639, .F. ) ;
#5865 = VECTOR ( 'NONE', #5522, 1000.000000000000000 ) ;
#5866 = DIRECTION ( 'NONE',  ( 2.311115933264671392E-33, 3.697785493223492838E-32, 1.000000000000000000 ) ) ;
#5867 = ADVANCED_FACE ( 'NONE', ( #2973 ), #5209, .F. ) ;
#5868 = EDGE_CURVE ( 'NONE', #2530, #1707, #1410, .T. ) ;
#5869 = EDGE_CURVE ( 'NONE', #1114, #1044, #4224, .T. ) ;
#5870 = VECTOR ( 'NONE', #723, 1000.000000000000000 ) ;
#5871 = ORIENTED_EDGE ( 'NONE', *, *, #4760, .F. ) ;
#5872 = CYLINDRICAL_SURFACE ( 'NONE', #6694, 3.000000000000002665 ) ;
#5873 = DIRECTION ( 'NONE',  ( 1.000000000000000000, 0.000000000000000000, 0.000000000000000000 ) ) ;
#5874 = EDGE_CURVE ( 'NONE', #256, #5401, #6433, .T. ) ;
#5875 = CARTESIAN_POINT ( 'NONE',  ( -22.37615976230803483, -15.57820799198817241, 5.169359684600397634E-17 ) ) ;
#5876 = DIRECTION ( 'NONE',  ( 1.268935612889287343E-16, -1.000000000000000000, 2.469788560855558288E-32 ) ) ;
#5877 = ORIENTED_EDGE ( 'NONE', *, *, #2337, .F. ) ;
#5878 = CARTESIAN_POINT ( 'NONE',  ( -2.499999999999932943, -25.87015455142720199, 56.40000000000000568 ) ) ;
#5879 = CARTESIAN_POINT ( 'NONE',  ( -45.39999999999994884, -25.87015455142720910, -37.50000000000000711 ) ) ;
#5880 = VERTEX_POINT ( 'NONE', #1444 ) ;
#5881 = DIRECTION ( 'NONE',  ( -1.278526357607465097E-16, 1.000000000000000000, 5.022723014296544476E-18 ) ) ;
#5882 = EDGE_LOOP ( 'NONE', ( #2039, #2416, #6911, #1560, #6798, #331, #2572, #1029 ) ) ;
#5883 = ORIENTED_EDGE ( 'NONE', *, *, #6432, .F. ) ;
#5884 = ORIENTED_EDGE ( 'NONE', *, *, #1907, .F. ) ;
#5885 = LINE ( 'NONE', #959, #913 ) ;
#5886 = DIRECTION ( 'NONE',  ( -1.278526357607465097E-16, 1.000000000000000000, 5.022723014296544476E-18 ) ) ;
#5887 = EDGE_LOOP ( 'NONE', ( #4118, #5467, #836, #6922 ) ) ;
#5888 = FACE_BOUND ( 'NONE', #431, .T. ) ;
#5889 = ORIENTED_EDGE ( 'NONE', *, *, #1596, .T. ) ;
#5890 = AXIS2_PLACEMENT_3D ( 'NONE', #5878, #4037, #5330 ) ;
#5891 = DIRECTION ( 'NONE',  ( 1.734723475976807094E-15, 0.000000000000000000, -1.000000000000000000 ) ) ;
#5892 = CYLINDRICAL_SURFACE ( 'NONE', #2198, 1.250000000000001110 ) ;
#5893 = CARTESIAN_POINT ( 'NONE',  ( -54.19999999999993179, -25.87015455142720910, 52.89999999999999147 ) ) ;
#5894 = ORIENTED_EDGE ( 'NONE', *, *, #2000, .F. ) ;
#5895 = LINE ( 'NONE', #898, #2807 ) ;
#5896 = ORIENTED_EDGE ( 'NONE', *, *, #4413, .F. ) ;
#5897 = ORIENTED_EDGE ( 'NONE', *, *, #1172, .F. ) ;
#5898 = CARTESIAN_POINT ( 'NONE',  ( -40.49999999999992184, -22.87015455142720555, 20.89999999999998792 ) ) ;
#5899 = CARTESIAN_POINT ( 'NONE',  ( -93.89999999999993463, -25.87015455142721265, 45.89999999999999147 ) ) ;
#5900 = EDGE_CURVE ( 'NONE', #4137, #890, #1927, .T. ) ;
#5901 = ADVANCED_FACE ( 'NONE', ( #4117 ), #5242, .F. ) ;
#5902 = CARTESIAN_POINT ( 'NONE',  ( -60.39999999999995595, -22.87015455142720910, -2.100000000000004530 ) ) ;
#5903 = DIRECTION ( 'NONE',  ( 1.540743955509788340E-33, 8.323527102631437622E-34, 1.000000000000000000 ) ) ;
#5904 = DIRECTION ( 'NONE',  ( -1.288097321785393689E-16, 1.000000000000000000, -3.489072158099908472E-32 ) ) ;
#5905 = EDGE_CURVE ( 'NONE', #5680, #3832, #4143, .T. ) ;
#5906 = ADVANCED_FACE ( 'NONE', ( #6939 ), #6362, .F. ) ;
#5907 = DIRECTION ( 'NONE',  ( 0.000000000000000000, 0.000000000000000000, 1.000000000000000000 ) ) ;
#5908 = CARTESIAN_POINT ( 'NONE',  ( -53.19999999999992468, -22.87015455142720555, 55.89999999999998437 ) ) ;
#5909 = EDGE_CURVE ( 'NONE', #2994, #6145, #519, .T. ) ;
#5910 = ORIENTED_EDGE ( 'NONE', *, *, #1372, .F. ) ;
#5911 = DIRECTION ( 'NONE',  ( -1.000000000000000000, -1.268935612889287343E-16, 2.311115933264680629E-33 ) ) ;
#5912 = CARTESIAN_POINT ( 'NONE',  ( -12.49999999999993427, -22.87015455142720199, 58.39999999999999858 ) ) ;
#5913 = ORIENTED_EDGE ( 'NONE', *, *, #3359, .F. ) ;
#5914 = ORIENTED_EDGE ( 'NONE', *, *, #3539, .F. ) ;
#5915 = CIRCLE ( 'NONE', #4647, 1.250000000000001110 ) ;
#5916 = LINE ( 'NONE', #4860, #2819 ) ;
#5917 = ORIENTED_EDGE ( 'NONE', *, *, #6346, .F. ) ;
#5918 = EDGE_LOOP ( 'NONE', ( #6053, #5555 ) ) ;
#5919 = DIRECTION ( 'NONE',  ( 1.278526357607465097E-16, -1.000000000000000000, -5.022723014296544476E-18 ) ) ;
#5920 = EDGE_CURVE ( 'NONE', #5708, #6608, #3046, .T. ) ;
#5921 = CYLINDRICAL_SURFACE ( 'NONE', #5955, 1.000000000000000888 ) ;
#5922 = ORIENTED_EDGE ( 'NONE', *, *, #6958, .F. ) ;
#5923 = CARTESIAN_POINT ( 'NONE',  ( -83.39999999999994884, -25.87015455142721265, -35.50000000000000000 ) ) ;
#5924 = EDGE_LOOP ( 'NONE', ( #3065, #5734, #3193, #577 ) ) ;
#5925 = CARTESIAN_POINT ( 'NONE',  ( -2.499999999999939604, -22.87015455142719844, 44.70000000000000284 ) ) ;
#5926 = FACE_OUTER_BOUND ( 'NONE', #5455, .T. ) ;
#5927 = AXIS2_PLACEMENT_3D ( 'NONE', #2518, #1987, #6422 ) ;
#5928 = CARTESIAN_POINT ( 'NONE',  ( -91.39999999999994884, -22.87015455142721265, -24.80000000000000426 ) ) ;
#5929 = CARTESIAN_POINT ( 'NONE',  ( -60.39999999999995595, -25.87015455142720910, -25.49999999999998934 ) ) ;
#5930 = ORIENTED_EDGE ( 'NONE', *, *, #279, .T. ) ;
#5931 = ORIENTED_EDGE ( 'NONE', *, *, #6035, .T. ) ;
#5932 = VERTEX_POINT ( 'NONE', #5174 ) ;
#5933 = DIRECTION ( 'NONE',  ( -2.081668171172168513E-17, -3.816637062202878161E-32, -1.000000000000000000 ) ) ;
#5934 = CIRCLE ( 'NONE', #2898, 1.250000000000001110 ) ;
#5935 = CARTESIAN_POINT ( 'NONE',  ( -90.69999999999991758, -25.87015455142721265, 41.89999999999998437 ) ) ;
#5936 = LINE ( 'NONE', #2685, #4135 ) ;
#5937 = CARTESIAN_POINT ( 'NONE',  ( -91.39999999999994884, -22.87015455142721265, -23.80000000000000071 ) ) ;
#5938 = DIRECTION ( 'NONE',  ( 1.268935612889287343E-16, -1.000000000000000000, -1.026341648675403128E-48 ) ) ;
#5939 = ORIENTED_EDGE ( 'NONE', *, *, #4832, .F. ) ;
#5940 = ORIENTED_EDGE ( 'NONE', *, *, #2429, .T. ) ;
#5941 = ADVANCED_FACE ( 'NONE', ( #168 ), #3627, .F. ) ;
#5942 = AXIS2_PLACEMENT_3D ( 'NONE', #6775, #2304, #3979 ) ;
#5943 = EDGE_CURVE ( 'NONE', #5684, #6169, #752, .T. ) ;
#5944 = CARTESIAN_POINT ( 'NONE',  ( -6.449999999999938005, -25.87015455142720199, -21.00000000000000000 ) ) ;
#5945 = CARTESIAN_POINT ( 'NONE',  ( -37.49999999999993605, -22.87015455142720555, 37.36395190979015268 ) ) ;
#5946 = ORIENTED_EDGE ( 'NONE', *, *, #1540, .F. ) ;
#5947 = DIRECTION ( 'NONE',  ( 0.000000000000000000, 0.000000000000000000, -1.000000000000000000 ) ) ;
#5948 = CARTESIAN_POINT ( 'NONE',  ( -54.19999999999993179, -22.87015455142720555, 55.89999999999998437 ) ) ;
#5949 = CIRCLE ( 'NONE', #3150, 1.500000000000001332 ) ;
#5950 = ORIENTED_EDGE ( 'NONE', *, *, #4304, .F. ) ;
#5951 = CYLINDRICAL_SURFACE ( 'NONE', #1542, 7.999999999999992895 ) ;
#5952 = ORIENTED_EDGE ( 'NONE', *, *, #2136, .T. ) ;
#5953 = ADVANCED_FACE ( 'NONE', ( #5860 ), #4077, .F. ) ;
#5954 = EDGE_CURVE ( 'NONE', #716, #257, #2037, .T. ) ;
#5955 = AXIS2_PLACEMENT_3D ( 'NONE', #4945, #4252, #3213 ) ;
#5956 = DIRECTION ( 'NONE',  ( 0.000000000000000000, 0.000000000000000000, 1.000000000000000000 ) ) ;
#5957 = DIRECTION ( 'NONE',  ( 1.278526357607465097E-16, -1.000000000000000000, -5.022723014296544476E-18 ) ) ;
#5958 = VERTEX_POINT ( 'NONE', #5345 ) ;
#5959 = DIRECTION ( 'NONE',  ( -1.000000000000000000, -1.268935612889287343E-16, 2.311115933264682682E-33 ) ) ;
#5960 = ORIENTED_EDGE ( 'NONE', *, *, #6141, .T. ) ;
#5961 = AXIS2_PLACEMENT_3D ( 'NONE', #5528, #1660, #84 ) ;
#5962 = EDGE_CURVE ( 'NONE', #6199, #2205, #3189, .T. ) ;
#5963 = CARTESIAN_POINT ( 'NONE',  ( -51.44999999999994600, -25.87015455142720910, -2.500000000000000444 ) ) ;
#5964 = VECTOR ( 'NONE', #358, 1000.000000000000000 ) ;
#5965 = CARTESIAN_POINT ( 'NONE',  ( -23.99999999999993605, -24.07015455142720128, 11.00000000000000355 ) ) ;
#5966 = DIRECTION ( 'NONE',  ( -1.268935612889287343E-16, 1.000000000000000000, 1.026341648675403128E-48 ) ) ;
#5967 = CARTESIAN_POINT ( 'NONE',  ( -12.49999999999993427, -22.87015455142720199, 56.39999999999999858 ) ) ;
#5968 = EDGE_LOOP ( 'NONE', ( #805, #6906, #1414, #1752 ) ) ;
#5969 = ORIENTED_EDGE ( 'NONE', *, *, #2429, .F. ) ;
#5970 = ORIENTED_EDGE ( 'NONE', *, *, #2269, .T. ) ;
#5971 = DIRECTION ( 'NONE',  ( -1.268935612889287343E-16, 1.000000000000000000, 1.026341648675403128E-48 ) ) ;
#5972 = VECTOR ( 'NONE', #258, 1000.000000000000000 ) ;
#5973 = CARTESIAN_POINT ( 'NONE',  ( -12.69999999999994067, -22.87015455142720199, -36.00000000000000711 ) ) ;
#5974 = DIRECTION ( 'NONE',  ( 1.000000000000000000, 1.278526357607465097E-16, -1.652117596168387263E-16 ) ) ;
#5975 = VECTOR ( 'NONE', #4229, 1000.000000000000000 ) ;
#5976 = CARTESIAN_POINT ( 'NONE',  ( -68.39999999999994884, -22.87015455142720910, -2.100000000000004530 ) ) ;
#5977 = DIRECTION ( 'NONE',  ( -1.278526357607465097E-16, 1.000000000000000000, 5.022723014296544476E-18 ) ) ;
#5978 = CARTESIAN_POINT ( 'NONE',  ( -47.39999999999994174, -24.07015455142720839, -13.50000000000000533 ) ) ;
#5979 = CIRCLE ( 'NONE', #624, 3.000000000000000888 ) ;
#5980 = DIRECTION ( 'NONE',  ( 1.268935612889287343E-16, -1.000000000000000000, -1.026341648675403128E-48 ) ) ;
#5981 = CARTESIAN_POINT ( 'NONE',  ( -13.69999999999994067, -25.87015455142720199, -35.00000000000000000 ) ) ;
#5982 = VERTEX_POINT ( 'NONE', #4876 ) ;
#5983 = DIRECTION ( 'NONE',  ( 2.311115933264682682E-33, 8.323527102631439332E-34, 1.000000000000000000 ) ) ;
#5984 = DIRECTION ( 'NONE',  ( 1.000000000000000000, 0.000000000000000000, 0.000000000000000000 ) ) ;
#5985 = ORIENTED_EDGE ( 'NONE', *, *, #633, .F. ) ;
#5986 = DIRECTION ( 'NONE',  ( 1.288097321785393689E-16, -1.000000000000000000, 3.489072158099908472E-32 ) ) ;
#5987 = ORIENTED_EDGE ( 'NONE', *, *, #2571, .F. ) ;
#5988 = AXIS2_PLACEMENT_3D ( 'NONE', #1602, #6590, #2616 ) ;
#5989 = ORIENTED_EDGE ( 'NONE', *, *, #3558, .T. ) ;
#5990 = LINE ( 'NONE', #3211, #2025 ) ;
#5991 = DIRECTION ( 'NONE',  ( 0.000000000000000000, 5.022723014296612268E-18, -1.000000000000000000 ) ) ;
#5992 = EDGE_CURVE ( 'NONE', #5420, #4137, #3149, .T. ) ;
#5993 = EDGE_CURVE ( 'NONE', #3082, #277, #2676, .T. ) ;
#5994 = CARTESIAN_POINT ( 'NONE',  ( -49.99999999999992895, -22.87015455142720555, 34.39999999999998437 ) ) ;
#5995 = EDGE_LOOP ( 'NONE', ( #1850, #6278, #6108, #1689 ) ) ;
#5996 = FACE_OUTER_BOUND ( 'NONE', #1050, .T. ) ;
#5997 = VERTEX_POINT ( 'NONE', #6041 ) ;
#5998 = VECTOR ( 'NONE', #7085, 1000.000000000000000 ) ;
#5999 = EDGE_CURVE ( 'NONE', #2921, #1957, #5657, .T. ) ;
#6000 = DIRECTION ( 'NONE',  ( 1.278526357607465097E-16, -1.000000000000000000, -5.022723014296544476E-18 ) ) ;
#6001 = DIRECTION ( 'NONE',  ( 1.000000000000000000, 0.000000000000000000, 0.000000000000000000 ) ) ;
#6002 = CARTESIAN_POINT ( 'NONE',  ( -83.89999999999992042, -22.87015455142720910, 30.89999999999999147 ) ) ;
#6003 = EDGE_CURVE ( 'NONE', #2356, #400, #6450, .T. ) ;
#6004 = DIRECTION ( 'NONE',  ( -1.000000000000000000, 0.000000000000000000, 0.000000000000000000 ) ) ;
#6005 = EDGE_CURVE ( 'NONE', #1858, #49, #3431, .T. ) ;
#6006 = ORIENTED_EDGE ( 'NONE', *, *, #1362, .T. ) ;
#6007 = ORIENTED_EDGE ( 'NONE', *, *, #278, .T. ) ;
#6008 = ORIENTED_EDGE ( 'NONE', *, *, #6432, .T. ) ;
#6009 = CARTESIAN_POINT ( 'NONE',  ( -9.999999999999939604, -22.87015455142720199, -37.50000000000000711 ) ) ;
#6010 = LINE ( 'NONE', #7054, #5215 ) ;
#6011 = CARTESIAN_POINT ( 'NONE',  ( -87.89999999999992042, -24.07015455142721194, 34.39999999999999147 ) ) ;
#6012 = AXIS2_PLACEMENT_3D ( 'NONE', #582, #7142, #5585 ) ;
#6013 = CYLINDRICAL_SURFACE ( 'NONE', #1472, 8.000000000000000000 ) ;
#6014 = PLANE ( 'NONE',  #590 ) ;
#6015 = VERTEX_POINT ( 'NONE', #7012 ) ;
#6016 = VERTEX_POINT ( 'NONE', #931 ) ;
#6017 = CIRCLE ( 'NONE', #96, 8.000000000000000000 ) ;
#6018 = DIRECTION ( 'NONE',  ( -1.278526357607465097E-16, 1.000000000000000000, 5.022723014296544476E-18 ) ) ;
#6019 = DIRECTION ( 'NONE',  ( -2.311115933264671392E-33, -3.697785493223492838E-32, -1.000000000000000000 ) ) ;
#6020 = VERTEX_POINT ( 'NONE', #2719 ) ;
#6021 = DIRECTION ( 'NONE',  ( -1.000000000000000000, 0.000000000000000000, 0.000000000000000000 ) ) ;
#6022 = DIRECTION ( 'NONE',  ( 1.278526357607465097E-16, -1.000000000000000000, -5.022723014296544476E-18 ) ) ;
#6023 = EDGE_LOOP ( 'NONE', ( #1994, #4398 ) ) ;
#6024 = ORIENTED_EDGE ( 'NONE', *, *, #2135, .F. ) ;
#6025 = CARTESIAN_POINT ( 'NONE',  ( -13.69999999999994067, -25.87015455142720199, -33.00000000000000711 ) ) ;
#6026 = VERTEX_POINT ( 'NONE', #6503 ) ;
#6027 = ORIENTED_EDGE ( 'NONE', *, *, #868, .T. ) ;
#6028 = DIRECTION ( 'NONE',  ( -1.278526357607465097E-16, 1.000000000000000000, 5.022723014296544476E-18 ) ) ;
#6029 = DIRECTION ( 'NONE',  ( -1.268935612889287343E-16, 1.000000000000000000, -2.469788560855558288E-32 ) ) ;
#6030 = CARTESIAN_POINT ( 'NONE',  ( -20.49999999999993250, -22.87015455142720199, 23.00000000000000355 ) ) ;
#6031 = ORIENTED_EDGE ( 'NONE', *, *, #3537, .T. ) ;
#6032 = DIRECTION ( 'NONE',  ( 0.000000000000000000, 0.000000000000000000, 1.000000000000000000 ) ) ;
#6033 = ORIENTED_EDGE ( 'NONE', *, *, #3882, .T. ) ;
#6034 = AXIS2_PLACEMENT_3D ( 'NONE', #5965, #970, #3186 ) ;
#6035 = EDGE_CURVE ( 'NONE', #4879, #716, #1696, .T. ) ;
#6036 = VECTOR ( 'NONE', #6465, 1000.000000000000000 ) ;
#6037 = DIRECTION ( 'NONE',  ( -1.000000000000000000, 0.000000000000000000, 0.000000000000000000 ) ) ;
#6038 = CYLINDRICAL_SURFACE ( 'NONE', #6481, 1.500000000000001332 ) ;
#6039 = ADVANCED_FACE ( 'NONE', ( #6618 ), #2185, .T. ) ;
#6040 = DIRECTION ( 'NONE',  ( -1.268935612889287343E-16, 1.000000000000000000, 1.026341648675403128E-48 ) ) ;
#6041 = CARTESIAN_POINT ( 'NONE',  ( -3.949999999999943334, -25.87015455142720199, -21.00000000000000000 ) ) ;
#6042 = ORIENTED_EDGE ( 'NONE', *, *, #5649, .T. ) ;
#6043 = ORIENTED_EDGE ( 'NONE', *, *, #6279, .T. ) ;
#6044 = ORIENTED_EDGE ( 'NONE', *, *, #1818, .T. ) ;
#6045 = CARTESIAN_POINT ( 'NONE',  ( -83.19999999999993179, -22.87015455142720910, 53.89999999999999147 ) ) ;
#6046 = EDGE_CURVE ( 'NONE', #7145, #3646, #414, .T. ) ;
#6047 = ADVANCED_FACE ( 'NONE', ( #3115, #3697 ), #2071, .T. ) ;
#6048 = CIRCLE ( 'NONE', #6848, 8.000000000000000000 ) ;
#6049 = CARTESIAN_POINT ( 'NONE',  ( -12.49999999999993072, -25.87015455142720199, 23.00000000000000355 ) ) ;
#6050 = CARTESIAN_POINT ( 'NONE',  ( -1.499999999999938938, -25.87015455142720199, 15.69999999999999929 ) ) ;
#6051 = FACE_OUTER_BOUND ( 'NONE', #5009, .T. ) ;
#6052 = FACE_OUTER_BOUND ( 'NONE', #4442, .T. ) ;
#6053 = ORIENTED_EDGE ( 'NONE', *, *, #956, .T. ) ;
#6054 = ORIENTED_EDGE ( 'NONE', *, *, #6343, .F. ) ;
#6055 = ADVANCED_FACE ( 'NONE', ( #3660 ), #377, .F. ) ;
#6056 = AXIS2_PLACEMENT_3D ( 'NONE', #3425, #4056, #210 ) ;
#6057 = DIRECTION ( 'NONE',  ( 0.000000000000000000, 0.000000000000000000, -1.000000000000000000 ) ) ;
#6058 = CARTESIAN_POINT ( 'NONE',  ( -40.49999999999992184, -22.87015455142720555, 20.89999999999998792 ) ) ;
#6059 = ORIENTED_EDGE ( 'NONE', *, *, #2469, .F. ) ;
#6060 = CARTESIAN_POINT ( 'NONE',  ( -1.999999999999932498, -25.87015455142720199, -27.00000000000001066 ) ) ;
#6061 = CYLINDRICAL_SURFACE ( 'NONE', #2933, 1.000000000000000888 ) ;
#6062 = ORIENTED_EDGE ( 'NONE', *, *, #5869, .F. ) ;
#6063 = ORIENTED_EDGE ( 'NONE', *, *, #1636, .F. ) ;
#6064 = FACE_OUTER_BOUND ( 'NONE', #566, .T. ) ;
#6065 = VERTEX_POINT ( 'NONE', #5893 ) ;
#6066 = VECTOR ( 'NONE', #4295, 1000.000000000000000 ) ;
#6067 = DIRECTION ( 'NONE',  ( 1.288097321785393689E-16, -1.000000000000000000, 3.489072158099908472E-32 ) ) ;
#6068 = DIRECTION ( 'NONE',  ( 0.000000000000000000, 0.000000000000000000, 1.000000000000000000 ) ) ;
#6069 = CARTESIAN_POINT ( 'NONE',  ( -7.999999999999937828, -24.07015455142720128, -13.50000000000000533 ) ) ;
#6070 = ORIENTED_EDGE ( 'NONE', *, *, #7098, .T. ) ;
#6071 = DIRECTION ( 'NONE',  ( 8.638375543017976328E-48, 5.022723014296544476E-18, -1.000000000000000000 ) ) ;
#6072 = VECTOR ( 'NONE', #2761, 1000.000000000000000 ) ;
#6073 = DIRECTION ( 'NONE',  ( -1.268935612889287343E-16, 1.000000000000000000, -2.469788560855558288E-32 ) ) ;
#6074 = CARTESIAN_POINT ( 'NONE',  ( -37.49999999999993605, -22.87015455142720555, 32.07493386054424178 ) ) ;
#6075 = DIRECTION ( 'NONE',  ( -1.278526357607465097E-16, 1.000000000000000000, 5.022723014296544476E-18 ) ) ;
#6076 = CARTESIAN_POINT ( 'NONE',  ( -83.39999999999994884, -25.87015455142721265, -37.50000000000000000 ) ) ;
#6077 = AXIS2_PLACEMENT_3D ( 'NONE', #3048, #3563, #6435 ) ;
#6078 = EDGE_LOOP ( 'NONE', ( #393, #6978, #5588, #5798 ) ) ;
#6079 = AXIS2_PLACEMENT_3D ( 'NONE', #4438, #3925, #6107 ) ;
#6080 = ORIENTED_EDGE ( 'NONE', *, *, #6271, .T. ) ;
#6081 = ORIENTED_EDGE ( 'NONE', *, *, #3218, .F. ) ;
#6082 = DIRECTION ( 'NONE',  ( 0.000000000000000000, 0.000000000000000000, 1.000000000000000000 ) ) ;
#6083 = EDGE_CURVE ( 'NONE', #1032, #2126, #4256, .T. ) ;
#6084 = VECTOR ( 'NONE', #4547, 1000.000000000000000 ) ;
#6085 = VECTOR ( 'NONE', #881, 1000.000000000000000 ) ;
#6086 = CARTESIAN_POINT ( 'NONE',  ( -45.69999999999992468, -25.87015455142720555, 23.39999999999998792 ) ) ;
#6087 = LINE ( 'NONE', #981, #4949 ) ;
#6088 = DIRECTION ( 'NONE',  ( 0.000000000000000000, 0.000000000000000000, 1.000000000000000000 ) ) ;
#6089 = EDGE_CURVE ( 'NONE', #2665, #5357, #5073, .T. ) ;
#6090 = FACE_OUTER_BOUND ( 'NONE', #1874, .T. ) ;
#6091 = VERTEX_POINT ( 'NONE', #1012 ) ;
#6092 = AXIS2_PLACEMENT_3D ( 'NONE', #1826, #2904, #6270 ) ;
#6093 = EDGE_CURVE ( 'NONE', #3854, #3855, #2044, .T. ) ;
#6094 = AXIS2_PLACEMENT_3D ( 'NONE', #1782, #2829, #1817 ) ;
#6095 = CARTESIAN_POINT ( 'NONE',  ( -34.99999999999993605, -22.87015455142720555, 9.449999999999999289 ) ) ;
#6096 = DIRECTION ( 'NONE',  ( -1.268935612889287343E-16, 1.000000000000000000, 1.026341648675403128E-48 ) ) ;
#6097 = ORIENTED_EDGE ( 'NONE', *, *, #3135, .F. ) ;
#6098 = DIRECTION ( 'NONE',  ( -1.000000000000000000, 0.000000000000000000, 0.000000000000000000 ) ) ;
#6099 = DIRECTION ( 'NONE',  ( -1.268935612889287343E-16, 1.000000000000000000, 1.026341648675403128E-48 ) ) ;
#6100 = EDGE_CURVE ( 'NONE', #4746, #5708, #7027, .T. ) ;
#6101 = ORIENTED_EDGE ( 'NONE', *, *, #334, .T. ) ;
#6102 = ORIENTED_EDGE ( 'NONE', *, *, #3758, .F. ) ;
#6103 = AXIS2_PLACEMENT_3D ( 'NONE', #5703, #5189, #4063 ) ;
#6104 = CARTESIAN_POINT ( 'NONE',  ( -75.53758619217045123, -25.87015455142720910, 20.89999999999998792 ) ) ;
#6105 = CIRCLE ( 'NONE', #47, 8.000000000000000000 ) ;
#6106 = DIRECTION ( 'NONE',  ( 2.081668171172168513E-17, 3.816637062202878161E-32, 1.000000000000000000 ) ) ;
#6107 = DIRECTION ( 'NONE',  ( 0.000000000000000000, 0.000000000000000000, 1.000000000000000000 ) ) ;
#6108 = ORIENTED_EDGE ( 'NONE', *, *, #3963, .T. ) ;
#6109 = LINE ( 'NONE', #5120, #3623 ) ;
#6110 = ORIENTED_EDGE ( 'NONE', *, *, #3499, .F. ) ;
#6111 = AXIS2_PLACEMENT_3D ( 'NONE', #2498, #5799, #6982 ) ;
#6112 = DIRECTION ( 'NONE',  ( 0.000000000000000000, 0.000000000000000000, -1.000000000000000000 ) ) ;
#6113 = CARTESIAN_POINT ( 'NONE',  ( -45.69999999999992468, -25.87015455142720555, 41.89999999999998437 ) ) ;
#6114 = PLANE ( 'NONE',  #3729 ) ;
#6115 = CARTESIAN_POINT ( 'NONE',  ( -48.49999999999992184, -24.07015455142720484, 34.39999999999998437 ) ) ;
#6116 = AXIS2_PLACEMENT_3D ( 'NONE', #5454, #6583, #1595 ) ;
#6117 = ORIENTED_EDGE ( 'NONE', *, *, #2879, .F. ) ;
#6118 = DIRECTION ( 'NONE',  ( -1.000000000000000000, -1.278526357607465097E-16, -6.421683760739835630E-34 ) ) ;
#6119 = ORIENTED_EDGE ( 'NONE', *, *, #6140, .T. ) ;
#6120 = CARTESIAN_POINT ( 'NONE',  ( -34.99999999999993605, -25.87015455142720555, 9.449999999999999289 ) ) ;
#6121 = LINE ( 'NONE', #574, #7179 ) ;
#6122 = CIRCLE ( 'NONE', #1686, 1.500000000000004885 ) ;
#6123 = DIRECTION ( 'NONE',  ( 1.000000000000000000, 0.000000000000000000, 0.000000000000000000 ) ) ;
#6124 = CARTESIAN_POINT ( 'NONE',  ( -94.39999999999996305, -22.87015455142721265, -23.79999999999999361 ) ) ;
#6125 = EDGE_LOOP ( 'NONE', ( #954, #1533, #3116, #6999 ) ) ;
#6126 = VERTEX_POINT ( 'NONE', #57 ) ;
#6127 = ADVANCED_FACE ( 'NONE', ( #1127, #4448 ), #565, .T. ) ;
#6128 = ADVANCED_FACE ( 'NONE', ( #638 ), #2858, .F. ) ;
#6129 = VECTOR ( 'NONE', #1142, 1000.000000000000000 ) ;
#6130 = CARTESIAN_POINT ( 'NONE',  ( -11.99999999999995559, -25.87015455142720199, -25.00000000000001066 ) ) ;
#6131 = DIRECTION ( 'NONE',  ( 0.000000000000000000, 0.000000000000000000, 1.000000000000000000 ) ) ;
#6132 = EDGE_CURVE ( 'NONE', #277, #3628, #5296, .T. ) ;
#6133 = CARTESIAN_POINT ( 'NONE',  ( -95.89999999999996305, -22.87015455142721265, 7.899999999999999467 ) ) ;
#6134 = LINE ( 'NONE', #3356, #3406 ) ;
#6135 = ORIENTED_EDGE ( 'NONE', *, *, #6046, .T. ) ;
#6136 = ORIENTED_EDGE ( 'NONE', *, *, #6140, .F. ) ;
#6137 = ORIENTED_EDGE ( 'NONE', *, *, #3191, .F. ) ;
#6138 = VECTOR ( 'NONE', #5903, 1000.000000000000000 ) ;
#6139 = ADVANCED_FACE ( 'NONE', ( #5056 ), #1231, .F. ) ;
#6140 = EDGE_CURVE ( 'NONE', #6788, #2004, #3784, .T. ) ;
#6141 = EDGE_CURVE ( 'NONE', #5982, #6199, #5643, .T. ) ;
#6142 = DIRECTION ( 'NONE',  ( 1.000000000000000000, 0.000000000000000000, 0.000000000000000000 ) ) ;
#6143 = CARTESIAN_POINT ( 'NONE',  ( -85.89999999999992042, -22.87015455142720910, 56.39999999999998437 ) ) ;
#6144 = CYLINDRICAL_SURFACE ( 'NONE', #6411, 1.250000000000001110 ) ;
#6145 = VERTEX_POINT ( 'NONE', #4519 ) ;
#6146 = AXIS2_PLACEMENT_3D ( 'NONE', #6157, #1236, #2899 ) ;
#6147 = DIRECTION ( 'NONE',  ( -1.000000000000000000, -1.278526357607465097E-16, 0.000000000000000000 ) ) ;
#6148 = ORIENTED_EDGE ( 'NONE', *, *, #6308, .T. ) ;
#6149 = LINE ( 'NONE', #1007, #3584 ) ;
#6150 = AXIS2_PLACEMENT_3D ( 'NONE', #1409, #1926, #2972 ) ;
#6151 = CARTESIAN_POINT ( 'NONE',  ( -45.39999999999994884, -22.87015455142720555, -35.00000000000000000 ) ) ;
#6152 = CARTESIAN_POINT ( 'NONE',  ( 6.245004513516505540E-14, -22.87015455142720199, -2.000000000000000444 ) ) ;
#6153 = DIRECTION ( 'NONE',  ( -1.268935612889287343E-16, 1.000000000000000000, 1.026341648675403128E-48 ) ) ;
#6154 = ORIENTED_EDGE ( 'NONE', *, *, #4669, .T. ) ;
#6155 = PLANE ( 'NONE',  #5497 ) ;
#6156 = CARTESIAN_POINT ( 'NONE',  ( -16.49999999999993960, -25.87015455142720199, 53.19999999999999574 ) ) ;
#6157 = CARTESIAN_POINT ( 'NONE',  ( -71.89999999999994884, -22.87015455142720910, 9.899999999999996803 ) ) ;
#6158 = CARTESIAN_POINT ( 'NONE',  ( -19.99999999999995381, -22.87015455142720555, -25.00000000000001066 ) ) ;
#6159 = CARTESIAN_POINT ( 'NONE',  ( -40.49999999999992184, -15.57820799198817596, 32.07493386054424178 ) ) ;
#6160 = ORIENTED_EDGE ( 'NONE', *, *, #2499, .F. ) ;
#6161 = EDGE_LOOP ( 'NONE', ( #6081, #586, #2060, #6942 ) ) ;
#6162 = AXIS2_PLACEMENT_3D ( 'NONE', #5047, #3922, #6068 ) ;
#6163 = ORIENTED_EDGE ( 'NONE', *, *, #7092, .T. ) ;
#6164 = CARTESIAN_POINT ( 'NONE',  ( -23.99999999999993605, -22.87015455142720199, 50.39999999999999858 ) ) ;
#6165 = DIRECTION ( 'NONE',  ( -1.268935612889287343E-16, 1.000000000000000000, -2.469788560855558288E-32 ) ) ;
#6166 = CARTESIAN_POINT ( 'NONE',  ( -48.89999999999994174, -22.87015455142720555, -13.50000000000000533 ) ) ;
#6167 = FACE_OUTER_BOUND ( 'NONE', #1223, .T. ) ;
#6168 = EDGE_LOOP ( 'NONE', ( #5519, #3642 ) ) ;
#6169 = VERTEX_POINT ( 'NONE', #90 ) ;
#6170 = EDGE_CURVE ( 'NONE', #100, #6790, #2825, .T. ) ;
#6171 = DIRECTION ( 'NONE',  ( 0.000000000000000000, 0.000000000000000000, 1.000000000000000000 ) ) ;
#6172 = CARTESIAN_POINT ( 'NONE',  ( -41.69999999999994600, -22.87015455142720555, -36.00000000000000711 ) ) ;
#6173 = ORIENTED_EDGE ( 'NONE', *, *, #4258, .T. ) ;
#6174 = DIRECTION ( 'NONE',  ( 1.288097321785393689E-16, -1.000000000000000000, 3.489072158099908472E-32 ) ) ;
#6175 = ORIENTED_EDGE ( 'NONE', *, *, #1861, .T. ) ;
#6176 = CIRCLE ( 'NONE', #2797, 8.000000000000000000 ) ;
#6177 = ADVANCED_FACE ( 'NONE', ( #6758 ), #2753, .F. ) ;
#6178 = DIRECTION ( 'NONE',  ( -1.268935612889287343E-16, 1.000000000000000000, -2.469788560855558288E-32 ) ) ;
#6179 = ADVANCED_FACE ( 'NONE', ( #2351 ), #5677, .F. ) ;
#6180 = ORIENTED_EDGE ( 'NONE', *, *, #569, .F. ) ;
#6181 = DIRECTION ( 'NONE',  ( 0.000000000000000000, 0.000000000000000000, -1.000000000000000000 ) ) ;
#6182 = DIRECTION ( 'NONE',  ( -1.268935612889287343E-16, 1.000000000000000000, 1.026341648675403128E-48 ) ) ;
#6183 = CARTESIAN_POINT ( 'NONE',  ( -4.499999999999934275, -22.87015455142719844, 45.70000000000000284 ) ) ;
#6184 = VERTEX_POINT ( 'NONE', #2291 ) ;
#6185 = CARTESIAN_POINT ( 'NONE',  ( -58.39999999999994884, -22.87015455142720910, -35.50000000000000000 ) ) ;
#6186 = CIRCLE ( 'NONE', #5137, 8.000000000000000000 ) ;
#6187 = ADVANCED_FACE ( 'NONE', ( #4589 ), #5571, .F. ) ;
#6188 = LINE ( 'NONE', #26, #5163 ) ;
#6189 = CIRCLE ( 'NONE', #6645, 8.000000000000000000 ) ;
#6190 = AXIS2_PLACEMENT_3D ( 'NONE', #2895, #6118, #1162 ) ;
#6191 = FACE_OUTER_BOUND ( 'NONE', #4626, .T. ) ;
#6192 = VECTOR ( 'NONE', #2175, 1000.000000000000000 ) ;
#6193 = DIRECTION ( 'NONE',  ( 0.000000000000000000, 0.000000000000000000, 1.000000000000000000 ) ) ;
#6194 = DIRECTION ( 'NONE',  ( -1.288097321785393689E-16, 1.000000000000000000, -3.489072158099908472E-32 ) ) ;
#6195 = ORIENTED_EDGE ( 'NONE', *, *, #1321, .T. ) ;
#6196 = CARTESIAN_POINT ( 'NONE',  ( -2.499999999999939604, -22.87015455142719844, 16.69999999999999929 ) ) ;
#6197 = CIRCLE ( 'NONE', #5738, 2.000000000000000000 ) ;
#6198 = CIRCLE ( 'NONE', #3045, 1.250000000000001110 ) ;
#6199 = VERTEX_POINT ( 'NONE', #6076 ) ;
#6200 = CARTESIAN_POINT ( 'NONE',  ( -20.49999999999993250, -22.87015455142720199, 15.00000000000000355 ) ) ;
#6201 = DIRECTION ( 'NONE',  ( 1.278526357607465097E-16, -1.000000000000000000, -5.022723014296544476E-18 ) ) ;
#6202 = VECTOR ( 'NONE', #5986, 1000.000000000000000 ) ;
#6203 = DIRECTION ( 'NONE',  ( -1.000000000000000000, 0.000000000000000000, 0.000000000000000000 ) ) ;
#6204 = CARTESIAN_POINT ( 'NONE',  ( -95.89999999999996305, -25.87015455142721265, 17.89999999999999858 ) ) ;
#6205 = ORIENTED_EDGE ( 'NONE', *, *, #4803, .F. ) ;
#6206 = ORIENTED_EDGE ( 'NONE', *, *, #6035, .F. ) ;
#6207 = CIRCLE ( 'NONE', #2466, 3.000000000000002665 ) ;
#6208 = CARTESIAN_POINT ( 'NONE',  ( -45.39999999999994884, -25.87015455142720910, -35.50000000000000711 ) ) ;
#6209 = DIRECTION ( 'NONE',  ( 1.540743955509788340E-33, 8.323527102631437622E-34, 1.000000000000000000 ) ) ;
#6210 = CARTESIAN_POINT ( 'NONE',  ( -29.02239814395782247, -25.87015455142720555, -5.955700410349911878E-20 ) ) ;
#6211 = CIRCLE ( 'NONE', #4237, 8.000000000000000000 ) ;
#6212 = VERTEX_POINT ( 'NONE', #2786 ) ;
#6213 = LINE ( 'NONE', #4514, #4221 ) ;
#6214 = CIRCLE ( 'NONE', #6332, 1.500000000000001332 ) ;
#6215 = DIRECTION ( 'NONE',  ( 1.000000000000000000, 0.000000000000000000, 0.000000000000000000 ) ) ;
#6216 = EDGE_CURVE ( 'NONE', #2661, #5329, #22, .T. ) ;
#6217 = EDGE_CURVE ( 'NONE', #3855, #3854, #4726, .T. ) ;
#6218 = CARTESIAN_POINT ( 'NONE',  ( -27.49999999999993250, -22.87015455142720199, 23.00000000000000355 ) ) ;
#6219 = CARTESIAN_POINT ( 'NONE',  ( -1.499999999999938938, -22.87015455142719844, 44.69999999999999574 ) ) ;
#6220 = DIRECTION ( 'NONE',  ( 0.000000000000000000, 0.000000000000000000, 1.000000000000000000 ) ) ;
#6221 = ORIENTED_EDGE ( 'NONE', *, *, #4541, .T. ) ;
#6222 = ADVANCED_FACE ( 'NONE', ( #1706 ), #3934, .T. ) ;
#6223 = DIRECTION ( 'NONE',  ( -1.268935612889287343E-16, 1.000000000000000000, 1.026341648675403128E-48 ) ) ;
#6224 = ORIENTED_EDGE ( 'NONE', *, *, #6132, .F. ) ;
#6225 = VECTOR ( 'NONE', #1899, 1000.000000000000000 ) ;
#6226 = CYLINDRICAL_SURFACE ( 'NONE', #5277, 1.500000000000004885 ) ;
#6227 = ADVANCED_FACE ( 'NONE', ( #2388 ), #160, .T. ) ;
#6228 = VECTOR ( 'NONE', #3079, 1000.000000000000000 ) ;
#6229 = EDGE_CURVE ( 'NONE', #1485, #1168, #5713, .T. ) ;
#6230 = CARTESIAN_POINT ( 'NONE',  ( -12.49999999999993072, -22.87015455142720199, 23.00000000000000355 ) ) ;
#6231 = DIRECTION ( 'NONE',  ( -1.278526357607465097E-16, 1.000000000000000000, 5.022723014296544476E-18 ) ) ;
#6232 = VERTEX_POINT ( 'NONE', #6992 ) ;
#6233 = LINE ( 'NONE', #1272, #2345 ) ;
#6234 = ORIENTED_EDGE ( 'NONE', *, *, #787, .T. ) ;
#6235 = DIRECTION ( 'NONE',  ( -1.278526357607465097E-16, 1.000000000000000000, 5.022723014296544476E-18 ) ) ;
#6236 = VECTOR ( 'NONE', #3444, 1000.000000000000000 ) ;
#6237 = VERTEX_POINT ( 'NONE', #948 ) ;
#6238 = CARTESIAN_POINT ( 'NONE',  ( -37.49999999999993605, -15.57820799198817241, 37.36395190979015268 ) ) ;
#6239 = CARTESIAN_POINT ( 'NONE',  ( -23.99999999999993605, -22.87015455142720199, 51.89999999999999858 ) ) ;
#6240 = CARTESIAN_POINT ( 'NONE',  ( -29.02239814395782247, -15.57820799198817241, 1.499999999999999778 ) ) ;
#6241 = CARTESIAN_POINT ( 'NONE',  ( -91.39999999999994884, -25.87015455142721265, -24.80000000000000426 ) ) ;
#6242 = ORIENTED_EDGE ( 'NONE', *, *, #1103, .F. ) ;
#6243 = ORIENTED_EDGE ( 'NONE', *, *, #5557, .T. ) ;
#6244 = AXIS2_PLACEMENT_3D ( 'NONE', #1794, #4645, #2305 ) ;
#6245 = CARTESIAN_POINT ( 'NONE',  ( -87.89999999999992042, -24.07015455142721194, 34.39999999999999147 ) ) ;
#6246 = CYLINDRICAL_SURFACE ( 'NONE', #3484, 8.000000000000000000 ) ;
#6247 = CARTESIAN_POINT ( 'NONE',  ( -71.89999999999994884, -24.07015455142720839, 9.899999999999996803 ) ) ;
#6248 = AXIS2_PLACEMENT_3D ( 'NONE', #109, #1281, #3497 ) ;
#6249 = ORIENTED_EDGE ( 'NONE', *, *, #365, .F. ) ;
#6250 = DIRECTION ( 'NONE',  ( 1.000000000000000000, 0.000000000000000000, 0.000000000000000000 ) ) ;
#6251 = VERTEX_POINT ( 'NONE', #3714 ) ;
#6252 = DIRECTION ( 'NONE',  ( 0.000000000000000000, 0.000000000000000000, 1.000000000000000000 ) ) ;
#6253 = DIRECTION ( 'NONE',  ( 1.000000000000000000, 1.268935612889287343E-16, -2.311115933264680629E-33 ) ) ;
#6254 = AXIS2_PLACEMENT_3D ( 'NONE', #5899, #31, #5652 ) ;
#6255 = CARTESIAN_POINT ( 'NONE',  ( -4.499999999999934275, -25.87015455142720199, 15.69999999999999929 ) ) ;
#6256 = CARTESIAN_POINT ( 'NONE',  ( -60.89999999999995595, -25.87015455142720910, -31.04999999999999716 ) ) ;
#6257 = ORIENTED_EDGE ( 'NONE', *, *, #550, .F. ) ;
#6258 = FACE_OUTER_BOUND ( 'NONE', #438, .T. ) ;
#6259 = ORIENTED_EDGE ( 'NONE', *, *, #4928, .F. ) ;
#6260 = DIRECTION ( 'NONE',  ( -1.268935612889287343E-16, 1.000000000000000000, -2.469788560855558288E-32 ) ) ;
#6261 = EDGE_CURVE ( 'NONE', #3924, #3638, #2181, .T. ) ;
#6262 = AXIS2_PLACEMENT_3D ( 'NONE', #5935, #5351, #5463 ) ;
#6263 = EDGE_CURVE ( 'NONE', #7119, #2837, #6827, .T. ) ;
#6264 = DIRECTION ( 'NONE',  ( -1.288097321785393689E-16, 1.000000000000000000, -3.489072158099908472E-32 ) ) ;
#6265 = DIRECTION ( 'NONE',  ( -1.000000000000000000, 0.000000000000000000, 0.000000000000000000 ) ) ;
#6266 = ORIENTED_EDGE ( 'NONE', *, *, #4303, .T. ) ;
#6267 = AXIS2_PLACEMENT_3D ( 'NONE', #5207, #5758, #3078 ) ;
#6268 = DIRECTION ( 'NONE',  ( -1.000000000000000000, 0.000000000000000000, 0.000000000000000000 ) ) ;
#6269 = ORIENTED_EDGE ( 'NONE', *, *, #2561, .F. ) ;
#6270 = DIRECTION ( 'NONE',  ( 1.000000000000000000, 1.288097321785394182E-16, -2.081668171172168513E-17 ) ) ;
#6271 = EDGE_CURVE ( 'NONE', #710, #5778, #2059, .T. ) ;
#6272 = ORIENTED_EDGE ( 'NONE', *, *, #4585, .F. ) ;
#6273 = CARTESIAN_POINT ( 'NONE',  ( -35.49999999999993605, -22.87015455142720555, 56.39999999999999858 ) ) ;
#6274 = CYLINDRICAL_SURFACE ( 'NONE', #1060, 1.250000000000001110 ) ;
#6275 = CARTESIAN_POINT ( 'NONE',  ( -69.88227985884040550, -15.57820799198817951, 17.89999999999999858 ) ) ;
#6276 = CARTESIAN_POINT ( 'NONE',  ( -50.19999999999994600, -25.87015455142720910, -21.00000000000000000 ) ) ;
#6277 = ORIENTED_EDGE ( 'NONE', *, *, #3769, .F. ) ;
#6278 = ORIENTED_EDGE ( 'NONE', *, *, #3267, .T. ) ;
#6279 = EDGE_CURVE ( 'NONE', #3855, #7048, #2017, .T. ) ;
#6280 = VECTOR ( 'NONE', #2097, 1000.000000000000000 ) ;
#6281 = CARTESIAN_POINT ( 'NONE',  ( -75.53758619217045123, -22.87015455142721265, 19.39999999999999503 ) ) ;
#6282 = LINE ( 'NONE', #5704, #3710 ) ;
#6283 = EDGE_LOOP ( 'NONE', ( #1700, #5574, #6006, #5336 ) ) ;
#6284 = DIRECTION ( 'NONE',  ( 0.000000000000000000, 0.000000000000000000, 1.000000000000000000 ) ) ;
#6285 = VERTEX_POINT ( 'NONE', #4817 ) ;
#6286 = LINE ( 'NONE', #3581, #838 ) ;
#6287 = EDGE_LOOP ( 'NONE', ( #5072, #1946, #2746, #3226 ) ) ;
#6288 = CARTESIAN_POINT ( 'NONE',  ( -16.49999999999993960, -22.87015455142720199, 6.949999999999998401 ) ) ;
#6289 = LINE ( 'NONE', #6255, #129 ) ;
#6290 = LINE ( 'NONE', #4278, #4966 ) ;
#6291 = EDGE_LOOP ( 'NONE', ( #2057, #950, #2903, #6975 ) ) ;
#6292 = DIRECTION ( 'NONE',  ( 1.000000000000000000, 0.000000000000000000, 0.000000000000000000 ) ) ;
#6293 = ORIENTED_EDGE ( 'NONE', *, *, #7112, .F. ) ;
#6294 = DIRECTION ( 'NONE',  ( 1.000000000000000000, 1.288097321785394182E-16, -2.081668171172168513E-17 ) ) ;
#6295 = DIRECTION ( 'NONE',  ( 1.278526357607465097E-16, -1.000000000000000000, -5.022723014296544476E-18 ) ) ;
#6296 = VECTOR ( 'NONE', #5193, 1000.000000000000000 ) ;
#6297 = ORIENTED_EDGE ( 'NONE', *, *, #967, .F. ) ;
#6298 = LINE ( 'NONE', #1307, #1188 ) ;
#6299 = ORIENTED_EDGE ( 'NONE', *, *, #7156, .T. ) ;
#6300 = PLANE ( 'NONE',  #5623 ) ;
#6301 = AXIS2_PLACEMENT_3D ( 'NONE', #1401, #2447, #3515 ) ;
#6302 = ORIENTED_EDGE ( 'NONE', *, *, #4785, .F. ) ;
#6303 = EDGE_CURVE ( 'NONE', #6943, #3083, #707, .T. ) ;
#6304 = FACE_OUTER_BOUND ( 'NONE', #2748, .T. ) ;
#6305 = DIRECTION ( 'NONE',  ( 1.288097321785393689E-16, -1.000000000000000000, 3.489072158099908472E-32 ) ) ;
#6306 = FACE_BOUND ( 'NONE', #5735, .T. ) ;
#6307 = DIRECTION ( 'NONE',  ( 1.278526357607465097E-16, -1.000000000000000000, -5.022723014296544476E-18 ) ) ;
#6308 = EDGE_CURVE ( 'NONE', #4244, #676, #2544, .T. ) ;
#6309 = AXIS2_PLACEMENT_3D ( 'NONE', #4226, #2458, #5862 ) ;
#6310 = AXIS2_PLACEMENT_3D ( 'NONE', #3435, #6174, #628 ) ;
#6311 = CIRCLE ( 'NONE', #3043, 2.000000000000001776 ) ;
#6312 = VECTOR ( 'NONE', #4205, 1000.000000000000000 ) ;
#6313 = EDGE_CURVE ( 'NONE', #922, #3578, #6290, .T. ) ;
#6314 = CARTESIAN_POINT ( 'NONE',  ( -58.39999999999994884, -22.87015455142720910, -37.50000000000000000 ) ) ;
#6315 = CARTESIAN_POINT ( 'NONE',  ( -71.89999999999994884, -24.07015455142720839, -27.99999999999999289 ) ) ;
#6316 = EDGE_CURVE ( 'NONE', #1463, #4417, #3131, .T. ) ;
#6317 = VERTEX_POINT ( 'NONE', #7030 ) ;
#6318 = CARTESIAN_POINT ( 'NONE',  ( -40.49999999999992184, -25.87015455142720555, 22.89999999999999147 ) ) ;
#6319 = ORIENTED_EDGE ( 'NONE', *, *, #1490, .T. ) ;
#6320 = FACE_OUTER_BOUND ( 'NONE', #4364, .T. ) ;
#6321 = VERTEX_POINT ( 'NONE', #2054 ) ;
#6322 = DIRECTION ( 'NONE',  ( 1.000000000000000000, 0.000000000000000000, 0.000000000000000000 ) ) ;
#6323 = CIRCLE ( 'NONE', #6896, 1.000000000000000000 ) ;
#6324 = DIRECTION ( 'NONE',  ( -1.268935612889287343E-16, 1.000000000000000000, 1.026341648675403128E-48 ) ) ;
#6325 = DIRECTION ( 'NONE',  ( 1.000000000000000000, 0.000000000000000000, 0.000000000000000000 ) ) ;
#6326 = ORIENTED_EDGE ( 'NONE', *, *, #471, .F. ) ;
#6327 = DIRECTION ( 'NONE',  ( 1.278526357607465097E-16, -1.000000000000000000, -5.022723014296544476E-18 ) ) ;
#6328 = VERTEX_POINT ( 'NONE', #2931 ) ;
#6329 = CIRCLE ( 'NONE', #3176, 1.500000000000001332 ) ;
#6330 = LINE ( 'NONE', #5792, #4526 ) ;
#6331 = DIRECTION ( 'NONE',  ( -1.288097321785393689E-16, 1.000000000000000000, -3.489072158099908472E-32 ) ) ;
#6332 = AXIS2_PLACEMENT_3D ( 'NONE', #3201, #2765, #4314 ) ;
#6333 = VERTEX_POINT ( 'NONE', #1464 ) ;
#6334 = CYLINDRICAL_SURFACE ( 'NONE', #3393, 1.250000000000001110 ) ;
#6335 = EDGE_LOOP ( 'NONE', ( #2497, #3327, #6505, #5940 ) ) ;
#6336 = FILL_AREA_STYLE ('',( #1893 ) ) ;
#6337 = ORIENTED_EDGE ( 'NONE', *, *, #1452, .F. ) ;
#6338 = LINE ( 'NONE', #5251, #3068 ) ;
#6339 = DIRECTION ( 'NONE',  ( 1.268935612889287343E-16, -1.000000000000000000, -1.026341648675403128E-48 ) ) ;
#6340 = FACE_OUTER_BOUND ( 'NONE', #2476, .T. ) ;
#6341 = DIRECTION ( 'NONE',  ( -1.000000000000000000, 0.000000000000000000, 0.000000000000000000 ) ) ;
#6342 = ORIENTED_EDGE ( 'NONE', *, *, #1387, .F. ) ;
#6343 = EDGE_CURVE ( 'NONE', #2126, #5267, #6485, .T. ) ;
#6344 = ADVANCED_FACE ( 'NONE', ( #2623 ), #1298, .F. ) ;
#6345 = AXIS2_PLACEMENT_3D ( 'NONE', #423, #2158, #6592 ) ;
#6346 = EDGE_CURVE ( 'NONE', #2137, #4059, #6453, .T. ) ;
#6347 = CARTESIAN_POINT ( 'NONE',  ( -37.49999999999993605, -22.87015455142720555, 3.000000000000000000 ) ) ;
#6348 = CARTESIAN_POINT ( 'NONE',  ( -41.69999999999994600, -22.87015455142720555, -33.00000000000000711 ) ) ;
#6349 = ORIENTED_EDGE ( 'NONE', *, *, #5426, .T. ) ;
#6350 = FACE_OUTER_BOUND ( 'NONE', #3690, .T. ) ;
#6351 = EDGE_LOOP ( 'NONE', ( #5969, #3618, #297, #5917, #3182, #1610, #1240, #3649, #6887, #1536, #1128, #5516, #3655, #2881, #3848, #1122, #6822 ) ) ;
#6352 = EDGE_LOOP ( 'NONE', ( #2846, #2418, #5111, #1649 ) ) ;
#6353 = CARTESIAN_POINT ( 'NONE',  ( -7.999999999999937828, -24.07015455142720128, -13.50000000000000533 ) ) ;
#6354 = ORIENTED_EDGE ( 'NONE', *, *, #1552, .F. ) ;
#6355 = ADVANCED_FACE ( 'NONE', ( #5166 ), #6797, .T. ) ;
#6356 = DIRECTION ( 'NONE',  ( -1.000000000000000000, 0.000000000000000000, 0.000000000000000000 ) ) ;
#6357 = LINE ( 'NONE', #6964, #5838 ) ;
#6358 = ORIENTED_EDGE ( 'NONE', *, *, #3188, .F. ) ;
#6359 = ORIENTED_EDGE ( 'NONE', *, *, #4630, .T. ) ;
#6360 = ADVANCED_FACE ( 'NONE', ( #6413 ), #3643, .F. ) ;
#6361 = CARTESIAN_POINT ( 'NONE',  ( -75.89999999999990621, -22.87015455142720910, 37.89999999999999147 ) ) ;
#6362 = CYLINDRICAL_SURFACE ( 'NONE', #4831, 1.499999999999999556 ) ;
#6363 = ORIENTED_EDGE ( 'NONE', *, *, #1910, .F. ) ;
#6364 = DIRECTION ( 'NONE',  ( 1.278526357607465097E-16, -1.000000000000000000, -5.022723014296544476E-18 ) ) ;
#6365 = ORIENTED_EDGE ( 'NONE', *, *, #3681, .F. ) ;
#6366 =( NAMED_UNIT ( * ) PLANE_ANGLE_UNIT ( ) SI_UNIT ( $, .RADIAN. ) );
#6367 = CIRCLE ( 'NONE', #6721, 1.250000000000001110 ) ;
#6368 = ORIENTED_EDGE ( 'NONE', *, *, #2749, .F. ) ;
#6369 = LINE ( 'NONE', #6402, #1445 ) ;
#6370 = CARTESIAN_POINT ( 'NONE',  ( -49.99999999999992895, -22.87015455142720555, 34.39999999999998437 ) ) ;
#6371 = DIRECTION ( 'NONE',  ( -1.268935612889287343E-16, 1.000000000000000000, -2.469788560855558288E-32 ) ) ;
#6372 = VECTOR ( 'NONE', #488, 1000.000000000000000 ) ;
#6373 = DIRECTION ( 'NONE',  ( -1.000000000000000000, 0.000000000000000000, 0.000000000000000000 ) ) ;
#6374 = CARTESIAN_POINT ( 'NONE',  ( -60.49999999999992895, -25.87015455142720910, 45.89999999999999858 ) ) ;
#6375 = ORIENTED_EDGE ( 'NONE', *, *, #3316, .F. ) ;
#6376 = DIRECTION ( 'NONE',  ( -1.000000000000000000, 0.000000000000000000, 0.000000000000000000 ) ) ;
#6377 = ORIENTED_EDGE ( 'NONE', *, *, #1362, .F. ) ;
#6378 = VERTEX_POINT ( 'NONE', #322 ) ;
#6379 = LINE ( 'NONE', #1394, #4808 ) ;
#6380 = ORIENTED_EDGE ( 'NONE', *, *, #5172, .F. ) ;
#6381 = APPLICATION_PROTOCOL_DEFINITION ( 'draft international standard', 'automotive_design', 1998, #5161 ) ;
#6382 = ORIENTED_EDGE ( 'NONE', *, *, #2583, .F. ) ;
#6383 = DIRECTION ( 'NONE',  ( 1.000000000000000000, 0.000000000000000000, 0.000000000000000000 ) ) ;
#6384 = EDGE_CURVE ( 'NONE', #1184, #3082, #3450, .T. ) ;
#6385 = LINE ( 'NONE', #2415, #3033 ) ;
#6386 = VERTEX_POINT ( 'NONE', #2239 ) ;
#6387 = FACE_BOUND ( 'NONE', #3555, .T. ) ;
#6388 = VERTEX_POINT ( 'NONE', #4317 ) ;
#6389 = ADVANCED_FACE ( 'NONE', ( #3753 ), #5474, .F. ) ;
#6390 = DIRECTION ( 'NONE',  ( -1.000000000000000000, 0.000000000000000000, 0.000000000000000000 ) ) ;
#6391 = AXIS2_PLACEMENT_3D ( 'NONE', #1942, #5876, #4745 ) ;
#6392 = DIRECTION ( 'NONE',  ( -1.000000000000000000, 0.000000000000000000, 0.000000000000000000 ) ) ;
#6393 = CARTESIAN_POINT ( 'NONE',  ( -22.37615976230803483, -15.57820799198817241, 1.499999999999999778 ) ) ;
#6394 = ADVANCED_FACE ( 'NONE', ( #4432 ), #4894, .F. ) ;
#6395 = ORIENTED_EDGE ( 'NONE', *, *, #4896, .T. ) ;
#6396 = CARTESIAN_POINT ( 'NONE',  ( -12.69999999999994067, -22.87015455142720199, -33.00000000000000711 ) ) ;
#6397 = VERTEX_POINT ( 'NONE', #5514 ) ;
#6398 = ORIENTED_EDGE ( 'NONE', *, *, #4796, .F. ) ;
#6399 = CARTESIAN_POINT ( 'NONE',  ( -71.89999999999994884, -22.87015455142720910, 9.899999999999996803 ) ) ;
#6400 = ORIENTED_EDGE ( 'NONE', *, *, #6623, .T. ) ;
#6401 = CIRCLE ( 'NONE', #122, 8.000000000000000000 ) ;
#6402 = CARTESIAN_POINT ( 'NONE',  ( -83.89999999999992042, -22.87015455142720910, 20.89999999999998792 ) ) ;
#6403 = CARTESIAN_POINT ( 'NONE',  ( -55.39999999999994884, -25.87015455142720910, -13.50000000000000178 ) ) ;
#6404 = DIRECTION ( 'NONE',  ( 1.268935612889287343E-16, -1.000000000000000000, -1.026341648675403128E-48 ) ) ;
#6405 = VERTEX_POINT ( 'NONE', #7065 ) ;
#6406 = AXIS2_PLACEMENT_3D ( 'NONE', #2084, #5977, #4999 ) ;
#6407 = VECTOR ( 'NONE', #4868, 1000.000000000000000 ) ;
#6408 = PLANE ( 'NONE',  #6680 ) ;
#6409 = DIRECTION ( 'NONE',  ( -1.288097321785393689E-16, 1.000000000000000000, -3.489072158099908472E-32 ) ) ;
#6410 = VECTOR ( 'NONE', #4591, 1000.000000000000000 ) ;
#6411 = AXIS2_PLACEMENT_3D ( 'NONE', #82, #2313, #3331 ) ;
#6412 = ORIENTED_EDGE ( 'NONE', *, *, #1645, .T. ) ;
#6413 = FACE_OUTER_BOUND ( 'NONE', #5527, .T. ) ;
#6414 = CARTESIAN_POINT ( 'NONE',  ( -71.89999999999994884, -25.87015455142720910, 12.89999999999999858 ) ) ;
#6415 = ORIENTED_EDGE ( 'NONE', *, *, #2654, .F. ) ;
#6416 = ORIENTED_EDGE ( 'NONE', *, *, #2419, .F. ) ;
#6417 = FACE_OUTER_BOUND ( 'NONE', #1033, .T. ) ;
#6418 = ORIENTED_EDGE ( 'NONE', *, *, #3451, .F. ) ;
#6419 = AXIS2_PLACEMENT_3D ( 'NONE', #3726, #5341, #7006 ) ;
#6420 = AXIS2_PLACEMENT_3D ( 'NONE', #4715, #5810, #6284 ) ;
#6421 = VERTEX_POINT ( 'NONE', #6561 ) ;
#6422 = DIRECTION ( 'NONE',  ( -1.000000000000000000, 0.000000000000000000, 0.000000000000000000 ) ) ;
#6423 = PLANE ( 'NONE',  #1179 ) ;
#6424 = AXIS2_PLACEMENT_3D ( 'NONE', #6353, #5707, #2513 ) ;
#6425 = ORIENTED_EDGE ( 'NONE', *, *, #196, .T. ) ;
#6426 = CARTESIAN_POINT ( 'NONE',  ( -1.999999999999939382, -22.87015455142720199, -2.000000000000000444 ) ) ;
#6427 = VERTEX_POINT ( 'NONE', #2735 ) ;
#6428 = EDGE_CURVE ( 'NONE', #1270, #5196, #5547, .T. ) ;
#6429 = VECTOR ( 'NONE', #5318, 1000.000000000000000 ) ;
#6430 = LINE ( 'NONE', #893, #5450 ) ;
#6431 = LINE ( 'NONE', #7123, #1728 ) ;
#6432 = EDGE_CURVE ( 'NONE', #882, #585, #3795, .T. ) ;
#6433 = LINE ( 'NONE', #200, #58 ) ;
#6434 = ORIENTED_EDGE ( 'NONE', *, *, #2036, .T. ) ;
#6435 = DIRECTION ( 'NONE',  ( -1.000000000000000000, 0.000000000000000000, 0.000000000000000000 ) ) ;
#6436 = VERTEX_POINT ( 'NONE', #6060 ) ;
#6437 = ORIENTED_EDGE ( 'NONE', *, *, #3860, .T. ) ;
#6438 = EDGE_CURVE ( 'NONE', #2546, #1402, #1534, .T. ) ;
#6439 = EDGE_CURVE ( 'NONE', #1336, #2365, #7103, .T. ) ;
#6440 = CIRCLE ( 'NONE', #2153, 1.000000000000000888 ) ;
#6441 = ORIENTED_EDGE ( 'NONE', *, *, #1717, .F. ) ;
#6442 = DIRECTION ( 'NONE',  ( 1.288097321785393689E-16, -1.000000000000000000, 3.489072158099908472E-32 ) ) ;
#6443 = PLANE ( 'NONE',  #5540 ) ;
#6444 = CARTESIAN_POINT ( 'NONE',  ( -93.39999999999994884, -25.87015455142721265, 5.200000000000000178 ) ) ;
#6445 = VERTEX_POINT ( 'NONE', #4469 ) ;
#6446 = AXIS2_PLACEMENT_3D ( 'NONE', #5615, #1748, #5653 ) ;
#6447 = ADVANCED_FACE ( 'NONE', ( #2127 ), #3355, .F. ) ;
#6448 = ADVANCED_FACE ( 'NONE', ( #4355 ), #1574, .F. ) ;
#6449 = FACE_OUTER_BOUND ( 'NONE', #883, .T. ) ;
#6450 = CIRCLE ( 'NONE', #5535, 1.500000000000001332 ) ;
#6451 = PLANE ( 'NONE',  #214 ) ;
#6452 = ORIENTED_EDGE ( 'NONE', *, *, #4014, .T. ) ;
#6453 = LINE ( 'NONE', #2967, #5670 ) ;
#6454 = CARTESIAN_POINT ( 'NONE',  ( -5.499999999999935163, -25.87015455142720199, 16.69999999999999929 ) ) ;
#6455 = EDGE_LOOP ( 'NONE', ( #2754, #3960, #4839, #3738 ) ) ;
#6456 = DIRECTION ( 'NONE',  ( -1.288097321785393689E-16, 1.000000000000000000, -3.489072158099908472E-32 ) ) ;
#6457 = ORIENTED_EDGE ( 'NONE', *, *, #5779, .T. ) ;
#6458 = VECTOR ( 'NONE', #1739, 1000.000000000000000 ) ;
#6459 = EDGE_LOOP ( 'NONE', ( #3579, #524, #4471, #5243, #2641, #3386, #5884, #781 ) ) ;
#6460 = DIRECTION ( 'NONE',  ( -1.278526357607465097E-16, 1.000000000000000000, 5.022723014296544476E-18 ) ) ;
#6461 = DIRECTION ( 'NONE',  ( 0.000000000000000000, 0.000000000000000000, -1.000000000000000000 ) ) ;
#6462 = ORIENTED_EDGE ( 'NONE', *, *, #5999, .F. ) ;
#6463 = CARTESIAN_POINT ( 'NONE',  ( -55.39999999999994884, -22.87015455142720910, -13.50000000000000178 ) ) ;
#6464 = EDGE_LOOP ( 'NONE', ( #5871, #4031, #1308, #5438 ) ) ;
#6465 = DIRECTION ( 'NONE',  ( -1.000000000000000000, -1.288097321785394182E-16, 2.081668171172168513E-17 ) ) ;
#6466 = CARTESIAN_POINT ( 'NONE',  ( -48.89999999999994174, -24.07015455142720839, -13.50000000000000533 ) ) ;
#6467 = CYLINDRICAL_SURFACE ( 'NONE', #6515, 2.000000000000000000 ) ;
#6468 = CARTESIAN_POINT ( 'NONE',  ( -1.499999999999938938, -22.87015455142719844, 45.70000000000000284 ) ) ;
#6469 = ORIENTED_EDGE ( 'NONE', *, *, #4002, .F. ) ;
#6470 = ADVANCED_FACE ( 'NONE', ( #6633 ), #1030, .T. ) ;
#6471 = EDGE_LOOP ( 'NONE', ( #5396, #2586 ) ) ;
#6472 = ORIENTED_EDGE ( 'NONE', *, *, #3288, .T. ) ;
#6473 = DIRECTION ( 'NONE',  ( 1.268935612889287343E-16, -1.000000000000000000, -1.026341648675403128E-48 ) ) ;
#6474 = EDGE_CURVE ( 'NONE', #7146, #2099, #2295, .T. ) ;
#6475 = CARTESIAN_POINT ( 'NONE',  ( -93.39999999999994884, -25.87015455142721265, -35.50000000000000711 ) ) ;
#6476 = DIRECTION ( 'NONE',  ( 8.638375543017976328E-48, 5.022723014296544476E-18, -1.000000000000000000 ) ) ;
#6477 = CIRCLE ( 'NONE', #5442, 3.000000000000002665 ) ;
#6478 = EDGE_CURVE ( 'NONE', #3598, #7036, #3801, .T. ) ;
#6479 = CARTESIAN_POINT ( 'NONE',  ( -46.94999999999992468, -25.87015455142720555, 41.89999999999998437 ) ) ;
#6480 = PLANE ( 'NONE',  #5366 ) ;
#6481 = AXIS2_PLACEMENT_3D ( 'NONE', #1010, #5377, #1997 ) ;
#6482 = DIRECTION ( 'NONE',  ( 1.288097321785393689E-16, -1.000000000000000000, 3.489072158099908472E-32 ) ) ;
#6483 = DIRECTION ( 'NONE',  ( 1.288097321785393689E-16, -1.000000000000000000, 3.489072158099908472E-32 ) ) ;
#6484 = ORIENTED_EDGE ( 'NONE', *, *, #4371, .T. ) ;
#6485 = LINE ( 'NONE', #3100, #179 ) ;
#6486 = LINE ( 'NONE', #1502, #4111 ) ;
#6487 = EDGE_CURVE ( 'NONE', #1430, #748, #3322, .T. ) ;
#6488 = ORIENTED_EDGE ( 'NONE', *, *, #3320, .T. ) ;
#6489 = EDGE_LOOP ( 'NONE', ( #2335, #4984 ) ) ;
#6490 = CIRCLE ( 'NONE', #95, 3.000000000000002665 ) ;
#6491 = DIRECTION ( 'NONE',  ( -1.288097321785393689E-16, 1.000000000000000000, -3.489072158099908472E-32 ) ) ;
#6492 = VERTEX_POINT ( 'NONE', #5006 ) ;
#6493 = CARTESIAN_POINT ( 'NONE',  ( -82.19999999999991758, -25.87015455142721265, 56.89999999999998437 ) ) ;
#6494 = CARTESIAN_POINT ( 'NONE',  ( -23.99999999999993605, -24.07015455142720128, 50.39999999999999858 ) ) ;
#6495 = ORIENTED_EDGE ( 'NONE', *, *, #1949, .T. ) ;
#6496 = CARTESIAN_POINT ( 'NONE',  ( -37.49999999999993605, -25.87015455142720555, 56.39999999999999858 ) ) ;
#6497 = ORIENTED_EDGE ( 'NONE', *, *, #2189, .T. ) ;
#6498 = APPLICATION_CONTEXT ( 'automotive_design' ) ;
#6499 = DIRECTION ( 'NONE',  ( -2.311115933264671392E-33, -3.697785493223492838E-32, -1.000000000000000000 ) ) ;
#6500 = FACE_OUTER_BOUND ( 'NONE', #4354, .T. ) ;
#6501 = AXIS2_PLACEMENT_3D ( 'NONE', #5981, #5434, #5297 ) ;
#6502 = DIRECTION ( 'NONE',  ( -1.268935612889287343E-16, 1.000000000000000000, -2.469788560855558288E-32 ) ) ;
#6503 = CARTESIAN_POINT ( 'NONE',  ( -68.39999999999994884, -22.87015455142720910, 5.899999999999997691 ) ) ;
#6504 = ORIENTED_EDGE ( 'NONE', *, *, #4092, .T. ) ;
#6505 = ORIENTED_EDGE ( 'NONE', *, *, #3493, .T. ) ;
#6506 = ORIENTED_EDGE ( 'NONE', *, *, #5641, .F. ) ;
#6507 = DIRECTION ( 'NONE',  ( 0.000000000000000000, 0.000000000000000000, 1.000000000000000000 ) ) ;
#6508 = VECTOR ( 'NONE', #7173, 1000.000000000000000 ) ;
#6509 = CYLINDRICAL_SURFACE ( 'NONE', #4523, 1.250000000000001110 ) ;
#6510 = DIRECTION ( 'NONE',  ( -1.288097321785393689E-16, 1.000000000000000000, -3.489072158099908472E-32 ) ) ;
#6511 = DIRECTION ( 'NONE',  ( 1.000000000000000000, 1.268935612889287343E-16, -2.311115933264676181E-33 ) ) ;
#6512 = CARTESIAN_POINT ( 'NONE',  ( -60.39999999999995595, -15.87015455142720732, -25.49999999999998934 ) ) ;
#6513 = CARTESIAN_POINT ( 'NONE',  ( -1.499999999999938938, -22.87015455142719844, 15.69999999999999929 ) ) ;
#6514 = ORIENTED_EDGE ( 'NONE', *, *, #4409, .T. ) ;
#6515 = AXIS2_PLACEMENT_3D ( 'NONE', #1935, #1516, #2105 ) ;
#6516 = EDGE_CURVE ( 'NONE', #2356, #3973, #5, .T. ) ;
#6517 = EDGE_CURVE ( 'NONE', #2961, #6386, #4399, .T. ) ;
#6518 = CARTESIAN_POINT ( 'NONE',  ( -93.89999999999994884, -25.87015455142721265, -25.50000000000000355 ) ) ;
#6519 = DIRECTION ( 'NONE',  ( -1.000000000000000000, 0.000000000000000000, 0.000000000000000000 ) ) ;
#6520 = EDGE_CURVE ( 'NONE', #1796, #1965, #4033, .T. ) ;
#6521 = ORIENTED_EDGE ( 'NONE', *, *, #1192, .T. ) ;
#6522 = DIRECTION ( 'NONE',  ( -1.652117596168387263E-16, -5.794216347682601536E-32, -1.000000000000000000 ) ) ;
#6523 = DIRECTION ( 'NONE',  ( 1.000000000000000000, 0.000000000000000000, 0.000000000000000000 ) ) ;
#6524 = AXIS2_PLACEMENT_3D ( 'NONE', #4706, #1795, #1282 ) ;
#6525 = ORIENTED_EDGE ( 'NONE', *, *, #660, .F. ) ;
#6526 = ORIENTED_EDGE ( 'NONE', *, *, #6902, .F. ) ;
#6527 = DIRECTION ( 'NONE',  ( 1.278526357607465097E-16, -1.000000000000000000, -5.022723014296544476E-18 ) ) ;
#6528 = ORIENTED_EDGE ( 'NONE', *, *, #2430, .F. ) ;
#6529 = EDGE_CURVE ( 'NONE', #1395, #1093, #5625, .T. ) ;
#6530 = AXIS2_PLACEMENT_3D ( 'NONE', #4048, #33, #65 ) ;
#6531 = EDGE_CURVE ( 'NONE', #6703, #2343, #41, .T. ) ;
#6532 = AXIS2_PLACEMENT_3D ( 'NONE', #1811, #6075, #3303 ) ;
#6533 = ORIENTED_EDGE ( 'NONE', *, *, #5286, .T. ) ;
#6534 = FACE_OUTER_BOUND ( 'NONE', #3244, .T. ) ;
#6535 = DIRECTION ( 'NONE',  ( -1.000000000000000000, -1.288097321785394182E-16, 2.081668171172168513E-17 ) ) ;
#6536 = DIRECTION ( 'NONE',  ( 1.278526357607465097E-16, -1.000000000000000000, -5.022723014296544476E-18 ) ) ;
#6537 = VERTEX_POINT ( 'NONE', #2276 ) ;
#6538 = CARTESIAN_POINT ( 'NONE',  ( -71.89999999999994884, -22.87015455142720910, 9.899999999999996803 ) ) ;
#6539 = VERTEX_POINT ( 'NONE', #6166 ) ;
#6540 = AXIS2_PLACEMENT_3D ( 'NONE', #1476, #2101, #3847 ) ;
#6541 = LINE ( 'NONE', #2636, #7071 ) ;
#6542 = AXIS2_PLACEMENT_3D ( 'NONE', #6196, #1309, #3291 ) ;
#6543 = CARTESIAN_POINT ( 'NONE',  ( -58.39999999999994884, -22.87015455142720910, 17.89999999999999858 ) ) ;
#6544 = VECTOR ( 'NONE', #6673, 1000.000000000000000 ) ;
#6545 = DIRECTION ( 'NONE',  ( 1.278526357607465097E-16, -1.000000000000000000, -5.022723014296544476E-18 ) ) ;
#6546 = DIRECTION ( 'NONE',  ( 1.278526357607465097E-16, -1.000000000000000000, -5.022723014296612268E-18 ) ) ;
#6547 = ORIENTED_EDGE ( 'NONE', *, *, #767, .F. ) ;
#6548 = EDGE_LOOP ( 'NONE', ( #2307, #1581, #397, #1568 ) ) ;
#6549 = VERTEX_POINT ( 'NONE', #3426 ) ;
#6550 = CARTESIAN_POINT ( 'NONE',  ( -91.39999999999994884, -22.87015455142721265, 4.199999999999999289 ) ) ;
#6551 = CARTESIAN_POINT ( 'NONE',  ( -55.39999999999994884, -22.87015455142720910, -25.00000000000000000 ) ) ;
#6552 = DIRECTION ( 'NONE',  ( 1.278526357607465097E-16, -1.000000000000000000, -5.022723014296544476E-18 ) ) ;
#6553 = AXIS2_PLACEMENT_3D ( 'NONE', #6245, #1252, #5152 ) ;
#6554 = DIRECTION ( 'NONE',  ( 0.000000000000000000, 0.000000000000000000, 1.000000000000000000 ) ) ;
#6555 = DIRECTION ( 'NONE',  ( -1.268935612889287343E-16, 1.000000000000000000, -2.469788560855558288E-32 ) ) ;
#6556 = ORIENTED_EDGE ( 'NONE', *, *, #3316, .T. ) ;
#6557 = VECTOR ( 'NONE', #2946, 1000.000000000000000 ) ;
#6558 = CARTESIAN_POINT ( 'NONE',  ( -1.499999999999938938, -25.87015455142720199, 16.69999999999999929 ) ) ;
#6559 = CARTESIAN_POINT ( 'NONE',  ( -45.39999999999994884, -22.87015455142720555, -35.00000000000000000 ) ) ;
#6560 = ORIENTED_EDGE ( 'NONE', *, *, #197, .T. ) ;
#6561 = CARTESIAN_POINT ( 'NONE',  ( -34.99999999999993605, -25.87015455142720555, 6.949999999999998401 ) ) ;
#6562 = LINE ( 'NONE', #5879, #6085 ) ;
#6563 = AXIS2_PLACEMENT_3D ( 'NONE', #3158, #2577, #6626 ) ;
#6564 = ORIENTED_EDGE ( 'NONE', *, *, #5630, .F. ) ;
#6565 = ORIENTED_EDGE ( 'NONE', *, *, #3451, .T. ) ;
#6566 = EDGE_CURVE ( 'NONE', #100, #5122, #1833, .T. ) ;
#6567 = CARTESIAN_POINT ( 'NONE',  ( -35.49999999999993605, -25.87015455142720555, 3.000000000000000000 ) ) ;
#6568 = ORIENTED_EDGE ( 'NONE', *, *, #4014, .F. ) ;
#6569 = EDGE_CURVE ( 'NONE', #6321, #6317, #4537, .T. ) ;
#6570 = VECTOR ( 'NONE', #6552, 1000.000000000000000 ) ;
#6571 = ORIENTED_EDGE ( 'NONE', *, *, #7156, .F. ) ;
#6572 = CARTESIAN_POINT ( 'NONE',  ( -3.949999999999943334, -25.87015455142720199, -21.00000000000000000 ) ) ;
#6573 = DIRECTION ( 'NONE',  ( -1.000000000000000000, -1.268935612889287343E-16, 2.311115933264683024E-33 ) ) ;
#6574 = CARTESIAN_POINT ( 'NONE',  ( -6.449999999999938005, -22.87015455142720199, -2.500000000000000444 ) ) ;
#6575 = EDGE_LOOP ( 'NONE', ( #24, #1598, #4916, #3935 ) ) ;
#6576 = ADVANCED_FACE ( 'NONE', ( #1724 ), #2948, .F. ) ;
#6577 = DIRECTION ( 'NONE',  ( -1.278526357607465097E-16, 1.000000000000000000, 5.022723014296544476E-18 ) ) ;
#6578 = EDGE_CURVE ( 'NONE', #6594, #5504, #3948, .T. ) ;
#6579 = ORIENTED_EDGE ( 'NONE', *, *, #732, .T. ) ;
#6580 = FACE_OUTER_BOUND ( 'NONE', #1537, .T. ) ;
#6581 = FACE_BOUND ( 'NONE', #1872, .T. ) ;
#6582 = DIRECTION ( 'NONE',  ( 0.000000000000000000, 0.000000000000000000, -1.000000000000000000 ) ) ;
#6583 = DIRECTION ( 'NONE',  ( -1.268935612889287343E-16, 1.000000000000000000, -2.469788560855558288E-32 ) ) ;
#6584 = EDGE_LOOP ( 'NONE', ( #4434, #4227, #174, #1777 ) ) ;
#6585 = ORIENTED_EDGE ( 'NONE', *, *, #5736, .F. ) ;
#6586 = ORIENTED_EDGE ( 'NONE', *, *, #6825, .T. ) ;
#6587 = ADVANCED_FACE ( 'NONE', ( #6709 ), #5697, .T. ) ;
#6588 = DIRECTION ( 'NONE',  ( -1.288097321785393689E-16, 1.000000000000000000, -3.489072158099908472E-32 ) ) ;
#6589 = DIRECTION ( 'NONE',  ( 1.268935612889287343E-16, -1.000000000000000000, 2.469788560855558288E-32 ) ) ;
#6590 = DIRECTION ( 'NONE',  ( 1.278526357607465097E-16, -1.000000000000000000, -5.022723014296544476E-18 ) ) ;
#6591 = VECTOR ( 'NONE', #73, 1000.000000000000000 ) ;
#6592 = DIRECTION ( 'NONE',  ( 2.311115933264671392E-33, 3.697785493223492838E-32, 1.000000000000000000 ) ) ;
#6593 = CARTESIAN_POINT ( 'NONE',  ( -29.02239814395782247, -15.57820799198817241, 5.163403984190107046E-17 ) ) ;
#6594 = VERTEX_POINT ( 'NONE', #6741 ) ;
#6595 = VECTOR ( 'NONE', #3235, 1000.000000000000000 ) ;
#6596 = DIRECTION ( 'NONE',  ( 1.000000000000000000, 1.268935612889287343E-16, -2.311115933264682682E-33 ) ) ;
#6597 = FACE_OUTER_BOUND ( 'NONE', #1633, .T. ) ;
#6598 = ORIENTED_EDGE ( 'NONE', *, *, #27, .T. ) ;
#6599 = DIRECTION ( 'NONE',  ( -1.288097321785393689E-16, 1.000000000000000000, -3.489072158099908472E-32 ) ) ;
#6600 = CYLINDRICAL_SURFACE ( 'NONE', #4920, 1.000000000000000888 ) ;
#6601 = ORIENTED_EDGE ( 'NONE', *, *, #4532, .T. ) ;
#6602 = ORIENTED_EDGE ( 'NONE', *, *, #5383, .F. ) ;
#6603 = DIRECTION ( 'NONE',  ( 1.268935612889287343E-16, -1.000000000000000000, 2.469788560855558288E-32 ) ) ;
#6604 = AXIS2_PLACEMENT_3D ( 'NONE', #3452, #4010, #5682 ) ;
#6605 = CARTESIAN_POINT ( 'NONE',  ( -23.99999999999993605, -24.07015455142720128, 11.00000000000000355 ) ) ;
#6606 = DIRECTION ( 'NONE',  ( -1.000000000000000000, -1.268935612889287343E-16, 2.311115933264682682E-33 ) ) ;
#6607 = DIRECTION ( 'NONE',  ( 1.000000000000000000, 0.000000000000000000, 0.000000000000000000 ) ) ;
#6608 = VERTEX_POINT ( 'NONE', #143 ) ;
#6609 = EDGE_CURVE ( 'NONE', #653, #2762, #692, .T. ) ;
#6610 = FACE_BOUND ( 'NONE', #4156, .T. ) ;
#6611 = ORIENTED_EDGE ( 'NONE', *, *, #815, .F. ) ;
#6612 = VECTOR ( 'NONE', #4517, 1000.000000000000000 ) ;
#6613 = CARTESIAN_POINT ( 'NONE',  ( -91.39999999999994884, -22.87015455142721265, 4.199999999999999289 ) ) ;
#6614 = EDGE_CURVE ( 'NONE', #6016, #2168, #5416, .T. ) ;
#6615 = ADVANCED_FACE ( 'NONE', ( #5663, #6814, #4021, #2876, #5108, #177, #5142, #2403, #2332, #6845, #6777, #2368, #2912, #4607, #6306, #5769, #1866, #4089, #1317, #2805, #2048, #5220, #281, #4271, #4196, #5353, #2009, #6879, #6983, #4234, #5253, #6915, #346, #211 ), #6443, .T. ) ;
#6616 = DIRECTION ( 'NONE',  ( 0.000000000000000000, 0.000000000000000000, 1.000000000000000000 ) ) ;
#6617 = CARTESIAN_POINT ( 'NONE',  ( -5.199999999999940670, -25.87015455142720199, -21.00000000000000000 ) ) ;
#6618 = FACE_OUTER_BOUND ( 'NONE', #1632, .T. ) ;
#6619 = ADVANCED_FACE ( 'NONE', ( #6340 ), #1936, .F. ) ;
#6620 = ORIENTED_EDGE ( 'NONE', *, *, #3336, .F. ) ;
#6621 = ORIENTED_EDGE ( 'NONE', *, *, #921, .T. ) ;
#6622 = CARTESIAN_POINT ( 'NONE',  ( -90.39999999999994884, -25.87015455142721265, -23.80000000000000071 ) ) ;
#6623 = EDGE_CURVE ( 'NONE', #866, #676, #1347, .T. ) ;
#6624 = EDGE_CURVE ( 'NONE', #6169, #4907, #3600, .T. ) ;
#6625 = DIRECTION ( 'NONE',  ( 0.000000000000000000, 0.000000000000000000, -1.000000000000000000 ) ) ;
#6626 = DIRECTION ( 'NONE',  ( 1.000000000000000000, 0.000000000000000000, 0.000000000000000000 ) ) ;
#6627 = DIRECTION ( 'NONE',  ( 1.268935612889287343E-16, -1.000000000000000000, 2.469788560855558288E-32 ) ) ;
#6628 = FACE_OUTER_BOUND ( 'NONE', #2611, .T. ) ;
#6629 = ORIENTED_EDGE ( 'NONE', *, *, #6928, .F. ) ;
#6630 = LINE ( 'NONE', #5003, #3645 ) ;
#6631 = LINE ( 'NONE', #2200, #2100 ) ;
#6632 = EDGE_LOOP ( 'NONE', ( #584, #515, #4261, #1617 ) ) ;
#6633 = FACE_OUTER_BOUND ( 'NONE', #3025, .T. ) ;
#6634 = CARTESIAN_POINT ( 'NONE',  ( -23.99999999999993605, -22.87015455142720199, 11.00000000000000355 ) ) ;
#6635 = VERTEX_POINT ( 'NONE', #3570 ) ;
#6636 = EDGE_LOOP ( 'NONE', ( #2142, #7106 ) ) ;
#6637 = EDGE_LOOP ( 'NONE', ( #3945, #3080 ) ) ;
#6638 = CARTESIAN_POINT ( 'NONE',  ( -95.89999999999993463, -22.87015455142721265, 45.89999999999999147 ) ) ;
#6639 = DIRECTION ( 'NONE',  ( 1.288097321785393689E-16, -1.000000000000000000, 3.489072158099908472E-32 ) ) ;
#6640 = CYLINDRICAL_SURFACE ( 'NONE', #4573, 1.250000000000001110 ) ;
#6641 = VERTEX_POINT ( 'NONE', #5834 ) ;
#6642 = DIRECTION ( 'NONE',  ( 0.000000000000000000, 0.000000000000000000, -1.000000000000000000 ) ) ;
#6643 = ORIENTED_EDGE ( 'NONE', *, *, #2571, .T. ) ;
#6644 = CIRCLE ( 'NONE', #936, 2.000000000000001776 ) ;
#6645 = AXIS2_PLACEMENT_3D ( 'NONE', #6030, #3767, #3139 ) ;
#6646 = CARTESIAN_POINT ( 'NONE',  ( -50.19999999999994600, -25.87015455142720910, -2.500000000000000444 ) ) ;
#6647 = CARTESIAN_POINT ( 'NONE',  ( -82.19999999999991758, -22.87015455142720910, 56.89999999999998437 ) ) ;
#6648 = DIRECTION ( 'NONE',  ( 1.288097321785393689E-16, -1.000000000000000000, 3.489072158099908472E-32 ) ) ;
#6649 = AXIS2_PLACEMENT_3D ( 'NONE', #612, #99, #5068 ) ;
#6650 = ORIENTED_EDGE ( 'NONE', *, *, #5325, .F. ) ;
#6651 = CARTESIAN_POINT ( 'NONE',  ( -40.49999999999992184, -22.87015455142720555, 45.89999999999998437 ) ) ;
#6652 = VERTEX_POINT ( 'NONE', #5801 ) ;
#6653 = CYLINDRICAL_SURFACE ( 'NONE', #2942, 2.000000000000001776 ) ;
#6654 = EDGE_CURVE ( 'NONE', #3853, #2168, #1971, .T. ) ;
#6655 = ADVANCED_FACE ( 'NONE', ( #1457 ), #3124, .F. ) ;
#6656 = VECTOR ( 'NONE', #4407, 1000.000000000000000 ) ;
#6657 = ADVANCED_FACE ( 'NONE', ( #3019 ), #1492, .F. ) ;
#6658 = AXIS2_PLACEMENT_3D ( 'NONE', #5844, #1290, #255 ) ;
#6659 = LINE ( 'NONE', #1676, #3940 ) ;
#6660 = CARTESIAN_POINT ( 'NONE',  ( -83.89999999999992042, -25.87015455142721265, 37.89999999999999147 ) ) ;
#6661 = PLANE ( 'NONE',  #4755 ) ;
#6662 = DIRECTION ( 'NONE',  ( -1.268935612889287343E-16, 1.000000000000000000, 1.026341648675403128E-48 ) ) ;
#6663 = ORIENTED_EDGE ( 'NONE', *, *, #6791, .F. ) ;
#6664 = AXIS2_PLACEMENT_3D ( 'NONE', #4617, #4751, #6250 ) ;
#6665 = EDGE_CURVE ( 'NONE', #2921, #6692, #245, .T. ) ;
#6666 = EDGE_LOOP ( 'NONE', ( #4557, #486, #3992, #5307 ) ) ;
#6667 = EDGE_CURVE ( 'NONE', #4770, #4746, #2578, .T. ) ;
#6668 = VECTOR ( 'NONE', #1562, 1000.000000000000000 ) ;
#6669 = CARTESIAN_POINT ( 'NONE',  ( -37.49999999999993605, -25.87015455142720555, 58.39999999999999858 ) ) ;
#6670 = DIRECTION ( 'NONE',  ( -1.000000000000000000, 0.000000000000000000, 0.000000000000000000 ) ) ;
#6671 = ORIENTED_EDGE ( 'NONE', *, *, #4409, .F. ) ;
#6672 = DIRECTION ( 'NONE',  ( -1.268935612889287343E-16, 1.000000000000000000, -2.469788560855558288E-32 ) ) ;
#6673 = DIRECTION ( 'NONE',  ( 1.268935612889287343E-16, -1.000000000000000000, 2.469788560855558288E-32 ) ) ;
#6674 = EDGE_LOOP ( 'NONE', ( #4281, #4299 ) ) ;
#6675 = EDGE_LOOP ( 'NONE', ( #5024, #4795, #640, #2024 ) ) ;
#6676 = EDGE_CURVE ( 'NONE', #653, #2737, #5772, .T. ) ;
#6677 = ORIENTED_EDGE ( 'NONE', *, *, #4115, .T. ) ;
#6678 = CIRCLE ( 'NONE', #1678, 1.500000000000001332 ) ;
#6679 = DIRECTION ( 'NONE',  ( 1.000000000000000000, 1.268935612889287343E-16, -2.311115933264683024E-33 ) ) ;
#6680 = AXIS2_PLACEMENT_3D ( 'NONE', #5326, #2014, #2541 ) ;
#6681 = CARTESIAN_POINT ( 'NONE',  ( -53.39999999999994884, -25.87015455142720910, -27.00000000000000355 ) ) ;
#6682 = LINE ( 'NONE', #3295, #5261 ) ;
#6683 = VERTEX_POINT ( 'NONE', #6370 ) ;
#6684 = CARTESIAN_POINT ( 'NONE',  ( -60.89999999999995595, -25.87015455142720910, -31.04999999999999716 ) ) ;
#6685 = AXIS2_PLACEMENT_3D ( 'NONE', #6164, #1831, #1170 ) ;
#6686 = CYLINDRICAL_SURFACE ( 'NONE', #2884, 1.250000000000001110 ) ;
#6687 = LINE ( 'NONE', #20, #3827 ) ;
#6688 = EDGE_CURVE ( 'NONE', #4684, #3180, #313, .T. ) ;
#6689 = DIRECTION ( 'NONE',  ( -1.268935612889287343E-16, 1.000000000000000000, 1.026341648675403128E-48 ) ) ;
#6690 = DIRECTION ( 'NONE',  ( 0.000000000000000000, 0.000000000000000000, -1.000000000000000000 ) ) ;
#6691 = ORIENTED_EDGE ( 'NONE', *, *, #154, .F. ) ;
#6692 = VERTEX_POINT ( 'NONE', #6403 ) ;
#6693 = DIRECTION ( 'NONE',  ( 1.268935612889287343E-16, -1.000000000000000000, -1.026341648675403128E-48 ) ) ;
#6694 = AXIS2_PLACEMENT_3D ( 'NONE', #873, #2536, #3198 ) ;
#6695 = DIRECTION ( 'NONE',  ( -1.268935612889287343E-16, 1.000000000000000000, -2.469788560855558288E-32 ) ) ;
#6696 = CIRCLE ( 'NONE', #7035, 1.250000000000001110 ) ;
#6697 = ADVANCED_FACE ( 'NONE', ( #1419 ), #5872, .F. ) ;
#6698 = CARTESIAN_POINT ( 'NONE',  ( -52.49999999999992895, -25.87015455142720555, 37.89999999999999147 ) ) ;
#6699 = CARTESIAN_POINT ( 'NONE',  ( -75.39999999999994884, -22.87015455142720910, -2.100000000000004530 ) ) ;
#6700 = ORIENTED_EDGE ( 'NONE', *, *, #2775, .T. ) ;
#6701 = AXIS2_PLACEMENT_3D ( 'NONE', #1194, #4484, #6690 ) ;
#6702 = EDGE_CURVE ( 'NONE', #2280, #3474, #4961, .T. ) ;
#6703 = VERTEX_POINT ( 'NONE', #5544 ) ;
#6704 = ORIENTED_EDGE ( 'NONE', *, *, #5238, .T. ) ;
#6705 = EDGE_CURVE ( 'NONE', #3180, #2258, #3930, .T. ) ;
#6706 = EDGE_CURVE ( 'NONE', #684, #4125, #540, .T. ) ;
#6707 = CARTESIAN_POINT ( 'NONE',  ( -16.49999999999993960, -22.87015455142720199, 51.94999999999999574 ) ) ;
#6708 = CARTESIAN_POINT ( 'NONE',  ( -43.39999999999994884, -25.87015455142720910, -10.00000000000000178 ) ) ;
#6709 = FACE_OUTER_BOUND ( 'NONE', #1613, .T. ) ;
#6710 = DIRECTION ( 'NONE',  ( -1.278526357607465097E-16, 1.000000000000000000, 5.022723014296544476E-18 ) ) ;
#6711 = EDGE_LOOP ( 'NONE', ( #6395, #2292, #3255, #68 ) ) ;
#6712 = VERTEX_POINT ( 'NONE', #3787 ) ;
#6713 = VECTOR ( 'NONE', #4219, 1000.000000000000000 ) ;
#6714 = EDGE_CURVE ( 'NONE', #426, #5440, #2231, .T. ) ;
#6715 = DIRECTION ( 'NONE',  ( 1.000000000000000000, 0.000000000000000000, 0.000000000000000000 ) ) ;
#6716 = CARTESIAN_POINT ( 'NONE',  ( -19.99999999999995381, -25.87015455142720555, -17.00000000000000711 ) ) ;
#6717 = ADVANCED_FACE ( 'NONE', ( #1061 ), #6013, .F. ) ;
#6718 = ORIENTED_EDGE ( 'NONE', *, *, #3494, .F. ) ;
#6719 = DIRECTION ( 'NONE',  ( 1.268935612889287343E-16, -1.000000000000000000, 2.469788560855558288E-32 ) ) ;
#6720 = ORIENTED_EDGE ( 'NONE', *, *, #1370, .F. ) ;
#6721 = AXIS2_PLACEMENT_3D ( 'NONE', #4883, #7131, #3826 ) ;
#6722 = LINE ( 'NONE', #2887, #2697 ) ;
#6723 = DIRECTION ( 'NONE',  ( -1.268935612889287343E-16, 1.000000000000000000, 1.026341648675403128E-48 ) ) ;
#6724 = AXIS2_PLACEMENT_3D ( 'NONE', #5066, #97, #4559 ) ;
#6725 = FACE_OUTER_BOUND ( 'NONE', #5794, .T. ) ;
#6726 = CARTESIAN_POINT ( 'NONE',  ( -75.89999999999990621, -25.87015455142720910, 37.89999999999999147 ) ) ;
#6727 = CARTESIAN_POINT ( 'NONE',  ( -93.89999999999993463, -22.87015455142721265, 22.89999999999999147 ) ) ;
#6728 = EDGE_LOOP ( 'NONE', ( #4862, #5529, #2712, #3216 ) ) ;
#6729 = DIRECTION ( 'NONE',  ( 1.278526357607465097E-16, -1.000000000000000000, -5.022723014296544476E-18 ) ) ;
#6730 = DIRECTION ( 'NONE',  ( 1.288097321785393689E-16, -1.000000000000000000, 3.489072158099908472E-32 ) ) ;
#6731 = CIRCLE ( 'NONE', #2635, 2.000000000000000000 ) ;
#6732 = CARTESIAN_POINT ( 'NONE',  ( -91.94999999999991758, -22.87015455142721265, 41.89999999999998437 ) ) ;
#6733 = CYLINDRICAL_SURFACE ( 'NONE', #639, 3.000000000000002665 ) ;
#6734 = CYLINDRICAL_SURFACE ( 'NONE', #3619, 1.500000000000001332 ) ;
#6735 = ORIENTED_EDGE ( 'NONE', *, *, #6438, .T. ) ;
#6736 = DIRECTION ( 'NONE',  ( 1.268935612889287343E-16, -1.000000000000000000, -1.026341648675403128E-48 ) ) ;
#6737 = CIRCLE ( 'NONE', #6162, 3.000000000000002665 ) ;
#6738 = VERTEX_POINT ( 'NONE', #4998 ) ;
#6739 = DIRECTION ( 'NONE',  ( -1.268935612889287343E-16, 1.000000000000000000, 1.026341648675403128E-48 ) ) ;
#6740 = CARTESIAN_POINT ( 'NONE',  ( -42.49999999999992895, -25.87015455142720555, 55.89999999999998437 ) ) ;
#6741 = CARTESIAN_POINT ( 'NONE',  ( -60.39999999999995595, -25.87015455142720910, -2.100000000000004530 ) ) ;
#6742 = CARTESIAN_POINT ( 'NONE',  ( -90.39999999999994884, -22.87015455142721265, 4.199999999999999289 ) ) ;
#6743 = EDGE_LOOP ( 'NONE', ( #2729, #3110 ) ) ;
#6744 = EDGE_CURVE ( 'NONE', #2495, #4207, #526, .T. ) ;
#6745 = EDGE_CURVE ( 'NONE', #5982, #6397, #2385, .T. ) ;
#6746 = ADVANCED_FACE ( 'NONE', ( #4459 ), #5465, .F. ) ;
#6747 = DIRECTION ( 'NONE',  ( 1.268935612889287343E-16, -1.000000000000000000, 2.469788560855558288E-32 ) ) ;
#6748 = DIRECTION ( 'NONE',  ( 1.000000000000000000, 1.278526357607465097E-16, -1.652117596168387263E-16 ) ) ;
#6749 = DIRECTION ( 'NONE',  ( 1.268935612889287343E-16, -1.000000000000000000, 2.469788560855558288E-32 ) ) ;
#6750 = ORIENTED_EDGE ( 'NONE', *, *, #2824, .F. ) ;
#6751 = DIRECTION ( 'NONE',  ( -1.278526357607465097E-16, 1.000000000000000000, 5.022723014296544476E-18 ) ) ;
#6752 = VERTEX_POINT ( 'NONE', #2115 ) ;
#6753 = EDGE_CURVE ( 'NONE', #6851, #4253, #7134, .T. ) ;
#6754 = EDGE_CURVE ( 'NONE', #1285, #1707, #5556, .T. ) ;
#6755 = LINE ( 'NONE', #5199, #4262 ) ;
#6756 = CARTESIAN_POINT ( 'NONE',  ( -45.49999999999992184, -24.07015455142720484, 34.39999999999998437 ) ) ;
#6757 = DIRECTION ( 'NONE',  ( -1.278526357607465097E-16, 1.000000000000000000, 5.022723014296544476E-18 ) ) ;
#6758 = FACE_OUTER_BOUND ( 'NONE', #5250, .T. ) ;
#6759 = ORIENTED_EDGE ( 'NONE', *, *, #5737, .T. ) ;
#6760 = CARTESIAN_POINT ( 'NONE',  ( -35.39999999999994884, -15.87015455142720732, -17.00000000000000711 ) ) ;
#6761 = ORIENTED_EDGE ( 'NONE', *, *, #5962, .T. ) ;
#6762 = CIRCLE ( 'NONE', #1764, 1.250000000000001110 ) ;
#6763 = DIRECTION ( 'NONE',  ( 2.081668171172168513E-17, 3.816637062202878161E-32, 1.000000000000000000 ) ) ;
#6764 = VECTOR ( 'NONE', #56, 1000.000000000000000 ) ;
#6765 = VECTOR ( 'NONE', #5578, 1000.000000000000000 ) ;
#6766 = DIRECTION ( 'NONE',  ( -1.288097321785393689E-16, 1.000000000000000000, -3.489072158099908472E-32 ) ) ;
#6767 = DIRECTION ( 'NONE',  ( 2.081668171172168513E-17, 3.816637062202878161E-32, 1.000000000000000000 ) ) ;
#6768 = CYLINDRICAL_SURFACE ( 'NONE', #4104, 1.500000000000001332 ) ;
#6769 = ORIENTED_EDGE ( 'NONE', *, *, #3449, .F. ) ;
#6770 = FACE_OUTER_BOUND ( 'NONE', #5262, .T. ) ;
#6771 = AXIS2_PLACEMENT_3D ( 'NONE', #5051, #6071, #15 ) ;
#6772 = VECTOR ( 'NONE', #4934, 1000.000000000000000 ) ;
#6773 = ORIENTED_EDGE ( 'NONE', *, *, #700, .T. ) ;
#6774 = DIRECTION ( 'NONE',  ( 1.000000000000000000, 0.000000000000000000, 0.000000000000000000 ) ) ;
#6775 = CARTESIAN_POINT ( 'NONE',  ( -47.39999999999994174, -24.07015455142720839, -13.50000000000000533 ) ) ;
#6776 = AXIS2_PLACEMENT_3D ( 'NONE', #2058, #6527, #5402 ) ;
#6777 = FACE_BOUND ( 'NONE', #1455, .T. ) ;
#6778 = EDGE_CURVE ( 'NONE', #4059, #5702, #459, .T. ) ;
#6779 = LINE ( 'NONE', #6204, #2125 ) ;
#6780 = ORIENTED_EDGE ( 'NONE', *, *, #2684, .T. ) ;
#6781 = EDGE_LOOP ( 'NONE', ( #5098, #3487, #3410, #5135 ) ) ;
#6782 = CIRCLE ( 'NONE', #3528, 8.000000000000000000 ) ;
#6783 = LINE ( 'NONE', #6849, #6901 ) ;
#6784 = CARTESIAN_POINT ( 'NONE',  ( -16.49999999999993960, -22.87015455142720199, 53.19999999999999574 ) ) ;
#6785 = EDGE_CURVE ( 'NONE', #296, #1169, #6017, .T. ) ;
#6786 = CARTESIAN_POINT ( 'NONE',  ( -48.49999999999992184, -25.87015455142720555, 34.39999999999998437 ) ) ;
#6787 = AXIS2_PLACEMENT_3D ( 'NONE', #5591, #5081, #5115 ) ;
#6788 = VERTEX_POINT ( 'NONE', #1524 ) ;
#6789 = DIRECTION ( 'NONE',  ( -1.000000000000000000, -1.278526357607465097E-16, 0.000000000000000000 ) ) ;
#6790 = VERTEX_POINT ( 'NONE', #7094 ) ;
#6791 = EDGE_CURVE ( 'NONE', #5504, #6026, #4531, .T. ) ;
#6792 = VECTOR ( 'NONE', #465, 1000.000000000000000 ) ;
#6793 = DIRECTION ( 'NONE',  ( -1.268935612889287343E-16, 1.000000000000000000, -2.469788560855558288E-32 ) ) ;
#6794 = LINE ( 'NONE', #2929, #7190 ) ;
#6795 = ADVANCED_FACE ( 'NONE', ( #6051 ), #6661, .T. ) ;
#6796 = DIRECTION ( 'NONE',  ( -1.288097321785393689E-16, 1.000000000000000000, -3.489072158099908472E-32 ) ) ;
#6797 = PLANE ( 'NONE',  #3926 ) ;
#6798 = ORIENTED_EDGE ( 'NONE', *, *, #27, .F. ) ;
#6799 = CARTESIAN_POINT ( 'NONE',  ( -1.499999999999938938, -22.87015455142719844, 44.70000000000000284 ) ) ;
#6800 = ORIENTED_EDGE ( 'NONE', *, *, #4928, .T. ) ;
#6801 = VECTOR ( 'NONE', #2842, 1000.000000000000000 ) ;
#6802 = DIRECTION ( 'NONE',  ( 0.000000000000000000, 0.000000000000000000, 1.000000000000000000 ) ) ;
#6803 = AXIS2_PLACEMENT_3D ( 'NONE', #1049, #5491, #6004 ) ;
#6804 = FACE_OUTER_BOUND ( 'NONE', #4859, .T. ) ;
#6805 = DIRECTION ( 'NONE',  ( -1.268935612889287343E-16, 1.000000000000000000, -2.469788560855558288E-32 ) ) ;
#6806 = ADVANCED_FACE ( 'NONE', ( #302 ), #7009, .F. ) ;
#6807 = ORIENTED_EDGE ( 'NONE', *, *, #7194, .F. ) ;
#6808 = CARTESIAN_POINT ( 'NONE',  ( -90.69999999999991758, -25.87015455142721265, 23.39999999999999147 ) ) ;
#6809 = EDGE_LOOP ( 'NONE', ( #3251, #6800, #1324, #1146 ) ) ;
#6810 = DIRECTION ( 'NONE',  ( 1.288097321785393689E-16, -1.000000000000000000, 3.489072158099908472E-32 ) ) ;
#6811 = ORIENTED_EDGE ( 'NONE', *, *, #3366, .T. ) ;
#6812 = LINE ( 'NONE', #618, #6801 ) ;
#6813 = CARTESIAN_POINT ( 'NONE',  ( -60.89999999999995595, -25.87015455142720910, 11.44999999999999751 ) ) ;
#6814 = FACE_BOUND ( 'NONE', #3173, .T. ) ;
#6815 = DIRECTION ( 'NONE',  ( 0.000000000000000000, 0.000000000000000000, 1.000000000000000000 ) ) ;
#6816 = ORIENTED_EDGE ( 'NONE', *, *, #3006, .T. ) ;
#6817 = EDGE_LOOP ( 'NONE', ( #7109, #6457, #1576, #2094 ) ) ;
#6818 = AXIS2_PLACEMENT_3D ( 'NONE', #4779, #6672, #7175 ) ;
#6819 = CYLINDRICAL_SURFACE ( 'NONE', #6787, 8.000000000000000000 ) ;
#6820 = LINE ( 'NONE', #1839, #4310 ) ;
#6821 = DIRECTION ( 'NONE',  ( 1.000000000000000000, 0.000000000000000000, 0.000000000000000000 ) ) ;
#6822 = ORIENTED_EDGE ( 'NONE', *, *, #3963, .F. ) ;
#6823 = CARTESIAN_POINT ( 'NONE',  ( -60.39999999999995595, -25.87015455142720910, 15.89999999999999680 ) ) ;
#6824 = CARTESIAN_POINT ( 'NONE',  ( -34.99999999999993605, -25.87015455142720555, 8.199999999999999289 ) ) ;
#6825 = EDGE_CURVE ( 'NONE', #5714, #5122, #2103, .T. ) ;
#6826 = DIRECTION ( 'NONE',  ( -1.000000000000000000, 0.000000000000000000, 0.000000000000000000 ) ) ;
#6827 = LINE ( 'NONE', #2587, #3670 ) ;
#6828 = ORIENTED_EDGE ( 'NONE', *, *, #2749, .T. ) ;
#6829 = FACE_BOUND ( 'NONE', #1291, .T. ) ;
#6830 = ORIENTED_EDGE ( 'NONE', *, *, #6263, .F. ) ;
#6831 = VECTOR ( 'NONE', #2421, 1000.000000000000000 ) ;
#6832 = EDGE_CURVE ( 'NONE', #7136, #6752, #6731, .T. ) ;
#6833 = EDGE_CURVE ( 'NONE', #4907, #6436, #4518, .T. ) ;
#6834 = DIRECTION ( 'NONE',  ( -1.540743955509788340E-33, -8.323527102631437622E-34, -1.000000000000000000 ) ) ;
#6835 = DIRECTION ( 'NONE',  ( 1.268935612889287343E-16, -1.000000000000000000, -1.026341648675403128E-48 ) ) ;
#6836 = VERTEX_POINT ( 'NONE', #5857 ) ;
#6837 = AXIS2_PLACEMENT_3D ( 'NONE', #600, #4552, #4001 ) ;
#6838 = CARTESIAN_POINT ( 'NONE',  ( -40.49999999999992184, -22.87015455142720555, 20.89999999999998792 ) ) ;
#6839 = VERTEX_POINT ( 'NONE', #5310 ) ;
#6840 = LINE ( 'NONE', #3529, #4688 ) ;
#6841 = ADVANCED_FACE ( 'NONE', ( #969 ), #4727, .T. ) ;
#6842 = ORIENTED_EDGE ( 'NONE', *, *, #3913, .T. ) ;
#6843 = CYLINDRICAL_SURFACE ( 'NONE', #861, 8.000000000000000000 ) ;
#6844 = LINE ( 'NONE', #761, #1753 ) ;
#6845 = FACE_BOUND ( 'NONE', #125, .T. ) ;
#6846 = CYLINDRICAL_SURFACE ( 'NONE', #3387, 1.000000000000000888 ) ;
#6847 = AXIS2_PLACEMENT_3D ( 'NONE', #5482, #627, #4544 ) ;
#6848 = AXIS2_PLACEMENT_3D ( 'NONE', #2743, #3957, #5561 ) ;
#6849 = CARTESIAN_POINT ( 'NONE',  ( -6.499999999999932498, -22.87015455142720199, -13.50000000000000533 ) ) ;
#6850 = CARTESIAN_POINT ( 'NONE',  ( -93.89999999999993463, -22.87015455142721265, 47.89999999999999147 ) ) ;
#6851 = VERTEX_POINT ( 'NONE', #5343 ) ;
#6852 = CARTESIAN_POINT ( 'NONE',  ( -38.99999999999992895, -25.87015455142720910, 32.07493386054424178 ) ) ;
#6853 = ORIENTED_EDGE ( 'NONE', *, *, #3720, .T. ) ;
#6854 = CARTESIAN_POINT ( 'NONE',  ( -91.94999999999991758, -25.87015455142721265, 23.39999999999999147 ) ) ;
#6855 = ORIENTED_EDGE ( 'NONE', *, *, #3275, .F. ) ;
#6856 = LINE ( 'NONE', #670, #6458 ) ;
#6857 = CARTESIAN_POINT ( 'NONE',  ( -37.49999999999993605, -25.87015455142720555, 3.000000000000000000 ) ) ;
#6858 = AXIS2_PLACEMENT_3D ( 'NONE', #878, #1389, #1499 ) ;
#6859 = DIRECTION ( 'NONE',  ( 1.278526357607465097E-16, -1.000000000000000000, -5.022723014296544476E-18 ) ) ;
#6860 = ORIENTED_EDGE ( 'NONE', *, *, #6303, .T. ) ;
#6861 = LINE ( 'NONE', #3037, #1886 ) ;
#6862 = ORIENTED_EDGE ( 'NONE', *, *, #5365, .F. ) ;
#6863 = CYLINDRICAL_SURFACE ( 'NONE', #1487, 1.250000000000001110 ) ;
#6864 = DIRECTION ( 'NONE',  ( -1.000000000000000000, 0.000000000000000000, 0.000000000000000000 ) ) ;
#6865 = AXIS2_PLACEMENT_3D ( 'NONE', #5978, #6404, #5835 ) ;
#6866 = VERTEX_POINT ( 'NONE', #2524 ) ;
#6867 = VECTOR ( 'NONE', #531, 1000.000000000000000 ) ;
#6868 = DIRECTION ( 'NONE',  ( -0.000000000000000000, -5.022723014296612268E-18, 1.000000000000000000 ) ) ;
#6869 = ORIENTED_EDGE ( 'NONE', *, *, #2260, .T. ) ;
#6870 = EDGE_CURVE ( 'NONE', #401, #7145, #4761, .T. ) ;
#6871 = DIRECTION ( 'NONE',  ( 0.000000000000000000, 5.022723014296612268E-18, -1.000000000000000000 ) ) ;
#6872 = EDGE_CURVE ( 'NONE', #3474, #5324, #1734, .T. ) ;
#6873 = VECTOR ( 'NONE', #5134, 1000.000000000000000 ) ;
#6874 = AXIS2_PLACEMENT_3D ( 'NONE', #746, #5165, #6325 ) ;
#6875 = EDGE_LOOP ( 'NONE', ( #1393, #5627 ) ) ;
#6876 = CARTESIAN_POINT ( 'NONE',  ( -55.39999999999994884, -25.87015455142720910, -37.50000000000000711 ) ) ;
#6877 = CARTESIAN_POINT ( 'NONE',  ( -48.49999999999992184, -22.87015455142720555, 34.39999999999998437 ) ) ;
#6878 = EDGE_CURVE ( 'NONE', #1548, #1313, #1018, .T. ) ;
#6879 = FACE_BOUND ( 'NONE', #2172, .T. ) ;
#6880 = DIRECTION ( 'NONE',  ( 2.081668171172168513E-17, 3.816637062202878161E-32, 1.000000000000000000 ) ) ;
#6881 = CIRCLE ( 'NONE', #2352, 1.500000000000004885 ) ;
#6882 = EDGE_CURVE ( 'NONE', #4337, #6908, #373, .T. ) ;
#6883 = ORIENTED_EDGE ( 'NONE', *, *, #4403, .T. ) ;
#6884 = AXIS2_PLACEMENT_3D ( 'NONE', #6025, #3104, #3648 ) ;
#6885 = CARTESIAN_POINT ( 'NONE',  ( -83.39999999999994884, -22.87015455142721265, -35.50000000000000000 ) ) ;
#6886 = DIRECTION ( 'NONE',  ( 2.081668171172168513E-17, 3.816637062202878161E-32, 1.000000000000000000 ) ) ;
#6887 = ORIENTED_EDGE ( 'NONE', *, *, #1276, .F. ) ;
#6888 = LINE ( 'NONE', #2956, #6296 ) ;
#6889 = ADVANCED_FACE ( 'NONE', ( #817 ), #2034, .F. ) ;
#6890 = ADVANCED_FACE ( 'NONE', ( #268 ), #858, .F. ) ;
#6891 = VERTEX_POINT ( 'NONE', #5963 ) ;
#6892 = EDGE_LOOP ( 'NONE', ( #7049, #1299, #3692, #5742 ) ) ;
#6893 = CARTESIAN_POINT ( 'NONE',  ( -68.39999999999996305, -15.87015455142721088, -2.100000000000004530 ) ) ;
#6894 = ORIENTED_EDGE ( 'NONE', *, *, #6918, .T. ) ;
#6895 = AXIS2_PLACEMENT_3D ( 'NONE', #4382, #3822, #4558 ) ;
#6896 = AXIS2_PLACEMENT_3D ( 'NONE', #6550, #2612, #5458 ) ;
#6897 = DIRECTION ( 'NONE',  ( 1.000000000000000000, 0.000000000000000000, 0.000000000000000000 ) ) ;
#6898 = FACE_OUTER_BOUND ( 'NONE', #2201, .T. ) ;
#6899 = ORIENTED_EDGE ( 'NONE', *, *, #1998, .F. ) ;
#6900 = ORIENTED_EDGE ( 'NONE', *, *, #5290, .T. ) ;
#6901 = VECTOR ( 'NONE', #1762, 1000.000000000000000 ) ;
#6902 = EDGE_CURVE ( 'NONE', #4666, #722, #6430, .T. ) ;
#6903 = CARTESIAN_POINT ( 'NONE',  ( -43.39999999999994884, -22.87015455142720555, -17.00000000000000711 ) ) ;
#6904 = DIRECTION ( 'NONE',  ( 1.268935612889287343E-16, -1.000000000000000000, 2.469788560855558288E-32 ) ) ;
#6905 = CIRCLE ( 'NONE', #504, 1.500000000000001332 ) ;
#6906 = ORIENTED_EDGE ( 'NONE', *, *, #5868, .T. ) ;
#6907 = CARTESIAN_POINT ( 'NONE',  ( -89.39999999999992042, -22.87015455142721265, 34.39999999999999147 ) ) ;
#6908 = VERTEX_POINT ( 'NONE', #7043 ) ;
#6909 = DIRECTION ( 'NONE',  ( -1.268935612889287343E-16, 1.000000000000000000, -2.469788560855558288E-32 ) ) ;
#6910 = AXIS2_PLACEMENT_3D ( 'NONE', #5767, #795, #5218 ) ;
#6911 = ORIENTED_EDGE ( 'NONE', *, *, #7000, .F. ) ;
#6912 = FACE_OUTER_BOUND ( 'NONE', #3725, .T. ) ;
#6913 = FACE_OUTER_BOUND ( 'NONE', #6929, .T. ) ;
#6914 = EDGE_CURVE ( 'NONE', #710, #5008, #4330, .T. ) ;
#6915 = FACE_BOUND ( 'NONE', #4893, .T. ) ;
#6916 = CARTESIAN_POINT ( 'NONE',  ( -11.99999999999995559, -25.87015455142720199, -10.00000000000000178 ) ) ;
#6917 = EDGE_LOOP ( 'NONE', ( #4068, #6110, #3106, #3070 ) ) ;
#6918 = EDGE_CURVE ( 'NONE', #4418, #4935, #335, .T. ) ;
#6919 = EDGE_CURVE ( 'NONE', #6752, #2424, #6541, .T. ) ;
#6920 = LINE ( 'NONE', #5806, #2373 ) ;
#6921 = CYLINDRICAL_SURFACE ( 'NONE', #6391, 1.500000000000004885 ) ;
#6922 = ORIENTED_EDGE ( 'NONE', *, *, #6665, .T. ) ;
#6923 = LINE ( 'NONE', #2342, #3040 ) ;
#6924 = ORIENTED_EDGE ( 'NONE', *, *, #6872, .F. ) ;
#6925 = EDGE_LOOP ( 'NONE', ( #2484, #2481, #4149, #3227 ) ) ;
#6926 = DIRECTION ( 'NONE',  ( 1.278526357607465097E-16, -1.000000000000000000, -5.022723014296544476E-18 ) ) ;
#6927 = ORIENTED_EDGE ( 'NONE', *, *, #645, .T. ) ;
#6928 = EDGE_CURVE ( 'NONE', #6184, #1715, #4737, .T. ) ;
#6929 = EDGE_LOOP ( 'NONE', ( #5014, #4946, #1882, #6342 ) ) ;
#6930 = AXIS2_PLACEMENT_3D ( 'NONE', #2165, #4970, #6021 ) ;
#6931 = CARTESIAN_POINT ( 'NONE',  ( -60.49999999999992895, -25.87015455142720910, 45.89999999999999858 ) ) ;
#6932 = LINE ( 'NONE', #4657, #7107 ) ;
#6933 = ORIENTED_EDGE ( 'NONE', *, *, #4362, .T. ) ;
#6934 = FACE_BOUND ( 'NONE', #1672, .T. ) ;
#6935 = ORIENTED_EDGE ( 'NONE', *, *, #1106, .F. ) ;
#6936 = DIRECTION ( 'NONE',  ( 1.000000000000000000, 0.000000000000000000, 0.000000000000000000 ) ) ;
#6937 = VECTOR ( 'NONE', #4516, 1000.000000000000000 ) ;
#6938 = CARTESIAN_POINT ( 'NONE',  ( -19.99999999999995381, -22.87015455142720555, -17.00000000000000711 ) ) ;
#6939 = FACE_OUTER_BOUND ( 'NONE', #3365, .T. ) ;
#6940 = ORIENTED_EDGE ( 'NONE', *, *, #518, .T. ) ;
#6941 = CARTESIAN_POINT ( 'NONE',  ( -23.99999999999993605, -22.87015455142720199, 11.00000000000000355 ) ) ;
#6942 = ORIENTED_EDGE ( 'NONE', *, *, #5237, .T. ) ;
#6943 = VERTEX_POINT ( 'NONE', #2488 ) ;
#6944 = DIRECTION ( 'NONE',  ( 1.278526357607465097E-16, -1.000000000000000000, -5.022723014296544476E-18 ) ) ;
#6945 = CIRCLE ( 'NONE', #2985, 1.500000000000001332 ) ;
#6946 = ORIENTED_EDGE ( 'NONE', *, *, #2960, .T. ) ;
#6947 = DIRECTION ( 'NONE',  ( -1.278526357607465097E-16, 1.000000000000000000, 5.022723014296544476E-18 ) ) ;
#6948 = CARTESIAN_POINT ( 'NONE',  ( -9.999999999999939604, -25.87015455142720199, -35.00000000000001421 ) ) ;
#6949 = FACE_OUTER_BOUND ( 'NONE', #4654, .T. ) ;
#6950 = AXIS2_PLACEMENT_3D ( 'NONE', #6218, #1740, #6181 ) ;
#6951 = CYLINDRICAL_SURFACE ( 'NONE', #2474, 7.999999999999992895 ) ;
#6952 = CARTESIAN_POINT ( 'NONE',  ( -58.39999999999994884, -22.87015455142720910, 15.89999999999999680 ) ) ;
#6953 = ORIENTED_EDGE ( 'NONE', *, *, #7099, .T. ) ;
#6954 = DIRECTION ( 'NONE',  ( 1.000000000000000000, 0.000000000000000000, 0.000000000000000000 ) ) ;
#6955 = CARTESIAN_POINT ( 'NONE',  ( -50.19999999999994600, -22.87015455142720555, -2.500000000000000444 ) ) ;
#6956 = EDGE_LOOP ( 'NONE', ( #5754, #4029, #6940, #870 ) ) ;
#6957 = ORIENTED_EDGE ( 'NONE', *, *, #1540, .T. ) ;
#6958 = EDGE_CURVE ( 'NONE', #2168, #6016, #4176, .T. ) ;
#6959 = FACE_BOUND ( 'NONE', #4101, .T. ) ;
#6960 = EDGE_CURVE ( 'NONE', #6537, #6891, #3569, .T. ) ;
#6961 = CIRCLE ( 'NONE', #5581, 8.000000000000000000 ) ;
#6962 = VERTEX_POINT ( 'NONE', #3931 ) ;
#6963 = CARTESIAN_POINT ( 'NONE',  ( -91.39999999999994884, -25.87015455142721265, -23.80000000000000071 ) ) ;
#6964 = CARTESIAN_POINT ( 'NONE',  ( -95.89999999999996305, -25.87015455142721265, -27.50000000000000355 ) ) ;
#6965 = ORIENTED_EDGE ( 'NONE', *, *, #2831, .F. ) ;
#6966 = AXIS2_PLACEMENT_3D ( 'NONE', #5224, #2438, #5116 ) ;
#6967 = DIRECTION ( 'NONE',  ( 1.000000000000000000, 0.000000000000000000, 0.000000000000000000 ) ) ;
#6968 = EDGE_CURVE ( 'NONE', #5628, #2546, #6149, .T. ) ;
#6969 = VERTEX_POINT ( 'NONE', #2146 ) ;
#6970 = EDGE_CURVE ( 'NONE', #5401, #3596, #5088, .T. ) ;
#6971 = CARTESIAN_POINT ( 'NONE',  ( -50.49999999999992895, -22.87015455142720555, 58.39999999999998437 ) ) ;
#6972 = CIRCLE ( 'NONE', #4195, 1.250000000000001110 ) ;
#6973 = CARTESIAN_POINT ( 'NONE',  ( -50.19999999999994600, -25.87015455142720910, -2.500000000000000444 ) ) ;
#6974 = DIRECTION ( 'NONE',  ( -1.268935612889287343E-16, 1.000000000000000000, 1.026341648675403128E-48 ) ) ;
#6975 = ORIENTED_EDGE ( 'NONE', *, *, #608, .F. ) ;
#6976 = PLANE ( 'NONE',  #1303 ) ;
#6977 = ORIENTED_EDGE ( 'NONE', *, *, #1768, .F. ) ;
#6978 = ORIENTED_EDGE ( 'NONE', *, *, #3127, .F. ) ;
#6979 = DIRECTION ( 'NONE',  ( -1.278526357607465097E-16, 1.000000000000000000, 5.022723014296544476E-18 ) ) ;
#6980 = VECTOR ( 'NONE', #413, 1000.000000000000000 ) ;
#6981 = EDGE_LOOP ( 'NONE', ( #3482, #4206, #4717, #3456 ) ) ;
#6982 = DIRECTION ( 'NONE',  ( -1.288097321785393689E-16, 1.000000000000000000, -3.489072158099908472E-32 ) ) ;
#6983 = FACE_BOUND ( 'NONE', #6743, .T. ) ;
#6984 = DIRECTION ( 'NONE',  ( 0.000000000000000000, 0.000000000000000000, -1.000000000000000000 ) ) ;
#6985 = AXIS2_PLACEMENT_3D ( 'NONE', #5698, #3427, #1215 ) ;
#6986 = CIRCLE ( 'NONE', #3863, 1.500000000000001332 ) ;
#6987 = EDGE_CURVE ( 'NONE', #2256, #1232, #2289, .T. ) ;
#6988 = DIRECTION ( 'NONE',  ( -1.278526357607465097E-16, 1.000000000000000000, 5.022723014296544476E-18 ) ) ;
#6989 = FACE_OUTER_BOUND ( 'NONE', #3589, .T. ) ;
#6990 = AXIS2_PLACEMENT_3D ( 'NONE', #1152, #2885, #2776 ) ;
#6991 = ORIENTED_EDGE ( 'NONE', *, *, #6520, .T. ) ;
#6992 = CARTESIAN_POINT ( 'NONE',  ( -16.49999999999993960, -25.87015455142720199, 54.44999999999999574 ) ) ;
#6993 = DIRECTION ( 'NONE',  ( -1.000000000000000000, 0.000000000000000000, 0.000000000000000000 ) ) ;
#6994 = ORIENTED_EDGE ( 'NONE', *, *, #5468, .T. ) ;
#6995 = ORIENTED_EDGE ( 'NONE', *, *, #7060, .F. ) ;
#6996 = LINE ( 'NONE', #3249, #5964 ) ;
#6997 = ORIENTED_EDGE ( 'NONE', *, *, #1193, .T. ) ;
#6998 = VECTOR ( 'NONE', #594, 1000.000000000000000 ) ;
#6999 = ORIENTED_EDGE ( 'NONE', *, *, #4211, .F. ) ;
#7000 = EDGE_CURVE ( 'NONE', #585, #2560, #597, .T. ) ;
#7001 = DIRECTION ( 'NONE',  ( 0.000000000000000000, 0.000000000000000000, -1.000000000000000000 ) ) ;
#7002 = DIRECTION ( 'NONE',  ( -1.268935612889287343E-16, 1.000000000000000000, -2.469788560855558288E-32 ) ) ;
#7003 = VECTOR ( 'NONE', #6736, 1000.000000000000000 ) ;
#7004 = VERTEX_POINT ( 'NONE', #448 ) ;
#7005 = EDGE_CURVE ( 'NONE', #4989, #2022, #3370, .T. ) ;
#7006 = DIRECTION ( 'NONE',  ( 0.000000000000000000, 5.022723014296612268E-18, -1.000000000000000000 ) ) ;
#7007 = EDGE_LOOP ( 'NONE', ( #2799, #7186 ) ) ;
#7008 = AXIS2_PLACEMENT_3D ( 'NONE', #4667, #3050, #5866 ) ;
#7009 = CYLINDRICAL_SURFACE ( 'NONE', #3233, 1.000000000000000888 ) ;
#7010 = EDGE_CURVE ( 'NONE', #6962, #2826, #5451, .T. ) ;
#7011 = CARTESIAN_POINT ( 'NONE',  ( -85.39999999999994884, -25.87015455142721265, 15.89999999999999680 ) ) ;
#7012 = CARTESIAN_POINT ( 'NONE',  ( -51.44999999999994600, -25.87015455142720910, -21.00000000000000000 ) ) ;
#7013 = ORIENTED_EDGE ( 'NONE', *, *, #4550, .T. ) ;
#7014 = ORIENTED_EDGE ( 'NONE', *, *, #6914, .F. ) ;
#7015 = ORIENTED_EDGE ( 'NONE', *, *, #7138, .F. ) ;
#7016 = AXIS2_PLACEMENT_3D ( 'NONE', #2505, #2470, #910 ) ;
#7017 = DIRECTION ( 'NONE',  ( 1.000000000000000000, 0.000000000000000000, 0.000000000000000000 ) ) ;
#7018 = ADVANCED_FACE ( 'NONE', ( #3339 ), #6686, .F. ) ;
#7019 = CIRCLE ( 'NONE', #5638, 2.000000000000001776 ) ;
#7020 = ADVANCED_FACE ( 'NONE', ( #1087 ), #562, .F. ) ;
#7021 = CARTESIAN_POINT ( 'NONE',  ( -42.49999999999992895, -25.87015455142720555, 20.89999999999998792 ) ) ;
#7022 = CARTESIAN_POINT ( 'NONE',  ( -35.49999999999993605, -15.87015455142720732, 15.00000000000000355 ) ) ;
#7023 = DIRECTION ( 'NONE',  ( 1.278526357607465097E-16, -1.000000000000000000, -5.022723014296544476E-18 ) ) ;
#7024 = CARTESIAN_POINT ( 'NONE',  ( -23.99999999999993605, -24.07015455142720128, 50.39999999999999858 ) ) ;
#7025 = VECTOR ( 'NONE', #1754, 1000.000000000000000 ) ;
#7026 = DIRECTION ( 'NONE',  ( -1.000000000000000000, -1.288097321785394182E-16, 2.081668171172168513E-17 ) ) ;
#7027 = CIRCLE ( 'NONE', #5771, 2.000000000000000000 ) ;
#7028 = LINE ( 'NONE', #3712, #1056 ) ;
#7029 = ORIENTED_EDGE ( 'NONE', *, *, #1312, .T. ) ;
#7030 = CARTESIAN_POINT ( 'NONE',  ( -2.499999999999925837, -22.87015455142720199, 48.40000000000000568 ) ) ;
#7031 = DIRECTION ( 'NONE',  ( 1.000000000000000000, 0.000000000000000000, 0.000000000000000000 ) ) ;
#7032 = ORIENTED_EDGE ( 'NONE', *, *, #1106, .T. ) ;
#7033 = ORIENTED_EDGE ( 'NONE', *, *, #775, .T. ) ;
#7034 = DIRECTION ( 'NONE',  ( 0.000000000000000000, 0.000000000000000000, -1.000000000000000000 ) ) ;
#7035 = AXIS2_PLACEMENT_3D ( 'NONE', #1046, #3258, #4950 ) ;
#7036 = VERTEX_POINT ( 'NONE', #2782 ) ;
#7037 = DIRECTION ( 'NONE',  ( -1.268935612889287343E-16, 1.000000000000000000, 1.026341648675403128E-48 ) ) ;
#7038 = DIRECTION ( 'NONE',  ( 1.268935612889287343E-16, -1.000000000000000000, -1.026341648675403128E-48 ) ) ;
#7039 = ORIENTED_EDGE ( 'NONE', *, *, #1004, .T. ) ;
#7040 = DIRECTION ( 'NONE',  ( 1.000000000000000000, 1.288097321785394182E-16, -2.081668171172168513E-17 ) ) ;
#7041 = ORIENTED_EDGE ( 'NONE', *, *, #5019, .F. ) ;
#7042 = VECTOR ( 'NONE', #4072, 1000.000000000000000 ) ;
#7043 = CARTESIAN_POINT ( 'NONE',  ( -44.39999999999994174, -25.87015455142720910, -13.50000000000000533 ) ) ;
#7044 = CARTESIAN_POINT ( 'NONE',  ( -71.89999999999994884, -24.07015455142720839, 9.899999999999996803 ) ) ;
#7045 = LINE ( 'NONE', #4952, #2908 ) ;
#7046 = DIRECTION ( 'NONE',  ( 0.000000000000000000, 5.022723014296612268E-18, -1.000000000000000000 ) ) ;
#7047 = ORIENTED_EDGE ( 'NONE', *, *, #5905, .T. ) ;
#7048 = VERTEX_POINT ( 'NONE', #3301 ) ;
#7049 = ORIENTED_EDGE ( 'NONE', *, *, #3222, .F. ) ;
#7050 = VECTOR ( 'NONE', #541, 1000.000000000000000 ) ;
#7051 = DIRECTION ( 'NONE',  ( -6.608470384673552010E-16, -8.302488146810123651E-32, 1.000000000000000000 ) ) ;
#7052 = EDGE_CURVE ( 'NONE', #6126, #1395, #1363, .T. ) ;
#7053 = EDGE_CURVE ( 'NONE', #6790, #5714, #2253, .T. ) ;
#7054 = CARTESIAN_POINT ( 'NONE',  ( -71.89999999999994884, -24.07015455142720839, -26.49999999999999645 ) ) ;
#7055 = DIRECTION ( 'NONE',  ( 1.268935612889287343E-16, -1.000000000000000000, 2.469788560855558288E-32 ) ) ;
#7056 = AXIS2_PLACEMENT_3D ( 'NONE', #2112, #497, #4342 ) ;
#7057 = LINE ( 'NONE', #4962, #3975 ) ;
#7058 = CARTESIAN_POINT ( 'NONE',  ( -51.49999999999992895, -24.07015455142720484, 34.39999999999998437 ) ) ;
#7059 = EDGE_CURVE ( 'NONE', #2560, #4232, #2750, .T. ) ;
#7060 = EDGE_CURVE ( 'NONE', #4684, #7119, #4481, .T. ) ;
#7061 = AXIS2_PLACEMENT_3D ( 'NONE', #929, #3659, #490 ) ;
#7062 = CARTESIAN_POINT ( 'NONE',  ( -23.99999999999993605, -24.07015455142720128, 50.39999999999999858 ) ) ;
#7063 = CYLINDRICAL_SURFACE ( 'NONE', #808, 2.000000000000000000 ) ;
#7064 = ORIENTED_EDGE ( 'NONE', *, *, #3586, .T. ) ;
#7065 = CARTESIAN_POINT ( 'NONE',  ( -23.99999999999993605, -25.87015455142720555, 14.00000000000000355 ) ) ;
#7066 = DIRECTION ( 'NONE',  ( 1.000000000000000000, 0.000000000000000000, 0.000000000000000000 ) ) ;
#7067 = EDGE_LOOP ( 'NONE', ( #1848, #4450 ) ) ;
#7068 = ORIENTED_EDGE ( 'NONE', *, *, #18, .T. ) ;
#7069 = AXIS2_PLACEMENT_3D ( 'NONE', #5710, #2384, #1399 ) ;
#7070 = DIRECTION ( 'NONE',  ( 1.000000000000000000, 0.000000000000000000, 0.000000000000000000 ) ) ;
#7071 = VECTOR ( 'NONE', #7081, 1000.000000000000000 ) ;
#7072 = ORIENTED_EDGE ( 'NONE', *, *, #5071, .F. ) ;
#7073 = ORIENTED_EDGE ( 'NONE', *, *, #1738, .F. ) ;
#7074 = VERTEX_POINT ( 'NONE', #4910 ) ;
#7075 = DIRECTION ( 'NONE',  ( 1.278526357607465097E-16, -1.000000000000000000, -5.022723014296544476E-18 ) ) ;
#7076 = CARTESIAN_POINT ( 'NONE',  ( -42.69999999999994600, -25.87015455142720910, -36.00000000000000711 ) ) ;
#7077 = DIRECTION ( 'NONE',  ( 1.000000000000000000, 1.268935612889287343E-16, -2.311115933264682682E-33 ) ) ;
#7078 = EDGE_LOOP ( 'NONE', ( #4311, #1982, #3820, #3021 ) ) ;
#7079 = DIRECTION ( 'NONE',  ( 0.000000000000000000, 0.000000000000000000, 1.000000000000000000 ) ) ;
#7080 = VERTEX_POINT ( 'NONE', #2182 ) ;
#7081 = DIRECTION ( 'NONE',  ( 1.278526357607465097E-16, -1.000000000000000000, -5.022723014296544476E-18 ) ) ;
#7082 = DIRECTION ( 'NONE',  ( -1.278526357607465097E-16, 1.000000000000000000, 5.022723014296544476E-18 ) ) ;
#7083 = PRODUCT_RELATED_PRODUCT_CATEGORY ( 'part', '', ( #4359 ) ) ;
#7084 = CARTESIAN_POINT ( 'NONE',  ( -40.49999999999992184, -22.87015455142720555, 37.36395190979015268 ) ) ;
#7085 = DIRECTION ( 'NONE',  ( 0.000000000000000000, 5.022723014296612268E-18, -1.000000000000000000 ) ) ;
#7086 = ORIENTED_EDGE ( 'NONE', *, *, #6702, .F. ) ;
#7087 = ORIENTED_EDGE ( 'NONE', *, *, #419, .F. ) ;
#7088 = ORIENTED_EDGE ( 'NONE', *, *, #5559, .T. ) ;
#7089 = FACE_OUTER_BOUND ( 'NONE', #7078, .T. ) ;
#7090 = FACE_OUTER_BOUND ( 'NONE', #4957, .T. ) ;
#7091 = ADVANCED_FACE ( 'NONE', ( #6580 ), #2716, .F. ) ;
#7092 = EDGE_CURVE ( 'NONE', #6251, #326, #6696, .T. ) ;
#7093 = DIRECTION ( 'NONE',  ( -1.000000000000000000, 0.000000000000000000, 0.000000000000000000 ) ) ;
#7094 = CARTESIAN_POINT ( 'NONE',  ( -4.499999999999934275, -22.87015455142719844, 45.70000000000000284 ) ) ;
#7095 = DIRECTION ( 'NONE',  ( 1.278526357607465097E-16, -1.000000000000000000, -5.022723014296544476E-18 ) ) ;
#7096 = FACE_OUTER_BOUND ( 'NONE', #3284, .T. ) ;
#7097 = ADVANCED_FACE ( 'NONE', ( #7157 ), #4410, .F. ) ;
#7098 = EDGE_CURVE ( 'NONE', #2841, #1336, #5775, .T. ) ;
#7099 = EDGE_CURVE ( 'NONE', #2770, #5628, #1105, .T. ) ;
#7100 = LINE ( 'NONE', #2086, #5646 ) ;
#7101 = DIRECTION ( 'NONE',  ( -1.000000000000000000, -1.268935612889287343E-16, 2.311115933264682682E-33 ) ) ;
#7102 = ORIENTED_EDGE ( 'NONE', *, *, #1626, .T. ) ;
#7103 = LINE ( 'NONE', #432, #6129 ) ;
#7104 = PLANE ( 'NONE',  #2013 ) ;
#7105 = ORIENTED_EDGE ( 'NONE', *, *, #5650, .T. ) ;
#7106 = ORIENTED_EDGE ( 'NONE', *, *, #3459, .F. ) ;
#7107 = VECTOR ( 'NONE', #5786, 1000.000000000000000 ) ;
#7108 = DIRECTION ( 'NONE',  ( 0.000000000000000000, 0.000000000000000000, 1.000000000000000000 ) ) ;
#7109 = ORIENTED_EDGE ( 'NONE', *, *, #1818, .F. ) ;
#7110 = AXIS2_PLACEMENT_3D ( 'NONE', #3375, #4039, #2293 ) ;
#7111 = ORIENTED_EDGE ( 'NONE', *, *, #197, .F. ) ;
#7112 = EDGE_CURVE ( 'NONE', #1726, #259, #5749, .T. ) ;
#7113 = CARTESIAN_POINT ( 'NONE',  ( -23.99999999999993605, -24.07015455142720128, 14.00000000000000355 ) ) ;
#7114 = DIRECTION ( 'NONE',  ( -1.268935612889287343E-16, 1.000000000000000000, -2.469788560855558288E-32 ) ) ;
#7115 = EDGE_CURVE ( 'NONE', #2004, #219, #704, .T. ) ;
#7116 = CARTESIAN_POINT ( 'NONE',  ( -93.39999999999994884, -22.87015455142721265, 4.199999999999999289 ) ) ;
#7117 = ORIENTED_EDGE ( 'NONE', *, *, #4035, .F. ) ;
#7118 = CARTESIAN_POINT ( 'NONE',  ( -16.49999999999993960, -25.87015455142720199, 53.19999999999999574 ) ) ;
#7119 = VERTEX_POINT ( 'NONE', #1227 ) ;
#7120 = AXIS2_PLACEMENT_3D ( 'NONE', #6955, #355, #2128 ) ;
#7121 = DIRECTION ( 'NONE',  ( 1.000000000000000000, 0.000000000000000000, 0.000000000000000000 ) ) ;
#7122 = AXIS2_PLACEMENT_3D ( 'NONE', #6893, #1256, #2477 ) ;
#7123 = CARTESIAN_POINT ( 'NONE',  ( -35.49999999999993605, -22.87015455142720555, 23.00000000000000355 ) ) ;
#7124 = DIRECTION ( 'NONE',  ( 1.268935612889287343E-16, -1.000000000000000000, -1.026341648675403128E-48 ) ) ;
#7125 = DIRECTION ( 'NONE',  ( 1.278526357607465097E-16, -1.000000000000000000, -5.022723014296544476E-18 ) ) ;
#7126 = ORIENTED_EDGE ( 'NONE', *, *, #987, .T. ) ;
#7127 = EDGE_LOOP ( 'NONE', ( #6024, #1131, #4804, #2941 ) ) ;
#7128 = ORIENTED_EDGE ( 'NONE', *, *, #2078, .F. ) ;
#7129 = CARTESIAN_POINT ( 'NONE',  ( -83.39999999999994884, -25.87015455142721265, 17.89999999999999858 ) ) ;
#7130 = CIRCLE ( 'NONE', #4121, 1.000000000000000888 ) ;
#7131 = DIRECTION ( 'NONE',  ( -1.268935612889287343E-16, 1.000000000000000000, -2.469788560855558288E-32 ) ) ;
#7132 = DIRECTION ( 'NONE',  ( -1.288097321785393689E-16, 1.000000000000000000, -3.489072158099908472E-32 ) ) ;
#7133 = AXIS2_PLACEMENT_3D ( 'NONE', #5444, #1582, #6142 ) ;
#7134 = LINE ( 'NONE', #2651, #3318 ) ;
#7135 = LINE ( 'NONE', #2159, #4209 ) ;
#7136 = VERTEX_POINT ( 'NONE', #2413 ) ;
#7137 = VECTOR ( 'NONE', #5295, 1000.000000000000000 ) ;
#7138 = EDGE_CURVE ( 'NONE', #4396, #1642, #6755, .T. ) ;
#7139 = LINE ( 'NONE', #2162, #6792 ) ;
#7140 = CARTESIAN_POINT ( 'NONE',  ( -35.39999999999994884, -25.87015455142720555, -10.00000000000000178 ) ) ;
#7141 = ORIENTED_EDGE ( 'NONE', *, *, #2561, .T. ) ;
#7142 = DIRECTION ( 'NONE',  ( 2.311115933264682682E-33, 8.323527102631439332E-34, 1.000000000000000000 ) ) ;
#7143 = PLANE ( 'NONE',  #1086 ) ;
#7144 = VECTOR ( 'NONE', #871, 1000.000000000000000 ) ;
#7145 = VERTEX_POINT ( 'NONE', #4586 ) ;
#7146 = VERTEX_POINT ( 'NONE', #188 ) ;
#7147 = CARTESIAN_POINT ( 'NONE',  ( -53.39999999999994884, -22.87015455142720910, -4.995410581782472968E-31 ) ) ;
#7148 = VECTOR ( 'NONE', #6904, 1000.000000000000000 ) ;
#7149 = EDGE_CURVE ( 'NONE', #4190, #1306, #5404, .T. ) ;
#7150 = VERTEX_POINT ( 'NONE', #4655 ) ;
#7151 = CARTESIAN_POINT ( 'NONE',  ( -50.39999999999994174, -24.07015455142720839, -13.50000000000000533 ) ) ;
#7152 = DIRECTION ( 'NONE',  ( -1.278526357607465097E-16, 1.000000000000000000, 5.022723014296544476E-18 ) ) ;
#7153 = LINE ( 'NONE', #1699, #3156 ) ;
#7154 = ORIENTED_EDGE ( 'NONE', *, *, #5461, .T. ) ;
#7155 = CARTESIAN_POINT ( 'NONE',  ( -23.99999999999993605, -24.07015455142720128, 50.39999999999999858 ) ) ;
#7156 = EDGE_CURVE ( 'NONE', #4914, #3977, #744, .T. ) ;
#7157 = FACE_OUTER_BOUND ( 'NONE', #5284, .T. ) ;
#7158 = CARTESIAN_POINT ( 'NONE',  ( -90.69999999999991758, -22.87015455142721265, 41.89999999999998437 ) ) ;
#7159 = CARTESIAN_POINT ( 'NONE',  ( -4.999999999999936939, -24.07015455142720128, -13.50000000000000533 ) ) ;
#7160 = DIRECTION ( 'NONE',  ( 1.000000000000000000, 1.268935612889287343E-16, -2.311115933264680629E-33 ) ) ;
#7161 = VERTEX_POINT ( 'NONE', #2383 ) ;
#7162 = ORIENTED_EDGE ( 'NONE', *, *, #2999, .T. ) ;
#7163 = DIRECTION ( 'NONE',  ( 1.000000000000000000, 0.000000000000000000, 0.000000000000000000 ) ) ;
#7164 = AXIS2_PLACEMENT_3D ( 'NONE', #4625, #1979, #5947 ) ;
#7165 = CARTESIAN_POINT ( 'NONE',  ( -4.499999999999934275, -25.87015455142720199, 45.70000000000000284 ) ) ;
#7166 = DIRECTION ( 'NONE',  ( -1.268935612889287343E-16, 1.000000000000000000, 1.026341648675403128E-48 ) ) ;
#7167 = CARTESIAN_POINT ( 'NONE',  ( -71.89999999999994884, -25.87015455142720910, -29.50000000000000000 ) ) ;
#7168 = CYLINDRICAL_SURFACE ( 'NONE', #16, 3.000000000000002665 ) ;
#7169 = ORIENTED_EDGE ( 'NONE', *, *, #5699, .T. ) ;
#7170 = VERTEX_POINT ( 'NONE', #2928 ) ;
#7171 = AXIS2_PLACEMENT_3D ( 'NONE', #2576, #3157, #4302 ) ;
#7172 = DIRECTION ( 'NONE',  ( -1.278526357607465097E-16, 1.000000000000000000, 5.022723014296544476E-18 ) ) ;
#7173 = DIRECTION ( 'NONE',  ( 1.278526357607465097E-16, -1.000000000000000000, -5.022723014296544476E-18 ) ) ;
#7174 = ORIENTED_EDGE ( 'NONE', *, *, #6705, .T. ) ;
#7175 = DIRECTION ( 'NONE',  ( 0.000000000000000000, 0.000000000000000000, 1.000000000000000000 ) ) ;
#7176 = DIRECTION ( 'NONE',  ( -1.000000000000000000, 0.000000000000000000, 0.000000000000000000 ) ) ;
#7177 = ORIENTED_EDGE ( 'NONE', *, *, #75, .F. ) ;
#7178 = FACE_BOUND ( 'NONE', #5213, .T. ) ;
#7179 = VECTOR ( 'NONE', #1712, 1000.000000000000000 ) ;
#7180 = LINE ( 'NONE', #4902, #4937 ) ;
#7181 = CARTESIAN_POINT ( 'NONE',  ( -83.19999999999993179, -25.87015455142721265, 56.89999999999998437 ) ) ;
#7182 = AXIS2_PLACEMENT_3D ( 'NONE', #3008, #4728, #2454 ) ;
#7183 = EDGE_CURVE ( 'NONE', #1250, #6851, #5648, .T. ) ;
#7184 = EDGE_CURVE ( 'NONE', #91, #2389, #3903, .T. ) ;
#7185 = DIRECTION ( 'NONE',  ( 1.268935612889287343E-16, -1.000000000000000000, 2.469788560855558288E-32 ) ) ;
#7186 = ORIENTED_EDGE ( 'NONE', *, *, #1769, .T. ) ;
#7187 = LINE ( 'NONE', #3928, #29 ) ;
#7188 = ORIENTED_EDGE ( 'NONE', *, *, #2559, .T. ) ;
#7189 = EDGE_CURVE ( 'NONE', #517, #3977, #6856, .T. ) ;
#7190 = VECTOR ( 'NONE', #6253, 1000.000000000000000 ) ;
#7191 = CARTESIAN_POINT ( 'NONE',  ( -19.99999999999995381, -25.87015455142720555, -2.000000000000000444 ) ) ;
#7192 = CARTESIAN_POINT ( 'NONE',  ( -9.999999999999939604, -25.87015455142720199, -35.50000000000000711 ) ) ;
#7193 = CARTESIAN_POINT ( 'NONE',  ( -23.99999999999993605, -24.07015455142720128, 11.00000000000000355 ) ) ;
#7194 = EDGE_CURVE ( 'NONE', #1207, #1642, #6122, .T. ) ;
#7195 = DIRECTION ( 'NONE',  ( -1.268935612889287343E-16, 1.000000000000000000, -2.469788560855558288E-32 ) ) ;
#7196 = EDGE_CURVE ( 'NONE', #5281, #5293, #5763, .T. ) ;
#7197 = ORIENTED_EDGE ( 'NONE', *, *, #5559, .F. ) ;
#7198 = CIRCLE ( 'NONE', #1854, 1.000000000000000888 ) ;
#7199 = DIRECTION ( 'NONE',  ( 0.000000000000000000, 0.000000000000000000, 1.000000000000000000 ) ) ;
#7200 = ORIENTED_EDGE ( 'NONE', *, *, #6520, .F. ) ;
#7201 = DIRECTION ( 'NONE',  ( 0.000000000000000000, 0.000000000000000000, -1.000000000000000000 ) ) ;
#7202 = CIRCLE ( 'NONE', #2781, 1.250000000000001110 ) ;
#7203 = DIRECTION ( 'NONE',  ( 1.278526357607465097E-16, -1.000000000000000000, -5.022723014296544476E-18 ) ) ;
#7204 = EDGE_CURVE ( 'NONE', #927, #5507, #5542, .T. ) ;
#7205 = CARTESIAN_POINT ( 'NONE',  ( -16.49999999999993960, -22.87015455142720199, 9.449999999999999289 ) ) ;
#7206 = EDGE_CURVE ( 'NONE', #2609, #379, #5179, .T. ) ;
#7207 = DIRECTION ( 'NONE',  ( -1.000000000000000000, 0.000000000000000000, 0.000000000000000000 ) ) ;
#7208 = CARTESIAN_POINT ( 'NONE',  ( -40.49999999999992184, -22.87015455142720555, 58.39999999999998437 ) ) ;
#7209 = EDGE_LOOP ( 'NONE', ( #5587, #1484, #3351, #7141 ) ) ;
ENDSEC;
END-ISO-10303-21;
