Ê±¼ä´Á,uwTick
0.0019459999166429043,1047299.0
0.003915000008419156,1047301.0
0.0059097998309880495,1047303.0
0.00794010004028678,1047305.0
0.009906999999657273,1047307.0
0.011910300003364682,1047309.0
0.01593039999715984,1047313.0
0.017925299936905503,1047315.0
0.01995750004425645,1047317.0
0.021912700030952692,1047319.0
0.025939999846741557,1047323.0
0.027911099838092923,1047325.0
0.029909699922427535,1047327.0
0.03197150002233684,1047329.0
0.03392659989185631,1047331.0
0.035912999883294106,1047333.0
0.037908499827608466,1047335.0
0.03990829992108047,1047337.0
0.04190679988823831,1047339.0
0.04390619997866452,1047341.0
0.07993380003608763,1047377.0
0.08191989990882576,1047379.0
0.08390989992767572,1047381.0
0.08591529983095825,1047383.0
0.08790919999592006,1047385.0
0.08991059986874461,1047387.0
0.09190679993480444,1047389.0
0.09593379986472428,1047391.0
0.09791589993983507,1047395.0
0.0999123000074178,1047397.0
0.13596199988387525,1047433.0
0.13792219990864396,1047435.0
0.13991649984382093,1047437.0
0.14193479996174574,1047439.0
0.14392219996079803,1047441.0
0.14591049985028803,1047443.0
0.14791279984638095,1047445.0
0.14991179993376136,1047447.0
0.15191719983704388,1047449.0
0.15591069986112416,1047453.0
0.19293839996680617,1047490.0
0.19591659982688725,1047493.0
0.19793080003000796,1047495.0
0.1999154998920858,1047497.0
0.20191139983944595,1047499.0
0.20395080000162125,1047501.0
0.20592319988645613,1047503.0
0.20792789990082383,1047505.0
0.2109135000500828,1047508.0
0.2399341999553144,1047537.0
0.2419137000106275,1047539.0
0.24391079996712506,1047541.0
0.24591059982776642,1047543.0
0.24792059999890625,1047545.0
0.24993429984897375,1047547.0
0.25193719984963536,1047549.0
0.2539103999733925,1047551.0
0.2559084000531584,1047553.0
0.25790810002945364,1047555.0
0.290945400018245,1047588.0
0.29291930003091693,1047590.0
0.29593189992010593,1047593.0
0.2979255998507142,1047595.0
0.2999114999547601,1047597.0
0.3019932999741286,1047599.0
0.30391029990278184,1047601.0
0.3059089998714626,1047603.0
0.307908299844712,1047605.0
0.3099072000477463,1047607.0
0.33593289996497333,1047633.0
0.33791420003399253,1047635.0
0.3399123998824507,1047637.0
0.3419180999044329,1047639.0
0.34393389988690615,1047641.0
0.34591310005635023,1047643.0
0.34791629994288087,1047645.0
0.3499102999921888,1047647.0
0.35191469988785684,1047649.0
0.3539088999386877,1047651.0
0.3559095000382513,1047653.0
0.3829363000113517,1047680.0
0.38491599983535707,1047682.0
0.3869149999227375,1047684.0
0.3889164999127388,1047686.0
0.390922199934721,1047688.0
0.39291179995052516,1047690.0
0.3959126998670399,1047693.0
0.3979189998935908,1047695.0
0.39991299994289875,1047697.0
0.4019108999054879,1047699.0
0.4311285000294447,1047728.0
0.432922099949792,1047730.0
0.4359192999545485,1047733.0
0.43993499991483986,1047735.0
0.4439147999510169,1047739.0
0.4479219999630004,1047743.0
0.4519427998457104,1047747.0
0.4849376999773085,1047782.0
0.4869273998774588,1047784.0
0.4889171998947859,1047786.0
0.49091229983605444,1047789.0
0.4929116000421345,1047790.0
0.4949113999027759,1047792.0
0.49694159999489784,1047794.0
0.4989381998311728,1047796.0
0.5009222999215126,1047798.0
0.5029158999677747,1047800.0
0.5369446000549942,1047834.0
0.5389459000434726,1047836.0
0.5409205998294055,1047838.0
0.5429201000370085,1047840.0
0.5449226999189705,1047842.0
0.5469213000033051,1047844.0
0.5489168998319656,1047846.0
0.5509091999847442,1047848.0
0.552917700028047,1047850.0
0.5559113998897374,1047853.0
0.5819455999881029,1047879.0
0.5849208999425173,1047882.0
0.5869154999963939,1047884.0
0.588911599945277,1047886.0
0.5909149998333305,1047888.0
0.5929385998751968,1047890.0
0.5949158000294119,1047892.0
0.5969095998443663,1047894.0
0.5989307998679578,1047896.0
0.6009213000070304,1047898.0
0.6289534999523312,1047926.0
0.631091000046581,1047928.0
0.6329224000219256,1047930.0
0.6360086998902261,1047933.0
0.6379205000121146,1047935.0
0.6399338999763131,1047937.0
0.6419146000407636,1047939.0
0.6439115998800844,1047941.0
0.6459112998563796,1047943.0
0.6479187998920679,1047945.0
0.676935900002718,1047974.0
0.6789169998373836,1047976.0
0.6811058998573571,1047978.0
0.6829166000243276,1047980.0
0.6849132999777794,1047982.0
0.6889341999776661,1047986.0
0.6909170998260379,1047988.0
0.6949171999003738,1047992.0
0.7219471998978406,1048019.0
0.7239186000078917,1048021.0
0.7259148999582976,1048023.0
0.7279121000319719,1048025.0
0.7299112000036985,1048027.0
0.7320230999030173,1048029.0
0.7359273999463767,1048033.0
0.7379129999317229,1048035.0
0.7399096000008285,1048037.0
0.7689396999776363,1048066.0
0.7709180999081582,1048068.0
0.7729149998631328,1048070.0
0.7759129998739809,1048073.0
0.777918899897486,1048075.0
0.7799505000002682,1048077.0
0.7819290000479668,1048079.0
0.7839146999176592,1048081.0
0.7859179999213666,1048083.0
0.7879115999676287,1048085.0
0.8179488000459969,1048115.0
0.8199232998304069,1048117.0
0.8219136998523027,1048119.0
0.823916899971664,1048121.0
0.8259447999298573,1048123.0
0.8279197998344898,1048125.0
0.829911099979654,1048127.0
0.8319669000338763,1048129.0
0.833915299968794,1048131.0
0.8359228000044823,1048133.0
0.8379144000355154,1048135.0
0.869945100042969,1048167.0
0.8729558000341058,1048170.0
0.874923299998045,1048172.0
0.8779160999692976,1048175.0
0.8799149999395013,1048177.0
0.881927500013262,1048179.0
0.8839109998662025,1048181.0
0.8859178998973221,1048183.0
0.887914199847728,1048185.0
0.9209377998486161,1048218.0
0.9229214999359101,1048220.0
0.9249144999776036,1048222.0
0.9269127999432385,1048224.0
0.928910099901259,1048226.0
0.9310263998340815,1048228.0
0.9329131999984384,1048230.0
0.9349146999884397,1048232.0
0.9379322999157012,1048235.0
0.939924799837172,1048237.0
0.9759569000452757,1048273.0
0.9779197999741882,1048275.0
0.9799164000432938,1048277.0
0.9819375998340547,1048279.0
0.9839156998787075,1048281.0
0.9859159998595715,1048283.0
0.9879177999682724,1048285.0
0.9899102000053972,1048287.0
0.9919108999893069,1048289.0
0.9959132999647409,1048291.0
1.0279456998687238,1048325.0
1.029946899972856,1048327.0
1.0319306999444962,1048329.0
1.0339164000470191,1048331.0
1.0359195000492036,1048333.0
1.0379126998595893,1048335.0
1.0399117998313159,1048337.0
1.041911399923265,1048339.0
1.0439102000091225,1048341.0
1.0459717998746783,1048343.0
1.077951299957931,1048375.0
1.0799326999112964,1048377.0
1.083925399929285,1048381.0
1.0859278999269009,1048383.0
1.087947600055486,1048385.0
1.0899127000011504,1048387.0
1.0919371000491083,1048389.0
1.095948699861765,1048393.0
1.097922399872914,1048395.0
1.1319420000072569,1048429.0
1.134921899996698,1048433.0
1.1369337998330593,1048434.0
1.1389647000469267,1048436.0
1.1409187000244856,1048438.0
1.1439218998420984,1048441.0
1.1459140998777002,1048443.0
1.1479300998616964,1048445.0
1.1499356999993324,1048447.0
1.1869472998660058,1048482.0
1.1889322998467833,1048486.0
1.1929333000443876,1048489.0
1.194916999898851,1048492.0
1.1969276999589056,1048494.0
1.19893079996109,1048496.0
1.2009309998247772,1048498.0
1.2029303000308573,1048500.0
1.2439448998775333,1048541.0
1.245937499916181,1048543.0
1.2479405000340194,1048545.0
1.2499314998276532,1048547.0
1.2519264998845756,1048549.0
1.2559285999741405,1048553.0
1.2579306999687105,1048555.0
1.2599311999510974,1048557.0
1.2619290999136865,1048559.0
1.2919429000467062,1048589.0
1.2939321999438107,1048591.0
1.2959516998380423,1048593.0
1.297935999929905,1048595.0
1.2999253999441862,1048597.0
1.3019254999235272,1048599.0
1.3039231998845935,1048601.0
1.3059218998532742,1048603.0
1.3099291999824345,1048605.0
1.3419494999106973,1048639.0
1.3439336998853832,1048641.0
1.3459230000153184,1048643.0
1.347927900031209,1048645.0
1.3499246998690069,1048647.0
1.3519639999140054,1048650.0
1.3539197000209242,1048651.0
1.3559297998435795,1048653.0
1.3579320998396724,1048655.0
1.3599171999376267,1048657.0
1.3889425999950618,1048686.0
1.3909229999408126,1048688.0
1.3929173999931663,1048690.0
1.3959442998748273,1048693.0
1.3979275999590755,1048695.0
1.3999187999870628,1048697.0
1.402925199829042,1048700.0
1.4049257000442594,1048702.0
1.407914999872446,1048705.0
1.4369417999405414,1048734.0
1.4389193998649716,1048736.0
1.4409374999813735,1048738.0
1.4429198999423534,1048740.0
1.4449362999293953,1048742.0
1.4469186998903751,1048744.0
1.4489328998606652,1048746.0
1.450928800040856,1048748.0
1.4529194999486208,1048750.0
1.455914800055325,1048753.0
1.4859474999830127,1048783.0
1.4879242000170052,1048785.0
1.489919199841097,1048787.0
1.4919131000060588,1048789.0
1.493913099868223,1048791.0
1.4979441999457777,1048795.0
1.499935699859634,1048797.0
1.5019512998405844,1048799.0
1.503925999859348,1048801.0
1.535947599913925,1048833.0
1.537923399824649,1048835.0
1.5399145998526365,1048837.0
1.541913199936971,1048839.0
1.5439450999256223,1048841.0
1.5459247999824584,1048843.0
1.5479178000241518,1048845.0
1.549915799871087,1048847.0
1.5519167999736965,1048849.0
1.5799403998535126,1048877.0
1.5819253998342901,1048879.0
1.5839154999703169,1048881.0
1.585923899896443,1048883.0
1.5879148999229074,1048885.0
1.589923599967733,1048887.0
1.5919246999546885,1048889.0
1.5959198998752981,1048891.0
1.5999238998629153,1048895.0
1.6279382999055088,1048925.0
1.6299449000507593,1048927.0
1.6319387999828905,1048929.0
1.6339151000138372,1048931.0
1.6359145999886096,1048933.0
1.6379392000380903,1048935.0
1.639928099932149,1048937.0
1.6419219998642802,1048939.0
1.643914199899882,1048941.0
1.645950600039214,1048943.0
1.6759490999393165,1048973.0
1.6779288998804986,1048975.0
1.679923600051552,1048977.0
1.6819241000339389,1048979.0
1.6840323999058455,1048981.0
1.6859385999850929,1048983.0
1.687930200016126,1048985.0
1.6899168000090867,1048987.0
1.6919370999094099,1048989.0
1.6939236999023706,1048991.0
1.7239389999303967,1049021.0
1.7269278999883682,1049024.0
1.728922100039199,1049026.0
1.7311166999861598,1049028.0
1.7329261999111623,1049030.0
1.7359237999189645,1049033.0
1.7379155999515206,1049035.0
1.7399134000297636,1049037.0
1.7419133000075817,1049039.0
1.7439125999808311,1049041.0
1.7759416999761015,1049073.0
1.7779224999248981,1049075.0
1.7799253000412136,1049077.0
1.7819455999415368,1049079.0
1.7839177998248488,1049081.0
1.7859205999411643,1049083.0
1.7879182999022305,1049085.0
1.78991309995763,1049087.0
1.7919119000434875,1049089.0
1.7939120999071747,1049091.0
1.8179507998283952,1049115.0
1.8199219000525773,1049117.0
1.8219192998949438,1049119.0
1.8239134999457747,1049121.0
1.8259427999146283,1049123.0
1.8279194999486208,1049125.0
1.8299129998777062,1049127.0
1.8319383000489324,1049129.0
1.8359731999225914,1049131.0
1.8589420998468995,1049156.0
1.8609211000148207,1049158.0
1.862916599959135,1049160.0
1.8649220999795943,1049162.0
1.8669143998995423,1049164.0
1.8689200000371784,1049166.0
1.8709140999708325,1049168.0
1.8729278000537306,1049170.0
1.8749332998413593,1049172.0
1.8769163999240845,1049174.0
1.8789152998942882,1049176.0
1.9079446999821812,1049205.0
1.9099291998427361,1049207.0
1.9119187998585403,1049209.0
1.9159243998583406,1049211.0
1.919931499985978,1049215.0
1.92394829983823,1049219.0
1.9269369998946786,1049224.0
1.9489420999307185,1049246.0
1.950930600054562,1049248.0
1.9529350998345762,1049250.0
1.9559285000432283,1049253.0
1.9579235999844968,1049255.0
1.9599221998360008,1049257.0
1.961926099844277,1049259.0
1.9639266999438405,1049261.0
1.9659376998897642,1049263.0
1.967932099942118,1049265.0
1.9899464999325573,1049287.0
1.9919206998310983,1049289.0
1.9959189998917282,1049293.0
1.9979278000537306,1049295.0
1.9999326998367906,1049297.0
2.002023800043389,1049299.0
2.003934199921787,1049301.0
2.005917500006035,1049303.0
2.0079202000051737,1049305.0
2.029935299884528,1049327.0
2.031938999891281,1049329.0
2.035931499907747,1049333.0
2.037920800037682,1049335.0
2.0399729998316616,1049337.0
2.0419289998244494,1049339.0
2.0439305000472814,1049341.0
2.045923399971798,1049343.0
2.0479313998948783,1049345.0
2.0499205000232905,1049347.0
2.072939399862662,1049370.0
2.075935299973935,1049373.0
2.0779325999319553,1049375.0
2.079931099899113,1049377.0
2.0819385999348015,1049379.0
2.0839259999338537,1049381.0
2.0859327998477966,1049383.0
2.0879323000553995,1049385.0
2.0899306999053806,1049387.0
2.091939599951729,1049389.0
2.115951699903235,1049413.0
2.1179358998779207,1049415.0
2.119926899904385,1049417.0
2.121919399825856,1049419.0
2.123941699974239,1049421.0
2.1259202999062836,1049423.0
2.1279305999632925,1049425.0
2.129917499842122,1049427.0
2.13193429983221,1049429.0
2.1359367000404745,1049431.0
2.1589377999771386,1049456.0
2.160971999866888,1049458.0
2.1629247998353094,1049460.0
2.164933699881658,1049462.0
2.1669284000527114,1049464.0
2.168921699980274,1049466.0
2.1709630000405014,1049468.0
2.1729649999178946,1049470.0
2.174926499836147,1049472.0
2.176929999841377,1049474.0
2.1999504999257624,1049497.0
2.2020070999860764,1049499.0
2.2049304000101984,1049503.0
2.20693330001086,1049504.0
2.2099339000415057,1049507.0
2.2119340000208467,1049509.0
2.2149373998399824,1049512.0
2.216939799953252,1049514.0
2.218931799987331,1049516.0
2.241937099955976,1049539.0
2.2439337000250816,1049541.0
2.2459317999891937,1049543.0
2.2479589998256415,1049545.0
2.2499343999661505,1049547.0
2.2519308999180794,1049549.0
2.2559286998584867,1049551.0
2.2579284999519587,1049555.0
2.259934099856764,1049557.0
2.282951399916783,1049580.0
2.28493359987624,1049582.0
2.2869346998631954,1049584.0
2.288931499933824,1049586.0
2.2909299000166357,1049588.0
2.292929699877277,1049590.0
2.2949387000408024,1049592.0
2.2969328998588026,1049594.0
2.2989369998686016,1049596.0
2.300931500038132,1049598.0
2.3259490998461843,1049623.0
2.3279360998421907,1049625.0
2.3299318999052048,1049627.0
2.3319323998875916,1049629.0
2.3339304998517036,1049631.0
2.3379368998575956,1049633.0
2.339925399981439,1049638.0
2.3439453998580575,1049639.0
2.3669416999910027,1049664.0
2.369933299953118,1049667.0
2.3719219998456538,1049669.0
2.375937100034207,1049671.0
2.37791969999671,1049675.0
2.379916099831462,1049677.0
2.3819770999252796,1049679.0
2.383917100029066,1049681.0
2.385932199889794,1049683.0
2.4079418999608606,1049705.0
2.409933099988848,1049707.0
2.4119360998738557,1049709.0
2.413931699935347,1049711.0
2.4159347999375314,1049713.0
2.4179326999001205,1049715.0
2.419931699987501,1049717.0
2.4219304998405278,1049719.0
2.4239345998503268,1049721.0
2.425929799908772,1049723.0
2.4279288998804986,1049725.0
2.4509772998280823,1049748.0
2.4529377999715507,1049750.0
2.4549296000041068,1049752.0
2.45692539983429,1049754.0
2.458931499859318,1049756.0
2.4609240000136197,1049758.0
2.4629208999685943,1049760.0
2.464941899990663,1049762.0
2.467141699977219,1049764.0
2.468940499937162,1049766.0
2.5009404998272657,1049798.0
2.502935800002888,1049800.0
2.5049349998589605,1049802.0
2.5069321000482887,1049804.0
2.508935699937865,1049806.0
2.51093259989284,1049808.0
2.5129495998844504,1049810.0
2.515938599826768,1049813.0
2.5179335998836905,1049815.0
2.5199351999908686,1049817.0
2.550939799984917,1049848.0
2.552940299967304,1049850.0
2.555934299947694,1049853.0
2.5579315000213683,1049855.0
2.5599456999916583,1049857.0
2.5619442998431623,1049859.0
2.5639233998954296,1049861.0
2.565938699990511,1049863.0
2.5679281998891383,1049865.0
2.569933299906552,1049867.0
2.5989414998330176,1049896.0
2.600922199897468,1049898.0
2.6029234000016004,1049900.0
2.604922099970281,1049902.0
2.6069380999542773,1049904.0
2.608920899918303,1049906.0
2.6109181998763233,1049908.0
2.6129399000201374,1049910.0
2.614922799868509,1049912.0
2.6169200998265296,1049914.0
2.6459367000497878,1049943.0
2.6479358000215143,1049945.0
2.649926400044933,1049947.0
2.6519497998524457,1049949.0
2.6559299998916686,1049951.0
2.6579199999105185,1049955.0
2.6609226998407394,1049959.0
2.662931300001219,1049960.0
2.6659226999618113,1049963.0
2.6939345998689532,1049991.0
2.695922499988228,1049993.0
2.6979256998747587,1049995.0
2.6999383999500424,1049997.0
2.701925199944526,1049999.0
2.7039200998842716,1050001.0
2.7059365999884903,1050003.0
2.7079161999281496,1050005.0
2.709915499901399,1050007.0
2.7119171998929232,1050009.0
2.734944500029087,1050032.0
2.7369232999626547,1050034.0
2.7389181000180542,1050036.0
2.740917099872604,1050038.0
2.7429140999447554,1050040.0
2.7449143000412732,1050042.0
2.7469377999659628,1050044.0
2.7489391998387873,1050046.0
2.750929499976337,1050048.0
2.7529207998886704,1050050.0
2.7549167999532074,1050052.0
2.777980800019577,1050075.0
2.7799398000352085,1050077.0
2.781936999876052,1050079.0
2.7839440999086946,1050081.0
2.7859302998986095,1050083.0
2.787925499957055,1050085.0
2.7899179998785257,1050087.0
2.791919399984181,1050089.0
2.7949399000499398,1050092.0
2.7969386999029666,1050094.0
2.8209481998346746,1050118.0
2.8229344999417663,1050120.0
2.824929099995643,1050122.0
2.82692479994148,1050124.0
2.8289181999862194,1050126.0
2.831076999893412,1050128.0
2.8329421000089496,1050130.0
2.835925299907103,1050133.0
2.8399463000241667,1050137.0
2.86294319992885,1050160.0
2.8649355999659747,1050162.0
2.866928899893537,1050164.0
2.868941399967298,1050166.0
2.870937400031835,1050168.0
2.8729200998786837,1050170.0
2.8749410999007523,1050172.0
2.8769205999560654,1050174.0
2.8799185999669135,1050177.0
2.881925900001079,1050179.0
2.90394699992612,1050201.0
2.9059232999570668,1050203.0
2.9079185998998582,1050205.0
2.909918799996376,1050207.0
2.9119163998402655,1050209.0
2.913917599944398,1050211.0
2.915956199867651,1050213.0
2.9179380999412388,1050215.0
2.9199218000285327,1050217.0
2.9219169998541474,1050219.0
2.9239161999430507,1050221.0
2.9459396000020206,1050243.0
2.9489485998637974,1050246.0
2.950931399827823,1050248.0
2.955961799947545,1050253.0
2.9579284000210464,1050255.0
2.959917899919674,1050257.0
2.9619225999340415,1050259.0
2.963923600036651,1050261.0
2.986939499853179,1050284.0
2.9889257999602705,1050286.0
2.990919099887833,1050288.0
2.992918999865651,1050290.0
2.9969446000177413,1050294.0
3.0009341998957098,1050298.0
3.002921999897808,1050300.0
3.004919699858874,1050302.0
3.0079161999747157,1050305.0
3.0310812999960035,1050328.0
3.0329399998299778,1050330.0
3.0359581999946386,1050333.0
3.0379261998459697,1050335.0
3.0399184999987483,1050337.0
3.042931899894029,1050340.0
3.044921000022441,1050342.0
3.046917099971324,1050344.0
3.0489206998609006,1050346.0
3.0699376999400556,1050367.0
3.0719250000547618,1050369.0
3.0739304998423904,1050371.0
3.0759206998627633,1050373.0
3.0779178000520915,1050375.0
3.0799159000162035,1050377.0
3.0819484000094235,1050379.0
3.0839289999566972,1050381.0
3.0859201999846846,1050383.0
3.087917999830097,1050385.0
3.0899463000241667,1050387.0
3.1109412000514567,1050408.0
3.1129234000109136,1050410.0
3.1159423999488354,1050413.0
3.1179257000330836,1050415.0
3.1199237999971956,1050417.0
3.121921099955216,1050419.0
3.1239187999162823,1050421.0
3.1259163999930024,1050423.0
3.127915499964729,1050425.0
3.1299152998253703,1050427.0
3.1509398999623954,1050448.0
3.152928499970585,1050450.0
3.1559293998871,1050453.0
3.1579185998998582,1050455.0
3.159916799981147,1050457.0
3.1619164999574423,1050459.0
3.1639159000478685,1050461.0
3.166988200042397,1050465.0
3.1689343999605626,1050466.0
3.170921399956569,1050468.0
3.1959663999732584,1050491.0
3.1980150998570025,1050495.0
3.199933199910447,1050497.0
3.2020190998446196,1050499.0
3.2039216000121087,1050501.0
3.205919399857521,1050503.0
3.2089272998273373,1050506.0
3.210923299891874,1050508.0
3.2129222999792546,1050510.0
3.2399681999813765,1050537.0
3.2419384999666363,1050539.0
3.243927399860695,1050541.0
3.2459362000226974,1050543.0
3.2479287998285145,1050545.0
3.2499265999067575,1050547.0
3.2519827999640256,1050549.0
3.2559225999284536,1050551.0
3.2579183999914676,1050555.0
3.2869442999362946,1050584.0
3.289927299832925,1050587.0
3.2919226000085473,1050589.0
3.2959300999064,1050591.0
3.297935500042513,1050595.0
3.2999287999700755,1050597.0
3.301925400039181,1050599.0
3.3039187998510897,1050601.0
3.305917300051078,1050603.0
3.32694309996441,1050624.0
3.328928899951279,1050626.0
3.3310699998401105,1050628.0
3.332936199847609,1050630.0
3.3349261998664588,1050632.0
3.3369201999157667,1050634.0
3.338919800007716,1050636.0
3.340921799885109,1050638.0
3.3429189999587834,1050640.0
3.344917200040072,1050642.0
3.366941099986434,1050664.0
3.368929399875924,1050666.0
3.370924700051546,1050668.0
3.372929299948737,1050670.0
3.374923399882391,1050672.0
3.3769189999438822,1050674.0
3.3789160000160336,1050676.0
3.3810196998529136,1050678.0
3.382921800017357,1050680.0
3.384921799879521,1050682.0
3.4069437000434846,1050704.0
3.4089279999025166,1050706.0
3.4109318000264466,1050708.0
3.412921099923551,1050710.0
3.4149302998557687,1050712.0
3.41691969987005,1050714.0
3.418943400029093,1050716.0
3.4209239999763668,1050718.0
3.4229200000409037,1050720.0
3.424918199889362,1050722.0
3.426917799981311,1050724.0
3.4489456999581307,1050746.0
3.4509380999952555,1050748.0
3.452927199890837,1050750.0
3.455923399887979,1050753.0
3.457919699838385,1050755.0
3.4599182999227196,1050757.0
3.4619181999005377,1050759.0
3.4639165999833494,1050761.0
3.465942099923268,1050763.0
3.467929699923843,1050765.0
3.4899438999127597,1050787.0
3.4939317998941988,1050789.0
3.4959247999358922,1050793.0
3.497934899991378,1050795.0
3.4999206999782473,1050797.0
3.501929899910465,1050799.0
3.5039192000404,1050801.0
3.505917999893427,1050803.0
3.5079167999792844,1050805.0
3.529943599831313,1050827.0
3.5319363998714834,1050829.0
3.533926999894902,1050831.0
3.5359225999563932,1050833.0
3.5379182999022305,1050835.0
3.53991759987548,1050837.0
3.5419168998487294,1050839.0
3.543945899931714,1050841.0
3.545925799990073,1050843.0
3.547925799852237,1050845.0
3.5699459998868406,1050867.0
3.571926499949768,1050869.0
3.5739197998773307,1050871.0
3.5779337000567466,1050874.0
3.581935500027612,1050877.0
3.584922199836001,1050881.0
3.586921300040558,1050884.0
3.589948399923742,1050887.0
3.613955699838698,1050911.0
3.615953699918464,1050913.0
3.6179364998824894,1050915.0
3.6199465000536293,1050917.0
3.6219283000100404,1050919.0
3.6239219999406487,1050921.0
3.6259190000128,1050923.0
3.6289184000343084,1050926.0
3.631035199854523,1050928.0
3.6329850000329316,1050930.0
3.6579439998604357,1050955.0
3.659924899926409,1050957.0
3.6619204999879003,1050959.0
3.6639197999611497,1050961.0
3.665953499963507,1050963.0
3.667933899909258,1050965.0
3.6699240000452846,1050967.0
3.671921599889174,1050969.0
3.673918299842626,1050971.0
3.6779211000539362,1050973.0
3.705943200038746,1051003.0
3.7079241999890655,1051005.0
3.7099974998272955,1051007.0
3.7119191999081522,1051009.0
3.7139510998968035,1051011.0
3.715937899891287,1051013.0
3.7179226998705417,1051015.0
3.719922399846837,1051017.0
3.7229275999125093,1051020.0
3.7249195999465883,1051022.0
3.746955499984324,1051044.0
3.748942199861631,1051046.0
3.7509246999397874,1051048.0
3.7539227998349816,1051051.0
3.755919700022787,1051053.0
3.7579264999367297,1051055.0
3.7599512999877334,1051057.0
3.7619214998558164,1051059.0
3.763919400051236,1051061.0
3.791950299870223,1051089.0
3.79593149991706,1051091.0
3.797933500027284,1051095.0
3.799934000009671,1051097.0
3.8019834000151604,1051099.0
3.8039249998982996,1051101.0
3.8059674999676645,1051103.0
3.8079327000305057,1051105.0
3.8099235999397933,1051107.0
3.827954899985343,1051125.0
3.8299328999128193,1051127.0
3.831934900023043,1051129.0
3.8339345999993384,1051131.0
3.835925000021234,1051133.0
3.837931100046262,1051135.0
3.839922099839896,1051137.0
3.841919400030747,1051139.0
3.843917299993336,1051141.0
3.8459171999711543,1051143.0
3.847922199871391,1051145.0
3.866951199946925,1051164.0
3.868943499866873,1051166.0
3.8709302998613566,1051168.0
3.872923099901527,1051170.0
3.8759220999199897,1051173.0
3.8779187998734415,1051175.0
3.8810254000127316,1051178.0
3.8829677999019623,1051180.0
3.8849444000516087,1051182.0
3.9029494000133127,1051200.0
3.9049412000458688,1051202.0
3.9069260999094695,1051204.0
3.908921099966392,1051206.0
3.9109199999365956,1051208.0
3.9129196000285447,1051210.0
3.9159389999695122,1051213.0
3.9179284998681396,1051215.0
3.9199218000285327,1051217.0
3.921921100001782,1051219.0
3.9429536999668926,1051240.0
3.9449261999689043,1051242.0
3.946940300054848,1051244.0
3.9489295999519527,1051246.0
3.950922899879515,1051248.0
3.9529227998573333,1051250.0
3.9559216999914497,1051253.0
3.9579208998475224,1051255.0
3.9599198000505567,1051257.0
3.9619391998276114,1051259.0
3.981966200051829,1051279.0
3.9839278999716043,1051281.0
3.9859275999478996,1051283.0
3.987922699889168,1051285.0
3.989919099956751,1051287.0
3.9919219999574125,1051289.0
3.995943299960345,1051291.0
3.9979338999837637,1051295.0
3.999935799976811,1051297.0
4.020964100025594,1051318.0
4.022930499864742,1051320.0
4.024928399827331,1051322.0
4.026924900012091,1051324.0
4.0289220998529345,1051326.0
4.031069600023329,1051328.0
4.032939599826932,1051331.0
4.035927399992943,1051333.0
4.037920499918982,1051335.0
4.039930799975991,1051337.0
4.059940899955109,1051357.0
4.061926999827847,1051359.0
4.063923199893907,1051361.0
4.065938599873334,1051363.0
4.067925299983472,1051365.0
4.070929799927399,1051369.0
4.072922499850392,1051370.0
4.075952899875119,1051373.0
4.077918899944052,1051375.0
4.096940099960193,1051394.0
4.099938599858433,1051398.0
4.101946000009775,1051399.0
4.103924300055951,1051401.0
4.106922799954191,1051405.0
4.10892069991678,1051406.0
4.1109177998732775,1051408.0
4.112918599974364,1051411.0
4.115942099830136,1051413.0
4.1359472998883575,1051433.0
4.13792989985086,1051435.0
4.139926899923012,1051437.0
4.141922599868849,1051439.0
4.143925299867988,1051441.0
4.145920699927956,1051443.0
4.147930199978873,1051445.0
4.149943599943072,1051447.0
4.151944800047204,1051449.0
4.154931199969724,1051452.0
4.184942099964246,1051482.0
4.18692719982937,1051485.0
4.188923199893907,1051486.0
4.19092239998281,1051488.0
4.192921499954537,1051490.0
4.195949899964035,1051493.0
4.197931200033054,1051495.0
4.199920899933204,1051497.0
4.201925199944526,1051499.0
4.203919699881226,1051501.0
4.233942999970168,1051531.0
4.235932799987495,1051533.0
4.237931999843568,1051535.0
4.2399216999765486,1051537.0
4.241945599904284,1051539.0
4.243924599839374,1051541.0
4.245922300033271,1051543.0
4.247924299910665,1051545.0
4.249937199987471,1051547.0
4.251925299875438,1051549.0
4.279948499985039,1051577.0
4.281945899827406,1051579.0
4.2849383999127895,1051582.0
4.286952999886125,1051584.0
4.288929699920118,1051586.0
4.290923599852249,1051588.0
4.2929228998254985,1051590.0
4.295920999953523,1051593.0
4.297951600048691,1051596.0
4.317967499839142,1051615.0
4.3209483998361975,1051618.0
4.323934399988502,1051621.0
4.3269340000115335,1051625.0
4.331080500036478,1051626.0
4.334952799836174,1051632.0
4.35700389998965,1051654.0
4.358972799964249,1051656.0
4.360952799906954,1051658.0
4.362983400002122,1051660.0
4.365253200056031,1051662.0
4.366967299953103,1051664.0
4.368976299883798,1051666.0
4.370956199942157,1051668.0
4.372943199938163,1051671.0
4.375941199949011,1051673.0
4.398956999881193,1051696.0
4.4009499999228865,1051698.0
4.402940799947828,1051700.0
4.404934199992567,1051702.0
4.407935499912128,1051705.0
4.409982099896297,1051707.0
4.411941800033674,1051709.0
4.415955899981782,1051711.0
4.417948900023475,1051715.0
4.438963299850002,1051736.0
4.440947199938819,1051738.0
4.442941199988127,1051740.0
4.444947100011632,1051742.0
4.446938399923965,1051745.0
4.448947599856183,1051746.0
4.450944700045511,1051748.0
4.452946600038558,1051750.0
4.454939999850467,1051752.0
4.457940999884158,1051756.0
4.478949599899352,1051777.0
4.481067499844357,1051778.0
4.482945099938661,1051780.0
4.484932499937713,1051782.0
4.488941499963403,1051786.0
4.490949200000614,1051788.0
4.4929420000407845,1051790.0
4.494930800050497,1051792.0
4.496927500003949,1051794.0
4.518954199971631,1051816.0
4.520943299867213,1051818.0
4.522947899997234,1051820.0
4.524929199833423,1051822.0
4.526930500054732,1051825.0
4.528922899859026,1051826.0
4.5310594998300076,1051828.0
4.532943699974567,1051830.0
4.535012000007555,1051832.0
4.5369259000290185,1051835.0
4.55794440000318,1051856.0
4.559938099933788,1051857.0
4.561926000053063,1051859.0
4.563944699941203,1051861.0
4.565939699998125,1051863.0
4.567928199889138,1051866.0
4.56997049995698,1051867.0
4.571926599834114,1051869.0
4.575930200051516,1051871.0
4.57793809985742,1051875.0
4.597965099848807,1051895.0
4.599966099951416,1051897.0
4.6019554999656975,1051899.0
4.603946499992162,1051901.0
4.605959399836138,1051903.0
4.607956199906766,1051905.0
4.609942900016904,1051908.0
4.611981599824503,1051909.0
4.613937000045553,1051911.0
4.615950200008228,1051913.0
4.63796789990738,1051935.0
4.640955799957737,1051939.0
4.642946599982679,1051940.0
4.644950199872255,1051942.0
4.646948899840936,1051944.0
4.648965899832547,1051946.0
4.651009999914095,1051949.0
4.652954800054431,1051950.0
4.657941999845207,1051955.0
4.6909540998749435,1051988.0
4.692946499912068,1051990.0
4.695947099942714,1051993.0
4.699951899936423,1051996.0
4.701941499952227,1051999.0
4.704926999984309,1052002.0
4.7089426999446005,1052006.0
4.737954200012609,1052035.0
4.739948999835178,1052037.0
4.741940699983388,1052039.0
4.743947400012985,1052041.0
4.74595470004715,1052043.0
4.74794779997319,1052046.0
4.7499484999571,1052047.0
4.75202489993535,1052049.0
4.755941799841821,1052051.0
4.757946399971843,1052055.0
4.7869663999881595,1052084.0
4.78896819986403,1052087.0
4.791944799944758,1052089.0
4.794939500046894,1052093.0
4.796946999849752,1052094.0
4.798956400016323,1052096.0
4.800976200029254,1052098.0
4.804945699870586,1052102.0
4.835955200018361,1052133.0
4.837942400015891,1052135.0
4.839968799846247,1052137.0
4.84192549996078,1052139.0
4.843925999943167,1052142.0
4.845944499829784,1052143.0
4.848958199843764,1052147.0
4.850930999964476,1052148.0
4.852950299857184,1052151.0
4.8559277998283505,1052153.0
4.883959600003436,1052181.0
4.885943099856377,1052183.0
4.88793749990873,1052185.0
4.889945199945942,1052188.0
4.8919477998279035,1052189.0
4.893949199933559,1052191.0
4.9009497000370175,1052195.0
4.906956800026819,1052203.0
4.928947199834511,1052226.0
4.931058099959046,1052228.0
4.932946200016886,1052230.0
4.935948000056669,1052233.0
4.937938199844211,1052235.0
4.939951699925587,1052237.0
4.941935099894181,1052239.0
4.943933799862862,1052242.0
4.945948699954897,1052243.0
4.94794650003314,1052245.0
4.967956400010735,1052265.0
4.969956799875945,1052267.0
4.9719372999388725,1052269.0
4.973931699991226,1052272.0
4.975963499862701,1052273.0
4.977940599899739,1052275.0
4.979943600017577,1052277.0
4.981946900021285,1052279.0
4.983939599944279,1052282.0
4.985975699964911,1052283.0
4.987934799864888,1052285.0
4.991941399872303,1052289.0
4.993939099833369,1052291.0
4.995926699833944,1052294.0
4.997959499945864,1052295.0
4.999939800007269,1052297.0
5.001938099972904,1052299.0
5.003926899982616,1052301.0
5.005930399987847,1052304.0
5.007925400044769,1052305.0
5.0099229998886585,1052307.0
5.029943099943921,1052328.0
5.031945599941537,1052329.0
5.035948999924585,1052331.0
5.0379280999768525,1052335.0
5.041925499914214,1052337.0
5.04392970004119,1052341.0
5.045923099853098,1052343.0
5.047958199866116,1052345.0
5.051945299841464,1052349.0
5.053928399924189,1052352.0
5.0559270000085235,1052353.0
5.057923199841753,1052355.0
5.05992370005697,1052357.0
5.0619214999023825,1052359.0
5.063947799848393,1052362.0
5.066930199973285,1052364.0
5.068924600025639,1052366.0
5.0709236999973655,1052368.0
5.089949100045487,1052387.0
5.091933399904519,1052389.0
5.09392619994469,1052391.0
5.095946699846536,1052394.0
5.097934299847111,1052395.0
5.099923799978569,1052397.0
5.101925499970093,1052399.0
5.103922799928114,1052401.0
5.105924200033769,1052404.0
5.10792290000245,1052405.0
5.109921199968085,1052407.0
5.140969399828464,1052438.0
5.142962999874726,1052441.0
5.144937499891967,1052442.0
5.146929000038654,1052444.0
5.148929399903864,1052446.0
5.150923799956217,1052448.0
5.152927299961448,1052451.0
5.155921999830753,1052453.0
5.157925399951637,1052456.0
5.159950099885464,1052457.0
5.1959500999655575,1052493.0
5.197947500040755,1052496.0
5.199931100010872,1052497.0
5.202036199858412,1052499.0
5.203937100013718,1052501.0
5.205948999850079,1052503.0
5.207963099936023,1052506.0
5.209941199980676,1052507.0
5.211941799847409,1052509.0
5.215950299985707,1052511.0
5.243949600029737,1052542.0
5.245931499870494,1052543.0
5.247942199930549,1052545.0
5.249934599967673,1052547.0
5.252001299988478,1052549.0
5.253929399885237,1052552.0
5.255923900054768,1052553.0
5.257922800024971,1052555.0
5.259921899996698,1052557.0
5.261925600003451,1052559.0
5.2899464999791235,1052587.0
5.291931899962947,1052589.0
5.293927399907261,1052592.0
5.295923599973321,1052593.0
5.297955699963495,1052596.0
5.299928199965507,1052597.0
5.301929299952462,1052599.0
5.303924399893731,1052601.0
5.305923399981111,1052603.0
5.3079215998295695,1052606.0
5.30999800004065,1052607.0
5.337947999825701,1052635.0
5.3399588000029325,1052637.0
5.341926299966872,1052640.0
5.343926399946213,1052641.0
5.345961099956185,1052643.0
5.347960999934003,1052645.0
5.349942999891937,1052647.0
5.352004699874669,1052650.0
5.35492999991402,1052652.0
5.356956799980253,1052654.0
5.385949499905109,1052684.0
5.389938300009817,1052687.0
5.391954799881205,1052689.0
5.3959418998565525,1052692.0
5.397937299916521,1052695.0
5.3999274000525475,1052698.0
5.401931299827993,1052699.0
5.404925799928606,1052703.0
5.439968599937856,1052736.0
5.443950499873608,1052739.0
5.446930999867618,1052744.0
5.449933599913493,1052747.0
5.452933100052178,1052751.0
5.454941099975258,1052752.0
5.456954000052065,1052754.0
5.4829619999509305,1052780.0
5.485956799937412,1052784.0
5.487932099960744,1052785.0
5.489927500020713,1052788.0
5.491923799971119,1052789.0
5.494923899881542,1052793.0
5.496923699975014,1052794.0
5.498925399966538,1052797.0
5.500943099847063,1052798.0
5.51694680005312,1052814.0
5.518940099980682,1052816.0
5.52092789998278,1052818.0
5.522932199994102,1052821.0
5.524944899836555,1052822.0
5.526928199920803,1052824.0
5.528945199912414,1052826.0
5.531048399861902,1052828.0
5.532956099836156,1052831.0
5.53494709986262,1052832.0
5.560951299965382,1052858.0
5.562952999956906,1052860.0
5.564941999968141,1052863.0
5.566929099848494,1052864.0
5.568933399859816,1052866.0
5.570924500003457,1052868.0
5.572923399973661,1052870.0
5.575923499884084,1052873.0
5.577930100029334,1052875.0
5.579945399891585,1052878.0
5.5949570999946445,1052892.0
5.5979414999019355,1052896.0
5.5999451000243425,1052897.0
5.602933199843392,1052900.0
5.604961900040507,1052902.0
5.606928399996832,1052905.0
5.608928999863565,1052906.0
5.610937800025567,1052908.0
5.612929400056601,1052910.0
5.6159401999320835,1052913.0
5.631956500001252,1052929.0
5.635941799962893,1052931.0
5.637927899835631,1052935.0
5.641956799896434,1052938.0
5.645934599917382,1052941.0
5.650040099862963,1052945.0
5.679964300012216,1052977.0
5.681949999881908,1052979.0
5.683931699953973,1052981.0
5.6859307999257,1052984.0
5.687943900004029,1052985.0
5.6899395999498665,1052987.0
5.691928299842402,1052989.0
5.693926899926737,1052991.0
5.695949499960989,1052994.0
5.6979564998764545,1052995.0
5.72995139984414,1053027.0
5.73194279987365,1053030.0
5.735955900046974,1053031.0
5.737932599848136,1053036.0
5.739950699964538,1053037.0
5.741940599866211,1053040.0
5.744947899831459,1053042.0
5.746947800042108,1053045.0
5.748953399946913,1053046.0
5.758947900030762,1053056.0
5.760931399883702,1053058.0
5.764954699901864,1053060.0
5.766951599856839,1053064.0
5.7689455999061465,1053066.0
5.770937699824572,1053069.0
5.772947799880058,1053070.0
5.775946599896997,1053073.0
5.777944799978286,1053075.0
5.788964399835095,1053086.0
5.790940899867564,1053089.0
5.792941399849951,1053090.0
5.795951599953696,1053093.0
5.797971299849451,1053095.0
5.79995849984698,1053097.0
5.801943899830803,1053099.0
5.803939200006425,1053101.0
5.805944900028408,1053104.0
5.807937499834225,1053105.0
5.820963799953461,1053118.0
5.822942099999636,1053120.0
5.824933100026101,1053122.0
5.826948700007051,1053125.0
5.828942799940705,1053126.0
5.831085999961942,1053129.0
5.832940899999812,1053130.0
5.834980400046334,1053133.0
5.836941599845886,1053134.0
5.838940300047398,1053136.0
5.8509595999494195,1053148.0
5.852977399947122,1053150.0
5.855938399909064,1053153.0
5.857929900055751,1053155.0
5.861943399999291,1053159.0
5.863930799998343,1053161.0
5.8659318999852985,1053163.0
5.86794519983232,1053166.0
5.869940199889243,1053167.0
5.88196050003171,1053179.0
5.883936299942434,1053181.0
5.8859796999022365,1053183.0
5.8879312998615205,1053186.0
5.889954499900341,1053187.0
5.891931100049987,1053189.0
5.895966799929738,1053191.0
5.897928799968213,1053196.0
5.8999415000434965,1053197.0
5.911957500036806,1053209.0
5.913936699973419,1053211.0
5.91594780003652,1053214.0
5.917939399834722,1053215.0
5.91995340003632,1053218.0
5.921938000014052,1053219.0
5.923950899858028,1053221.0
5.925950999837369,1053224.0
5.92795110004954,1053225.0
5.929931199876592,1053228.0
5.940950399963185,1053238.0
5.94294869992882,1053240.0
5.944949300028384,1053243.0
5.946941699832678,1053244.0
5.94894909998402,1053247.0
5.950948599958792,1053248.0
5.9529515998438,1053250.0
5.955947999842465,1053253.0
5.957946799928322,1053255.0
5.959936199942604,1053257.0
5.99595639994368,1053294.0
5.997953099897131,1053295.0
5.999946000054479,1053297.0
6.002033999888226,1053299.0
6.003940799972042,1053301.0
6.0059529999271035,1053304.0
6.00793239986524,1053305.0
6.009950699983165,1053307.0
6.011944599915296,1053309.0
6.015970199834555,1053311.0
6.049951799912378,1053347.0
6.051962099969387,1053349.0
6.05593749997206,1053352.0
6.0579396998509765,1053355.0
6.059946900000796,1053358.0
6.061928699957207,1053359.0
6.063928500050679,1053362.0
6.065935599850491,1053363.0
6.067941899877042,1053365.0
6.100953900022432,1053398.0
6.102933599846438,1053400.0
6.10493479995057,1053403.0
6.106939799850807,1053404.0
6.108928599860519,1053407.0
6.110929299844429,1053408.0
6.112926000030711,1053410.0
6.1149520999751985,1053413.0
6.117926500039175,1053416.0
6.119927699910477,1053417.0
6.152960899984464,1053451.0
6.154937099898234,1053452.0
6.156929699936882,1053455.0
6.158929700031877,1053456.0
6.160982999950647,1053458.0
6.162934999912977,1053461.0
6.164936699904501,1053462.0
6.166957400040701,1053465.0
6.168942600023001,1053466.0
6.170929400017485,1053468.0
6.181961199967191,1053479.0
6.185969199985266,1053481.0
6.189940599957481,1053485.0
6.1939417000394315,1053490.0
6.195934199960902,1053493.0
6.197954699862748,1053496.0
6.199954899959266,1053497.0
6.226962700020522,1053524.0
6.228958499850705,1053527.0
6.231050299946219,1053528.0
6.23294260003604,1053531.0
6.235949799884111,1053533.0
6.237940500024706,1053536.0
6.239934199955314,1053537.0
6.24395120004192,1053539.0
6.245937000028789,1053543.0
6.272955300053582,1053570.0
6.274947099853307,1053572.0
6.276950099971145,1053574.0
6.27893939986825,1053577.0
6.281953899888322,1053579.0
6.28395379986614,1053582.0
6.28694360004738,1053584.0
6.2889362999703735,1053587.0
6.291102400049567,1053588.0
6.292930299881846,1053591.0
6.32495279982686,1053623.0
6.326934600016102,1053624.0
6.328928899951279,1053627.0
6.331083499826491,1053628.0
6.3329423000104725,1053630.0
6.334939199965447,1053633.0
6.336943499976769,1053634.0
6.338952200021595,1053637.0
6.340933399973437,1053638.0
6.342930200044066,1053640.0
6.344927700003609,1053643.0
6.38006759993732,1053676.0
6.385970399947837,1053679.0
6.387935800012201,1053685.0
6.39194200001657,1053688.0
6.395995300030336,1053691.0
6.404948799870908,1053702.0
6.406933999853209,1053705.0
6.408928599907085,1053706.0
6.410927499877289,1053709.0
6.412925699958578,1053710.0
6.414953599916771,1053712.0
6.416931499959901,1053715.0
6.418931899825111,1053716.0
6.420958600006998,1053719.0
6.422927499981597,1053720.0
6.43194599985145,1053729.0
6.433932599844411,1053732.0
6.43593250005506,1053733.0
6.437931400025263,1053735.0
6.439925899961963,1053737.0
6.441925799939781,1053739.0
6.443924099905416,1053742.0
6.445925300009549,1053743.0
6.447949500055984,1053746.0
6.449932399904355,1053747.0
6.451931099873036,1053749.0
6.461947900010273,1053759.0
6.4659488999750465,1053763.0
6.467935999855399,1053766.0
6.469929300015792,1053767.0
6.471927899867296,1053769.0
6.475980599876493,1053772.0
6.47796589997597,1053775.0
6.479932199930772,1053778.0
6.488945299992338,1053786.0
6.490930899977684,1053788.0
6.49292859993875,1053791.0
6.495933899888769,1053793.0
6.497937599895522,1053796.0
6.499937599990517,1053797.0
6.501930899918079,1053800.0
6.503926699981093,1053801.0
6.506925900001079,1053805.0
6.5089270998723805,1053806.0
6.518951299833134,1053817.0
6.520931100007147,1053818.0
6.52292689983733,1053821.0
6.524926400044933,1053822.0
6.526940299896523,1053824.0
6.528928099898621,1053827.0
6.531070400029421,1053828.0
6.532944599865004,1053831.0
6.535934400046244,1053833.0
6.537925999844447,1053836.0
6.547946299891919,1053846.0
6.549945099977776,1053847.0
6.551938300020993,1053850.0
6.553931599948555,1053851.0
6.555939899990335,1053854.0
6.557928599882871,1053855.0
6.559925899840891,1053857.0
6.561925200046971,1053860.0
6.563925500027835,1053861.0
6.5659520998597145,1053864.0
6.5759501999709755,1053873.0
6.577933399938047,1053875.0
6.579927399987355,1053878.0
6.581936799921095,1053879.0
6.583935000002384,1053882.0
6.58592989994213,1053883.0
6.587958799907938,1053885.0
6.589931699912995,1053888.0
6.591934100026265,1053890.0
6.593931399984285,1053891.0
6.595926499925554,1053893.0
6.6069497999269515,1053904.0
6.608933399897069,1053907.0
6.610930499853566,1053908.0
6.6129276000428945,1053911.0
6.615949400002137,1053913.0
6.618943899869919,1053916.0
6.6209284998476505,1053918.0
6.6229302999563515,1053921.0
6.624925999902189,1053922.0
6.626927000004798,1053925.0
6.629933899967,1053928.0
6.631945299915969,1053929.0
6.635953099932522,1053932.0
6.637929599964991,1053935.0
6.640927099855617,1053938.0
6.642928499961272,1053940.0
6.644927500048652,1053943.0
6.64692740002647,1053944.0
6.648978000041097,1053947.0
6.658945600036532,1053956.0
6.6609320000279695,1053959.0
6.6629280999768525,1053960.0
6.664944699965417,1053962.0
6.6669548999052495,1053965.0
6.66893389984034,1053966.0
6.670928200008348,1053969.0
6.672926599858329,1053970.0
6.674927499843761,1053972.0
6.676926699932665,1053975.0
6.686948499875143,1053984.0
6.688934799982235,1053986.0
6.6909296999219805,1053989.0
6.6929275000002235,1053990.0
6.695934199960902,1053993.0
6.697949399938807,1053995.0
6.6999319000169635,1053998.0
6.701932699885219,1053999.0
6.703927899943665,1054002.0
6.70592759991996,1054003.0
6.715977099956945,1054013.0
6.71794639993459,1054016.0
6.719943499891087,1054017.0
6.721930600004271,1054020.0
6.723928099963814,1054021.0
6.725934399990365,1054024.0
6.727929800050333,1054025.0
6.729953499976546,1054027.0
6.731968799838796,1054030.0
6.735969499917701,1054031.0
6.747957400046289,1054045.0
6.749940899899229,1054047.0
6.751947300042957,1054050.0
6.75593789992854,1054051.0
6.7579291998408735,1054056.0
6.759944000048563,1054057.0
6.7619330999441445,1054060.0
6.763927699998021,1054061.0
6.765934099908918,1054063.0
6.775949100032449,1054074.0
6.777933799894527,1054076.0
6.779928399948403,1054077.0
6.781958899926394,1054080.0
6.783936099847779,1054081.0
6.785930400015786,1054084.0
6.78792619984597,1054085.0
6.789957499830052,1054087.0
6.791930599836633,1054090.0
6.795933600049466,1054091.0
6.806950300000608,1054104.0
6.80893489997834,1054107.0
6.8109293999150395,1054108.0
6.812926299870014,1054111.0
6.814944199984893,1054112.0
6.8169378999155015,1054114.0
6.8189319998491555,1054117.0
6.820952899986878,1054118.0
6.822935599833727,1054121.0
6.824929799884558,1054122.0
6.835976399946958,1054133.0
6.837941099889576,1054136.0
6.839934000046924,1054137.0
6.841931199887767,1054140.0
6.843931899871677,1054141.0
6.845930299954489,1054144.0
6.84794560004957,1054146.0
6.849948700051755,1054147.0
6.8519655000418425,1054150.0
6.85394259984605,1054151.0
6.863947799894959,1054161.0
6.865957799833268,1054164.0
6.867958599934354,1054165.0
6.869935099966824,1054167.0
6.8719303999096155,1054170.0
6.873928499873728,1054172.0
6.875927299959585,1054173.0
6.87794249993749,1054175.0
6.879925299901515,1054178.0
6.8819571998901665,1054179.0
6.883968799840659,1054182.0
6.8959751999937,1054191.0
6.897955100052059,1054195.0
6.899937399895862,1054197.0
6.901938199996948,1054200.0
6.903927800012752,1054201.0
6.9059402998536825,1054204.0
6.907933600014076,1054205.0
6.909926999825984,1054207.0
6.911927399924025,1054210.0
6.913943399908021,1054211.0
6.917946700006723,1054215.0
6.921936299884692,1054218.0
6.925940699875355,1054222.0
6.929953499929979,1054226.0
6.933955800021067,1054229.0
6.935932100052014,1054233.0
6.945949899964035,1054243.0
6.9479383998550475,1054246.0
6.949938899837434,1054248.0
6.951961999991909,1054249.0
6.95592790003866,1054252.0
6.957958299899474,1054255.0
6.959984799847007,1054258.0
6.961933499900624,1054259.0
6.963927999837324,1054262.0
6.965952500002459,1054264.0
6.976949499920011,1054274.0
6.9789313999935985,1054277.0
6.981119799893349,1054278.0
6.982950799865648,1054281.0
6.9849356999620795,1054283.0
6.986929199891165,1054284.0
6.988927999977022,1054287.0
6.990972599945962,1054288.0
6.992939400020987,1054291.0
6.994930200045928,1054292.0
7.004945300053805,1054302.0
7.006946800043806,1054305.0
7.008936099940911,1054306.0
7.010931299999356,1054308.0
7.0129350000061095,1054311.0
7.015951999928802,1054314.0
7.017936300020665,1054316.0
7.01992839993909,1054317.0
7.021932099945843,1054320.0
7.023943499894813,1054321.0
7.032957599963993,1054330.0
7.03493670001626,1054333.0
7.036935499869287,1054334.0
7.0389345998410136,1054337.0
7.040931500028819,1054339.0
7.042929799994454,1054340.0
7.044927899958566,1054343.0
7.046927300048992,1054344.0
7.048937499988824,1054347.0
7.050939899869263,1054349.0
7.0529368000570685,1054350.0
7.0629455000162125,1054360.0
7.0649400998372585,1054363.0
7.0669374000281096,1054364.0
7.068951499881223,1054367.0
7.0709317999426275,1054369.0
7.072928499896079,1054370.0
7.075930400053039,1054373.0
7.077928700018674,1054375.0
7.079926899867132,1054378.0
7.081973999971524,1054379.0
7.092948199948296,1054390.0
7.094931700034067,1054393.0
7.096929099876434,1054394.0
7.0989474998787045,1054396.0
7.100952599896118,1054399.0
7.102931399829686,1054400.0
7.105929999845102,1054404.0
7.107928500045091,1054405.0
7.1099276000168175,1054408.0
7.111927799880505,1054409.0
7.128101099980995,1054422.0
7.131965099833906,1054428.0
7.135940599953756,1054432.0
7.137931199977174,1054435.0
7.13992920005694,1054438.0
7.141928100027144,1054439.0
7.150958799989894,1054448.0
7.152935199905187,1054451.0
7.154930599965155,1054452.0
7.156929499935359,1054454.0
7.158926999894902,1054457.0
7.1609264998696744,1054458.0
7.16295659984462,1054461.0
7.164946899982169,1054462.0
7.166932199848816,1054465.0
7.168929100036621,1054467.0
7.177947799907997,1054475.0
7.179933799896389,1054478.0
7.181942299939692,1054480.0
7.183940500020981,1054481.0
7.185929199913517,1054484.0
7.187927099876106,1054485.0
7.189928999869153,1054488.0
7.191926999948919,1054490.0
7.193929299945012,1054491.0
7.195956900017336,1054494.0
7.205945699941367,1054503.0
7.207933499943465,1054506.0
7.209933599922806,1054508.0
7.211950100027025,1054509.0
7.215955799911171,1054512.0
7.217938199872151,1054515.0
7.219931999919936,1054518.0
7.221928099868819,1054519.0
7.2239273998420686,1054522.0
7.225932199973613,1054524.0
7.236956199863926,1054534.0
7.238935200031847,1054537.0
7.240929199848324,1054538.0
7.2429420000407845,1054540.0
7.2449300000444055,1054543.0
7.2479365998879075,1054545.0
7.249944200040773,1054548.0
7.251937299966812,1054550.0
7.254929699935019,1054552.0
7.264949799980968,1054562.0
7.2679532000329345,1054566.0
7.269935899879783,1054567.0
7.271932799834758,1054570.0
7.273932799929753,1054571.0
7.275930899893865,1054574.0
7.277929799864069,1054576.0
7.279927699826658,1054577.0
7.28195789991878,1054580.0
7.28394929994829,1054581.0
7.293945299927145,1054591.0
7.295934099936858,1054594.0
7.297940699849278,1054595.0
7.2999388999305665,1054598.0
7.30193810001947,1054600.0
7.303930199937895,1054601.0
7.305937299970537,1054604.0
7.307931599905714,1054605.0
7.309956999961287,1054608.0
7.311929399846122,1054609.0
7.316004199907184,1054612.0
7.326948799891397,1054624.0
7.329941799864173,1054628.0
7.331951400032267,1054629.0
7.335939500015229,1054632.0
7.337950699962676,1054635.0
7.339931299909949,1054638.0
7.3419286999851465,1054640.0
7.343927999958396,1054641.0
7.345928099937737,1054644.0
7.355953499907628,1054653.0
7.357938600005582,1054656.0
7.359931099927053,1054658.0
7.36192819988355,1054659.0
7.363927899859846,1054662.0
7.365953600034118,1054663.0
7.367944999830797,1054666.0
7.369935099966824,1054668.0
7.371931100031361,1054669.0
7.375931699993089,1054672.0
7.385945999994874,1054684.0
7.387933099875227,1054685.0
7.389963099965826,1054688.0
7.391930500045419,1054689.0
7.39593270001933,1054692.0
7.397949799895287,1054695.0
7.400208699982613,1054698.0
7.401936599984765,1054699.0
7.403929699910805,1054702.0
7.41594780003652,1054714.0
7.4179485000204295,1054715.0
7.419937999919057,1054718.0
7.421929499832913,1054720.0
7.423929200042039,1054721.0
7.425941199995577,1054724.0
7.427927799988538,1054725.0
7.4299490000121295,1054728.0
7.431947099976242,1054730.0
7.435947099933401,1054731.0
7.446965599898249,1054744.0
7.448949499987066,1054747.0
7.451027799863368,1054749.0
7.452932999935001,1054750.0
7.4549320000223815,1054753.0
7.45693019987084,1054754.0
7.458927399944514,1054757.0
7.460955899907276,1054759.0
7.4629571998957545,1054761.0
7.4649430999998,1054763.0
7.473948699887842,1054771.0
7.475946399848908,1054774.0
7.477935699978843,1054775.0
7.479950799839571,1054778.0
7.481952899834141,1054780.0
7.48393899993971,1054781.0
7.485931099858135,1054784.0
7.487934599863365,1054785.0
7.489959300030023,1054788.0
7.49197810003534,1054790.0
7.493931100005284,1054791.0
7.5039466000162065,1054801.0
7.505934299901128,1054804.0
7.507960399845615,1054805.0
7.5099388000089675,1054808.0
7.511933599831536,1054810.0
7.5139289000071585,1054811.0
7.515954499831423,1054814.0
7.517937900032848,1054815.0
7.5199313999619335,1054818.0
7.521931099938229,1054820.0
7.523956399876624,1054821.0
7.535952599951997,1054834.0
7.537935799919069,1054835.0
7.540952199837193,1054838.0
7.544939500046894,1054842.0
7.546932099852711,1054844.0
7.548969900002703,1054847.0
7.550998299848288,1054849.0
7.552940299967304,1054850.0
7.556956300046295,1054854.0
7.558935399865732,1054856.0
7.560930399922654,1054859.0
7.562930200016126,1054860.0
7.5659880000166595,1054863.0
7.56794280000031,1054865.0
7.569938099943101,1054868.0
7.5719422998372465,1054870.0
7.57393219997175,1054871.0
7.575929099926725,1054874.0
7.586955099832267,1054885.0
7.588939399924129,1054887.0
7.590933499857783,1054888.0
7.5929351998493075,1054891.0
7.595932199852541,1054893.0
7.597945699933916,1054896.0
7.599947900045663,1054897.0
7.60193459992297,1054900.0
7.6039414999540895,1054902.0
7.6059325998649,1054903.0
7.615949400002137,1054914.0
7.6179482999723405,1054915.0
7.6199360999744385,1054918.0
7.6219341000542045,1054920.0
7.623932000016794,1054921.0
7.625929899979383,1054924.0
7.627930199960247,1054925.0
7.629961799830198,1054928.0
7.6319332998245955,1054930.0
7.6349611999467015,1054933.0
7.644944399828091,1054943.0
7.646937199868262,1054944.0
7.648945800028741,1054947.0
7.651039300020784,1054948.0
7.652937799924985,1054951.0
7.657932099886239,1054954.0
7.661940899910405,1054957.0
7.666001099860296,1054961.0
7.6720218998380005,1054967.0
7.676142700016499,1054971.0
7.678016899852082,1054976.0
7.679944099858403,1054977.0
7.681959699839354,1054980.0
7.6839355998672545,1054982.0
7.685931500047445,1054984.0
7.68792980001308,1054986.0
7.697961800033227,1054995.0
7.699950600042939,1054998.0
7.701934600016102,1054999.0
7.703930899966508,1055002.0
7.705927999923006,1055004.0
7.707930699922144,1055005.0
7.709959999890998,1055008.0
7.711951999925077,1055009.0
7.715971499914303,1055012.0
7.717957899905741,1055015.0
7.728962699882686,1055027.0
7.7311155998613685,1055028.0
7.732957100030035,1055031.0
7.73593969992362,1055033.0
7.737934499979019,1055036.0
7.739939299877733,1055037.0
7.741940599866211,1055040.0
7.743959299987182,1055041.0
7.745945099974051,1055044.0
7.755961899878457,1055053.0
7.757948299869895,1055056.0
7.759960999945179,1055057.0
7.763948499923572,1055061.0
7.765962899895385,1055064.0
7.767955600051209,1055066.0
7.7699577999301255,1055067.0
7.771944900043309,1055070.0
7.773968499852344,1055071.0
7.775961499894038,1055074.0
7.77895149984397,1055076.0
7.781081099994481,1055079.0
7.782977299997583,1055081.0
7.784959999844432,1055082.0
7.7869545998983085,1055085.0
7.7889666999690235,1055086.0
7.79095199983567,1055089.0
7.792947700014338,1055091.0
7.7949749999679625,1055092.0
7.796952799893916,1055095.0
7.79895900003612,1055096.0
7.809951700037345,1055108.0
7.811934900004417,1055110.0
7.813930899836123,1055111.0
7.816023099934682,1055114.0
7.8179360998328775,1055115.0
7.819950599921867,1055118.0
7.821951099904254,1055120.0
7.8239463998470455,1055121.0
7.825939300004393,1055124.0
7.827938899863511,1055125.0
7.838959999848157,1055137.0
7.840939200017601,1055138.0
7.842949999962002,1055141.0
7.84493330004625,1055143.0
7.846929499879479,1055144.0
7.848971199942753,1055147.0
7.850956799928099,1055148.0
7.852942300029099,1055151.0
7.857933999970555,1055154.0
7.871956399874762,1055168.0
7.875980499899015,1055171.0
7.8779730999376625,1055176.0
7.879952599992976,1055177.0
7.881959399906918,1055180.0
7.883933899924159,1055181.0
7.885934599908069,1055184.0
7.88793019996956,1055186.0
7.897964499890804,1055195.0
7.899940199917182,1055198.0
7.901935299858451,1055199.0
7.903930899919942,1055202.0
7.905951799824834,1055204.0
7.90997919999063,1055205.0
7.911966799991205,1055209.0
7.913953399984166,1055212.0
7.91594780003652,1055214.0
7.92594760004431,1055224.0
7.927951599936932,1055226.0
7.929939799942076,1055228.0
7.9319410000462085,1055229.0
7.935937899863347,1055232.0
7.937930200016126,1055235.0
7.939928699983284,1055238.0
7.94192779995501,1055239.0
7.9439560999162495,1055242.0
7.955967799993232,1055254.0
7.957950699841604,1055255.0
7.959939999971539,1055258.0
7.961929999990389,1055259.0
7.963944299845025,1055262.0
7.9659491998609155,1055264.0
7.967941100010648,1055265.0
7.9699331999290735,1055268.0
7.9719322999008,1055269.0
7.975956799928099,1055272.0
7.986948400037363,1055285.0
7.989949299953878,1055288.0
7.991939399857074,1055290.0
7.995942399837077,1055292.0
7.998984299832955,1055296.0
8.001034799963236,1055298.0
8.002942699939013,1055301.0
8.004937099991366,1055302.0
8.015966800041497,1055314.0
8.017942599952221,1055316.0
8.019934499869123,1055317.0
8.021952799987048,1055320.0
8.023962300037965,1055321.0
8.025961000006646,1055324.0
8.027931699994951,1055326.0
8.029949399875477,1055327.0
8.0319513999857,1055330.0
8.033951599849388,1055331.0
8.04394939984195,1055342.0
8.045943799894303,1055344.0
8.047943399986252,1055345.0
8.049948300002143,1055348.0
8.051934299990535,1055349.0
8.053949699969962,1055352.0
8.055933099938557,1055354.0
8.057931300019845,1055356.0
8.059930199990049,1055358.0
8.061936900019646,1055360.0
8.072953199967742,1055371.0
8.075938599882647,1055373.0
8.077965699834749,1055376.0
8.079932200023904,1055377.0
8.082007399993017,1055380.0
8.083943199831992,1055382.0
8.085951799992472,1055383.0
8.087936699856073,1055386.0
8.08993440004997,1055387.0
8.091930799884722,1055390.0
8.102947099832818,1055401.0
8.104937199968845,1055403.0
8.106933600036427,1055405.0
8.10893139988184,1055407.0
8.110934699885547,1055408.0
8.112930999835953,1055411.0
8.11497460003011,1055413.0
8.116948900045827,1055414.0
8.11993689998053,1055418.0
8.121933300048113,1055420.0
8.132962399860844,1055431.0
8.13494969997555,1055433.0
8.136939499992877,1055434.0
8.13893279992044,1055437.0
8.140931400004774,1055439.0
8.14293390000239,1055441.0
8.144930599955842,1055443.0
8.146930299932137,1055444.0
8.14896639995277,1055447.0
8.150950399925932,1055448.0
8.16194609995,1055459.0
8.16393949999474,1055462.0
8.165955499978736,1055464.0
8.168944499921054,1055466.0
8.170933299930766,1055468.0
8.172931799897924,1055471.0
8.17493460001424,1055473.0
8.176930999848992,1055475.0
8.17892950004898,1055477.0
8.181038399925455,1055478.0
8.19095419999212,1055488.0
8.192936999956146,1055491.0
8.195953999878839,1055494.0
8.197951799957082,1055496.0
8.199941299855709,1055497.0
8.201931999996305,1055500.0
8.2039316999726,1055502.0
8.205931199947372,1055504.0
8.207930699922144,1055506.0
8.209928799886256,1055507.0
8.22095589991659,1055519.0
8.222938399994746,1055521.0
8.224933000048622,1055523.0
8.226960599888116,1055525.0
8.228937699925154,1055526.0
8.23109219991602,1055529.0
8.232949799858034,1055530.0
8.234938999870792,1055533.0
8.236932700034231,1055535.0
8.238932600012049,1055536.0
8.24093129998073,1055539.0
8.251950899837539,1055550.0
8.253937299828976,1055551.0
8.25593369989656,1055554.0
8.257936399895698,1055555.0
8.259933999972418,1055558.0
8.261933699948713,1055559.0
8.263930700020865,1055562.0
8.265950799919665,1055564.0
8.267938999924809,1055565.0
8.269961699843407,1055568.0
8.279950500000268,1055577.0
8.28195029986091,1055580.0
8.28394760005176,1055581.0
8.285943900002167,1055584.0
8.28793270001188,1055586.0
8.289947799872607,1055587.0
8.291934099979699,1055590.0
8.293932999949902,1055591.0
8.29593149991706,1055594.0
8.297934700036421,1055595.0
8.299978099996224,1055598.0
8.310948899947107,1055609.0
8.312936999835074,1055610.0
8.315954699879512,1055614.0
8.317940999986604,1055615.0
8.319943899987265,1055618.0
8.321934500010684,1055620.0
8.323934799991548,1055622.0
8.32593319984153,1055623.0
8.327930399915203,1055626.0
8.329930800013244,1055628.0
8.34296719986014,1055639.0
8.344938399968669,1055643.0
8.346934400033206,1055645.0
8.348972599953413,1055646.0
8.350942800054327,1055649.0
8.352957299910486,1055650.0
8.354938099859282,1055653.0
8.35893870005384,1055655.0
8.370966200018302,1055669.0
8.372939100023359,1055670.0
8.374932799953967,1055673.0
8.376932099927217,1055675.0
8.378931599901989,1055677.0
8.381092099938542,1055679.0
8.382959499955177,1055680.0
8.384945899946615,1055683.0
8.386935399845243,1055685.0
8.388932199915871,1055687.0
8.401963999960572,1055697.0
8.4059460000135,1055701.0
8.409941399935633,1055706.0
8.413964499952272,1055710.0
8.415948099922389,1055714.0
8.417938699945807,1055715.0
8.427951500052586,1055726.0
8.429946799995378,1055728.0
8.43194739986211,1055730.0
8.43594180000946,1055732.0
8.437933899927884,1055736.0
8.439931300003082,1055738.0
8.441931299865246,1055739.0
8.443933399859816,1055742.0
8.445955700008199,1055744.0
8.447939299978316,1055746.0
8.461000300012529,1055758.0
8.462950499961153,1055761.0
8.464944900013506,1055762.0
8.467950199963525,1055765.0
8.469938799971715,1055767.0
8.471933600027114,1055770.0
8.475935199996457,1055772.0
8.477995799854398,1055776.0
8.487954000011086,1055786.0
8.489937199978158,1055787.0
8.491934600053355,1055790.0
8.495950300013646,1055792.0
8.497943699825555,1055796.0
8.499943899922073,1055798.0
8.502934399992228,1055801.0
8.504931199830025,1055803.0
8.506932199932635,1055805.0
8.516963599948213,1055815.0
8.518939799861982,1055816.0
8.520935700042173,1055819.0
8.522934899898246,1055821.0
8.524935999885201,1055823.0
8.526961999945343,1055825.0
8.528937099967152,1055826.0
8.531028100056574,1055829.0
8.532948199892417,1055831.0
8.53493670001626,1055833.0
8.5449502998963,1055843.0
8.54693749989383,1055845.0
8.548952999990433,1055847.0
8.550937699852511,1055849.0
8.552934000035748,1055850.0
8.55496109998785,1055853.0
8.556960199959576,1055855.0
8.558960599824786,1055857.0
8.56093329982832,1055859.0
8.562934499932453,1055860.0
8.573953999904916,1055871.0
8.575938599882647,1055874.0
8.577935199951753,1055876.0
8.579933600034565,1055878.0
8.581966700032353,1055880.0
8.583945199847221,1055881.0
8.585936599876732,1055884.0
8.587942000012845,1055886.0
8.589954399969429,1055888.0
8.591948499903083,1055890.0
8.607965199975297,1055902.0
8.609939799876884,1055907.0
8.613943499978632,1055910.0
8.615979599999264,1055914.0
8.61794859985821,1055915.0
8.619937299983576,1055918.0
8.62194240000099,1055919.0
8.632962099974975,1055930.0
8.635964199900627,1055934.0
8.637936000013724,1055935.0
8.639933799859136,1055938.0
8.641932199941948,1055939.0
8.643931000027806,1055942.0
8.645930900005624,1055944.0
8.647938800044358,1055946.0
8.6500931000337,1055948.0
8.651950899977237,1055949.0
8.663959800032899,1055961.0
8.66595649998635,1055964.0
8.667947799898684,1055966.0
8.669941199943423,1055968.0
8.6719357999973,1055970.0
8.673932999838144,1055971.0
8.675933300051838,1055974.0
8.677932899910957,1055976.0
8.679930799873546,1055978.0
8.68200989998877,1055980.0
8.695971299894154,1055992.0
8.697960800025612,1055996.0
8.700941700022668,1055998.0
8.70293809985742,1056001.0
8.704933800036088,1056003.0
8.706933900015429,1056004.0
8.708933099871501,1056007.0
8.710935999872163,1056009.0
8.71307469997555,1056011.0
8.724954499863088,1056023.0
8.72693879995495,1056025.0
8.728934000013396,1056027.0
8.73107389989309,1056028.0
8.732956999912858,1056031.0
8.73494330001995,1056033.0
8.736933700041845,1056035.0
8.738932099891827,1056037.0
8.74093269999139,1056038.0
8.742931599961594,1056041.0
8.752955599920824,1056051.0
8.754939599893987,1056052.0
8.756934999953955,1056055.0
8.758932299911976,1056057.0
8.76094889990054,1056059.0
8.76293469988741,1056061.0
8.764974100049585,1056062.0
8.766944299917668,1056065.0
8.768935699947178,1056067.0
8.770933199906722,1056069.0
8.772930899867788,1056071.0
8.783956799888983,1056081.0
8.78593899984844,1056084.0
8.787934799911454,1056086.0
8.789935000007972,1056088.0
8.791954800020903,1056090.0
8.793941299896687,1056091.0
8.795933299930766,1056094.0
8.797943899873644,1056096.0
8.799943099962547,1056098.0
8.80193639989011,1056100.0
8.803934199968353,1056101.0
8.815966099966317,1056114.0
8.819955099839717,1056116.0
8.821937100030482,1056120.0
8.823968299897388,1056122.0
8.82594839995727,1056124.0
8.827950699953362,1056125.0
8.82994810002856,1056128.0
8.831950600026175,1056130.0
8.83403529995121,1056132.0
8.845963699975982,1056144.0
8.847957599908113,1056146.0
8.849964899942279,1056148.0
8.851945499889553,1056150.0
8.85395949985832,1056151.0
8.855944499839097,1056154.0
8.857937099877745,1056156.0
8.859949399949983,1056158.0
8.861951599828899,1056160.0
8.863949500024319,1056161.0
8.874961399938911,1056172.0
8.87693989998661,1056175.0
8.878935900051147,1056177.0
8.881039100000635,1056179.0
8.882955000037327,1056181.0
8.884948499966413,1056182.0
8.886937899980694,1056185.0
8.888934999937192,1056187.0
8.890934000024572,1056189.0
8.892930999863893,1056191.0
8.904958799947053,1056203.0
8.906945300055668,1056204.0
8.908941000001505,1056207.0
8.910936799831688,1056209.0
8.91295459982939,1056211.0
8.915986199863255,1056214.0
8.917956199962646,1056216.0
8.919937399914488,1056218.0
8.921934999991208,1056220.0
8.92396659986116,1056222.0
8.935959399910644,1056234.0
8.937961099902168,1056236.0
8.93995579984039,1056238.0
8.941959799965844,1056239.0
8.94395269989036,1056242.0
8.94595479988493,1056244.0
8.948957999935374,1056247.0
8.950949699850753,1056248.0
8.952948699938133,1056251.0
8.955957500031218,1056254.0
8.9679688999895,1056265.0
8.969954499974847,1056268.0
8.971946900011972,1056270.0
8.973955699941143,1056272.0
8.975955199915916,1056274.0
8.977957099908963,1056276.0
8.979958500014618,1056278.0
8.981956999981776,1056280.0
8.983948400011286,1056282.0
8.98595769982785,1056283.0
8.987952800001949,1056286.0
9.000971799949184,1056299.0
9.002958399942145,1056301.0
9.004953499883413,1056303.0
9.006961799925193,1056305.0
9.00895159994252,1056306.0
9.010965199908242,1056309.0
9.012961599975824,1056311.0
9.015956199960783,1056314.0
9.017949600005522,1056316.0
9.019943999825045,1056318.0
9.03296500002034,1056331.0
9.034961499972269,1056333.0
9.036958300042897,1056334.0
9.038957000011578,1056337.0
9.040952899958938,1056339.0
9.042965600034222,1056341.0
9.044952400028706,1056343.0
9.046959299826995,1056344.0
9.04895480000414,1056347.0
9.051949999993667,1056350.0
9.063960899831727,1056362.0
9.066005300031975,1056364.0
9.067960399901494,1056365.0
9.069954699836671,1056368.0
9.071941599948332,1056370.0
9.073958999942988,1056372.0
9.075951499864459,1056374.0
9.077947699930519,1056376.0
9.079943899996579,1056378.0
9.08195440005511,1056380.0
9.093951100017875,1056392.0
9.09594939998351,1056393.0
9.097966299857944,1056396.0
9.09996260004118,1056397.0
9.101954699959606,1056400.0
9.103973199846223,1056402.0
9.105943999951705,1056404.0
9.110948899993673,1056407.0
9.112939599901438,1056411.0
9.125960799865425,1056424.0
9.127958899829537,1056426.0
9.129953099880368,1056428.0
9.131960399914533,1056430.0
9.133947799913585,1056432.0
9.137949199881405,1056434.0
9.141945800045505,1056438.0
9.143938299966976,1056442.0
9.146934599848464,1056444.0
9.15996289998293,1056458.0
9.16495310002938,1056461.0
9.168966699857265,1056465.0
9.170957299880683,1056469.0
9.172959399875253,1056471.0
9.174940599827096,1056472.0
9.176946999970824,1056475.0
9.178959199925885,1056477.0
9.190961299929768,1056489.0
9.192960300017148,1056491.0
9.19595959992148,1056494.0
9.197956199990585,1056496.0
9.19995619985275,1056498.0
9.201943499967456,1056500.0
9.203943999949843,1056502.0
9.205956700025126,1056504.0
9.207948499824852,1056506.0
9.210959600051865,1056509.0
9.222954199882224,1056521.0
9.224960600025952,1056523.0
9.226993500022218,1056525.0
9.228967200033367,1056527.0
9.231061100028455,1056528.0
9.232957199914381,1056531.0
9.235946599859744,1056534.0
9.237946099834517,1056536.0
9.239955799886957,1056538.0
9.241945199901238,1056540.0
9.253959900001064,1056552.0
9.255946999881417,1056553.0
9.257974099833518,1056556.0
9.259952099993825,1056558.0
9.261943300021812,1056560.0
9.263940899865702,1056562.0
9.265992400003597,1056563.0
9.267951699905097,1056566.0
9.269951900001615,1056568.0
9.271944599924609,1056570.0
9.283962599933147,1056582.0
9.285957899875939,1056584.0
9.287963199894875,1056585.0
9.289960999973118,1056588.0
9.292954599950463,1056591.0
9.294956899946555,1056593.0
9.29695719992742,1056595.0
9.298957099905238,1056597.0
9.30094249988906,1056599.0
9.302958899876103,1056601.0
9.315966699970886,1056614.0
9.318959799828008,1056616.0
9.320967299863696,1056619.0
9.322947199922055,1056621.0
9.32493959995918,1056623.0
9.326946099987254,1056625.0
9.328937500016764,1056626.0
9.331030800007284,1056629.0
9.332952099852264,1056631.0
9.33797169988975,1056634.0
9.350962299853563,1056649.0
9.352951799985021,1056650.0
9.354940599994734,1056653.0
9.356936399824917,1056655.0
9.358961899997666,1056657.0
9.360954300034791,1056658.0
9.36395789985545,1056662.0
9.365994199877605,1056663.0
9.367959499824792,1056666.0
9.369956699898466,1056668.0
9.38106369995512,1056678.0
9.382958799833432,1056681.0
9.384959900053218,1056683.0
9.386950899846852,1056685.0
9.388939899858087,1056687.0
9.39095319993794,1056688.0
9.392952600028366,1056691.0
9.394948199857026,1056693.0
9.396959899924695,1056695.0
9.398969899863005,1056696.0
9.410951799945906,1056708.0
9.412940099835396,1056711.0
9.4159702998586,1056714.0
9.417947999900207,1056716.0
9.41994409984909,1056718.0
9.421938200015575,1056720.0
9.423935699975118,1056722.0
9.42593519994989,1056723.0
9.42793420003727,1056726.0
9.429932799888775,1056728.0
9.440958800027147,1056739.0
9.442941899877042,1056741.0
9.444936699932441,1056742.0
9.447959899902344,1056745.0
9.449946099892259,1056747.0
9.451940599828959,1056750.0
9.45393930003047,1056752.0
9.455935699865222,1056754.0
9.457941199885681,1056756.0
9.45993629982695,1056758.0
9.472960700048134,1056771.0
9.475950599880889,1056774.0
9.479964399943128,1056776.0
9.481975700007752,1056779.0
9.483947299886495,1056782.0
9.485941000049934,1056784.0
9.487936199875548,1056786.0
9.491938499966636,1056788.0
9.503957799868658,1056802.0
9.505943099968135,1056804.0
9.50793659989722,1056806.0
9.50994799984619,1056808.0
9.51193829998374,1056810.0
9.513936199946329,1056811.0
9.515959799988195,1056814.0
9.517945099854842,1056816.0
9.519936199998483,1056818.0
9.521934399846941,1056819.0
9.523944400018081,1056822.0
9.534965999890119,1056833.0
9.536947499960661,1056835.0
9.538937999866903,1056837.0
9.540940499864519,1056839.0
9.542938000056893,1056841.0
9.54493539989926,1056843.0
9.546935599995777,1056844.0
9.548961699940264,1056847.0
9.552954899845645,1056850.0
9.555951799964532,1056854.0
9.567956399871036,1056866.0
9.56994149996899,1056868.0
9.571949200006202,1056870.0
9.573939299909398,1056871.0
9.57593629998155,1056874.0
9.577936299843714,1056876.0
9.579935299931094,1056878.0
9.581989099970087,1056880.0
9.583949699997902,1056882.0
9.58594090002589,1056884.0
9.587971000000834,1056886.0
9.598953800043091,1056897.0
9.600951599888504,1056899.0
9.602961000055075,1056901.0
9.604941199999303,1056903.0
9.606938399840146,1056905.0
9.608959599863738,1056907.0
9.610957199940458,1056909.0
9.612936199875548,1056911.0
9.614938999991864,1056913.0
9.61695079994388,1056915.0
9.618946299888194,1056917.0
9.621975000016391,1056920.0
9.623945799889043,1056922.0
9.625937799923122,1056924.0
9.627936699893326,1056926.0
9.629935399862006,1056928.0
9.631965399952605,1056930.0
9.633968799840659,1056932.0
9.635965599911287,1056934.0
9.637957999948412,1056936.0
9.639944199938327,1056938.0
9.641946600051597,1056940.0
9.65596399991773,1056954.0
9.657960899872705,1056956.0
9.659950299886987,1056958.0
9.661949899978936,1056960.0
9.663946700049564,1056962.0
9.665950000053272,1056964.0
9.66994579997845,1056967.0
9.671972600044683,1056970.0
9.673951599979773,1056972.0
9.686958499951288,1056985.0
9.68894340004772,1056987.0
9.69093789998442,1056989.0
9.692936399951577,1056991.0
9.695946899941191,1056994.0
9.697959600016475,1056996.0
9.699942999985069,1056998.0
9.701943199848756,1057000.0
9.703937399899587,1057002.0
9.70593659998849,1057004.0
9.718962199985981,1057016.0
9.7209431999363,1057019.0
9.722938399994746,1057021.0
9.724936899961904,1057023.0
9.726939799962565,1057025.0
9.728946799878031,1057027.0
9.73107729991898,1057029.0
9.73295779991895,1057031.0
9.734947300050408,1057033.0
9.736937599955127,1057035.0
9.747959999833256,1057046.0
9.749963799957186,1057048.0
9.751946399919689,1057050.0
9.753945000004023,1057052.0
9.756940399995074,1057054.0
9.75893979985267,1057057.0
9.760957699967548,1057059.0
9.762938699917868,1057061.0
9.764939900022,1057063.0
9.766956300009042,1057065.0
9.777960899984464,1057076.0
9.779942099936306,1057078.0
9.781967399874702,1057080.0
9.784967300016433,1057083.0
9.786944099934772,1057084.0
9.788940399885178,1057087.0
9.790948699926957,1057089.0
9.79295749985613,1057091.0
9.794942299835384,1057093.0
9.796939800027758,1057095.0
9.807970699854195,1057106.0
9.809945299988613,1057108.0
9.81194130005315,1057110.0
9.813937600003555,1057112.0
9.815955699887127,1057114.0
9.817941199988127,1057116.0
9.819938499946147,1057118.0
9.821937500033528,1057120.0
9.823944499948993,1057122.0
9.825937499990687,1057124.0
9.827941699884832,1057126.0
9.839982299832627,1057138.0
9.841950699919835,1057140.0
9.843962399987504,1057142.0
9.845953099895269,1057144.0
9.847950799856335,1057146.0
9.849954399978742,1057148.0
9.851951000047848,1057150.0
9.853962499881163,1057152.0
9.855950499884784,1057154.0
9.859939499991015,1057157.0
9.862944999942556,1057161.0
9.864947699941695,1057163.0
9.867037900025025,1057165.0
9.868949000025168,1057167.0
9.87098650005646,1057169.0
9.872976699844003,1057171.0
9.876962600043043,1057173.0
9.881139099830762,1057177.0
9.886979799950495,1057181.0
9.89998420001939,1057198.0
9.901950999861583,1057200.0
9.90396220004186,1057202.0
9.905944699887186,1057204.0
9.907938800053671,1057206.0
9.909935999894515,1057208.0
9.91193880001083,1057210.0
9.9149907999672,1057212.0
9.916970500024036,1057215.0
9.918950299965218,1057217.0
9.929953899933025,1057228.0
9.931955999927595,1057230.0
9.933945399941877,1057232.0
9.935938499867916,1057234.0
9.937938599847257,1057236.0
9.939938899828121,1057238.0
9.941960699856281,1057240.0
9.943944199942052,1057242.0
9.945960300043225,1057244.0
9.94997249986045,1057247.0
9.962964199949056,1057261.0
9.964962899917737,1057263.0
9.966955499956384,1057265.0
9.968942199833691,1057267.0
9.970942599931732,1057269.0
9.972938699880615,1057271.0
9.974937799852341,1057273.0
9.97694189986214,1057275.0
9.97893949993886,1057277.0
9.981007399968803,1057279.0
9.995964899891987,1057294.0
9.997958600055426,1057296.0
9.999954500002787,1057298.0
10.001944799907506,1057300.0
10.003950099926442,1057302.0
10.005942199844867,1057304.0
10.007939799921587,1057306.0
10.009938099887222,1057308.0
10.011935899965465,1057310.0
10.01396739995107,1057312.0
10.02796550001949,1057326.0
10.02994509995915,1057328.0
10.03295879997313,1057331.0
10.03494599997066,1057333.0
10.03694080002606,1057335.0
10.038938799872994,1057337.0
10.040942599996924,1057339.0
10.042940999846905,1057341.0
10.044936700025573,1057343.0
10.046936499886215,1057345.0
10.058959899935871,1057357.0
10.060943699907511,1057359.0
10.062940399860963,1057361.0
10.064953899942338,1057363.0
10.06695399992168,1057365.0
10.068940500030294,1057367.0
10.07094999984838,1057369.0
10.072937099961564,1057371.0
10.076938200043514,1057373.0
10.081049599917606,1057377.0
10.094970199977979,1057391.0
10.09694439987652,1057395.0
10.098968300037086,1057397.0
10.100949699990451,1057399.0
10.1029586000368,1057401.0
10.104941099882126,1057403.0
10.106938499957323,1057405.0
10.108937100041658,1057407.0
10.110935899894685,1057409.0
10.112937399884686,1057411.0
10.124956500018016,1057423.0
10.126943100010976,1057425.0
10.12894369987771,1057427.0
10.131063199834898,1057429.0
10.132957899942994,1057431.0
10.134950999869034,1057433.0
10.13695769989863,1057435.0
10.138937899842858,1057437.0
10.140937800053507,1057439.0
10.142938999924809,1057441.0
10.15595839987509,1057454.0
10.157976499991491,1057456.0
10.15993979992345,1057458.0
10.161938699893653,1057460.0
10.163937099976465,1057462.0
10.166043599834666,1057464.0
10.167948799906299,1057466.0
10.169942599954084,1057468.0
10.171938800020143,1057470.0
10.173937199870124,1057472.0
10.186959399841726,1057485.0
10.188942400040105,1057487.0
10.19094350002706,1057489.0
10.19293939997442,1057491.0
10.194944799877703,1057493.0
10.196943999966606,1057495.0
10.198959699831903,1057497.0
10.20094190002419,1057499.0
10.204943399876356,1057502.0
10.217960299924016,1057516.0
10.21994260000065,1057518.0
10.221946799894795,1057520.0
10.223938999930397,1057522.0
10.225937200011685,1057524.0
10.227936399867758,1057526.0
10.229950799839571,1057528.0
10.23196589993313,1057530.0
10.233949200017378,1057532.0
10.235949900001287,1057534.0
10.247958999825642,1057546.0
10.249960700049996,1057548.0
10.251964200055227,1057550.0
10.253961900016293,1057552.0
10.255943199852481,1057554.0
10.257952699903399,1057556.0
10.259943099925295,1057558.0
10.261957600014284,1057560.0
10.263947000028566,1057562.0
10.265955299837515,1057564.0
10.278970399871469,1057577.0
10.281063299858943,1057579.0
10.283024200005457,1057581.0
10.284955600043759,1057583.0
10.286960899829865,1057585.0
10.288958699908108,1057587.0
10.290956999873742,1057589.0
10.29596469993703,1057592.0
10.297964999917895,1057596.0
10.31197619996965,1057610.0
10.313967399997637,1057612.0
10.315962200053036,1057614.0
10.317967399954796,1057616.0
10.319957799976692,1057618.0
10.321955299936235,1057620.0
10.323962399968877,1057622.0
10.325965699972585,1057624.0
10.327953199855983,1057626.0
10.329958399990574,1057628.0
10.33196059986949,1057630.0
10.344964100047946,1057643.0
10.346958499867469,1057645.0
10.34896510001272,1057647.0
10.350965099874884,1057649.0
10.352955699898303,1057651.0
10.355963599868119,1057654.0
10.357958700042218,1057656.0
10.359946900047362,1057658.0
10.36196370003745,1057660.0
10.36396240000613,1057662.0
10.379970900015905,1057677.0
10.381965599954128,1057680.0
10.383963899919763,1057682.0
10.385970199946314,1057684.0
10.387959699844941,1057686.0
10.389949299860746,1057688.0
10.391960199922323,1057690.0
10.39395339996554,1057692.0
10.39594620000571,1057694.0
10.397959299851209,1057696.0
10.412967799929902,1057711.0
10.414979299996048,1057713.0
10.416962099960074,1057715.0
10.418956300010905,1057717.0
10.420947399921715,1057719.0
10.422957399860024,1057721.0
10.424956099828705,1057723.0
10.42696339986287,1057725.0
10.428967099869624,1057727.0
10.431055000051856,1057729.0
10.432972199982032,1057731.0
10.446966300019994,1057745.0
10.448959899833426,1057747.0
10.450953599996865,1057749.0
10.452946299919859,1057751.0
10.455963399959728,1057754.0
10.457955199992284,1057756.0
10.459962900029495,1057758.0
10.461944199865684,1057760.0
10.463986899936572,1057762.0
10.465975899947807,1057764.0
10.478969600051641,1057777.0
10.48296509985812,1057780.0
10.484965999843553,1057783.0
10.488961899885908,1057786.0
10.490946099860594,1057789.0
10.495962199987844,1057794.0
10.49795849993825,1057796.0
10.5109595998656,1057809.0
10.51294709998183,1057811.0
10.514949399977922,1057813.0
10.516959900036454,1057815.0
10.518943599890918,1057817.0
10.520940899848938,1057819.0
10.522937800036743,1057821.0
10.52493970002979,1057823.0
10.526951299980283,1057825.0
10.528939999872819,1057827.0
10.531055399915203,1057829.0
10.545971299987286,1057844.0
10.547984199831262,1057846.0
10.549960599979386,1057848.0
10.551944499835372,1057850.0
10.553941200021654,1057852.0
10.555944399908185,1057854.0
10.557942299870774,1057856.0
10.55993999983184,1057858.0
10.56193930003792,1057860.0
10.563937299884856,1057862.0
10.57696309988387,1057875.0
10.57894519995898,1057877.0
10.581056399969384,1057879.0
10.582960699917749,1057881.0
10.584944699890912,1057883.0
10.58694770000875,1057885.0
10.588947799988091,1057887.0
10.590941099915653,1057889.0
10.59294019988738,1057891.0
10.594938499853015,1057893.0
10.596939699957147,1057895.0
10.609963699942455,1057908.0
10.611946099903435,1057910.0
10.613941599847749,1057912.0
10.617964399978518,1057914.0
10.619942900026217,1057918.0
10.623941599857062,1057920.0
10.627947199856862,1057924.0
10.632018999895081,1057928.0
10.645961500005797,1057944.0
10.647954999934882,1057946.0
10.649971999926493,1057948.0
10.652953200042248,1057951.0
10.654941099928692,1057953.0
10.656943199923262,1057955.0
10.65893859998323,1057957.0
10.660945700015873,1057959.0
10.662937900051475,1057961.0
10.665014100028202,1057963.0
10.678960399935022,1057977.0
10.681060399860144,1057979.0
10.682952499948442,1057981.0
10.684947799891233,1057983.0
10.686943399952725,1057985.0
10.688973099924624,1057987.0
10.690938399871811,1057989.0
10.692938399966806,1057991.0
10.694937200052664,1057993.0
10.696964799892157,1057995.0
10.709957299986854,1058008.0
10.711954399943352,1058010.0
10.714962099911645,1058013.0
10.716957899974659,1058015.0
10.718943699961528,1058017.0
10.720939500024542,1058019.0
10.722960900049657,1058021.0
10.724942599888891,1058023.0
10.726938499836251,1058025.0
10.728960399981588,1058027.0
10.74095999985002,1058039.0
10.74295279989019,1058041.0
10.7449445000384,1058043.0
10.746944600017741,1058045.0
10.74895519996062,1058047.0
10.750961399869993,1058049.0
10.752945899963379,1058051.0
10.754964599851519,1058053.0
10.758959600003436,1058056.0
10.760954199824482,1058059.0
10.774963299976662,1058073.0
10.77696010004729,1058075.0
10.778965699952096,1058077.0
10.781040800036862,1058079.0
10.782970299944282,1058081.0
10.78494709986262,1058083.0
10.786944499937817,1058085.0
10.788954599993303,1058087.0
10.790952099952847,1058089.0
10.79294850002043,1058091.0
10.805973399896175,1058104.0
10.80794749991037,1058106.0
10.809967200038955,1058108.0
10.811961499974132,1058110.0
10.813952599884942,1058112.0
10.81795910000801,1058114.0
10.821952600032091,1058118.0
10.827947200043127,1058122.0
10.841976199997589,1058140.0
10.843948900001124,1058142.0
10.845943500055,1058144.0
10.847947999835014,1058146.0
10.84996429993771,1058148.0
10.851952200056985,1058150.0
10.853944399859756,1058152.0
10.855940999928862,1058154.0
10.85793949989602,1058156.0
10.8599384999834,1058158.0
10.873967800056562,1058172.0
10.87794809998013,1058175.0
10.879943700041622,1058178.0
10.881978000048548,1058180.0
10.88396959984675,1058182.0
10.885954399826005,1058184.0
10.88795859995298,1058186.0
10.889958600047976,1058188.0
10.891947699943557,1058190.0
10.90497719985433,1058203.0
10.906947399955243,1058205.0
10.908942600013688,1058207.0
10.910940499976277,1058209.0
10.912979499902576,1058211.0
10.915974299889058,1058214.0
10.917986099841073,1058216.0
10.919973799958825,1058218.0
10.921951999887824,1058220.0
10.923967399867252,1058222.0
10.936964299995452,1058235.0
10.93895069998689,1058237.0
10.941947599872947,1058240.0
10.943960899952799,1058242.0
10.945943899918348,1058244.0
10.947962099919096,1058246.0
10.950967999873683,1058249.0
10.954950300045311,1058251.0
10.956942899851128,1058255.0
10.970974799944088,1058269.0
10.972947499947622,1058271.0
10.974967599846423,1058273.0
10.976954499958083,1058275.0
10.978961999993771,1058277.0
10.98109669983387,1058279.0
10.98296819999814,1058281.0
10.98496100003831,1058283.0
10.986951199825853,1058285.0
10.988942099967971,1058287.0
11.001957699889317,1058300.0
11.003943799994886,1058302.0
11.005970299942419,1058304.0
11.007960499962792,1058306.0
11.009946399834007,1058308.0
11.011942599900067,1058310.0
11.013939099851996,1058312.0
11.017961699981242,1058314.0
11.019969099899754,1058318.0
11.02194399992004,1058320.0
11.03397039999254,1058332.0
11.035958399996161,1058334.0
11.037943499861285,1058336.0
11.039940499933437,1058338.0
11.041940999915823,1058340.0
11.043940499890596,1058342.0
11.045939599862322,1058344.0
11.047949899919331,1058346.0
11.049956899834797,1058348.0
11.051952200010419,1058350.0
11.053942099912092,1058352.0
11.067035099957138,1058365.0
11.068949299864471,1058367.0
11.07094269990921,1058369.0
11.072940699988976,1058371.0
11.075940599897876,1058374.0
11.077940799994394,1058376.0
11.079938699956983,1058378.0
11.082021899987012,1058380.0
11.083973499946296,1058382.0
11.08594789984636,1058384.0
11.097968699876219,1058396.0
11.099951399955899,1058398.0
11.101940699853003,1058400.0
11.103940299944952,1058402.0
11.105941799934953,1058404.0
11.107939400011674,1058406.0
11.1099384999834,1058408.0
11.1139696999453,1058410.0
11.115945699857548,1058414.0
11.117941400036216,1058416.0
11.131055099889636,1058429.0
11.132985699921846,1058431.0
11.134955199901015,1058433.0
11.13694730005227,1058435.0
11.13994859997183,1058437.0
11.141941400012001,1058440.0
11.143938899971545,1058442.0
11.145961900008842,1058444.0
11.147958099842072,1058446.0
11.149953299900517,1058448.0
11.162960599875078,1058461.0
11.164955799933523,1058463.0
11.166959599824622,1058465.0
11.168943299911916,1058467.0
11.170956999994814,1058469.0
11.172942299861461,1058471.0
11.175994799938053,1058474.0
11.177968499949202,1058476.0
11.17996390000917,1058478.0
11.181958699831739,1058480.0
11.197969999862835,1058496.0
11.199970899848267,1058498.0
11.201951700029895,1058500.0
11.203948399983346,1058502.0
11.205971600022167,1058504.0
11.207960200030357,1058506.0
11.20996250002645,1058508.0
11.211955099832267,1058510.0
11.213949699886143,1058512.0
11.21596229984425,1058514.0
11.231973299989477,1058530.0
11.233951200032607,1058532.0
11.235960299847648,1058534.0
11.237960299942642,1058536.0
11.23995149997063,1058538.0
11.2419532998465,1058540.0
11.24495629989542,1058543.0
11.246966899838299,1058545.0
11.249962599948049,1058547.0
11.2639690998476,1058562.0
11.265966400038451,1058564.0
11.267967199906707,1058566.0
11.26997229992412,1058568.0
11.271948199952021,1058570.0
11.273958599893376,1058572.0
11.275947799906135,1058574.0
11.27794159995392,1058576.0
11.279945699963719,1058578.0
11.28196269995533,1058580.0
11.295959200011566,1058594.0
11.297955099958926,1058596.0
11.299954999936745,1058598.0
11.301955400034785,1058600.0
11.303945899941027,1058602.0
11.307945699896663,1058605.0
11.309940099949017,1058608.0
11.31194099993445,1058610.0
11.313939899904653,1058612.0
11.327964799944311,1058626.0
11.329949300037697,1058628.0
11.3319671000354,1058630.0
11.333966499892995,1058632.0
11.335947599960491,1058634.0
11.337942899903283,1058636.0
11.339941199868917,1058638.0
11.341941199963912,1058640.0
11.343943399842829,1058642.0
11.345941100036725,1058644.0
11.361972599988803,1058658.0
11.367970400024205,1058662.0
11.371954299975187,1058668.0
11.375951299909502,1058672.0
11.37795009999536,1058676.0
11.39096049987711,1058689.0
11.392947499873117,1058691.0
11.394957900047302,1058693.0
11.396967799868435,1058695.0
11.39895259984769,1058697.0
11.400954199954867,1058699.0
11.402952400036156,1058701.0
11.404943199828267,1058703.0
11.406942199915648,1058705.0
11.408941099885851,1058707.0
11.42296259989962,1058721.0
11.424947299994528,1058723.0
11.426948399981484,1058725.0
11.428957399912179,1058727.0
11.431043099844828,1058729.0
11.432966999942437,1058731.0
11.435947800055146,1058734.0
11.437949900049716,1058736.0
11.439942799974233,1058738.0
11.441939499927685,1058740.0
11.455964099848643,1058754.0
11.45794909982942,1058756.0
11.459968299837783,1058758.0
11.461947100004181,1058760.0
11.464952199952677,1058763.0
11.466948200017214,1058765.0
11.468943499960005,1058767.0
11.470945599954575,1058769.0
11.472941600019112,1058771.0
11.474955099867657,1058773.0
11.490979599999264,1058789.0
11.492979099974036,1058791.0
11.495947799878195,1058794.0
11.497954800026491,1058796.0
11.499956300016493,1058798.0
11.502948399866,1058801.0
11.50494259991683,1058803.0
11.50695149996318,1058805.0
11.508942999877036,1058807.0
11.510943499859422,1058809.0
11.523972899885848,1058822.0
11.525955599965528,1058824.0
11.527945099864155,1058826.0
11.529942499939352,1058828.0
11.531975599937141,1058830.0
11.533953699981794,1058832.0
11.535944199888036,1058834.0
11.53794619999826,1058836.0
11.541950699873269,1058838.0
11.559997000033036,1058856.0
11.56195899983868,1058860.0
11.567964799934998,1058862.0
11.571968999924138,1058868.0
11.575955299893394,1058872.0
11.589972199872136,1058888.0
11.592954799998552,1058890.0
11.595944699831307,1058894.0
11.597971899900585,1058896.0
11.599964999826625,1058898.0
11.601956399856135,1058900.0
11.60394879989326,1058902.0
11.605956899933517,1058904.0
11.607944099931046,1058906.0
11.621967299841344,1058920.0
11.623952500056475,1058922.0
11.62594489986077,1058924.0
11.627952700015157,1058926.0
11.629950599977747,1058928.0
11.631963199935853,1058930.0
11.63396819983609,1058932.0
11.635951800039038,1058934.0
11.637944999849424,1058936.0
11.639947299845517,1058938.0
11.654976699966937,1058953.0
11.656961199827492,1058955.0
11.658962500048801,1058957.0
11.660949100041762,1058959.0
11.66295009991154,1058961.0
11.664965400006622,1058963.0
11.666975099826232,1058965.0
11.668947499943897,1058967.0
11.670948300044984,1058969.0
11.672943499870598,1058971.0
11.687961800023913,1058986.0
11.689976899884641,1058988.0
11.691960399970412,1058990.0
11.694952100049704,1058993.0
11.696970199933276,1058995.0
11.698956199921668,1058997.0
11.700969099998474,1058999.0
11.70296879997477,1059001.0
11.704952899832278,1059003.0
11.70795249985531,1059006.0
11.722979399841279,1059021.0
11.7249580998905,1059023.0
11.72695909999311,1059025.0
11.728962099878117,1059027.0
11.731063999934122,1059029.0
11.733021500054747,1059031.0
11.734962899936363,1059033.0
11.736969499848783,1059035.0
11.738966299919412,1059037.0
11.74096479988657,1059039.0
11.755973899969831,1059054.0
11.757972599938512,1059056.0
11.759953799890354,1059058.0
11.761949899839237,1059060.0
11.763948899926618,1059062.0
11.765987999970093,1059064.0
11.767958799842745,1059066.0
11.769967099884525,1059068.0
11.771953899879009,1059070.0
11.773970699869096,1059072.0
11.789972699945793,1059088.0
11.791956400033087,1059090.0
11.793953699991107,1059092.0
11.79595880000852,1059094.0
11.797963599907234,1059096.0
11.799951999913901,1059098.0
11.801958699943498,1059100.0
11.803969000000507,1059102.0
11.805953599978238,1059104.0
11.807966300053522,1059106.0
11.823970899917185,1059122.0
11.825951599981636,1059124.0
11.82794460002333,1059126.0
11.82994329999201,1059128.0
11.831949499901384,1059130.0
11.833954999921843,1059132.0
11.835958800045773,1059134.0
11.837949199834839,1059136.0
11.840944699943066,1059138.0
11.842941799899563,1059141.0
11.85796819999814,1059156.0
11.859949999954551,1059158.0
11.861947000026703,1059160.0
11.86394469998777,1059162.0
11.865986499935389,1059164.0
11.867964399978518,1059166.0
11.869956499896944,1059168.0
11.871951699955389,1059170.0
11.873955099843442,1059172.0
11.875952699920163,1059174.0
11.890970999840647,1059189.0
11.89295080001466,1059191.0
11.895957299973816,1059194.0
11.897961099864915,1059196.0
11.899960599839687,1059198.0
11.901949899969622,1059200.0
11.90394559991546,1059202.0
11.90594289987348,1059204.0
11.907942799851298,1059206.0
11.909942699829116,1059208.0
11.924968600040302,1059223.0
11.926952600013465,1059225.0
11.928957399912179,1059227.0
11.931061499984935,1059229.0
11.933012299938127,1059231.0
11.935952499974519,1059234.0
11.93794530001469,1059236.0
11.93994369986467,1059238.0
11.94195510004647,1059240.0
11.943950699875131,1059242.0
11.957978300051764,1059256.0
11.959976800018921,1059258.0
11.961969899944961,1059260.0
11.96396189997904,1059262.0
11.965964999981225,1059264.0
11.967952699866146,1059266.0
11.969947600038722,1059268.0
11.97194469999522,1059270.0
11.973959299968556,1059272.0
11.975948199862614,1059274.0
11.977942700032145,1059276.0
11.991967799840495,1059290.0
11.993951600044966,1059292.0
11.995949399890378,1059294.0
11.99797539995052,1059296.0
11.999963999958709,1059298.0
12.001945999916643,1059300.0
12.003956699976698,1059302.0
12.005944699980319,1059304.0
12.007943799952045,1059306.0
12.009941600030288,1059308.0
12.011943399906158,1059310.0
12.025981900049374,1059324.0
12.027954699937254,1059326.0
12.029955199919641,1059328.0
12.031968799885362,1059330.0
12.033971299882978,1059332.0
12.035955999977887,1059334.0
12.040967799955979,1059338.0
12.042955399956554,1059341.0
12.044957799836993,1059343.0
12.05996900005266,1059358.0
12.063967699883506,1059361.0
12.065963599830866,1059364.0
12.067961500026286,1059366.0
12.069955899845809,1059368.0
12.071955099934712,1059370.0
12.073945199837908,1059372.0
12.075962699949741,1059374.0
12.077963799936697,1059376.0
12.09396840003319,1059392.0
12.097973499912769,1059394.0
12.101964900037274,1059398.0
12.107965499861166,1059402.0
12.110950500005856,1059409.0
12.113955599954352,1059412.0
12.149981199996546,1059448.0
12.152006600052118,1059450.0
12.153966799844056,1059452.0
12.155962399905547,1059454.0
12.157960699871182,1059456.0
12.159960999852046,1059458.0
12.16196779999882,1059460.0
12.163966199848801,1059462.0
12.16710379999131,1059465.0
12.168959900038317,1059467.0
12.204997600056231,1059503.0
12.206962500000373,1059505.0
12.208952900022268,1059507.0
12.210960699943826,1059509.0
12.212978000054136,1059511.0
12.2159744000528,1059514.0
12.217954699881375,1059516.0
12.219961500028148,1059518.0
12.2219578998629,1059520.0
12.223988599842414,1059522.0
12.258966200053692,1059557.0
12.260954499943182,1059559.0
12.263966599944979,1059561.0
12.265968800056726,1059564.0
12.26895900000818,1059567.0
12.270947099896148,1059569.0
12.272962199989706,1059571.0
12.275946999900043,1059574.0
12.277945999987423,1059576.0
12.313003899995238,1059609.0
12.314962900010869,1059613.0
12.316947099985555,1059615.0
12.318951199995354,1059617.0
12.320945899933577,1059619.0
12.322945199906826,1059621.0
12.324944499880075,1059623.0
12.326952799921855,1059625.0
12.328956600045785,1059627.0
12.331014099996537,1059629.0
12.365981600014493,1059664.0
12.367952900007367,1059666.0
12.369960099924356,1059668.0
12.371952999848872,1059670.0
12.373949100030586,1059672.0
12.375957999844104,1059674.0
12.377947199856862,1059676.0
12.379947499837726,1059678.0
12.382246499881148,1059680.0
12.383965000044554,1059682.0
12.420965899946168,1059719.0
12.42297780001536,1059721.0
12.424950500018895,1059723.0
12.426946399966255,1059725.0
12.428945699939504,1059727.0
12.431064500007778,1059729.0
12.432961500016972,1059731.0
12.434954799944535,1059733.0
12.436952299904078,1059735.0
12.438958500046283,1059737.0
12.455971200019121,1059754.0
12.457952599972486,1059756.0
12.459946800023317,1059758.0
12.46194459986873,1059760.0
12.463943699840456,1059762.0
12.465964299859479,1059764.0
12.467946199933067,1059766.0
12.469971399987116,1059768.0
12.471947300015017,1059770.0
12.473944699857384,1059772.0
12.488965699914843,1059787.0
12.490975999971852,1059789.0
12.492948999861255,1059791.0
12.495947799878195,1059794.0
12.497952200006694,1059796.0
12.49996539996937,1059798.0
12.501960600027815,1059800.0
12.503946699900553,1059802.0
12.505947900004685,1059804.0
12.507958099944517,1059806.0
12.521964499959722,1059820.0
12.523958399891853,1059822.0
12.52594850002788,1059824.0
12.527947099879384,1059826.0
12.529944399837404,1059828.0
12.531972999917343,1059830.0
12.533953899983317,1059832.0
12.535948100034148,1059834.0
12.537947499891743,1059836.0
12.539943999843672,1059838.0
12.553966799983755,1059852.0
12.55595159996301,1059854.0
12.557947299908847,1059856.0
12.559945899993181,1059858.0
12.561944599961862,1059860.0
12.565971599891782,1059863.0
12.56795599986799,1059866.0
12.569945299997926,1059868.0
12.571943399962038,1059870.0
12.58596509997733,1059884.0
12.58795309998095,1059886.0
12.5899520998355,1059888.0
12.591944699874148,1059890.0
12.593969099922106,1059892.0
12.595947499852628,1059894.0
12.597953599877656,1059896.0
12.599950199946761,1059898.0
12.601946000009775,1059900.0
12.6039477000013,1059902.0
12.61796489986591,1059916.0
12.621950699947774,1059918.0
12.623946100007743,1059922.0
12.625972599955276,1059924.0
12.627950299996883,1059926.0
12.629945399938151,1059928.0
12.63195259985514,1059930.0
12.633948300033808,1059932.0
12.635945399990305,1059934.0
12.668970400001854,1059967.0
12.670974900014699,1059969.0
12.672966300044209,1059971.0
12.675949599826708,1059974.0
12.677946399897337,1059976.0
12.679946699878201,1059978.0
12.68195390002802,1059980.0
12.683945100056008,1059982.0
12.685948599828407,1059984.0
12.68797510000877,1059986.0
12.716978000011295,1060015.0
12.718966200016439,1060017.0
12.720950699876994,1060019.0
12.72294669994153,1060021.0
12.724944700021297,1060023.0
12.726943999994546,1060025.0
12.728944399859756,1060027.0
12.731004799949005,1060029.0
12.73497650003992,1060031.0
12.762968899914995,1060061.0
12.764992099953815,1060063.0
12.766965299844742,1060065.0
12.768965999828652,1060067.0
12.7709496000316,1060069.0
12.77294549997896,1060071.0
12.775946100009605,1060074.0
12.777946199988946,1060076.0
12.781046099960804,1060079.0
12.782961699878797,1060081.0
12.815987800015137,1060114.0
12.817976699909195,1060116.0
12.819970099953935,1060118.0
12.821948600001633,1060120.0
12.823945399839431,1060122.0
12.825944599928334,1060124.0
12.827995399944484,1060126.0
12.829949599923566,1060128.0
12.83196339989081,1060130.0
12.833954700035974,1060132.0
12.843980900011957,1060141.0
12.846959399990737,1060145.0
12.849966599838808,1060148.0
12.853950399905443,1060150.0
12.855948499869555,1060154.0
12.857954100007191,1060156.0
12.859964999835938,1060158.0
12.861954899970442,1060160.0
12.869971100008115,1060168.0
12.871953599853441,1060170.0
12.873966200044379,1060172.0
12.875953699927777,1060174.0
12.877952399896458,1060176.0
12.879948399960995,1060178.0
12.881982099963352,1060180.0
12.883964400039986,1060182.0
12.885958899976686,1060184.0
12.887965899892151,1060186.0
12.891978899948299,1060189.0
12.90097099984996,1060199.0
12.902975299861282,1060201.0
12.904991399962455,1060203.0
12.90697170002386,1060205.0
12.908960700035095,1060207.0
12.910950500052422,1060209.0
12.912961900001392,1060211.0
12.914963699877262,1060213.0
12.916949699865654,1060215.0
12.918947000056505,1060217.0
12.927962600020692,1060226.0
12.929954099934548,1060228.0
12.931974199833348,1060230.0
12.933965099975467,1060232.0
12.93595049995929,1060234.0
12.9379508998245,1060236.0
12.939949499908835,1060238.0
12.941946699982509,1060240.0
12.943945299834013,1060242.0
12.94594549993053,1060244.0
12.953968599904329,1060252.0
12.955966899869964,1060254.0
12.957950399955735,1060256.0
12.9599484000355,1060258.0
12.961945199873298,1060260.0
12.963944599963725,1060262.0
12.965964599978179,1060264.0
12.967957000015303,1060266.0
12.969956499990076,1060268.0
12.97194610000588,1060270.0
12.979963999940082,1060278.0
12.982010500039905,1060280.0
12.983974099857733,1060282.0
12.985952599905431,1060284.0
12.987954400014132,1060286.0
12.989946899935603,1060288.0
12.993950000032783,1060291.0
12.995948099996895,1060294.0
12.997950399992988,1060296.0
12.999975200043991,1060298.0
13.009967199992388,1060308.0
13.013954399852082,1060311.0
13.01797839999199,1060316.0
13.021969399880618,1060318.0
13.023962500039488,1060322.0
13.025963099906221,1060324.0
13.027959099970758,1060326.0
13.037994799902663,1060336.0
13.039973799837753,1060338.0
13.041969300014898,1060340.0
13.043951399857178,1060342.0
13.045946100028232,1060344.0
13.04795949999243,1060346.0
13.049949399894103,1060348.0
13.051949099870399,1060350.0
13.053950099973008,1060352.0
13.055946300039068,1060354.0
13.063959100050852,1060362.0
13.06595589988865,1060364.0
13.067951399832964,1060366.0
13.069948199903592,1060368.0
13.071945399977267,1060370.0
13.073947099968791,1060372.0
13.075948299840093,1060374.0
13.077949999831617,1060376.0
13.079963600030169,1060378.0
13.081955099944025,1060380.0
13.083956900052726,1060382.0
13.091961900005117,1060390.0
13.093954399926588,1060392.0
13.09596149995923,1060394.0
13.09795910003595,1060396.0
13.099951999960467,1060398.0
13.101946099894121,1060400.0
13.103946599876508,1060402.0
13.105947599979118,1060404.0
13.107946199830621,1060406.0
13.109946900047362,1060408.0
13.11897229985334,1060417.0
13.120955999940634,1060419.0
13.122947999974713,1060421.0
13.124946299940348,1060423.0
13.126962600043043,1060425.0
13.128949899924919,1060427.0
13.131009500008076,1060429.0
13.132954800035805,1060431.0
13.135946499882266,1060434.0
13.137946399860084,1060436.0
13.14696569996886,1060445.0
13.148964199936017,1060447.0
13.150956899859011,1060449.0
13.15295200003311,1060451.0
13.154947299975902,1060453.0
13.156956099905074,1060455.0
13.158961799927056,1060457.0
13.160949199926108,1060459.0
13.162947200005874,1060461.0
13.164994199993089,1060463.0
13.167958699865267,1060465.0
13.176962999859825,1060475.0
13.178951499983668,1060477.0
13.181070300051942,1060479.0
13.182965100044385,1060481.0
13.184962600003928,1060483.0
13.186949399998412,1060485.0
13.188972899923101,1060487.0
13.19296869984828,1060490.0
13.195949699962512,1060494.0
13.202959799906239,1060501.0
13.205969699891284,1060504.0
13.207953399978578,1060506.0
13.209948000032455,1060508.0
13.211947900010273,1060510.0
13.21399199985899,1060512.0
13.215966599993408,1060514.0
13.217948399949819,1060516.0
13.219969699857756,1060518.0
13.221957099856809,1060520.0
13.228963000001386,1060527.0
13.231068399967626,1060529.0
13.233004899928346,1060531.0
13.234959499910474,1060533.0
13.236950299935415,1060535.0
13.238948300015181,1060537.0
13.240946399979293,1060539.0
13.242947699967772,1060541.0
13.244946799939498,1060543.0
13.24695109995082,1060545.0
13.25396729982458,1060552.0
13.255951500032097,1060554.0
13.257947799982503,1060556.0
13.259947399841622,1060558.0
13.263949299929664,1060561.0
13.265971399843693,1060564.0
13.267952600028366,1060566.0
13.26994839985855,1060568.0
13.271946500055492,1060570.0
13.273945600027218,1060572.0
13.281976399943233,1060580.0
13.284028599970043,1060582.0
13.28594659990631,1060584.0
13.287947800010443,1060586.0
13.289947299985215,1060588.0
13.291946599958465,1060590.0
13.293952699983492,1060592.0
13.295947900041938,1060594.0
13.297972099855542,1060596.0
13.299964200006798,1060598.0
13.301948899868876,1060600.0
13.30996139999479,1060608.0
13.311951800016686,1060610.0
13.313968000002205,1060612.0
13.31595529988408,1060614.0
13.31795319984667,1060616.0
13.319947199895978,1060618.0
13.32194669987075,1060620.0
13.323947099968791,1060622.0
13.325952099869028,1060624.0
13.327946099918336,1060626.0
13.329968299949542,1060628.0
13.33696569991298,1060635.0
13.338953400030732,1060637.0
13.340974899940193,1060639.0
13.342950399965048,1060641.0
13.344947200035676,1060643.0
13.346995299914852,1060645.0
13.350966699887067,1060647.0
13.352978999959305,1060651.0
13.354948200052604,1060653.0
13.356947399908677,1060655.0
13.363995299907401,1060662.0
13.365984600037336,1060664.0
13.367956300033256,1060666.0
13.369950299849734,1060668.0
13.371947299921885,1060670.0
13.37395429983735,1060672.0
13.375946999993175,1060674.0
13.377969200024381,1060676.0
13.379950899863616,1060678.0
13.381959799909964,1060680.0
13.383965899934992,1060682.0
13.391962500056252,1060690.0
13.3939710999839,1060692.0
13.395955799845979,1060694.0
13.397957899840549,1060696.0
13.399949099868536,1060698.0
13.401951199863106,1060700.0
13.403947999933735,1060702.0
13.405952399829403,1060704.0
13.407946599880233,1060706.0
13.409987699938938,1060708.0
13.411960499826819,1060710.0
13.420965699944645,1060719.0
13.422952699940652,1060721.0
13.424953199923038,1060723.0
13.426962599856779,1060725.0
13.428952099988237,1060727.0
13.43103799992241,1060729.0
13.43295369995758,1060731.0
13.437955599976704,1060734.0
13.442010999890044,1060738.0
13.449973399983719,1060748.0
13.452954099979252,1060751.0
13.455957199912518,1060754.0
13.45897029992193,1060756.0
13.460952800000086,1060759.0
13.462950499961153,1060761.0
13.464956799987704,1060763.0
13.466969299828634,1060765.0
13.468950999900699,1060767.0
13.475963399978355,1060774.0
13.477952999994159,1060776.0
13.47995930002071,1060778.0
13.48200810002163,1060780.0
13.483957799850032,1060782.0
13.485948799876496,1060784.0
13.487953699892387,1060786.0
13.489961500046775,1060788.0
13.491961699910462,1060790.0
13.493952800054103,1060792.0
13.500976499868557,1060799.0
13.502953700022772,1060801.0
13.504962799837813,1060803.0
13.506950399838388,1060805.0
13.5089491000399,1060807.0
13.510948000010103,1060809.0
13.512945999857038,1060811.0
13.514988899929449,1060813.0
13.51695859991014,1060815.0
13.51894890004769,1060817.0
13.520965199917555,1060819.0
13.531060399953276,1060829.0
13.532970299944282,1060831.0
13.53697229991667,1060834.0
13.53895469987765,1060837.0
13.540951399831101,1060839.0
13.542951399926096,1060841.0
13.544950600015,1060843.0
13.54694899986498,1060845.0
13.548956899903715,1060847.0
13.558967399876565,1060857.0
13.560954199871048,1060859.0
13.56294979993254,1060861.0
13.564958499977365,1060863.0
13.566969899926335,1060865.0
13.568950899876654,1060867.0
13.570949499960989,1060869.0
13.57294850004837,1060871.0
13.575948499841616,1060874.0
13.57794740004465,1060876.0
13.584975899895653,1060883.0
13.586955699836835,1060885.0
13.588950600009412,1060887.0
13.590950999874622,1060889.0
13.592946999939159,1060891.0
13.594947899924591,1060893.0
13.596947700018063,1060895.0
13.59897379996255,1060897.0
13.60095170000568,1060899.0
13.602949399966747,1060901.0
13.60495559987612,1060903.0
13.612960599828511,1060911.0
13.615964599885046,1060914.0
13.61796519998461,1060916.0
13.619950299849734,1060918.0
13.621949099935591,1060920.0
13.623946900013834,1060922.0
13.625947799999267,1060924.0
13.627946599852294,1060926.0
13.629949899856001,1060928.0
13.63196159992367,1060930.0
13.638961300021037,1060937.0
13.640952300047502,1060939.0
13.642950400011614,1060941.0
13.644948299974203,1060943.0
13.646972199901938,1060945.0
13.64997569983825,1060947.0
13.65195559989661,1060950.0
13.653950299834833,1060952.0
13.65594940003939,1060954.0
13.657948900014162,1060956.0
13.668975899927318,1060965.0
13.670955299865454,1060969.0
13.672952400054783,1060971.0
13.674949399894103,1060973.0
13.676949499873444,1060975.0
13.678971200017259,1060977.0
13.681960799964145,1060979.0
13.683965599862859,1060982.0
13.685951799852774,1060984.0
13.694973399862647,1060993.0
13.696954499930143,1060995.0
13.698955599917099,1060997.0
13.700957899913192,1060999.0
13.70294989994727,1061001.0
13.704948599915951,1061003.0
13.706951099913567,1061005.0
13.708949099993333,1061007.0
13.710995899979025,1061009.0
13.712962799938396,1061011.0
13.719966999953613,1061018.0
13.721953899832442,1061020.0
13.723951899912208,1061022.0
13.72595510003157,1061024.0
13.72795520001091,1061026.0
13.729950799839571,1061028.0
13.731984399957582,1061030.0
13.733960799872875,1061032.0
13.735949399881065,1061034.0
13.737947799963877,1061036.0
13.739949299953878,1061038.0
13.746967599960044,1061045.0
13.748961299890652,1061047.0
13.750960499979556,1061049.0
13.752951900009066,1061051.0
13.754949299851432,1061053.0
13.756955199874938,1061055.0
13.758961699903011,1061057.0
13.760950000025332,1061059.0
13.763949000043795,1061062.0
13.767973399953917,1061065.0
13.775983599945903,1061074.0
13.777954299934208,1061076.0
13.779950399883091,1061078.0
13.781993299955502,1061080.0
13.783961599925533,1061082.0
13.785946799907833,1061084.0
13.787949699908495,1061086.0
13.78995310002938,1061088.0
13.79195179999806,1061090.0
13.793947999831289,1061092.0
13.801966999890283,1061100.0
13.80395229998976,1061102.0
13.805953399976715,1061104.0
13.80795339983888,1061106.0
13.809948799898848,1061108.0
13.811947599984705,1061110.0
13.81394789996557,1061112.0
13.815966399852186,1061114.0
13.817955799866468,1061116.0
13.819948500022292,1061118.0
13.823957500047982,1061120.0
13.831968599930406,1061130.0
13.833972600055858,1061132.0
13.83595829992555,1061134.0
13.837971299886703,1061136.0
13.839951999951154,1061138.0
13.841948400018737,1061140.0
13.843947399873286,1061142.0
13.845947899855673,1061144.0
13.847985500004143,1061146.0
13.849993099924177,1061148.0
13.851962700020522,1061150.0
13.858971599955112,1061157.0
13.860960099846125,1061159.0
13.862952600000426,1061161.0
13.864964899839833,1061163.0
13.866967299953103,1061165.0
13.868966300040483,1061167.0
13.870950999902561,1061169.0
13.872947099851444,1061171.0
13.875947599997744,1061174.0
13.877948199864477,1061176.0
13.884984700009227,1061183.0
13.88696109992452,1061185.0
13.888951599830762,1061187.0
13.890977199887857,1061189.0
13.89294709987007,1061191.0
13.894946599844843,1061193.0
13.89694849983789,1061195.0
13.899013199843466,1061197.0
13.900992499897256,1061199.0
13.902975499862805,1061201.0
13.904964199988171,1061203.0
13.91396509995684,1061212.0
13.915977400029078,1061214.0
13.917961600003764,1061216.0
13.919956399826333,1061218.0
13.922955599846318,1061220.0
13.924949700012803,1061223.0
13.92695329990238,1061225.0
13.92895339988172,1061227.0
13.932974600000307,1061229.0
13.941964499885216,1061240.0
13.945957799907774,1061243.0
13.948981499997899,1061246.0
13.951967699918896,1061250.0
13.954981199931353,1061253.0
13.956971199950203,1061255.0
13.958977399859577,1061257.0
13.960956200025976,1061259.0
13.968999499920756,1061267.0
13.970973799936473,1061269.0
13.972962099825963,1061271.0
13.975961399963126,1061274.0
13.977953599998727,1061276.0
13.979961500037462,1061278.0
13.981975199887529,1061280.0
13.983954000053927,1061282.0
13.985951199894771,1061284.0
13.987950599985197,1061286.0
13.995969000039622,1061294.0
13.99796269997023,1061296.0
13.999972200021148,1061298.0
14.001954199979082,1061300.0
14.003951800055802,1061302.0
14.005951500032097,1061304.0
14.00794869987294,1061306.0
14.009961199946702,1061308.0
14.011952299857512,1061310.0
14.01394800003618,1061312.0
14.016966399969533,1061315.0
14.018952099839225,1061317.0
14.020951699931175,1061319.0
14.022948399884626,1061321.0
14.024969199905172,1061323.0
14.026954700006172,1061325.0
14.028949899831787,1061327.0
14.031025999924168,1061329.0
14.032969999825582,1061331.0
14.03695679991506,1061333.0
14.044971899827942,1061343.0
14.046958100050688,1061345.0
14.049975799862295,1061348.0
14.052957199979573,1061351.0
14.057970999972895,1061356.0
14.060965799959376,1061358.0
14.062964499928057,1061361.0
14.071994399884716,1061370.0
14.075978399952874,1061372.0
14.077970499871299,1061376.0
14.079969999846071,1061378.0
14.08197099994868,1061380.0
14.083977199858055,1061382.0
14.085962199838832,1061384.0
14.0879579000175,1061386.0
14.089951699832454,1061388.0
14.09896819991991,1061397.0
14.100965899880975,1061399.0
14.102965299971402,1061401.0
14.104953899979591,1061403.0
14.106952499831095,1061405.0
14.10894969990477,1061407.0
14.110950999893248,1061409.0
14.1129479999654,1061411.0
14.115993899991736,1061414.0
14.117971899919212,1061416.0
14.124964699847624,1061423.0
14.126955199986696,1061425.0
14.128951200051233,1061427.0
14.131056499900296,1061429.0
14.133978799916804,1061432.0
14.135958299972117,1061434.0
14.137973699951544,1061436.0
14.139953800011426,1061438.0
14.141951599856839,1061440.0
14.14395029982552,1061442.0
14.150970199843869,1061449.0
14.152957499958575,1061451.0
14.15495299990289,1061453.0
14.156950399978086,1061455.0
14.158950499957427,1061457.0
14.160949199926108,1061459.0
14.162950600031763,1061461.0
14.164961099857464,1061463.0
14.166976299835369,1061465.0
14.168957799905911,1061467.0
14.170951399952173,1061469.0
14.17896749987267,1061477.0
14.181080299895257,1061479.0
14.182966599939391,1061481.0
14.184964600019157,1061483.0
14.186952600022778,1061485.0
14.188950199866667,1061487.0
14.190948899835348,1061489.0
14.192948899930343,1061491.0
14.195950799854472,1061494.0
14.197974999900907,1061496.0
14.204968699952587,1061503.0
14.206960999872535,1061505.0
14.20895059988834,1061507.0
14.211957899853587,1061510.0
14.213980600005016,1061512.0
14.21596089983359,1061514.0
14.217951599974185,1061516.0
14.219953399850056,1061518.0
14.221948999911547,1061520.0
14.223947699880227,1061522.0
14.231983499834314,1061530.0
14.233971299836412,1061532.0
14.237960999831557,1061536.0
14.239953499985859,1061538.0
14.24195049982518,1061540.0
14.243970399955288,1061542.0
14.245950900018215,1061544.0
14.247955000028014,1061546.0
14.24997549992986,1061548.0
14.252953799907118,1061551.0
14.26196839986369,1061560.0
14.263958499999717,1061562.0
14.265967299928889,1061564.0
14.267958999844268,1061566.0
14.269958999939263,1061568.0
14.271950299851596,1061570.0
14.273959300015122,1061572.0
14.276007100008428,1061574.0
14.27795789996162,1061576.0
14.279952300013974,1061578.0
14.286966699874029,1061585.0
14.288959000026807,1061587.0
14.291956699918956,1061589.0
14.293954599881545,1061592.0
14.295950399944559,1061594.0
14.29800509987399,1061596.0
14.299964800011367,1061598.0
14.301988299936056,1061600.0
14.30395229998976,1061602.0
14.305972199887037,1061604.0
14.312965299934149,1061611.0
14.314973099855706,1061613.0
14.316971299936995,1061615.0
14.318952499888837,1061617.0
14.320961799938232,1061619.0
14.322951899841428,1061621.0
14.324952200055122,1061623.0
14.326950199902058,1061625.0
14.328949899878353,1061627.0
14.331010799854994,1061629.0
14.333043799968436,1061631.0
14.339963699923828,1061638.0
14.342954299878329,1061641.0
14.344954099971801,1061643.0
14.346950799925253,1061645.0
14.34897070005536,1061647.0
14.350954500027001,1061649.0
14.352985000004992,1061651.0
14.356960600009188,1061654.0
14.35895449994132,1061657.0
14.36797420005314,1061666.0
14.369958099909127,1061668.0
14.371954999864101,1061670.0
14.373951500048861,1061672.0
14.375950699904934,1061674.0
14.377950799884275,1061676.0
14.379949999973178,1061678.0
14.381997799966484,1061680.0
14.383977100020275,1061682.0
14.38595539983362,1061684.0
14.393966299947351,1061692.0
14.39595519984141,1061694.0
14.399978999979794,1061697.0
14.401963999960572,1061700.0
14.403953499859199,1061702.0
14.405951699940488,1061704.0
14.407976999878883,1061706.0
14.409949699882418,1061708.0
14.411948699969798,1061710.0
14.413952599978074,1061712.0
14.421968600014225,1061720.0
14.423955499893054,1061722.0
14.425952999852598,1061724.0
14.427949799923226,1061726.0
14.431139199994504,1061729.0
14.433970300015062,1061731.0
14.435952399857342,1061734.0
14.437951499829069,1061736.0
14.439951099921018,1061738.0
14.44696839991957,1061745.0
14.448962099850178,1061747.0
14.45095569989644,1061749.0
14.45295299985446,1061751.0
14.454951100051403,1061753.0
14.456951800035313,1061755.0
14.459950800053775,1061758.0
14.461974199861288,1061760.0
14.463959799846634,1061762.0
14.465971200028434,1061764.0
14.473969199927524,1061772.0
14.475958399940282,1061774.0
14.477955299895257,1061776.0
14.479953699978068,1061778.0
14.481980599928647,1061780.0
14.483963700011373,1061782.0
14.485953100025654,1061784.0
14.487954000011086,1061786.0
14.489950299961492,1061788.0
14.491972099989653,1061790.0
14.500971999950707,1061799.0
14.502956599928439,1061801.0
14.504955800017342,1061803.0
14.50694979983382,1061805.0
14.508958399994299,1061807.0
14.510952400043607,1061809.0
14.51294959988445,1061811.0
14.515983500052243,1061814.0
14.517962499987334,1061816.0
14.51995290000923,1061818.0
14.528964699944481,1061827.0
14.53103439998813,1061829.0
14.532967899926007,1061831.0
14.534961899975315,1061833.0
14.53695399989374,1061835.0
14.539963299874216,1061838.0
14.541953400010243,1061840.0
14.543952799867839,1061842.0
14.545950799947605,1061844.0
14.547956499969587,1061846.0
14.556968200020492,1061855.0
14.558957299916074,1061857.0
14.562953099841252,1061860.0
14.564995199907571,1061863.0
14.566961999982595,1061865.0
14.569962499896064,1061868.0
14.57195429992862,1061870.0
14.573957300046459,1061872.0
14.57595119997859,1061874.0
14.578958499943838,1061877.0
14.58100049989298,1061879.0
14.582960200030357,1061881.0
14.58495319983922,1061883.0
14.58695529983379,1061885.0
14.58895260002464,1061887.0
14.59295820002444,1061890.0
14.596960299881175,1061894.0
14.605968599906191,1061904.0
14.607955599902198,1061906.0
14.609951499849558,1061908.0
14.611951599828899,1061910.0
14.613949399907142,1061912.0
14.616977700032294,1061914.0
14.618956199847162,1061917.0
14.620953999925405,1061919.0
14.622952200006694,1061921.0
14.629965599859133,1061928.0
14.631975600030273,1061930.0
14.633962499909103,1061932.0
14.635951499920338,1061934.0
14.63795330002904,1061936.0
14.639950099866837,1061938.0
14.64195129997097,1061940.0
14.64394999993965,1061942.0
14.6459492999129,1061944.0
14.647956399945542,1061946.0
14.64999429997988,1061948.0
14.657976399874315,1061956.0
14.659957099938765,1061958.0
14.66195229999721,1061960.0
14.666980099864304,1061965.0
14.668955799890682,1061967.0
14.674975899979472,1061971.0
14.676967999897897,1061975.0
14.685976200038567,1061984.0
14.687952899839729,1061986.0
14.689953799825162,1061988.0
14.691951599903405,1061990.0
14.69395019998774,1061992.0
14.696975799975917,1061994.0
14.699970899848267,1061997.0
14.70495879999362,1062001.0
14.717200899962336,1062013.0
14.720966099994257,1062017.0
14.722953299991786,1062021.0
14.72595339990221,1062023.0
14.72898230003193,1062027.0
14.731970299966633,1062030.0
14.735968600027263,1062032.0
14.743968999944627,1062042.0
14.745959299849346,1062044.0
14.74797199992463,1062046.0
14.749965999973938,1062048.0
14.751955599989742,1062050.0
14.753951999824494,1062052.0
14.757958899950609,1062056.0
14.759978499962017,1062058.0
14.761952999979258,1062060.0
14.771981599973515,1062070.0
14.773969399975613,1062072.0
14.775962800020352,1062074.0
14.777953600045294,1062076.0
14.779951900010929,1062078.0
14.781985800014809,1062080.0
14.783960999920964,1062082.0
14.785953499842435,1062084.0
14.787952699931338,1062086.0
14.789949799887836,1062088.0
14.800985199864954,1062099.0
14.803960700053722,1062102.0
14.807972999988124,1062104.0
14.81195649993606,1062108.0
14.813959900056943,1062112.0
14.815988299902529,1062114.0
14.817961500026286,1062116.0
14.826976799871773,1062125.0
14.828957899939269,1062127.0
14.831073999870569,1062129.0
14.8329721998889,1062131.0
14.834961399901658,1062133.0
14.836953100049868,1062135.0
14.838959699962288,1062137.0
14.840958399930969,1062139.0
14.842950699850917,1062141.0
14.844953999854624,1062143.0
14.852979799965397,1062151.0
14.85495930002071,1062153.0
14.856955499853939,1062155.0
14.858952899929136,1062157.0
14.860954500036314,1062159.0
14.862953400006518,1062161.0
14.864972000010312,1062163.0
14.866964499931782,1062165.0
14.868956399848685,1062167.0
14.870956999948248,1062169.0
14.878968399949372,1062177.0
14.881047499831766,1062179.0
14.882975899847224,1062181.0
14.884968600003049,1062183.0
14.887961499858648,1062186.0
14.889955000020564,1062188.0
14.892954699927941,1062190.0
14.894953300012276,1062193.0
14.896952099865302,1062195.0
14.898980799829587,1062197.0
14.9069703000132,1062205.0
14.908956999890506,1062207.0
14.912961199879646,1062209.0
14.916989299934357,1062214.0
14.918959999922663,1062217.0
14.920955199981108,1062219.0
14.922956099966541,1062221.0
14.924953100038692,1062223.0
14.926950899884105,1062225.0
14.935981099959463,1062234.0
14.93796220002696,1062236.0
14.94095389987342,1062239.0
14.942951599834487,1062241.0
14.944981599925086,1062243.0
14.946976799983531,1062245.0
14.949019599938765,1062247.0
14.950963599840179,1062249.0
14.95295810000971,1062251.0
14.955984399886802,1062254.0
14.963969300035387,1062262.0
14.966000099899247,1062264.0
14.96795709989965,1062266.0
14.96995299984701,1062268.0
14.971954599954188,1062270.0
14.9739526999183,1062272.0
14.975949499988928,1062274.0
14.977987099904567,1062276.0
14.979955099988729,1062278.0
14.981961699901149,1062280.0
14.983962599886581,1062282.0
14.991964699933305,1062290.0
14.993972399970517,1062292.0
14.995956699829549,1062294.0
14.997962299967185,1062296.0
14.99997300002724,1062298.0
15.001956299878657,1062300.0
15.003952099941671,1062302.0
15.010976299876347,1062305.0
15.019971000030637,1062318.0
15.021965299965814,1062320.0
15.02395339985378,1062322.0
15.02598170004785,1062324.0
15.027970799943432,1062326.0
15.02995439991355,1062328.0
15.032002199906856,1062330.0
15.033963799942285,1062332.0
15.035955299856141,1062334.0
15.037953999824822,1062336.0
15.048987400019541,1062345.0
15.050971699878573,1062349.0
15.054961899993941,1062352.0
15.05696629988961,1062355.0
15.05895740003325,1062357.0
15.06095389998518,1062359.0
15.062952799955383,1062361.0
15.064955399837345,1062363.0
15.066970099927858,1062365.0
15.07496719993651,1062373.0
15.07695859996602,1062375.0
15.078958499943838,1062377.0
15.081054899841547,1062379.0
15.082973300013691,1062381.0
15.08595580002293,1062384.0
15.0879575998988,1062386.0
15.089991000015289,1062388.0
15.091959799872711,1062390.0
15.093969600042328,1062392.0
15.101993799908087,1062400.0
15.10399549989961,1062402.0
15.105972500052303,1062404.0
15.10796789987944,1062406.0
15.109958600020036,1062408.0
15.111954499967396,1062410.0
15.113951199920848,1062412.0
15.115973399952054,1062414.0
15.117962699849159,1062416.0
15.119980299845338,1062418.0
15.121979299932718,1062420.0
15.12996709998697,1062428.0
15.131972800008953,1062430.0
15.135966599918902,1062432.0
15.137954599922523,1062436.0
15.139952400000766,1062438.0
15.141952299978584,1062440.0
15.143951299833134,1062442.0
15.14595209993422,1062444.0
15.147955799940974,1062446.0
15.149977099848911,1062448.0
15.157971399836242,1062456.0
15.159957599826157,1062458.0
15.162954499945045,1062461.0
15.164961999980733,1062463.0
15.16797830001451,1062466.0
15.173981199972332,1062468.0
15.17596079991199,1062474.0
15.184973299968988,1062483.0
15.186959699960425,1062485.0
15.188950099982321,1062487.0
15.190955099882558,1062489.0
15.192952999845147,1062491.0
15.196956499945372,1062494.0
15.198969000019133,1062497.0
15.200981399975717,1062499.0
15.202958599897102,1062501.0
15.20495369983837,1062503.0
15.213972100056708,1062512.0
15.215992799960077,1062514.0
15.217967699980363,1062516.0
15.219961500028148,1062518.0
15.221955299843103,1062520.0
15.22595310001634,1062524.0
15.227952799992636,1062526.0
15.229958100011572,1062528.0
15.231974199879915,1062530.0
15.239971499890089,1062538.0
15.241959200007841,1062540.0
15.24395289993845,1062542.0
15.24597020004876,1062544.0
15.24796239985153,1062546.0
15.249979199841619,1062548.0
15.251957200001925,1062550.0
15.253955299966037,1062552.0
15.25595279992558,1062554.0
15.257951699895784,1062556.0
15.265976099995896,1062564.0
15.267961099976674,1062566.0
15.269955199910328,1062568.0
15.271953399991617,1062570.0
15.273952399846166,1062572.0
15.275952799944207,1062574.0
15.277965300017968,1062576.0
15.279954799916595,1062578.0
15.28195960004814,1062580.0
15.283966999966651,1062582.0
15.291969500016421,1062590.0
15.293961399933323,1062592.0
15.295955099863932,1062594.0
15.29796290001832,1062596.0
15.299964800011367,1062598.0
15.301955200033262,1062600.0
15.303952699992806,1062602.0
15.305953899864107,1062604.0
15.30795479984954,1062606.0
15.30997039983049,1062608.0
15.317979000043124,1062616.0
15.319959099870175,1062618.0
15.321956699946895,1062620.0
15.323954300023615,1062622.0
15.325964299961925,1062624.0
15.327955099986866,1062626.0
15.32995229982771,1062628.0
15.331961599877104,1062630.0
15.333955599926412,1062632.0
15.336952799931169,1062634.0
15.346972499974072,1062643.0
15.348973099840805,1062647.0
15.350957300048321,1062649.0
15.352953699883074,1062651.0
15.355959799839184,1062654.0
15.35798790003173,1062656.0
15.359969599870965,1062658.0
15.361953199841082,1062660.0
15.36395310005173,1062662.0
15.371969199972227,1062670.0
15.37396809994243,1062672.0
15.375958199845627,1062674.0
15.377954399911687,1062676.0
15.37995529989712,1062678.0
15.38197089987807,1062680.0
15.38395749987103,1062682.0
15.38595400005579,1062684.0
15.387952799908817,1062686.0
15.38996719988063,1062688.0
15.398968199966475,1062697.0
15.400968599831685,1062699.0
15.402956299949437,1062701.0
15.404983599903062,1062703.0
15.406967599876225,1062705.0
15.414995200000703,1062708.0
15.41708519984968,1062715.0
15.4269727000501,1062725.0
15.428960399935022,1062727.0
15.431088199838996,1062729.0
15.432964599924162,1062731.0
15.434962600003928,1062733.0
15.43797879992053,1062735.0
15.439956999849528,1062738.0
15.443958699936047,1062740.0
15.447968699969351,1062746.0
15.457972100004554,1062756.0
15.461977599887177,1062759.0
15.465008900035173,1062762.0
15.468011799966916,1062766.0
15.47198689985089,1062769.0
15.473957699956372,1062772.0
15.476964500034228,1062774.0
15.485975199844688,1062784.0
15.487960000056773,1062786.0
15.489998599980026,1062788.0
15.492953500011936,1062790.0
15.494953299872577,1062793.0
15.49695309996605,1062795.0
15.498993099899963,1062797.0
15.501096999971196,1062799.0
15.50296669988893,1062801.0
15.504957200028002,1062803.0
15.507960299961269,1062806.0
15.509956300025806,1062808.0
15.51195459999144,1062810.0
15.513952299952507,1062812.0
15.51598749984987,1062814.0
15.517964500002563,1062816.0
15.519956900039688,1062818.0
15.521953799994662,1062820.0
15.523952499963343,1062822.0
15.5259513000492,1062824.0
15.534970999928191,1062833.0
15.538973399903625,1062835.0
15.540955199860036,1062839.0
15.542956199962646,1062841.0
15.544953899923712,1062843.0
15.546964399982244,1062845.0
15.548980299849063,1062847.0
15.550957199884579,1062849.0
15.552953099831939,1062851.0
15.560970099875703,1062859.0
15.56295739999041,1062861.0
15.56497269985266,1062863.0
15.566965000005439,1062865.0
15.568955899914727,1062867.0
15.570954599883407,1062869.0
15.572952499845996,1062871.0
15.57595289987512,1062874.0
15.577953899977729,1062876.0
15.57997479988262,1062878.0
15.587971299886703,1062886.0
15.58996000001207,1062888.0
15.591954799834639,1062890.0
15.593953700037673,1062892.0
15.595976199954748,1062894.0
15.597965899854898,1062896.0
15.599956599995494,1062898.0
15.6019528999459,1062900.0
15.60395330004394,1062902.0
15.60595260001719,1062904.0
15.613970399834216,1062912.0
15.615977399982512,1062914.0
15.617956999922171,1062916.0
15.619954399997368,1062918.0
15.621952999848872,1062920.0
15.623952399939299,1062922.0
15.625954200048,1062924.0
15.627961799968034,1062926.0
15.629953499883413,1062928.0
15.631962100043893,1062930.0
15.633956799982116,1062932.0
15.64297359995544,1062941.0
15.644973800051957,1062943.0
15.64695920003578,1062945.0
15.648959700018167,1062947.0
15.650967499939725,1062949.0
15.652958699967712,1062951.0
15.654953700024635,1062953.0
15.656952599994838,1062955.0
15.658981899963692,1062957.0
15.660958199994639,1062959.0
15.669968799920753,1062968.0
15.671957700047642,1062970.0
15.673960200045258,1062972.0
15.676969999913126,1062974.0
15.678957900032401,1062977.0
15.68103039986454,1062979.0
15.682958599878475,1062981.0
15.6849768999964,1062983.0
15.68695620005019,1062985.0
15.688954599900171,1062987.0
15.69696839991957,1062995.0
15.698967000003904,1062997.0
15.70095849991776,1062999.0
15.70295469998382,1063001.0
15.704954599961638,1063003.0
15.706978400005028,1063005.0
15.708968000020832,1063007.0
15.710957899922505,1063009.0
15.712955299997702,1063011.0
15.714968899963424,1063013.0
15.722974699921906,1063021.0
15.72496009990573,1063023.0
15.726955899968743,1063025.0
15.731073000002652,1063028.0
15.732973400037736,1063031.0
15.736965599935502,1063034.0
15.738958999980241,1063037.0
15.740953699918464,1063039.0
15.748975499998778,1063047.0
15.750966700026765,1063049.0
15.752962399972603,1063051.0
15.754960000049323,1063053.0
15.756954699987546,1063055.0
15.758957299869508,1063057.0
15.760953200049698,1063059.0
15.762954599922523,1063061.0
15.764963499968871,1063063.0
15.76696589984931,1063065.0
15.774970199912786,1063073.0
15.77796099986881,1063075.0
15.779956999933347,1063078.0
15.78199389996007,1063080.0
15.783998799975961,1063082.0
15.785959800006822,1063084.0
15.789961099857464,1063087.0
15.792959599988535,1063091.0
15.802983099827543,1063099.0
15.804965500021353,1063103.0
15.806956199929118,1063105.0
15.810965899843723,1063107.0
15.81598769989796,1063112.0
15.824175299843773,1063117.0
15.832987600006163,1063131.0
15.834969899849966,1063133.0
15.836976899998263,1063135.0
15.8389722998254,1063137.0
15.840966199990362,1063139.0
15.842979999957606,1063141.0
15.844971999991685,1063143.0
15.846975799882784,1063145.0
15.848974199965596,1063147.0
15.850960499839857,1063149.0
15.85897249984555,1063157.0
15.860962299862877,1063159.0
15.862975399941206,1063161.0
15.864971400005743,1063163.0
15.866964800050482,1063165.0
15.868956499965861,1063167.0
15.870955199934542,1063169.0
15.872953400015831,1063171.0
15.874953899998218,1063173.0
15.87698860000819,1063175.0
15.884978599846363,1063183.0
15.886964899953455,1063185.0
15.888955799862742,1063187.0
15.890953799942508,1063189.0
15.892997300019488,1063191.0
15.894965199986473,1063193.0
15.896956200012937,1063195.0
15.898996999952942,1063197.0
15.900958799989894,1063199.0
15.902961699990556,1063201.0
15.904952799901366,1063203.0
15.913974500028417,1063212.0
15.91597480000928,1063214.0
15.91796649992466,1063216.0
15.919960899977013,1063218.0
15.921967000002041,1063220.0
15.92398319998756,1063222.0
15.925967699848115,1063224.0
15.927955999970436,1063226.0
15.92995460005477,1063228.0
15.931957700056955,1063230.0
15.933962699957192,1063232.0
15.942967999959365,1063241.0
15.944958499865606,1063243.0
15.946955800056458,1063245.0
15.948960499837995,1063247.0
15.950961299939081,1063249.0
15.95296059991233,1063251.0
15.95598559989594,1063254.0
15.957958200015128,1063256.0
15.95995459984988,1063258.0
15.961954199941829,1063260.0
15.969968499848619,1063268.0
15.971974599873647,1063270.0
15.973962299991399,1063272.0
15.975961599964648,1063274.0
15.97795520001091,1063276.0
15.979954899987206,1063278.0
15.982000099960715,1063280.0
15.984967399854213,1063283.0
15.98696759995073,1063285.0
15.988959099864587,1063287.0
15.999995099846274,1063296.0
16.003979699919,1063300.0
16.00797999999486,1063304.0
16.009955500019714,1063308.0
16.011954499874264,1063310.0
16.015993099892512,1063312.0
16.023971599992365,1063322.0
16.0259606000036,1063324.0
16.027956099947914,1063326.0
16.029989799950272,1063328.0
16.032015099888667,1063330.0
16.033977000042796,1063332.0
16.035957499872893,1063334.0
16.037955699954182,1063336.0
16.039953999919817,1063338.0
16.04195380001329,1063340.0
16.04395329998806,1063342.0
16.05197549983859,1063350.0
16.05396099993959,1063352.0
16.055958000011742,1063354.0
16.057955499971285,1063356.0
16.059954799944535,1063358.0
16.061988699948415,1063360.0
16.063954700017348,1063362.0
16.065978299826384,1063364.0
16.067960700020194,1063366.0
16.06995499995537,1063368.0
16.07195520005189,1063370.0
16.079968999838457,1063378.0
16.08199069998227,1063380.0
16.083969099912792,1063382.0
16.085964899975806,1063384.0
16.087956300005317,1063386.0
16.089956999989226,1063388.0
16.09195479983464,1063390.0
16.093960899859667,1063392.0
16.095954400021583,1063394.0
16.0979798999615,1063396.0
16.099969799863175,1063398.0
16.108971799956635,1063407.0
16.110958999954164,1063409.0
16.11295589990914,1063411.0
16.11697359988466,1063414.0
16.12196629983373,1063418.0
16.12396480003372,1063422.0
16.126041899900883,1063424.0
16.12796049984172,1063426.0
16.136981299845502,1063435.0
16.13896430004388,1063437.0
16.140958999982104,1063439.0
16.142957199830562,1063441.0
16.144985599908978,1063443.0
16.146963599836454,1063445.0
16.148971599992365,1063447.0
16.15097129996866,1063449.0
16.152965999906883,1063451.0
16.154954300029203,1063453.0
16.15695279999636,1063455.0
16.164993999991566,1063463.0
16.166984899900854,1063465.0
16.16896769986488,1063467.0
16.17096639983356,1063469.0
16.172965500038117,1063471.0
16.17495479993522,1063473.0
16.176971999928355,1063475.0
16.181045999983326,1063477.0
16.18297449988313,1063481.0
16.184959299862385,1063483.0
16.192974400008097,1063491.0
16.19496069988236,1063493.0
16.19695429992862,1063495.0
16.198973200051114,1063497.0
16.200956899905577,1063499.0
16.202954599866644,1063501.0
16.204954099841416,1063503.0
16.20695300004445,1063505.0
16.208968099905178,1063507.0
16.210957600036636,1063509.0
16.2129575998988,1063511.0
16.220973199931905,1063519.0
16.222959900042042,1063521.0
16.22496849996969,1063523.0
16.22695679985918,1063525.0
16.231098299846053,1063527.0
16.23298029997386,1063531.0
16.235958199948072,1063534.0
16.23795529990457,1063536.0
16.239962399937212,1063538.0
16.247977999970317,1063546.0
16.249980699969456,1063548.0
16.251960800029337,1063550.0
16.25395749998279,1063552.0
16.25596209987998,1063554.0
16.257955299923196,1063556.0
16.25995339988731,1063558.0
16.261955399997532,1063560.0
16.263953699963167,1063562.0
16.265996699919924,1063564.0
16.273974400013685,1063572.0
16.276960300048813,1063574.0
16.278956399997696,1063577.0
16.281039600027725,1063579.0
16.2829756999854,1063581.0
16.284958799835294,1063583.0
16.28697029990144,1063585.0
16.28895609988831,1063587.0
16.290955299977213,1063589.0
16.292954799951985,1063591.0
16.302980999927968,1063601.0
16.304959299974144,1063603.0
16.306956900050864,1063605.0
16.308957800036296,1063607.0
16.310955099994317,1063609.0
16.31295459996909,1063611.0
16.31697899987921,1063614.0
16.318969500018284,1063617.0
16.3209553998895,1063619.0
16.32997119985521,1063628.0
16.331962099997327,1063630.0
16.33397699985653,1063632.0
16.33596079982817,1063634.0
16.33795699989423,1063636.0
16.339956199983135,1063638.0
16.341959099983796,1063640.0
16.343954300042242,1063642.0
16.34595360001549,1063644.0
16.347960300045088,1063646.0
16.355991299962625,1063654.0
16.357961799949408,1063656.0
16.359958600020036,1063658.0
16.362958200043067,1063660.0
16.364983499981463,1063663.0
16.366970599861816,1063665.0
16.368958299979568,1063667.0
16.370965200010687,1063669.0
16.372955499915406,1063671.0
16.374954799888656,1063673.0
16.382985400035977,1063681.0
16.384963299846277,1063683.0
16.386959499912336,1063685.0
16.38895529997535,1063687.0
16.39095489983447,1063689.0
16.392955800052732,1063691.0
16.395964700030163,1063694.0
16.39997459994629,1063697.0
16.401959599927068,1063700.0
16.40996990003623,1063708.0
16.411981799872592,1063710.0
16.413965899962932,1063712.0
16.41697230003774,1063714.0
16.41895979992114,1063717.0
16.42095679999329,1063719.0
16.422955899965018,1063721.0
16.424955899827182,1063723.0
16.426959699951112,1063725.0
16.428968499880284,1063727.0
16.437973799882457,1063735.0
16.43996479990892,1063738.0
16.441958399955183,1063740.0
16.443981499876827,1063742.0
16.445959399919957,1063744.0
16.4479661998339,1063746.0
16.449959699995816,1063748.0
16.452957599889487,1063750.0
16.45595550001599,1063754.0
16.465983599890023,1063764.0
16.46803139988333,1063766.0
16.469968099845573,1063768.0
16.471961200004444,1063770.0
16.473961299983785,1063772.0
16.47597140003927,1063774.0
16.477959299925715,1063776.0
16.479957500007004,1063778.0
16.481964299920946,1063780.0
16.483978200005367,1063782.0
16.491972099989653,1063790.0
16.493969899835065,1063792.0
16.495960799977183,1063794.0
16.49897679989226,1063796.0
16.50095899985172,1063799.0
16.502958199940622,1063801.0
16.504956499906257,1063803.0
16.506994999945164,1063805.0
16.50898259994574,1063807.0
16.5109691999387,1063809.0
16.51997149991803,1063818.0
16.52196539985016,1063820.0
16.523967999964952,1063822.0
16.526958599919453,1063825.0
16.52895629988052,1063827.0
16.531059299828485,1063829.0
16.532974399859086,1063831.0
16.534961899975315,1063833.0
16.536957500036806,1063835.0
16.53897069999948,1063837.0
16.547992500010878,1063846.0
16.549984900048003,1063848.0
16.551968900021166,1063850.0
16.553989100037143,1063852.0
16.55696519999765,1063854.0
16.558959200046957,1063857.0
16.56095610000193,1063859.0
16.562954899854958,1063861.0
16.564971999963745,1063863.0
16.567152299918234,1063865.0
16.576971899950877,1063874.0
16.578961599851027,1063877.0
16.58107819990255,1063879.0
16.582975799916312,1063881.0
16.584960900014266,1063883.0
16.586966499919072,1063885.0
16.58895879983902,1063887.0
16.5909577999264,1063889.0
16.592956299893558,1063891.0
16.595955800032243,1063894.0
16.603975999867544,1063902.0
16.60596239985898,1063904.0
16.60795839992352,1063906.0
16.609957499895245,1063908.0
16.61195799987763,1063910.0
16.613956299843267,1063912.0
16.615978199988604,1063914.0
16.617969800019637,1063916.0
16.619959600036964,1063918.0
16.621956899994984,1063920.0
16.62395739997737,1063922.0
16.631978299934417,1063930.0
16.6339836998377,1063932.0
16.63596379989758,1063934.0
16.637959599960595,1063936.0
16.641957900021225,1063939.0
16.643956299871206,1063942.0
16.645956199849024,1063944.0
16.647983599919826,1063946.0
16.649971300037578,1063948.0
16.65797319984995,1063956.0
16.65996149997227,1063958.0
16.66195850004442,1063960.0
16.663980099838227,1063962.0
16.66596749983728,1063964.0
16.667958799982443,1063966.0
16.66996209998615,1063968.0
16.67195630003698,1063970.0
16.673955699894577,1063972.0
16.675955899991095,1063974.0
16.677955999970436,1063976.0
16.685973699903116,1063984.0
16.689973499858752,1063987.0
16.69196749990806,1063990.0
16.693964899983257,1063992.0
16.695981599856168,1063994.0
16.6979664999526,1063996.0
16.6999609998893,1063998.0
16.701956399949268,1064000.0
16.703956000041217,1064002.0
16.705956399906427,1064004.0
16.714987199986354,1064013.0
16.716984399827197,1064015.0
16.71996430004947,1064018.0
16.721960299881175,1064020.0
16.723958699963987,1064022.0
16.72595959994942,1064024.0
16.72796309995465,1064026.0
16.72995649999939,1064028.0
16.731972499983385,1064030.0
16.733996500028297,1064032.0
16.74298599991016,1064041.0
16.744964599842206,1064043.0
16.74696210003458,1064045.0
16.74898250005208,1064047.0
16.75096519989893,1064049.0
16.752960599958897,1064051.0
16.754956899909303,1064053.0
16.756956999888644,1064055.0
16.758987499866635,1064057.0
16.760960799874738,1064059.0
16.762957299826667,1064061.0
16.770974199986085,1064069.0
16.77295899996534,1064071.0
16.77697109989822,1064074.0
16.778959600022063,1064077.0
16.781043799826875,1064079.0
16.782978900009766,1064081.0
16.78495979984291,1064083.0
16.786957599921152,1064085.0
16.78895609988831,1064087.0
16.790981199825183,1064089.0
16.798980599967763,1064097.0
16.80097039998509,1064099.0
16.80296209990047,1064101.0
16.804961199872196,1064103.0
16.80696119996719,1064105.0
16.808957499917597,1064107.0
16.8109567000065,1064109.0
16.815979099832475,1064112.0
16.817962300032377,1064116.0
16.825973199913278,1064124.0
16.827963100047782,1064126.0
16.829958299873397,1064128.0
16.831974199973047,1064130.0
16.833962599979714,1064132.0
16.835957299917936,1064134.0
16.837984299985692,1064136.0
16.839961200021207,1064138.0
16.84195959987119,1064140.0
16.844956299988553,1064142.0
16.85298620001413,1064151.0
16.854965099832043,1064153.0
16.85696189990267,1064155.0
16.858962700003758,1064157.0
16.86096700001508,1064159.0
16.862956600030884,1064161.0
16.86498299986124,1064163.0
16.866974300006405,1064165.0
16.869984599994496,1064167.0
16.871965599944815,1064170.0
16.879980999976397,1064178.0
16.882024500053376,1064180.0
16.883996299933642,1064182.0
16.88596610003151,1064184.0
16.88795979996212,1064186.0
16.88996129995212,1064188.0
16.89195690001361,1064190.0
16.893956299871206,1064192.0
16.89695669990033,1064194.0
16.898989900015295,1064197.0
16.90798809984699,1064206.0
16.909976199967787,1064208.0
16.91196949989535,1064210.0
16.91398649988696,1064212.0
16.91598970000632,1064214.0
16.91797750000842,1064216.0
16.919961499981582,1064218.0
16.92195830005221,1064220.0
16.92396719986573,1064222.0
16.925958500010893,1064224.0
16.927963000023738,1064226.0
16.93198539991863,1064230.0
16.93397959996946,1064232.0
16.936962599866092,1064234.0
16.93895910005085,1064237.0
16.940959899919108,1064239.0
16.942962100030854,1064241.0
16.944957699859515,1064243.0
16.946970500051975,1064245.0
16.948975499952212,1064247.0
16.950958699919283,1064249.0
16.95997520000674,1064258.0
16.961969299940392,1064260.0
16.963962999871,1064262.0
16.96696739993058,1064265.0
16.96895859995857,1064267.0
16.970957099925727,1064269.0
16.97295830002986,1064271.0
16.974958600010723,1064273.0
16.97695849998854,1064275.0
16.978974499972537,1064277.0
16.986976200016215,1064285.0
16.98896549991332,1064287.0
16.990961199859157,1064289.0
16.992962199961767,1064291.0
16.99496699986048,1064293.0
16.996964399935678,1064295.0
16.99900219985284,1064297.0
17.000968399923295,1064299.0
17.002958599943668,1064301.0
17.004957200028002,1064303.0
17.00695850001648,1064305.0
17.009972699917853,1064308.0
17.01196309993975,1064310.0
17.01395839988254,1064312.0
17.01601619995199,1064314.0
17.01796959992498,1064316.0
17.019959199940786,1064318.0
17.021964199841022,1064320.0
17.023958300007507,1064322.0
17.025989999994636,1064324.0
17.027962799882516,1064326.0
17.037974499864504,1064335.0
17.039963999995962,1064338.0
17.041988200042397,1064340.0
17.0439634998329,1064342.0
17.045962099917233,1064344.0
17.047968099825084,1064346.0
17.049969299929217,1064348.0
17.051959299948066,1064350.0
17.053957300027832,1064352.0
17.055959299905226,1064354.0
17.063975000055507,1064362.0
17.065986800007522,1064364.0
17.067968899849802,1064366.0
17.06996180000715,1064368.0
17.07198189990595,1064370.0
17.07400200003758,1064372.0
17.076959799975157,1064374.0
17.078959099948406,1064377.0
17.081006899941713,1064379.0
17.08301389985718,1064381.0
17.09297259990126,1064391.0
17.09498959989287,1064393.0
17.098988299956545,1064397.0
17.100967899896204,1064399.0
17.10296060005203,1064401.0
17.10496439994313,1064403.0
17.106965499930084,1064405.0
17.1089586999733,1064407.0
17.110957799945027,1064409.0
17.1209847999271,1064419.0
17.122963499976322,1064421.0
17.12495950004086,1064423.0
17.12695789989084,1064425.0
17.128958199871704,1064427.0
17.13104090001434,1064429.0
17.13297239993699,1064431.0
17.1370164998807,1064434.0
17.138966099824756,1064437.0
17.14697530004196,1064445.0
17.148968999972567,1064447.0
17.1509765998926,1064449.0
17.152963100001216,1064451.0
17.156962599838153,1064454.0
17.1589621999301,1064457.0
17.161965099861845,1064459.0
17.16396369994618,1064462.0
17.16598299983889,1064464.0
17.176991499960423,1064474.0
17.17896579997614,1064477.0
17.181050800019875,1064479.0
17.182993199909106,1064481.0
17.1849765998777,1064483.0
17.186975399963558,1064485.0
17.188972499920055,1064487.0
17.190976799931377,1064489.0
17.192963199922815,1064491.0
17.201982300030068,1064500.0
17.203986699925736,1064502.0
17.205983999883756,1064504.0
17.207977599930018,1064506.0
17.20997520000674,1064508.0
17.211971499957144,1064510.0
17.213984000030905,1064512.0
17.2169913998805,1064514.0
17.218974099960178,1064517.0
17.220966999884695,1064519.0
17.229978499934077,1064528.0
17.231982299825177,1064530.0
17.233975799987093,1064532.0
17.235965099884197,1064534.0
17.237960799830034,1064536.0
17.239959999918938,1064538.0
17.24195869988762,1064540.0
17.24399399990216,1064542.0
17.24596169986762,1064544.0
17.247964599868283,1064546.0
17.256978400051594,1064555.0
17.259244399843737,1064557.0
17.260961199877784,1064559.0
17.26296029984951,1064561.0
17.26496409997344,1064563.0
17.266970299882814,1064565.0
17.268964499933645,1064567.0
17.270959799876437,1064569.0
17.27295839996077,1064571.0
17.274967500008643,1064573.0
17.28298889985308,1064581.0
17.284965300001204,1064583.0
17.28696439997293,1064585.0
17.288959400029853,1064587.0
17.290983899962157,1064589.0
17.292974199866876,1064591.0
17.296966699883342,1064594.0
17.298970199888572,1064597.0
17.300974499899894,1064599.0
17.302961400011554,1064601.0
17.311977399978787,1064610.0
17.313965199980885,1064612.0
17.315979299833998,1064614.0
17.31796330003999,1064616.0
17.319959899876267,1064618.0
17.321984600042924,1064620.0
17.323963499860838,1064622.0
17.32595880003646,1064624.0
17.327957599889487,1064626.0
17.32995709986426,1064628.0
17.339976999908686,1064638.0
17.341964700026438,1064640.0
17.343962599989027,1064642.0
17.345959499944,1064644.0
17.347968199988827,1064646.0
17.349975700024515,1064648.0
17.351963700028136,1064650.0
17.354186699958518,1064652.0
17.355965199880302,1064654.0
17.357961099827662,1064656.0
17.367975999834016,1064666.0
17.369995499961078,1064668.0
17.371977099915966,1064670.0
17.373967200051993,1064672.0
17.376965699950233,1064674.0
17.378962900023907,1064677.0
17.381076199933887,1064679.0
17.382971700048074,1064681.0
17.38503269990906,1064683.0
17.38696839986369,1064685.0
17.395975599996746,1064694.0
17.39797189994715,1064696.0
17.40008379984647,1064698.0
17.401966699864715,1064700.0
17.403959499904886,1064702.0
17.40595779987052,1064704.0
17.407959099859,1064706.0
17.40995809994638,1064708.0
17.411959500052035,1064710.0
17.413958000019193,1064712.0
17.4229830999393,1064721.0
17.424967099912465,1064723.0
17.426961599849164,1064725.0
17.429958999855444,1064727.0
17.43199419998564,1064730.0
17.43397350003943,1064732.0
17.436961999861524,1064734.0
17.438961299834773,1064737.0
17.440961699932814,1064739.0
17.442958999890834,1064741.0
17.452977400040254,1064751.0
17.454969899961725,1064753.0
17.45696139987558,1064755.0
17.458960599964485,1064757.0
17.460959499934688,1064759.0
17.462958599906415,1064761.0
17.464987099869177,1064763.0
17.46697169984691,1064765.0
17.46896560001187,1064767.0
17.470961599843577,1064769.0
17.472959599923342,1064771.0
17.481028799898922,1064779.0
17.482982999878004,1064781.0
17.484969099983573,1064783.0
17.48696539993398,1064785.0
17.488959499867633,1064787.0
17.490957599831745,1064789.0
17.492959899827838,1064791.0
17.496986199868843,1064794.0
17.49897879990749,1064797.0
17.500965100014582,1064799.0
17.50997529993765,1064808.0
17.51200670003891,1064810.0
17.51398040005006,1064812.0
17.51697749993764,1064814.0
17.518963699927554,1064817.0
17.520962700014934,1064819.0
17.52296209987253,1064821.0
17.524959499947727,1064823.0
17.526959100039676,1064825.0
17.528966899961233,1064827.0
17.537978400010616,1064836.0
17.539965400006622,1064838.0
17.541966499993578,1064840.0
17.543997399974614,1064842.0
17.54596699983813,1064844.0
17.547967999940738,1064846.0
17.549964200006798,1064848.0
17.55196029995568,1064850.0
17.55395910004154,1064852.0
17.556959399953485,1064854.0
17.565981899853796,1064864.0
17.567967999959365,1064866.0
17.569963000016287,1064868.0
17.57196049997583,1064870.0
17.573967299889773,1064872.0
17.575990800047293,1064874.0
17.577965799951926,1064876.0
17.579960400005803,1064878.0
17.581998700043187,1064880.0
17.58396329986863,1064882.0
17.593973699957132,1064892.0
17.597990399925038,1064894.0
17.599971999879926,1064898.0
17.601964500034228,1064900.0
17.603974899975583,1064902.0
17.605970500037074,1064904.0
17.607973200036213,1064906.0
17.609963899943978,1064908.0
17.611960399895906,1064910.0
17.621993199922144,1064920.0
17.62397630000487,1064922.0
17.62596519989893,1064924.0
17.627960699843243,1064926.0
17.629958800040185,1064928.0
17.631968299858272,1064930.0
17.633997099939734,1064932.0
17.636986600002274,1064934.0
17.63896430004388,1064937.0
17.6409616000019,1064939.0
17.649986600037664,1064948.0
17.651993799954653,1064950.0
17.653963699936867,1064952.0
17.655961599899456,1064954.0
17.657960099866614,1064956.0
17.659958199830726,1064958.0
17.661965099861845,1064960.0
17.66396000003442,1064962.0
17.66600829991512,1064964.0
17.667986099841073,1064966.0
17.67697919998318,1064975.0
17.678967599989846,1064977.0
17.681010599946603,1064979.0
17.68301809998229,1064981.0
17.684970499947667,1064983.0
17.686963099986315,1064985.0
17.688960099825636,1064987.0
17.690962200053036,1064989.0
17.692959799896926,1064991.0
17.696966199902818,1064994.0
17.705979299964383,1065004.0
17.707965299952775,1065006.0
17.70999459992163,1065008.0
17.711960999993607,1065010.0
17.713960099965334,1065012.0
17.715991799952462,1065014.0
17.71797059988603,1065016.0
17.71996090002358,1065018.0
17.721960599999875,1065020.0
17.723961199866608,1065022.0
17.73301269998774,1065031.0
17.73497279989533,1065033.0
17.736979299923405,1065035.0
17.73897339985706,1065037.0
17.74096819991246,1065039.0
17.74297649995424,1065041.0
17.744976700050756,1065043.0
17.746981999836862,1065045.0
17.74899660004303,1065047.0
17.75099439988844,1065049.0
17.759984399890527,1065058.0
17.761989099904895,1065060.0
17.763978600036353,1065062.0
17.765977199887857,1065064.0
17.76796770002693,1065066.0
17.76997819985263,1065068.0
17.77197499992326,1065070.0
17.773965899832547,1065072.0
17.777994599891827,1065076.0
17.786990100052208,1065085.0
17.788977700052783,1065087.0
17.7909961999394,1065089.0
17.79299520002678,1065091.0
17.796973099932075,1065094.0
17.799076600000262,1065097.0
17.80097909993492,1065099.0
17.802974699996412,1065101.0
17.804979299893603,1065103.0
17.813977599842474,1065112.0
17.81698749982752,1065114.0
17.818966099992394,1065117.0
17.820962799945846,1065119.0
17.822962899925187,1065121.0
17.824968099826947,1065123.0
17.826959799975157,1065125.0
17.828958599828184,1065127.0
17.83101599989459,1065129.0
17.83298709988594,1065131.0
17.841981600038707,1065140.0
17.843972199829295,1065142.0
17.845962499966845,1065144.0
17.84797909995541,1065146.0
17.849976999918,1065148.0
17.851964500034228,1065150.0
17.85395919997245,1065152.0
17.855986000038683,1065154.0
17.857982999878004,1065156.0
17.859978399937972,1065158.0
17.870005799923092,1065168.0
17.871978899929672,1065170.0
17.87397259986028,1065172.0
17.875969599932432,1065174.0
17.877968800021335,1065176.0
17.879976199939847,1065178.0
17.882011799840257,1065180.0
17.883977399906144,1065182.0
17.885978099890053,1065184.0
17.887963799992576,1065186.0
17.889959999825805,1065188.0
17.89999229996465,1065198.0
17.90198149997741,1065200.0
17.903967399848625,1065202.0
17.90596319991164,1065204.0
17.907964299898595,1065206.0
17.909962099976838,1065208.0
17.911963099846616,1065210.0
17.913959600031376,1065212.0
17.916012699948624,1065214.0
17.91799549991265,1065216.0
17.926989499945194,1065225.0
17.928966699866578,1065227.0
17.931088799843565,1065229.0
17.932981099933386,1065231.0
17.93696519988589,1065234.0
17.93896189983934,1065237.0
17.94095980003476,1065239.0
17.942959199892357,1065241.0
17.944961000001058,1065243.0
17.953982800012454,1065252.0
17.956967999925837,1065254.0
17.95896379998885,1065257.0
17.96096339984797,1065259.0
17.965011100051925,1065262.0
17.966968199936673,1065265.0
17.96896169986576,1065267.0
17.970959499944,1065269.0
17.97295999992639,1065271.0
17.981988499872386,1065280.0
17.983978200005367,1065282.0
17.985966000007465,1065284.0
17.987967599881813,1065286.0
17.989961799932644,1065288.0
17.992961699841544,1065290.0
17.99698659987189,1065294.0
17.998971999855712,1065297.0
18.00097079994157,1065299.0
18.00997529993765,1065308.0
18.011986499885097,1065310.0
18.013964799931273,1065312.0
18.01597879990004,1065314.0
18.01796599989757,1065316.0
18.01996129984036,1065318.0
18.021960699930787,1065320.0
18.023960399907082,1065322.0
18.0259606000036,1065324.0
18.027976099867374,1065326.0
18.036976299947128,1065335.0
18.03896509995684,1065337.0
18.040962599916384,1065339.0
18.042984899831936,1065341.0
18.04498749994673,1065343.0
18.046970499912277,1065345.0
18.048971199896187,1065347.0
18.050963300047442,1065349.0
18.05296209990047,1065351.0
18.054960699984804,1065353.0
18.06399569986388,1065362.0
18.065984199987724,1065364.0
18.06796699995175,1065366.0
18.069961699889973,1065368.0
18.071961999870837,1065370.0
18.0739625999704,1065372.0
18.075972399907187,1065374.0
18.07796539994888,1065376.0
18.079961800016463,1065378.0
18.08197129983455,1065380.0
18.090989999938756,1065389.0
18.092968999873847,1065391.0
18.096968799829483,1065394.0
18.099000599933788,1065397.0
18.10096519999206,1065399.0
18.102962099947035,1065401.0
18.104961199918762,1065403.0
18.106988499872386,1065405.0
18.10896550002508,1065407.0
18.111971099860966,1065410.0
18.113964000018314,1065412.0
18.11598029988818,1065414.0
18.11796889989637,1065416.0
18.119961899938062,1065418.0
18.125992399873212,1065423.0
18.127965799998492,1065426.0
18.129962799837813,1065428.0
18.139980299863964,1065438.0
18.14196899998933,1065440.0
18.143963400041685,1065442.0
18.145991299999878,1065444.0
18.147972099948674,1065446.0
18.149962299969047,1065448.0
18.151964199962094,1065450.0
18.153962699929252,1065452.0
18.15700379991904,1065454.0
18.158963300054893,1065457.0
18.168977099936455,1065467.0
18.170985999982804,1065469.0
18.172974199987948,1065471.0
18.176972300047055,1065474.0
18.178962799953297,1065477.0
18.18197049992159,1065480.0
18.183962699957192,1065482.0
18.185986099997535,1065484.0
18.18796669994481,1065486.0
18.196976999985054,1065495.0
18.198975199833512,1065497.0
18.2009826998692,1065499.0
18.20296449982561,1065501.0
18.2049626999069,1065503.0
18.206964199896902,1065505.0
18.208962599979714,1065507.0
18.21096059982665,1065509.0
18.212959999917075,1065511.0
18.214976700022817,1065513.0
18.22398509993218,1065522.0
18.225968099897727,1065524.0
18.227964999852702,1065526.0
18.22997029987164,1065528.0
18.232010300038382,1065530.0
18.233984699938446,1065532.0
18.235974199837074,1065534.0
18.237973100040108,1065536.0
18.239973899908364,1065538.0
18.241975700017065,1065540.0
18.2509983999189,1065549.0
18.252976899966598,1065551.0
18.25696579995565,1065554.0
18.25997140002437,1065558.0
18.261973599903286,1065560.0
18.26397780003026,1065562.0
18.265971899963915,1065564.0
18.267963599879295,1065566.0
18.269961799960583,1065568.0
18.272970400052145,1065571.0
18.274963299976662,1065573.0
18.276962199946865,1065575.0
18.27897939994,1065577.0
18.281010600039735,1065579.0
18.282972799846902,1065581.0
18.284966399893165,1065583.0
18.28696189983748,1065585.0
18.288960499921814,1065587.0
18.290959399892017,1065589.0
18.299976399866864,1065598.0
18.301965599879622,1065600.0
18.303963399957865,1065602.0
18.305962099926546,1065604.0
18.307962599908933,1065606.0
18.30996449990198,1065608.0
18.311972300056368,1065610.0
18.315984999993816,1065613.0
18.317962999921292,1065616.0
18.326988599961624,1065625.0
18.32897079992108,1065627.0
18.331040799850598,1065629.0
18.332971299998462,1065631.0
18.336964499903843,1065634.0
18.3389632999897,1065637.0
18.340961399953812,1065639.0
18.34298829990439,1065641.0
18.34496729983948,1065643.0
18.35398059990257,1065652.0
18.355967900017276,1065654.0
18.357967799995095,1065656.0
18.35997710004449,1065658.0
18.36196479992941,1065660.0
18.363965099910274,1065662.0
18.365970900049433,1065664.0
18.36796239996329,1065666.0
18.369962099939585,1065668.0
18.372968700015917,1065671.0
18.381993300048634,1065680.0
18.383977599907666,1065682.0
18.38596519990824,1065684.0
18.387962499866262,1065686.0
18.38997589983046,1065688.0
18.391975600039586,1065690.0
18.3939644000493,1065692.0
18.39596110000275,1065694.0
18.397972899954766,1065696.0
18.399977299850434,1065698.0
18.40196399996057,1065700.0
18.411978399846703,1065710.0
18.413974799914286,1065712.0
18.41696839989163,1065714.0
18.418974099913612,1065717.0
18.42096500005573,1065719.0
18.422976200003177,1065721.0
18.424971099942923,1065723.0
18.42696339986287,1065725.0
18.428963099839166,1065727.0
18.430993600049987,1065729.0
18.442998099839315,1065741.0
18.444977100007236,1065743.0
18.44697119994089,1065745.0
18.448976299958304,1065747.0
18.450963199837133,1065749.0
18.452992300037295,1065751.0
18.45696570002474,1065754.0
18.45896580000408,1065757.0
18.46096339984797,1065759.0
18.46998139983043,1065768.0
18.471967499936,1065770.0
18.473963599884883,1065772.0
18.475961899850518,1065774.0
18.477968899998814,1065776.0
18.479963599937037,1065778.0
18.482007900020108,1065780.0
18.48397589987144,1065782.0
18.48596499999985,1065784.0
18.487963299965486,1065786.0
18.496974299894646,1065795.0
18.498980300035328,1065797.0
18.500984099926427,1065799.0
18.50296609988436,1065801.0
18.504962799837813,1065803.0
18.50696559995413,1065805.0
18.508962099906057,1065807.0
18.510961099993438,1065809.0
18.512963299872354,1065811.0
18.5149910999462,1065813.0
18.523975200019777,1065822.0
18.525966099929065,1065824.0
18.527964999899268,1065826.0
18.529961899854243,1065828.0
18.531986499903724,1065830.0
18.533967999974266,1065832.0
18.53596460004337,1065834.0
18.537963199894875,1065836.0
18.539962199982256,1065838.0
18.54196979990229,1065840.0
18.544970500050113,1065843.0
18.546998400008306,1065845.0
18.54898600000888,1065847.0
18.550971599994227,1065849.0
18.552965099923313,1065851.0
18.554962599882856,1065853.0
18.556961699854583,1065855.0
18.558965199859813,1065857.0
18.560961300041527,1065859.0
18.562991099897772,1065861.0
18.571977899875492,1065870.0
18.57396680000238,1065872.0
18.575963499955833,1065874.0
18.57798819988966,1065876.0
18.579973799875006,1065878.0
18.581970099825412,1065880.0
18.583966499892995,1065882.0
18.58596449997276,1065884.0
18.587961900047958,1065886.0
18.589961200021207,1065888.0
18.59898449992761,1065897.0
18.600972899934277,1065899.0
18.602967499988154,1065901.0
18.60496429982595,1065903.0
18.606964699923992,1065905.0
18.608966700034216,1065907.0
18.610983799910173,1065909.0
18.612966699991375,1065911.0
18.616979599930346,1065914.0
18.625991799868643,1065924.0
18.62797149992548,1065926.0
18.62996349995956,1065928.0
18.63197369989939,1065930.0
18.633965299930423,1065932.0
18.636964899953455,1065934.0
18.63896490004845,1065937.0
18.640962699893862,1065939.0
18.64298769994639,1065941.0
18.64497229992412,1065943.0
18.65398669987917,1065952.0
18.655967599945143,1065954.0
18.65798529982567,1065956.0
18.659966100007296,1065958.0
18.661971099907532,1065960.0
18.663963499944657,1065962.0
18.66597279999405,1065964.0
18.66796589992009,1065966.0
18.669970500050113,1065968.0
18.671962399967015,1065970.0
18.681987599935383,1065980.0
18.68398299999535,1065982.0
18.685974899912253,1065984.0
18.687968199839815,1065986.0
18.68997609987855,1065988.0
18.6919660998974,1065990.0
18.69399629998952,1065992.0
18.695963899837807,1065994.0
18.69796899985522,1065996.0
18.699978000018746,1065998.0
18.7099829998333,1066008.0
18.711969999829307,1066010.0
18.713965500006452,1066012.0
18.716981899924576,1066014.0
18.71896840003319,1066017.0
18.720983899896964,1066019.0
18.722973000025377,1066021.0
18.724964999826625,1066023.0
18.726963500026613,1066025.0
18.728970599826425,1066027.0
18.737987800035626,1066036.0
18.73997039999813,1066038.0
18.74196400004439,1066040.0
18.74396410002373,1066042.0
18.745963499881327,1066044.0
18.747976999962702,1066046.0
18.749995999969542,1066048.0
18.75197419989854,1066050.0
18.755973699968308,1066053.0
18.764981699874625,1066063.0
18.76698359986767,1066065.0
18.768972299993038,1066067.0
18.770967799937353,1066069.0
18.772966099902987,1066071.0
18.774962999857962,1066073.0
18.776962999952957,1066075.0
18.778963800054044,1066077.0
18.78100089984946,1066079.0
18.783082699868828,1066081.0
18.79297970002517,1066091.0
18.7969773998484,1066094.0
18.798997999867424,1066097.0
18.80100949993357,1066099.0
18.802969499956816,1066101.0
18.804964399896562,1066103.0
18.80696379998699,1066105.0
18.808964499970898,1066107.0
18.81096199993044,1066109.0
18.81997730000876,1066118.0
18.821967199910432,1066120.0
18.823966399999335,1066122.0
18.825963799841702,1066124.0
18.82796509983018,1066126.0
18.830028699943796,1066128.0
18.831992199877277,1066130.0
18.833970800042152,1066132.0
18.836965000024065,1066134.0
18.83896359987557,1066137.0
18.847990199923515,1066146.0
18.84999249991961,1066148.0
18.851968599949032,1066150.0
18.853964800015092,1066152.0
18.85596389998682,1066154.0
18.857963499845937,1066156.0
18.859963499940932,1066158.0
18.86198559985496,1066160.0
18.863968400051817,1066162.0
18.8659923998639,1066164.0
18.87498029996641,1066173.0
18.87698549986817,1066175.0
18.878968799952418,1066177.0
18.88104290002957,1066179.0
18.884972400031984,1066182.0
18.88697290001437,1066185.0
18.888963900040835,1066187.0
18.890990399988368,1066189.0
18.892973799956962,1066191.0
18.9019849000033,1066200.0
18.903969899984077,1066202.0
18.905966399936005,1066204.0
18.907985100056976,1066206.0
18.909968900028616,1066208.0
18.911964499857277,1066210.0
18.913966299965978,1066212.0
18.91697489982471,1066214.0
18.91896539996378,1066217.0
18.920968999853358,1066219.0
18.931073599960655,1066229.0
18.93300039996393,1066231.0
18.937004099832848,1066234.0
18.938988599926233,1066237.0
18.940971199888736,1066239.0
18.94296869984828,1066241.0
18.94496909994632,1066243.0
18.946963700000197,1066245.0
18.948967600008473,1066247.0
18.957981399958953,1066256.0
18.95996899995953,1066258.0
18.961964499903843,1066260.0
18.963965500006452,1066262.0
18.96598679991439,1066264.0
18.967969899997115,1066266.0
18.969966599950567,1066268.0
18.97196349990554,1066270.0
18.9739622999914,1066272.0
18.97596439998597,1066274.0
18.97796339984052,1066276.0
18.98798369988799,1066286.0
18.989970499882475,1066288.0
18.991966599831358,1066290.0
18.99396410002373,1066292.0
18.99596480000764,1066294.0
18.997969900025055,1066296.0
18.99997969996184,1066298.0
19.00297509995289,1066300.0
19.004970300011337,1066303.0
19.006963700056076,1066305.0
19.017210299847648,1066315.0
19.018982199952006,1066317.0
19.02097009983845,1066319.0
19.022966800024733,1066321.0
19.024963999865577,1066323.0
19.026965899858624,1066325.0
19.028964799828827,1066327.0
19.031015099957585,1066329.0
19.032971099950373,1066331.0
19.034971199929714,1066333.0
19.036963799968362,1066335.0
19.045987099874765,1066344.0
19.04798120004125,1066346.0
19.04997029993683,1066348.0
19.05197190004401,1066350.0
19.053964299848303,1066352.0
19.056964999996126,1066354.0
19.06096959998831,1066358.0
19.062977300025523,1066361.0
19.064974799985066,1066363.0
19.0739785998594,1066372.0
19.075975799933076,1066374.0
19.078976499848068,1066376.0
19.08102019992657,1066379.0
19.084974400000647,1066382.0
19.08696709992364,1066385.0
19.088965500006452,1066387.0
19.090964699862525,1066389.0
19.09299089992419,1066391.0
19.101980099920183,1066400.0
19.103969000047073,1066402.0
19.10596719989553,1066404.0
19.107964999973774,1066406.0
19.109979799948633,1066408.0
19.11196709983051,1066410.0
19.11396489990875,1066412.0
19.116972099989653,1066414.0
19.11896859994158,1066417.0
19.120964699890465,1066419.0
19.129979899851605,1066428.0
19.131986499996856,1066430.0
19.133974199881777,1066432.0
19.13596639991738,1066434.0
19.137966400012374,1066436.0
19.139968500006944,1066438.0
19.141977000050247,1066440.0
19.14396689995192,1066442.0
19.145964900031686,1066444.0
19.147971799829975,1066446.0
19.156991999829188,1066455.0
19.158988500013947,1066457.0
19.16097109997645,1066459.0
19.162967799929902,1066461.0
19.164981300011277,1066463.0
19.16696839989163,1066465.0
19.16896539996378,1066467.0
19.1709722999949,1066469.0
19.172977600013837,1066471.0
19.17697379994206,1066475.0
19.1859845998697,1066484.0
19.18799000000581,1066486.0
19.18997499998659,1066488.0
19.191967000020668,1066490.0
19.193968900013715,1066492.0
19.19596859999001,1066494.0
19.197976399911568,1066496.0
19.199974699877203,1066498.0
19.201967499917373,1066500.0
19.203995199874043,1066502.0
19.205968299880624,1066504.0
19.216996799921617,1066515.0
19.218997800024226,1066517.0
19.22097330004908,1066519.0
19.222968599991873,1066521.0
19.225002199877053,1066523.0
19.226964599918574,1066525.0
19.22898339992389,1066527.0
19.231017099926248,1066529.0
19.233026099856943,1066531.0
19.241986699867994,1066540.0
19.243969899835065,1066542.0
19.245968899922445,1066544.0
19.24797679996118,1066546.0
19.24999719997868,1066548.0
19.251970699988306,1066550.0
19.253966300049797,1066552.0
19.25596580002457,1066554.0
19.257965199882165,1066556.0
19.259963299846277,1066558.0
19.262966299895197,1066560.0
19.271989400032908,1066570.0
19.273973000003025,1066572.0
19.276968399994075,1066574.0
19.278970699990168,1066577.0
19.281541799893603,1066579.0
19.283979199826717,1066582.0
19.285967499949038,1066584.0
19.28796419990249,1066586.0
19.289963999995962,1066588.0
19.301024900050834,1066599.0
19.302980799926445,1066601.0
19.304970699828118,1066603.0
19.306967299897224,1066605.0
19.308967199875042,1066607.0
19.310964499833062,1066609.0
19.31299060001038,1066611.0
19.316977799870074,1066615.0
19.318966699996963,1066617.0
19.328990099951625,1066627.0
19.331977299880236,1066630.0
19.333968099905178,1066632.0
19.336969999829307,1066634.0
19.33896610001102,1066637.0
19.34096539998427,1066639.0
19.342967899981886,1066641.0
19.344992199912667,1066643.0
19.34696829994209,1066645.0
19.348971199942753,1066647.0
19.357981199864298,1066656.0
19.359983899863437,1066658.0
19.361970299854875,1066660.0
19.363965600030497,1066662.0
19.367974299937487,1066665.0
19.36996639985591,1066668.0
19.371967499842867,1066670.0
19.373995000030845,1066672.0
19.375983899924904,1066674.0
19.38497839984484,1066683.0
19.386970299994573,1066685.0
19.38896550005302,1066687.0
19.390966299921274,1066689.0
19.392977999988943,1066691.0
19.3949672000017,1066693.0
19.396965799853206,1066695.0
19.3989846999757,1066697.0
19.40096680005081,1066699.0
19.402965999906883,1066701.0
19.404965499881655,1066703.0
19.413984299870208,1066712.0
19.415974899893627,1066714.0
19.417970899958163,1066716.0
19.419966700021178,1066718.0
19.421971699921414,1066720.0
19.423986699897796,1066722.0
19.425970299867913,1066724.0
19.42796489992179,1066726.0
19.42996470001526,1066728.0
19.431999600026757,1066730.0
19.433967899996787,1066732.0
19.44398309988901,1066742.0
19.445971299894154,1066744.0
19.447976500028744,1066746.0
19.449986099964008,1066748.0
19.45197239983827,1066750.0
19.453965399879962,1066752.0
19.4569993999321,1066754.0
19.45932499994524,1066757.0
19.460968900006264,1066759.0
19.462964499834925,1066761.0
19.47198779997416,1066770.0
19.4739712998271,1066772.0
19.475966199999675,1066774.0
19.47796509996988,1066776.0
19.479966699844226,1066778.0
19.481983699835837,1066780.0
19.483973699854687,1066782.0
19.485966600012034,1066784.0
19.487975499825552,1066786.0
19.489967199973762,1066788.0
19.498984699836,1066797.0
19.500983800040558,1066799.0
19.502976699965075,1066801.0
19.504967899993062,1066803.0
19.506965699838474,1066805.0
19.508965600049123,1066807.0
19.510964199900627,1066809.0
19.512965000001714,1066811.0
19.51698899990879,1066815.0
19.525984999956563,1066824.0
19.52797169983387,1066826.0
19.529968000017107,1066828.0
19.53199930000119,1066830.0
19.53397889994085,1066832.0
19.536969699896872,1066834.0
19.538970799883828,1066837.0
19.54096639994532,1066839.0
19.542966899927706,1066841.0
19.54496459988877,1066843.0
19.553984500002116,1066852.0
19.5559712999966,1066854.0
19.55797229986638,1066856.0
19.559965699911118,1066858.0
19.561964999884367,1066860.0
19.563964099856094,1066862.0
19.565987200010568,1066864.0
19.567969999974594,1066866.0
19.569968899944797,1066868.0
19.571967799915,1066870.0
19.57396599999629,1066872.0
19.58302679983899,1066881.0
19.58697299985215,1066883.0
19.588974399957806,1066887.0
19.591967500047758,1066890.0
19.59397259983234,1066892.0
19.595968399895355,1066894.0
19.598007400054485,1066896.0
19.60098610003479,1066899.0
19.6029675998725,1066901.0
19.61200389987789,1066910.0
19.613986399956048,1066912.0
19.616977700032294,1066915.0
19.618969699833542,1066917.0
19.620967600028962,1066919.0
19.62297230004333,1066921.0
19.62496509985067,1066923.0
19.626968199852854,1066925.0
19.62897829990834,1066927.0
19.63099729991518,1066929.0
19.63997959997505,1066938.0
19.641968299867585,1066940.0
19.64599290001206,1066944.0
19.647975699976087,1066946.0
19.649984400020912,1066948.0
19.65196969988756,1066950.0
19.653965499950573,1066952.0
19.6559645999223,1066954.0
19.657969299936667,1066956.0
19.668982399860397,1066967.0
19.67097089998424,1066969.0
19.672967199934646,1066971.0
19.676992499968037,1066974.0
19.678971800021827,1066977.0
19.68103659991175,1066979.0
19.682971499860287,1066981.0
19.684969400055707,1066983.0
19.68696599989198,1066985.0
19.69698529993184,1066995.0
19.698975199833512,1066997.0
19.70097539993003,1066999.0
19.702969399979338,1067001.0
19.704965899931267,1067003.0
19.706990799866617,1067005.0
19.708981700008735,1067007.0
19.710969500010833,1067009.0
19.712967099854723,1067011.0
19.716990999877453,1067015.0
19.725983999902382,1067024.0
19.727971199899912,1067026.0
19.72997979982756,1067028.0
19.732013499829918,1067030.0
19.73397949989885,1067032.0
19.736987499985844,1067034.0
19.739003899972886,1067037.0
19.740969399921596,1067039.0
19.74296719999984,1067041.0
19.746971599990502,1067043.0
19.75598290003836,1067054.0
19.757970799924806,1067056.0
19.759968499885872,1067058.0
19.761997499968857,1067060.0
19.763965599937364,1067062.0
19.765995600027964,1067064.0
19.767970599932596,1067066.0
19.769971600035205,1067068.0
19.771966999862343,1067070.0
19.77396410005167,1067072.0
19.775966600049287,1067074.0
19.784979699878022,1067083.0
19.78698299988173,1067085.0
19.78897719993256,1067087.0
19.790967999957502,1067089.0
19.792967200046405,1067091.0
19.79697180003859,1067095.0
19.79899419983849,1067097.0
19.80097429989837,1067099.0
19.802971999859437,1067101.0
19.812980399932712,1067111.0
19.817002000054345,1067114.0
19.81897330004722,1067117.0
19.82096859999001,1067119.0
19.82296959985979,1067121.0
19.824968799948692,1067123.0
19.8279681999702,1067126.0
19.82996669993736,1067128.0
19.838982400018722,1067137.0
19.840971800033003,1067139.0
19.84296779986471,1067141.0
19.84496649983339,1067143.0
19.84696609992534,1067145.0
19.849007399985567,1067147.0
19.85097169992514,1067149.0
19.85296819987707,1067151.0
19.854967599967495,1067153.0
19.856972199864686,1067155.0
19.866100399987772,1067164.0
19.86799079994671,1067166.0
19.869989200029522,1067168.0
19.871996799949557,1067170.0
19.87397879990749,1067172.0
19.876985299866647,1067175.0
19.87899739993736,1067177.0
19.88105329987593,1067179.0
19.882985400035977,1067181.0
19.884974400047213,1067183.0
19.894004799891263,1067192.0
19.895989099983126,1067194.0
19.897992399986833,1067196.0
19.899993799859658,1067198.0
19.901978299953043,1067200.0
19.90397599991411,1067202.0
19.90598369995132,1067204.0
19.907984500052407,1067206.0
19.910002700053155,1067208.0
19.911971499910578,1067210.0
19.913977999938652,1067212.0
19.922996599925682,1067221.0
19.925006499979645,1067223.0
19.92699209996499,1067225.0
19.928983999881893,1067227.0
19.931018800009042,1067229.0
19.932985599851236,1067231.0
19.936970500042662,1067235.0
19.938968800008297,1067237.0
19.94098800001666,1067239.0
19.9499965000432,1067248.0
19.95197289995849,1067250.0
19.953970900038257,1067252.0
19.956009899964556,1067254.0
19.957982199965045,1067256.0
19.959970199968666,1067258.0
19.96197359985672,1067260.0
19.96396579989232,1067262.0
19.966016999911517,1067264.0
19.967980299843475,1067266.0
19.969970299862325,1067268.0
19.978982399916276,1067277.0
19.981035299832,1067279.0
19.982980999862775,1067281.0
19.984970199875534,1067283.0
19.986971199978143,1067285.0
19.98897509998642,1067287.0
19.990967799909413,1067289.0
19.992967400001362,1067291.0
19.99696909985505,1067295.0
19.998976500006393,1067297.0
20.007985400035977,1067306.0
20.00997169991024,1067308.0
20.011980599956587,1067310.0
20.013983799843118,1067312.0
20.016987700015306,1067314.0
20.018977799918503,1067317.0
20.02097429987043,1067319.0
20.022969299927354,1067321.0
20.02496699988842,1067323.0
20.026968999998644,1067325.0
20.037985399831086,1067336.0
20.03997109993361,1067338.0
20.04196979990229,1067340.0
20.043967499863356,1067342.0
20.045984299853444,1067344.0
20.047980200033635,1067346.0
20.049984900048003,1067348.0
20.05197070003487,1067350.0
20.05397029989399,1067352.0
20.055969099979848,1067354.0
20.067998699843884,1067366.0
20.0709786999505,1067369.0
20.07297269999981,1067371.0
20.076971299946308,1067375.0
20.078976799966767,1067377.0
20.080997199984267,1067379.0
20.082988400012255,1067381.0
20.08497149986215,1067383.0
20.09398219990544,1067392.0
20.096978300018236,1067394.0
20.098988599842414,1067397.0
20.100972200045362,1067399.0
20.10296839987859,1067401.0
20.1049690998625,1067403.0
20.106966800056398,1067405.0
20.108966799918562,1067407.0
20.11096729990095,1067409.0
20.11296569998376,1067411.0
20.12298720004037,1067421.0
20.124972800025716,1067423.0
20.12697109999135,1067425.0
20.12897069985047,1067427.0
20.131022799992934,1067429.0
20.132977499859408,1067431.0
20.13697179988958,1067435.0
20.13896769983694,1067437.0
20.14096609991975,1067439.0
20.149994399864227,1067448.0
20.151974899927154,1067450.0
20.153971699997783,1067452.0
20.15696799987927,1067454.0
20.15897009987384,1067457.0
20.160970199853182,1067459.0
20.162980299908668,1067461.0
20.16497809998691,1067463.0
20.166970999911427,1067465.0
20.168968099867925,1067467.0
20.177993099903688,1067476.0
20.179976099869236,1067478.0
20.18198039988056,1067480.0
20.18397179991007,1067482.0
20.185969999991357,1067484.0
20.1879671998322,1067486.0
20.189976199995726,1067488.0
20.1919664000161,1067490.0
20.19399409997277,1067492.0
20.196972199948505,1067495.0
20.205984900007024,1067504.0
20.207972900010645,1067506.0
20.20999090000987,1067508.0
20.21197189996019,1067510.0
20.21397010004148,1067512.0
20.21697840001434,1067514.0
20.218969400040805,1067517.0
20.22096799989231,1067519.0
20.222971699899063,1067521.0
20.22496849996969,1067523.0
20.237000199966133,1067534.0
20.2389719998464,1067537.0
20.240982299903408,1067539.0
20.242977199843153,1067541.0
20.24496839987114,1067543.0
20.24696909985505,1067545.0
20.2490550999064,1067547.0
20.250983800040558,1067549.0
20.25297060003504,1067551.0
20.261987899895757,1067560.0
20.263973499881104,1067562.0
20.26600859989412,1067564.0
20.26798009988852,1067566.0
20.269975199829787,1067568.0
20.271968299988657,1067570.0
20.27399450005032,1067572.0
20.276970400009304,1067575.0
20.27896779985167,1067577.0
20.281005800003186,1067579.0
20.290984999854118,1067589.0
20.292976799886674,1067591.0
20.295002199942246,1067593.0
20.296968800015748,1067595.0
20.298992899945006,1067597.0
20.30098839988932,1067599.0
20.3029707998503,1067601.0
20.304989999858662,1067603.0
20.30699189985171,1067605.0
20.309984999941662,1067607.0
20.32001609983854,1067618.0
20.321978599997237,1067620.0
20.323983300011605,1067622.0
20.32598219998181,1067624.0
20.327986099990085,1067626.0
20.329980799928308,1067628.0
20.331983000040054,1067630.0
20.3339778999798,1067632.0
20.33797700004652,1067636.0
20.34699059999548,1067645.0
20.348979099886492,1067647.0
20.350995699875057,1067649.0
20.35297439992428,1067651.0
20.35597290005535,1067654.0
20.357969400007278,1067656.0
20.359968999866396,1067658.0
20.361967699835077,1067660.0
20.363969000056386,1067662.0
20.366072499891743,1067664.0
20.37598289991729,1067674.0
20.377971000038087,1067676.0
20.379967799875885,1067678.0
20.38198579987511,1067680.0
20.383980500046164,1067682.0
20.385971099836752,1067684.0
20.38796900003217,1067686.0
20.38996689999476,1067688.0
20.391966999974102,1067690.0
20.393966399831697,1067692.0
20.402989299967885,1067701.0
20.40497719985433,1067703.0
20.40697619994171,1067705.0
20.408968299860135,1067707.0
20.41096829995513,1067709.0
20.412969899829477,1067711.0
20.416985899908468,1067715.0
20.41897220001556,1067717.0
20.42096919985488,1067719.0
20.422967799939215,1067721.0
20.431997600011528,1067730.0
20.433979299850762,1067732.0
20.436972100054845,1067734.0
20.43897240003571,1067737.0
20.440968899987638,1067739.0
20.442966799950227,1067741.0
20.444973499979824,1067743.0
20.446984499925748,1067745.0
20.449164899997413,1067747.0
20.45097539993003,1067749.0
20.462985099991783,1067761.0
20.464981299825013,1067763.0
20.466971799964085,1067765.0
20.46906049991958,1067767.0
20.472971699899063,1067771.0
20.474968999857083,1067773.0
20.47697989991866,1067775.0
20.478982199914753,1067777.0
20.480997999897227,1067779.0
20.49098669993691,1067789.0
20.493988699978217,1067792.0
20.49597269995138,1067794.0
20.497979499865323,1067796.0
20.499978999840096,1067798.0
20.501973999897018,1067800.0
20.503970199963078,1067802.0
20.505969499936327,1067804.0
20.50797210005112,1067806.0
20.50998379988596,1067808.0
20.51998410001397,1067818.0
20.521974199917167,1067820.0
20.523969399975613,1067822.0
20.525977700017393,1067824.0
20.527972399955615,1067826.0
20.52996869990602,1067828.0
20.53203050000593,1067830.0
20.533982899971306,1067832.0
20.536973200039938,1067834.0
20.53896849998273,1067837.0
20.547987999860197,1067846.0
20.54998919996433,1067848.0
20.551977999974042,1067850.0
20.55397260002792,1067852.0
20.557009199867025,1067855.0
20.55898249987513,1067857.0
20.56097249989398,1067859.0
20.562968499958515,1067861.0
20.56497219996527,1067863.0
20.56799259991385,1067866.0
20.577984699979424,1067876.0
20.579973799875006,1067878.0
20.58200369984843,1067880.0
20.58398099988699,1067882.0
20.585971500026062,1067884.0
20.587973299901932,1067886.0
20.58997239987366,1067888.0
20.591969899833202,1067890.0
20.593968200031668,1067892.0
20.5969678000547,1067894.0
20.606987199978903,1067905.0
20.608974599977955,1067907.0
20.610969699919224,1067909.0
20.612969599897042,1067911.0
20.61497959983535,1067913.0
20.616980199934915,1067915.0
20.618971799965948,1067917.0
20.620987199945375,1067919.0
20.62297170003876,1067921.0
20.624968599993736,1067923.0
20.633985799970105,1067932.0
20.63597789988853,1067934.0
20.63798570004292,1067936.0
20.63997059990652,1067938.0
20.6419692998752,1067940.0
20.643968499964103,1067942.0
20.645966599928215,1067944.0
20.647977199871093,1067946.0
20.649984899908304,1067948.0
20.65200540004298,1067950.0
20.653974199900404,1067952.0
20.66298469994217,1067961.0
20.66499920003116,1067963.0
20.666985800024122,1067965.0
20.67097959993407,1067968.0
20.672976099886,1067971.0
20.674969600047916,1067973.0
20.67696759989485,1067975.0
20.678968399995938,1067977.0
20.680997299961746,1067979.0
20.683015999849886,1067981.0
20.692989399889484,1067991.0
20.69497639988549,1067993.0
20.696969999931753,1067995.0
20.69904730003327,1067997.0
20.701984599931166,1068000.0
20.70397079992108,1068002.0
20.705968899885193,1068004.0
20.707969199866056,1068006.0
20.709967999951914,1068008.0
20.711967000039294,1068010.0
20.721995699917898,1068020.0
20.723982400028035,1068022.0
20.725972400046885,1068024.0
20.727969700004905,1068026.0
20.729970699874684,1068028.0
20.73199740005657,1068030.0
20.733974599977955,1068032.0
20.735969899920747,1068034.0
20.73796879989095,1068036.0
20.739968299865723,1068038.0
20.748995899921283,1068047.0
20.7509798000101,1068049.0
20.752972499933094,1068051.0
20.756970799993724,1068055.0
20.75896849995479,1068057.0
20.760966999921948,1068059.0
20.7629962998908,1068061.0
20.764977399958298,1068063.0
20.76697769993916,1068065.0
20.768969899974763,1068067.0
20.77799339988269,1068076.0
20.7799825000111,1068078.0
20.781989600043744,1068080.0
20.783980899956077,1068082.0
20.78597049997188,1068084.0
20.787969199940562,1068086.0
20.78996880003251,1068088.0
20.791968199890107,1068090.0
20.794008699944243,1068092.0
20.796983199892566,1068095.0
20.805986899882555,1068104.0
20.80797680001706,1068106.0
20.809986299835145,1068108.0
20.81198040000163,1068110.0
20.813978699967265,1068112.0
20.81697929999791,1068114.0
20.818971500033513,1068117.0
20.820970099885017,1068119.0
20.822969699976966,1068121.0
20.82497169985436,1068123.0
20.834983299952,1068133.0
20.836973099969327,1068135.0
20.83897119993344,1068137.0
20.840969699900597,1068139.0
20.842984599992633,1068141.0
20.84497349988669,1068143.0
20.84697109996341,1068145.0
20.849076899932697,1068147.0
20.8509734000545,1068149.0
20.852969700004905,1068151.0
20.863992699887604,1068162.0
20.86601180001162,1068164.0
20.867985799908638,1068166.0
20.86997430003248,1068168.0
20.871971999993548,1068170.0
20.873989399988204,1068172.0
20.876973900012672,1068175.0
20.87897149985656,1068177.0
20.88100599986501,1068179.0
20.882976099848747,1068181.0
20.893997199833393,1068192.0
20.89597969991155,1068194.0
20.897984399925917,1068196.0
20.899972700048238,1068198.0
20.901972899911925,1068200.0
20.903995599830523,1068202.0
20.905981400050223,1068204.0
20.907972099957988,1068206.0
20.90997130004689,1068208.0
20.91197679983452,1068210.0
20.92200109991245,1068220.0
20.923977699829265,1068222.0
20.925981199834496,1068224.0
20.927972899982706,1068226.0
20.92997209983878,1068228.0
20.93198739993386,1068230.0
20.93403399991803,1068232.0
20.935987300006673,1068234.0
20.937973799882457,1068236.0
20.939971199957654,1068238.0
20.950174399884418,1068248.0
20.951985199935734,1068250.0
20.953974299831316,1068252.0
20.955970499897376,1068254.0
20.95796849997714,1068256.0
20.959968799958006,1068258.0
20.96196939982474,1068260.0
20.963967999909073,1068262.0
20.965997399995103,1068264.0
20.967975799925625,1068266.0
20.977986400015652,1068276.0
20.97997949994169,1068278.0
20.981988499872386,1068280.0
20.98397419997491,1068282.0
20.985972799826413,1068284.0
20.987972700037062,1068286.0
20.989969999995083,1068288.0
20.991968399845064,1068290.0
20.99396889982745,1068292.0
20.997022799914703,1068295.0
21.006999199977145,1068305.0
21.008978999918327,1068307.0
21.01097679999657,1068309.0
21.012995299883187,1068311.0
21.014983099885285,1068313.0
21.01697349990718,1068315.0
21.018969099968672,1068317.0
21.02096839994192,1068319.0
21.022972599836066,1068321.0
21.024970999918878,1068323.0
21.034990399843082,1068333.0
21.036976899951696,1068335.0
21.038975599920377,1068337.0
21.04097169986926,1068339.0
21.04297039983794,1068341.0
21.044982299907133,1068343.0
21.04697180003859,1068345.0
21.0499778999947,1068348.0
21.05197070003487,1068350.0
21.054000299889594,1068352.0
21.063990999944508,1068362.0
21.06699059996754,1068365.0
21.07098239986226,1068367.0
21.07297209999524,1068371.0
21.077003399841487,1068375.0
21.078972900053486,1068377.0
21.08101599989459,1068379.0
21.08298429986462,1068381.0
21.092994099948555,1068391.0
21.094980999827385,1068393.0
21.096972599858418,1068395.0
21.099030599929392,1068397.0
21.100974899949506,1068399.0
21.10297270002775,1068401.0
21.104971599997953,1068403.0
21.106972499983385,1068405.0
21.108984499936923,1068407.0
21.110972499940544,1068409.0
21.119988499907777,1068418.0
21.121979699935764,1068420.0
21.12398559995927,1068422.0
21.125973399961367,1068424.0
21.127971600042656,1068426.0
21.12997019989416,1068428.0
21.13197769992985,1068430.0
21.134972099913284,1068433.0
21.13697319990024,1068435.0
21.139008400030434,1068437.0
21.15099829994142,1068448.0
21.152976899873465,1068451.0
21.15499599999748,1068453.0
21.156975399935618,1068455.0
21.158971600001678,1068457.0
21.16197289992124,1068460.0
21.163969999877736,1068462.0
21.16598579986021,1068464.0
21.167971899965778,1068466.0
21.17098669987172,1068469.0
21.172973099863157,1068471.0
21.17497259983793,1068473.0
21.17696990002878,1068475.0
21.178970099892467,1068477.0
21.181002099998295,1068479.0
21.182970499852672,1068481.0
21.18496869993396,1068483.0
21.187022799858823,1068485.0
21.188976099947467,1068487.0
21.197996199829504,1068496.0
21.199978600023314,1068498.0
21.201992799993604,1068500.0
21.20397499995306,1068502.0
21.2059706998989,1068504.0
21.207970399875194,1068506.0
21.20996979996562,1068508.0
21.211969299940392,1068510.0
21.213974899845198,1068512.0
21.21599949989468,1068514.0
21.218995800008997,1068517.0
21.22898619994521,1068527.0
21.23104460001923,1068529.0
21.23299719998613,1068531.0
21.234976999927312,1068533.0
21.236972899874672,1068535.0
21.238971299957484,1068537.0
21.24097039992921,1068539.0
21.242971800034866,1068541.0
21.244970199884847,1068543.0
21.246970099862665,1068545.0
21.25799209997058,1068556.0
21.259975499939173,1068558.0
21.261979199945927,1068560.0
21.26397019997239,1068562.0
21.265986199956387,1068564.0
21.26797980000265,1068566.0
21.269973600050434,1068568.0
21.271971100009978,1068570.0
21.273971299873665,1068572.0
21.276974899927154,1068575.0
21.287989699980244,1068586.0
21.289976599859074,1068588.0
21.291973300045356,1068590.0
21.294003800023347,1068592.0
21.295970699982718,1068594.0
21.29799049999565,1068596.0
21.299974499968812,1068598.0
21.301969799911603,1068600.0
21.30397169990465,1068602.0
21.305970099987462,1068604.0
21.31499270000495,1068613.0
21.31698919995688,1068615.0
21.318973900051787,1068617.0
21.320971200009808,1068619.0
21.324977400014177,1068621.0
21.326970000052825,1068625.0
21.331096299923956,1068627.0
21.33297839993611,1068631.0
21.336983100045472,1068633.0
21.34699700004421,1068645.0
21.34903689986095,1068647.0
21.350978099973872,1068649.0
21.35297439992428,1068651.0
21.356974700000137,1068655.0
21.358974899863824,1068657.0
21.360991899855435,1068659.0
21.362984800012782,1068661.0
21.364984499989077,1068663.0
21.37499939999543,1068673.0
21.376987299881876,1068675.0
21.378975699888542,1068677.0
21.381057200022042,1068679.0
21.382982299895957,1068681.0
21.384973800042644,1068683.0
21.386971999891102,1068685.0
21.38897159998305,1068687.0
21.39099320000969,1068689.0
21.39297529985197,1068691.0
21.40299109998159,1068701.0
21.404977899976075,1068703.0
21.40698319999501,1068705.0
21.40897429990582,1068707.0
21.410971299977973,1068709.0
21.41296979994513,1068711.0
21.41698159999214,1068715.0
21.41897220001556,1068717.0
21.42097570002079,1068719.0
21.431000899989158,1068729.0
21.43299559992738,1068731.0
21.434976999880746,1068733.0
21.43697649985552,1068735.0
21.439989699982107,1068738.0
21.441978599876165,1068740.0
21.44397469982505,1068742.0
21.445970699889585,1068744.0
21.447980699827895,1068746.0
21.449990399880335,1068748.0
21.45998919988051,1068758.0
21.461976499995217,1068760.0
21.463976199971512,1068762.0
21.465986300026998,1068764.0
21.46797430003062,1068766.0
21.469993100035936,1068768.0
21.471982599934563,1068770.0
21.473978800000623,1068772.0
21.47597140003927,1068774.0
21.47797150001861,1068776.0
21.488998800050467,1068787.0
21.490978699875996,1068789.0
21.49297559983097,1068791.0
21.496988999890164,1068795.0
21.498986599966884,1068797.0
21.50099639990367,1068799.0
21.502977899974212,1068801.0
21.504972799913958,1068803.0
21.50697119999677,1068805.0
21.516999899875373,1068815.0
21.518977500032634,1068817.0
21.52097409986891,1068819.0
21.52297529997304,1068821.0
21.524971900042146,1068823.0
21.526971000013873,1068825.0
21.528970799874514,1068827.0
21.530990700004622,1068829.0
21.533002299955115,1068831.0
21.536987700033933,1068833.0
21.546991599956527,1068845.0
21.549076800001785,1068847.0
21.550977600039914,1068849.0
21.552974699996412,1068851.0
21.55697249993682,1068853.0
21.55897290003486,1068857.0
21.560970899881795,1068859.0
21.562972099985927,1068861.0
21.56499610003084,1068863.0
21.577007399871945,1068875.0
21.57899079984054,1068877.0
21.581029399996623,1068879.0
21.582987600006163,1068881.0
21.586979700019583,1068885.0
21.588972799945623,1068887.0
21.590972000034526,1068889.0
21.592971900012344,1068891.0
21.60298980004154,1068901.0
21.604978000046685,1068903.0
21.606974399881437,1068905.0
21.608973499853164,1068907.0
21.610970499925315,1068909.0
21.612984400009736,1068911.0
21.616982999956235,1068915.0
21.61897289985791,1068917.0
21.620973699958995,1068919.0
21.631015199935064,1068929.0
21.63299399986863,1068931.0
21.63497500005178,1068933.0
21.63697350001894,1068935.0
21.63897249987349,1068937.0
21.640971699962392,1068939.0
21.644009199924767,1068942.0
21.645977600011975,1068944.0
21.647980199893937,1068946.0
21.64998760004528,1068948.0
21.659992099972442,1068958.0
21.661976399831474,1068960.0
21.66397379990667,1068962.0
21.668989199912176,1068967.0
21.670973100000992,1068969.0
21.672973399981856,1068971.0
21.676984099904075,1068975.0
21.678974400041625,1068977.0
21.688997599994764,1068987.0
21.690993399824947,1068989.0
21.69297829992138,1068991.0
21.69697799999267,1068993.0
21.699018199928105,1068997.0
21.70097959996201,1068999.0
21.702985599869862,1069001.0
21.704998899949715,1069003.0
21.70697719999589,1069005.0
21.71600280003622,1069014.0
21.717979199951515,1069016.0
21.719979000044987,1069018.0
21.72197539987974,1069020.0
21.72397209983319,1069022.0
21.725973499938846,1069024.0
21.72797210002318,1069026.0
21.729973800014704,1069028.0
21.731987099861726,1069030.0
21.733986499952152,1069032.0
21.735980599885806,1069034.0
21.745988599956036,1069044.0
21.747987899929285,1069046.0
21.749993899837136,1069048.0
21.751980299828574,1069050.0
21.753977099899203,1069052.0
21.755973999854177,1069054.0
21.75797939999029,1069056.0
21.759970899904147,1069058.0
21.76197430002503,1069060.0
21.76397079997696,1069062.0
21.77399199991487,1069072.0
21.77698399988003,1069075.0
21.778973599895835,1069077.0
21.781008000019938,1069079.0
21.783000299939886,1069081.0
21.78498429991305,1069083.0
21.78697540005669,1069085.0
21.78897299990058,1069087.0
21.790975200012326,1069089.0
21.79297379986383,1069091.0
21.802990600001067,1069101.0
21.80497659998946,1069103.0
21.806974899955094,1069105.0
21.808972100028768,1069107.0
21.81198489991948,1069109.0
21.817038199864328,1069113.0
21.818978499853984,1069117.0
21.82097340002656,1069119.0
21.822973700007424,1069121.0
21.83300290000625,1069131.0
21.836984799942,1069135.0
21.838976299855858,1069137.0
21.84097300004214,1069139.0
21.84297259990126,1069141.0
21.844971199985594,1069143.0
21.846993800019845,1069145.0
21.84916860004887,1069147.0
21.85098149999976,1069149.0
21.86098979995586,1069159.0
21.86299809999764,1069161.0
21.864989999914542,1069163.0
21.86797839985229,1069166.0
21.869973599910736,1069168.0
21.871994399931282,1069170.0
21.87397209997289,1069172.0
21.875971199944615,1069174.0
21.878000000026077,1069176.0
21.879980799974874,1069178.0
21.889995699981228,1069188.0
21.891979799838737,1069190.0
21.894001099979505,1069192.0
21.895979600027204,1069194.0
21.897983700037003,1069196.0
21.899981199996546,1069198.0
21.901974299922585,1069200.0
21.903971699997783,1069202.0
21.90597249986604,1069204.0
21.907989599974826,1069206.0
21.918998499866575,1069217.0
21.920978999929503,1069219.0
21.92297469987534,1069221.0
21.924995600013062,1069223.0
21.926978799980134,1069225.0
21.92897369991988,1069227.0
21.93103289999999,1069229.0
21.932979200035334,1069231.0
21.936973299831152,1069233.0
21.94900709996,1069247.0
21.950997999869287,1069249.0
21.95298539986834,1069251.0
21.957008299883455,1069255.0
21.9589775998611,1069257.0
21.961985799949616,1069260.0
21.96398020000197,1069262.0
21.96598229999654,1069264.0
21.967985600000247,1069266.0
21.978991199983284,1069277.0
21.98103509983048,1069279.0
21.982996499864385,1069281.0
21.98498069983907,1069283.0
21.98697920003906,1069285.0
21.988975399872288,1069287.0
21.99097269983031,1069289.0
21.992973000044003,1069291.0
21.996977099915966,1069295.0
22.006992100039497,1069305.0
22.008978799916804,1069307.0
22.01097509986721,1069309.0
22.01297549996525,1069311.0
22.017007099930197,1069313.0
22.018980700057,1069317.0
22.02098479983397,1069319.0
22.022976899985224,1069321.0
22.02497210004367,1069323.0
22.037005400052294,1069335.0
22.04099310003221,1069339.0
22.04506010003388,1069342.0
22.04706949996762,1069345.0
22.0499968000222,1069348.0
22.051979099866003,1069350.0
22.05397449992597,1069352.0
22.071051199920475,1069362.0
22.07298820000142,1069371.0
22.076985999941826,1069375.0
22.078984200023115,1069377.0
22.081009899964556,1069379.0
22.08298969990574,1069381.0
22.092989299912006,1069391.0
22.096996699925512,1069395.0
22.09905039984733,1069397.0
22.100978799862787,1069399.0
22.102973300032318,1069401.0
22.104973299894482,1069403.0
22.1079722000286,1069406.0
22.110002799890935,1069408.0
22.111995599931106,1069410.0
22.123000100022182,1069421.0
22.124977599829435,1069423.0
22.126975999912247,1069425.0
22.12900139996782,1069427.0
22.131030400050804,1069429.0
22.132978399982676,1069431.0
22.136985699879006,1069435.0
22.13897359999828,1069437.0
22.140971399843693,1069439.0
22.151993499835953,1069450.0
22.153979199938476,1069452.0
22.15598009992391,1069454.0
22.157998099923134,1069456.0
22.161982599878684,1069460.0
22.163974300026894,1069462.0
22.165977000026032,1069464.0
22.167980500031263,1069466.0
22.169973599957302,1069468.0
22.179991099983454,1069478.0
22.181987900054082,1069480.0
22.18398949992843,1069482.0
22.185974299907684,1069484.0
22.187975900014862,1069486.0
22.189984899945557,1069488.0
22.19198299990967,1069490.0
22.19397379993461,1069492.0
22.195972899906337,1069494.0
22.197997499955818,1069496.0
22.20799420005642,1069506.0
22.209978899918497,1069508.0
22.211975199868903,1069510.0
22.213975299848244,1069512.0
22.216991499997675,1069515.0
22.218978099990636,1069517.0
22.22098349989392,1069519.0
22.22297660005279,1069521.0
22.224973399890587,1069523.0
22.226974199991673,1069525.0
22.237991499947384,1069536.0
22.239977499935776,1069538.0
22.241973700001836,1069540.0
22.243972099851817,1069542.0
22.245972499949858,1069544.0
22.247991899959743,1069546.0
22.250000899890438,1069548.0
22.25197870004922,1069550.0
22.25400620000437,1069552.0
22.256973200012,1069555.0
22.268012299900874,1069566.0
22.269987900042906,1069568.0
22.271975399926305,1069570.0
22.27397400001064,1069572.0
22.275972499977797,1069574.0
22.277971899835393,1069576.0
22.279972600052133,1069578.0
22.282001599902287,1069580.0
22.284083700040355,1069582.0
22.286985100014135,1069584.0
22.297021999955177,1069595.0
22.29899080004543,1069597.0
22.300985499983653,1069599.0
22.302974699996412,1069601.0
22.304974499857053,1069603.0
22.306975699961185,1069605.0
22.308973900042474,1069607.0
22.310972600011155,1069609.0
22.312971599865705,1069611.0
22.314995100023225,1069613.0
22.324990599881858,1069623.0
22.326979300007224,1069625.0
22.328995399875566,1069627.0
22.331046500010416,1069629.0
22.332984199980274,1069631.0
22.33697469998151,1069635.0
22.33897339995019,1069637.0
22.34097269992344,1069639.0
22.342973199905828,1069641.0
22.357024499913678,1069655.0
22.35898089990951,1069657.0
22.36100719985552,1069659.0
22.362978499848396,1069661.0
22.36498359986581,1069663.0
22.366978500038385,1069665.0
22.36997690005228,1069668.0
22.371974299894646,1069670.0
22.37397179985419,1069672.0
22.38399520004168,1069682.0
22.385978299891576,1069684.0
22.387975699966773,1069686.0
22.389975699828938,1069688.0
22.392003699904308,1069690.0
22.39399049989879,1069692.0
22.39598000003025,1069694.0
22.398002999834716,1069696.0
22.400013299891725,1069698.0
22.4019915999379,1069700.0
22.412010399857536,1069710.0
22.413994199829176,1069712.0
22.416011000052094,1069714.0
22.41797939990647,1069716.0
22.419975999975577,1069718.0
22.42197459982708,1069720.0
22.423989899922162,1069722.0
22.42601209995337,1069724.0
22.42797530000098,1069726.0
22.429973399965093,1069728.0
22.432000200031325,1069730.0
22.441992199979722,1069740.0
22.443984400015324,1069742.0
22.44597620004788,1069744.0
22.44798139994964,1069746.0
22.449984199833125,1069748.0
22.451973399845883,1069750.0
22.453992599854246,1069752.0
22.456990499980748,1069755.0
22.458976699970663,1069757.0
22.46097490005195,1069759.0
22.47099049994722,1069769.0
22.472979199839756,1069771.0
22.47798249986954,1069773.0
22.48110349988565,1069779.0
22.482998699881136,1069781.0
22.484989299904555,1069783.0
22.48697640001774,1069785.0
22.48897509998642,1069787.0
22.49900639988482,1069797.0
22.5009957998991,1069799.0
22.502988300053403,1069801.0
22.50497779995203,1069803.0
22.50697460002266,1069805.0
22.508973699994385,1069807.0
22.510974999982864,1069809.0
22.51301070000045,1069811.0
22.51700560003519,1069813.0
22.527993999887258,1069826.0
22.52998029999435,1069828.0
22.532009899849072,1069830.0
22.533978800056502,1069832.0
22.536982499994338,1069835.0
22.53897499991581,1069837.0
22.54097420000471,1069839.0
22.54297859990038,1069841.0
22.544972999952734,1069843.0
22.54697240004316,1069845.0
22.55798799986951,1069856.0
22.55997970001772,1069858.0
22.56197759998031,1069860.0
22.56399969989434,1069862.0
22.56700939987786,1069865.0
22.56898369989358,1069867.0
22.570977099938318,1069869.0
22.572973700007424,1069871.0
22.576979500008747,1069875.0
22.579986499855295,1069878.0
22.58198029990308,1069880.0
22.585985000012442,1069884.0
22.58797729993239,1069886.0
22.58997410000302,1069888.0
22.591972999973223,1069890.0
22.593971899943426,1069892.0
22.59699280001223,1069895.0
22.598986099939793,1069897.0
22.60898879985325,1069907.0
22.6109953999985,1069909.0
22.612978599965572,1069911.0
22.616984099848196,1069915.0
22.618975799996406,1069917.0
22.620976199861616,1069919.0
22.622974999947473,1069921.0
22.62497329991311,1069923.0
22.627003399888054,1069925.0
22.63699429994449,1069935.0
22.63898009993136,1069937.0
22.640975299989805,1069939.0
22.64299919991754,1069941.0
22.64498219988309,1069943.0
22.646976999938488,1069945.0
22.649005099898204,1069947.0
22.650984599953517,1069949.0
22.6529739999678,1069951.0
22.656984499888495,1069953.0
22.6669945998583,1069965.0
22.668981099966913,1069967.0
22.670975500019267,1069969.0
22.672973499866202,1069971.0
22.675001699943095,1069973.0
22.67697689984925,1069975.0
22.67897449992597,1069977.0
22.68099859985523,1069979.0
22.68298129993491,1069981.0
22.68497519986704,1069983.0
22.68697389983572,1069985.0
22.696990199852735,1069995.0
22.698986100032926,1069997.0
22.70198279991746,1070000.0
22.703975199954584,1070002.0
22.706006200052798,1070004.0
22.707977700047195,1070006.0
22.70997600001283,1070008.0
22.71197469998151,1070010.0
22.71397429984063,1070012.0
22.71599809988402,1070014.0
22.725992399966344,1070024.0
22.72798139997758,1070026.0
22.72997649991885,1070028.0
22.732022600015625,1070030.0
22.73398909997195,1070032.0
22.738001399906352,1070035.0
22.739977600052953,1070038.0
22.741974799893796,1070040.0
22.74397449987009,1070042.0
22.754020899999887,1070052.0
22.756983899977058,1070055.0
22.758978199912235,1070057.0
22.760975799988955,1070059.0
22.762975399848074,1070061.0
22.764987000031397,1070063.0
22.76698650000617,1070065.0
22.768981099827215,1070067.0
22.770978200016543,1070069.0
22.774979799985886,1070072.0
22.785005199955776,1070083.0
22.786979699973017,1070085.0
22.788975900039077,1070087.0
22.790975600015372,1070089.0
22.79297579987906,1070091.0
22.79697689996101,1070095.0
22.799101299839094,1070097.0
22.800994799938053,1070099.0
22.803977799834684,1070102.0
22.813990499824286,1070112.0
22.81700269994326,1070115.0
22.81898029986769,1070117.0
22.820977699942887,1070119.0
22.82298109983094,1070121.0
22.824974599992856,1070123.0
22.826974999858066,1070125.0
22.82897449983284,1070127.0
22.831011699978262,1070129.0
22.833002999890596,1070131.0
22.842990699922666,1070141.0
22.844979800051078,1070143.0
22.846976300003007,1070145.0
22.849026300013065,1070147.0
22.85098099987954,1070149.0
22.852977499831468,1070151.0
22.85497789992951,1070153.0
22.856976799899712,1070155.0
22.8589746998623,1070157.0
22.86097369994968,1070159.0
22.871999599970877,1070170.0
22.873981999931857,1070172.0
22.87697759992443,1070175.0
22.878975899890065,1070177.0
22.88104059989564,1070179.0
22.882992799859494,1070181.0
22.88498770003207,1070183.0
22.886975799920037,1070185.0
22.888974299887195,1070187.0
22.89097489998676,1070189.0
22.902005899930373,1070200.0
22.903986799996346,1070202.0
22.905979600036517,1070204.0
22.90797629998997,1070206.0
22.909974899841473,1070208.0
22.912008499959484,1070210.0
22.91397919994779,1070212.0
22.916987899923697,1070215.0
22.918979099951684,1070217.0
22.920974399894476,1070219.0
22.931073399959132,1070229.0
22.932999499840662,1070231.0
22.934985099826008,1070233.0
22.93699529999867,1070235.0
22.938976399833336,1070237.0
22.940973799908534,1070239.0
22.943005099892616,1070241.0
22.945006599882618,1070243.0
22.946984800044447,1070245.0
22.948991099838167,1070247.0
22.9509989998769,1070249.0
22.960994999855757,1070259.0
22.96298129996285,1070261.0
22.964992600027472,1070263.0
22.96698320005089,1070265.0
22.968976399861276,1070267.0
22.970976199954748,1070269.0
22.972981999861076,1070271.0
22.977008499903604,1070275.0
22.978978700004518,1070277.0
22.988992899889126,1070287.0
22.990989399841055,1070289.0
22.992979499977082,1070291.0
22.994978399947286,1070293.0
22.996977800037712,1070295.0
22.99901599995792,1070297.0
23.000986699946225,1070299.0
23.002977799857035,1070301.0
23.004977099830285,1070303.0
23.0069961999543,1070305.0
23.017011199845,1070315.0
23.018983399961144,1070317.0
23.020979800028726,1070319.0
23.02399450005032,1070322.0
23.02698259986937,1070325.0
23.028977599926293,1070327.0
23.031018199864775,1070329.0
23.03299960005097,1070331.0
23.034979599993676,1070333.0
23.044993299990892,1070343.0
23.046981599880382,1070345.0
23.04899499984458,1070347.0
23.050980099942535,1070349.0
23.052978799911216,1070351.0
23.056986199924722,1070355.0
23.0589781999588,1070357.0
23.06097580003552,1070359.0
23.062974900007248,1070361.0
23.072994800051674,1070371.0
23.074983099941164,1070373.0
23.076979199890047,1070375.0
23.078976899851114,1070377.0
23.081029099877924,1070379.0
23.082994499942288,1070381.0
23.08498080004938,1070383.0
23.087005599867553,1070385.0
23.088981699896976,1070387.0
23.090978499967605,1070389.0
23.100992699852213,1070399.0
23.10298980004154,1070401.0
23.104981099953875,1070403.0
23.10697659989819,1070405.0
23.1089776000008,1070407.0
23.110976999858394,1070409.0
23.11297450005077,1070411.0
23.11498499987647,1070413.0
23.11698789987713,1070415.0
23.118995199911296,1070417.0
23.12999299983494,1070428.0
23.131991599919274,1070430.0
23.137004799908027,1070435.0
23.13898709998466,1070437.0
23.140979500021785,1070439.0
23.142975699855015,1070441.0
23.144975599832833,1070443.0
23.146975599927828,1070445.0
23.157005900051445,1070455.0
23.158981899963692,1070457.0
23.16097839991562,1070459.0
23.162976699881256,1070461.0
23.164998800028116,1070463.0
23.16698889993131,1070465.0
23.168980199843645,1070467.0
23.170979700051248,1070469.0
23.17297529987991,1070471.0
23.174976099980995,1070473.0
23.183994999853894,1070482.0
23.185980999842286,1070484.0
23.18797759991139,1070486.0
23.189979099901393,1070488.0
23.19197619985789,1070490.0
23.193976199952886,1070492.0
23.195975200040266,1070494.0
23.198015099857002,1070496.0
23.19999450002797,1070498.0
23.20197970001027,1070500.0
23.204978399910033,1070503.0
23.217012400040403,1070513.0
23.21898310002871,1070517.0
23.22097759996541,1070519.0
23.222976899938658,1070521.0
23.224976300029084,1070523.0
23.226976699894294,1070525.0
23.228975399862975,1070527.0
23.231035799952224,1070529.0
23.233004800044,1070531.0
23.24198960000649,1070540.0
23.243980400031433,1070542.0
23.24699889984913,1070545.0
23.249054699903354,1070547.0
23.250981899909675,1070549.0
23.252977299969643,1070551.0
23.25697680003941,1070553.0
23.258975599892437,1070557.0
23.260979200014845,1070559.0
23.27099909982644,1070569.0
23.272985300049186,1070571.0
23.277002099901438,1070573.0
23.278982599964365,1070577.0
23.281060999957845,1070579.0
23.282998099923134,1070581.0
23.284993599867448,1070583.0
23.28697899985127,1070585.0
23.288975999923423,1070587.0
23.297999299829826,1070596.0
23.300000600051135,1070598.0
23.301981800002977,1070600.0
23.303978599840775,1070602.0
23.305979299824685,1070604.0
23.307978400029242,1070606.0
23.309981199912727,1070608.0
23.311976399971172,1070610.0
23.313977199839428,1070612.0
23.315999699989334,1070614.0
23.317980600055307,1070616.0
23.32800449989736,1070626.0
23.329984499840066,1070628.0
23.33199069998227,1070630.0
23.333981100004166,1070632.0
23.3369777998887,1070635.0
23.33897599996999,1070637.0
23.34099829988554,1070639.0
23.342991899931803,1070641.0
23.344980200054124,1070643.0
23.346976900007576,1070645.0
23.3559936999809,1070654.0
23.357989100040868,1070656.0
23.359981699846685,1070658.0
23.361980200046673,1070660.0
23.363975499989465,1070662.0
23.365985499927774,1070664.0
23.367977499961853,1070666.0
23.369975799927488,1070668.0
23.37197469989769,1070670.0
23.373988799983636,1070672.0
23.375979899894446,1070674.0
23.385995999909937,1070684.0
23.387981900013983,1070686.0
23.389989899937063,1070688.0
23.39599939994514,1070692.0
23.397995699895546,1070696.0
23.399982899893075,1070698.0
23.40197979984805,1070700.0
23.403981699841097,1070702.0
23.41499609989114,1070713.0
23.416990000056103,1070715.0
23.41898059984669,1070717.0
23.42099849996157,1070719.0
23.42298260005191,1070721.0
23.424977999879047,1070723.0
23.426977099850774,1070725.0
23.428976299939677,1070727.0
23.430991099914536,1070729.0
23.43307469994761,1070731.0
23.444004399934784,1070742.0
23.44598579988815,1070744.0
23.448009199928492,1070746.0
23.449995100032538,1070748.0
23.45202529989183,1070750.0
23.453999700024724,1070752.0
23.45698229991831,1070755.0
23.458977699978277,1070757.0
23.460976799950004,1070759.0
23.46297509991564,1070761.0
23.473000099882483,1070771.0
23.476994100026786,1070773.0
23.47898679994978,1070777.0
23.481061599915847,1070779.0
23.48300540004857,1070781.0
23.484980899840593,1070783.0
23.48697920003906,1070785.0
23.489006799878553,1070787.0
23.490977299865335,1070789.0
23.5009987000376,1070799.0
23.50298299989663,1070801.0
23.504977299831808,1070803.0
23.506977600045502,1070805.0
23.50897690001875,1070807.0
23.510977499885485,1070809.0
23.512975999852642,1070811.0
23.5170137998648,1070813.0
23.5189896998927,1070817.0
23.528993899933994,1070827.0
23.53101080004126,1070829.0
23.532987099839374,1070831.0
23.53498260001652,1070833.0
23.537985999835655,1070836.0
23.53997899987735,1070838.0
23.54197629983537,1070840.0
23.543977200053632,1070842.0
23.54600189998746,1070844.0
23.547989799873903,1070846.0
23.55899990000762,1070857.0
23.56100139999762,1070859.0
23.562988799996674,1070861.0
23.56498849997297,1070863.0
23.566978899994865,1070865.0
23.568979599978775,1070867.0
23.570977999828756,1070869.0
23.572978799929842,1070871.0
23.574976000003517,1070873.0
23.577000099932775,1070875.0
23.587995099835098,1070886.0
23.589983499841765,1070888.0
23.59197929990478,1070890.0
23.594014700036496,1070892.0
23.59700349997729,1070895.0
23.59900279995054,1070897.0
23.600990899838507,1070899.0
23.60298589989543,1070901.0
23.604981299955398,1070903.0
23.606980700045824,1070905.0
23.617009399924427,1070915.0
23.618987099966034,1070917.0
23.62098279991187,1070919.0
23.623035499826074,1070921.0
23.624991999939084,1070923.0
23.626981099834666,1070925.0
23.62897800002247,1070927.0
23.631013700040057,1070929.0
23.63298220001161,1070931.0
23.634978299960494,1070933.0
23.63697659992613,1070935.0
23.64699209993705,1070945.0
23.649049799889326,1070947.0
23.650987399974838,1070949.0
23.65298269991763,1070951.0
23.65699169994332,1070953.0
23.658981599844992,1070957.0
23.66097790002823,1070959.0
23.662977200001478,1070961.0
23.664979299996048,1070963.0
23.67499960004352,1070973.0
23.676984099904075,1070975.0
23.678981699980795,1070977.0
23.681017099879682,1070979.0
23.682988199871033,1070981.0
23.685010300017893,1070983.0
23.686982499901205,1070985.0
23.68897769995965,1070987.0
23.69097670004703,1070989.0
23.692977899918333,1070991.0
23.703000999987125,1071001.0
23.70498409983702,1071003.0
23.706975099863485,1071005.0
23.708979199873284,1071007.0
23.710977299837396,1071009.0
23.7129764999263,1071011.0
23.714999799849465,1071013.0
23.717011200031266,1071015.0
23.718981999903917,1071017.0
23.720978499855846,1071019.0
23.73104460001923,1071029.0
23.733068199828267,1071031.0
23.734985699877143,1071033.0
23.73698089993559,1071035.0
23.738979399902746,1071037.0
23.740978199988604,1071039.0
23.742981999879703,1071041.0
23.744978999951854,1071043.0
23.74697929993272,1071045.0
23.749003399861977,1071047.0
23.758996699936688,1071057.0
23.760982800042257,1071059.0
23.762984700035304,1071061.0
23.765003700042143,1071063.0
23.76698369998485,1071065.0
23.76897899992764,1071067.0
23.770977499894798,1071069.0
23.772977499989793,1071071.0
23.776984700001776,1071075.0
23.7890272999648,1071086.0
23.790986899985,1071089.0
23.792982999933884,1071091.0
23.79700389993377,1071095.0
23.79905549995601,1071097.0
23.800983699969947,1071099.0
23.80298010003753,1071101.0
23.804980099899694,1071103.0
23.815032599959522,1071113.0
23.816990799969062,1071115.0
23.818981599994004,1071117.0
23.82097989995964,1071119.0
23.822978199925274,1071121.0
23.824978600023314,1071123.0
23.827003499958664,1071125.0
23.8289832000155,1071127.0
23.830986500019208,1071129.0
23.832984999986365,1071131.0
23.8419913998805,1071140.0
23.843992199981585,1071142.0
23.845982800005004,1071144.0
23.847991100046784,1071146.0
23.849990299902856,1071148.0
23.851978699909523,1071150.0
23.854982999851927,1071153.0
23.856977300019935,1071155.0
23.859007799997926,1071157.0
23.86098359990865,1071159.0
23.871000400045887,1071169.0
23.87298489990644,1071171.0
23.874992199940607,1071173.0
23.876981999957934,1071175.0
23.878979699919,1071177.0
23.881035499973223,1071179.0
23.882989999838173,1071181.0
23.884979599853978,1071183.0
23.88697939994745,1071185.0
23.888994900044054,1071187.0
23.900009899865836,1071198.0
23.901993699837476,1071200.0
23.903981999959797,1071202.0
23.906006600009277,1071204.0
23.90798470005393,1071206.0
23.909978499868885,1071208.0
23.911978399846703,1071210.0
23.913977300049737,1071212.0
23.915989300003275,1071214.0
23.917982999933884,1071216.0
23.928010999923572,1071226.0
23.92998839984648,1071228.0
23.932004099944606,1071230.0
23.93398500001058,1071232.0
23.937010099878535,1071235.0
23.93899039993994,1071237.0
23.94098209985532,1071239.0
23.942977899918333,1071241.0
23.94497609999962,1071243.0
23.946977899875492,1071245.0
23.956999900052324,1071255.0
23.958983999909833,1071257.0
23.960979899857193,1071259.0
23.96298009995371,1071261.0
23.964987399987876,1071263.0
23.967050299979746,1071265.0
23.968991099856794,1071267.0
23.970981399994344,1071269.0
23.972980099963024,1071271.0
23.974978199927136,1071273.0
23.985012399964035,1071283.0
23.98698789998889,1071285.0
23.988980900030583,1071287.0
23.990977899869904,1071289.0
23.992977999849245,1071291.0
23.994978999951854,1071293.0
23.99697809992358,1071295.0
23.99900890002027,1071297.0
24.000997100025415,1071299.0
24.003988199867308,1071302.0
24.01701259985566,1071313.0
24.018992400029674,1071317.0
24.020983799826354,1071319.0
24.025012800004333,1071321.0
24.026980199851096,1071325.0
24.028981999959797,1071327.0
24.031016999855638,1071329.0
24.033098499989137,1071331.0
24.036988700041547,1071335.0
24.038981599966064,1071337.0
24.040980000048876,1071339.0
24.042979799909517,1071341.0
24.044976899866015,1071343.0
24.046992299845442,1071345.0
24.048986099893227,1071347.0
24.05098189995624,1071349.0
24.052982199937105,1071351.0
24.056978499982506,1071353.0
24.067992799915373,1071366.0
24.069984099827707,1071368.0
24.071980899898335,1071370.0
24.07398089999333,1071372.0
24.07598019996658,1071374.0
24.07800369989127,1071376.0
24.080073199933395,1071378.0
24.08200649986975,1071380.0
24.083985700039193,1071382.0
24.08598139998503,1071384.0
24.09700179984793,1071395.0
24.098998399917036,1071397.0
24.100986500037834,1071399.0
24.102980199968442,1071401.0
24.104980899952352,1071403.0
24.106979900039732,1071405.0
24.1089776000008,1071407.0
24.1109953999985,1071409.0
24.112981299869716,1071411.0
24.116990000009537,1071413.0
24.126998799853027,1071425.0
24.12898559984751,1071427.0
24.131028899922967,1071429.0
24.132987400051206,1071431.0
24.136981699848548,1071433.0
24.13897920004092,1071437.0
24.140980999916792,1071439.0
24.142996900016442,1071441.0
24.14498390001245,1071443.0
24.15399769996293,1071452.0
24.155983899952844,1071454.0
24.158000400057063,1071456.0
24.159983000019565,1071458.0
24.161981499986723,1071460.0
24.163979799952358,1071462.0
24.165987599873915,1071464.0
24.167983199935406,1071466.0
24.169979800004512,1071468.0
24.17198359989561,1071470.0
24.17400379991159,1071472.0
24.183998599881306,1071482.0
24.185984199866652,1071484.0
24.187980100046843,1071486.0
24.19000729988329,1071488.0
24.191984500037506,1071490.0
24.19398059998639,1071492.0
24.196980699896812,1071495.0
24.199170799925923,1071497.0
24.20098609989509,1071499.0
24.202980399830267,1071501.0
24.212997999973595,1071511.0
24.21500049997121,1071513.0
24.216983299935237,1071515.0
24.218982399906963,1071517.0
24.220978199969977,1071519.0
24.222999299876392,1071521.0
24.22498339996673,1071523.0
24.226981000043452,1071525.0
24.228978999890387,1071527.0
24.230992499971762,1071529.0
24.242001899983734,1071540.0
24.243987399851903,1071542.0
24.24698399985209,1071545.0
24.251007799990475,1071549.0
24.252987900050357,1071551.0
24.25699509982951,1071553.0
24.25898229982704,1071557.0
24.260981099912897,1071559.0
24.271001799963415,1071569.0
24.27298689982854,1071571.0
24.275981799932197,1071574.0
24.2779806999024,1071576.0
24.279980499995872,1071578.0
24.28203279990703,1071580.0
24.283992199925706,1071582.0
24.285993699915707,1071584.0
24.28798249992542,1071586.0
24.28997979988344,1071588.0
24.300107199931517,1071598.0
24.302009099861607,1071600.0
24.30398799991235,1071602.0
24.305983499856666,1071604.0
24.30798269994557,1071606.0
24.309980100020766,1071608.0
24.31197789986618,1071610.0
24.31397909997031,1071612.0
24.31701559992507,1071615.0
24.31899939989671,1071617.0
24.328993199858814,1071627.0
24.330987999914214,1071629.0
24.333003100007772,1071631.0
24.33498719986528,1071633.0
24.33698119991459,1071635.0
24.338980400003493,1071637.0
24.340982199879363,1071639.0
24.342979699838907,1071641.0
24.344977299915627,1071643.0
24.346976399887353,1071645.0
24.35700019984506,1071655.0
24.358986399834976,1071657.0
24.36098190001212,1071659.0
24.362979699857533,1071661.0
24.365005400031805,1071663.0
24.366986699867994,1071665.0
24.368981099920347,1071667.0
24.370980999898165,1071669.0
24.3729795999825,1071671.0
24.376983999973163,1071673.0
24.386999299982563,1071685.0
24.3889853998553,1071687.0
24.390982599928975,1071689.0
24.39298060000874,1071691.0
24.397002100013196,1071693.0
24.398993199924007,1071697.0
24.401997199980542,1071700.0
24.40398279996589,1071702.0
24.405981400050223,1071704.0
24.416016399860382,1071714.0
24.417988099856302,1071716.0
24.419983899919316,1071718.0
24.42198339989409,1071720.0
24.423980599967763,1071722.0
24.42597860004753,1071724.0
24.428000999847427,1071726.0
24.429983099922538,1071728.0
24.431987199932337,1071730.0
24.43398889992386,1071732.0
24.444013299886137,1071742.0
24.445993699831888,1071744.0
24.447993600042537,1071746.0
24.44999639992602,1071748.0
24.45198499993421,1071750.0
24.453981400001794,1071752.0
24.455980999860913,1071754.0
24.457978199934587,1071756.0
24.460003199987113,1071758.0
24.46198679995723,1071760.0
24.471999699948356,1071770.0
24.47398589993827,1071772.0
24.47599729988724,1071774.0
24.47798900003545,1071776.0
24.479981399839744,1071778.0
24.482005700003356,1071780.0
24.483992299996316,1071782.0
24.48598219989799,1071784.0
24.487981399986893,1071786.0
24.489982799859717,1071788.0
24.50001579988748,1071798.0
24.501988099887967,1071800.0
24.50398339983076,1071802.0
24.505997099913657,1071804.0
24.507982400013134,1071806.0
24.509981699986383,1071808.0
24.511985999997705,1071810.0
24.513983599841595,1071812.0
24.51701319986023,1071815.0
24.518984199967235,1071817.0
24.52899909997359,1071827.0
24.53199809999205,1071830.0
24.53399099991657,1071832.0
24.535982999950647,1071834.0
24.538024599896744,1071836.0
24.540015999926254,1071838.0
24.542003700044006,1071840.0
24.543980999849737,1071842.0
24.545980100054294,1071844.0
24.547983799828216,1071846.0
24.557999999960884,1071856.0
24.559984700055793,1071858.0
24.562011499889195,1071860.0
24.56398169999011,1071862.0
24.56600089999847,1071864.0
24.567989900009707,1071866.0
24.56999049987644,1071868.0
24.571984899928793,1071870.0
24.57398259988986,1071872.0
24.575978699838743,1071874.0
24.577979400055483,1071876.0
24.580998999997973,1071879.0
24.58299749996513,1071881.0
24.584995199926198,1071883.0
24.586985199945047,1071885.0
24.588981200009584,1071887.0
24.590980499982834,1071889.0
24.592979199951515,1071891.0
24.596986399963498,1071893.0
24.59900449984707,1071897.0
24.608997700037435,1071907.0
24.610988999949768,1071909.0
24.612983899889514,1071911.0
24.61503760004416,1071913.0
24.61699659982696,1071915.0
24.61898439982906,1071917.0
24.621983799850568,1071920.0
24.623981700045988,1071922.0
24.625979400007054,1071924.0
24.629989800043404,1071926.0
24.641000899951905,1071939.0
24.64298569993116,1071941.0
24.644982900004834,1071943.0
24.646981399971992,1071945.0
24.6490009999834,1071947.0
24.652993499999866,1071950.0
24.65498390002176,1071953.0
24.65698069985956,1071955.0
24.65897969994694,1071957.0
24.660980199929327,1071959.0
24.672004099935293,1071970.0
24.673985600005835,1071972.0
24.67598169995472,1071974.0
24.677979700034484,1071976.0
24.68000129982829,1071978.0
24.681990099838004,1071980.0
24.683981499867514,1071982.0
24.68598790001124,1071984.0
24.687981699826196,1071986.0
24.689981000032276,1071988.0
24.69197959988378,1071990.0
24.702006099978462,1072000.0
24.70398800005205,1072002.0
24.707985499873757,1072004.0
24.709989900002256,1072008.0
24.716025199973956,1072014.0
24.7179874998983,1072016.0
24.719981799833477,1072018.0
24.722989300033078,1072021.0
24.72603449993767,1072024.0
24.7280031000264,1072026.0
24.729986499994993,1072028.0
24.731990800006315,1072030.0
24.73400119994767,1072032.0
24.735983700025827,1072034.0
24.737981899874285,1072036.0
24.739980099955574,1072038.0
24.742007700027898,1072040.0
24.75300579983741,1072051.0
24.756987999891862,1072053.0
24.758986599976197,1072057.0
24.76099199987948,1072059.0
24.762985799927264,1072061.0
24.765015800017864,1072063.0
24.766993899829686,1072065.0
24.76898379996419,1072067.0
24.770979600027204,1072069.0
24.782006199937314,1072080.0
24.78401319985278,1072082.0
24.78798809996806,1072084.0
24.789988899836317,1072088.0
24.791981799993664,1072090.0
24.793981099966913,1072092.0
24.79597939993255,1072094.0
24.797986699966714,1072096.0
24.800010999897495,1072098.0
24.809996099909768,1072108.0
24.811984800035134,1072110.0
24.813984799897298,1072112.0
24.817013300023973,1072115.0
24.819059199886397,1072117.0
24.821001400006935,1072119.0
24.822984999977052,1072121.0
24.8259829999879,1072124.0
24.82898069988005,1072127.0
24.83901309990324,1072137.0
24.84099469985813,1072139.0
24.842987899901345,1072141.0
24.844981999835,1072143.0
24.846980900038034,1072145.0
24.8490393999964,1072147.0
24.850995099870488,1072149.0
24.852985200006515,1072151.0
24.854980599833652,1072153.0
24.856981300050393,1072155.0
24.858978899894282,1072157.0
24.870009399950504,1072168.0
24.87199250003323,1072170.0
24.873986199963838,1072172.0
24.875988699961454,1072174.0
24.877987100044265,1072176.0
24.879980699857697,1072178.0
24.88201539986767,1072180.0
24.883992200018838,1072182.0
24.885990999871865,1072184.0
24.887988399947062,1072186.0
24.89801079989411,1072196.0
24.90000919997692,1072198.0
24.901987799908966,1072200.0
24.90398669987917,1072202.0
24.9059831998311,1072204.0
24.9079849999398,1072206.0
24.90998340002261,1072208.0
24.91201339988038,1072210.0
24.913988400017843,1072212.0
24.91601060004905,1072214.0
24.917993899900466,1072216.0
24.928012900054455,1072226.0
24.929987199837342,1072228.0
24.932013700017706,1072230.0
24.933992999838665,1072232.0
24.937004099832848,1072235.0
24.938987700035796,1072237.0
24.940990699920803,1072239.0
24.943013299955055,1072241.0
24.944989599986002,1072243.0
24.946981699904427,1072245.0
24.957004399970174,1072255.0
24.95901929982938,1072257.0
24.961005500052124,1072259.0
24.96298719989136,1072261.0
24.964996099937707,1072263.0
24.966995999915525,1072265.0
24.968983399914578,1072267.0
24.970981299877167,1072269.0
24.97298049996607,1072271.0
24.976994399912655,1072273.0
24.9870033999905,1072285.0
24.98901250003837,1072287.0
24.99099209997803,1072289.0
24.99298430001363,1072291.0
24.99698259984143,1072293.0
24.99900439986959,1072297.0
25.00099499989301,1072299.0
25.002989699831232,1072301.0
25.004990899935365,1072303.0
25.006985399872065,1072305.0
25.017021300038323,1072315.0
25.018989800009876,1072317.0
25.020997500047088,1072319.0
25.02298550005071,1072321.0
25.024982699891552,1072323.0
25.026985799893737,1072325.0
25.028981199953705,1072327.0
25.031008600024506,1072329.0
25.03301739995368,1072331.0
25.037019500043243,1072333.0
25.046997899888083,1072345.0
25.049134499859065,1072347.0
25.050994199933484,1072349.0
25.052986699854955,1072351.0
25.05698399990797,1072353.0
25.058981399983168,1072357.0
25.060979599831626,1072359.0
25.062979199923575,1072361.0
25.065026399912313,1072363.0
25.067014700034633,1072365.0
25.07699860003777,1072375.0
25.078986400039867,1072377.0
25.081038999836892,1072379.0
25.082997699966654,1072381.0
25.085016399854794,1072383.0
25.086986299837008,1072385.0
25.089014299912378,1072387.0
25.091012499993667,1072389.0
25.093979599885643,1072392.0
25.09597899997607,1072394.0
25.107004899997264,1072405.0
25.10899019986391,1072407.0
25.110992499860004,1072409.0
25.112990600056946,1072411.0
25.116992000024766,1072413.0
25.118985099950805,1072417.0
25.120984100038186,1072419.0
25.12298129987903,1072421.0
25.1249810999725,1072423.0
25.137009399943054,1072433.0
25.13898879988119,1072437.0
25.140991099877283,1072439.0
25.142981400014833,1072441.0
25.14501229999587,1072443.0
25.146989800035954,1072445.0
25.14906379999593,1072447.0
25.150988299865276,1072449.0
25.15298440004699,1072451.0
25.162998599931598,1072461.0
25.165039599873126,1072463.0
25.16700019990094,1072465.0
25.168987199896947,1072467.0
25.170983199961483,1072469.0
25.17298200004734,1072471.0
25.174980100011453,1072473.0
25.177004899829626,1072475.0
25.178985700011253,1072477.0
25.181001599878073,1072479.0
25.190998899983242,1072489.0
25.19300780002959,1072491.0
25.194987299852073,1072493.0
25.196985499933362,1072495.0
25.19904539990239,1072497.0
25.200987299904227,1072499.0
25.20298229996115,1072501.0
25.204981399932876,1072503.0
25.206982400035486,1072505.0
25.209006499964744,1072507.0
25.220005699899048,1072518.0
25.221988799981773,1072520.0
25.223998399917036,1072522.0
25.22598519991152,1072524.0
25.22798219998367,1072526.0
25.22998149995692,1072528.0
25.23202889994718,1072530.0
25.233996300026774,1072532.0
25.2359861000441,1072534.0
25.23798229987733,1072536.0
25.24800579994917,1072546.0
25.250005800044164,1072548.0
25.251986799994484,1072550.0
25.253982599824667,1072552.0
25.25601019989699,1072554.0
25.25798809994012,1072556.0
25.25998289999552,1072558.0
25.261981499847025,1072560.0
25.263980800053105,1072562.0
25.266008799895644,1072564.0
25.26898689987138,1072567.0
25.28106589987874,1072579.0
25.2830035998486,1072581.0
25.28499639988877,1072583.0
25.28699369984679,1072585.0
25.288995599839836,1072587.0
25.29098329995759,1072589.0
25.292983300052583,1072591.0
25.294985000044107,1072593.0
25.296982900006697,1072595.0
25.298996599856764,1072597.0
25.309999000048265,1072608.0
25.31198859983124,1072610.0
25.31398619990796,1072612.0
25.31699960003607,1072615.0
25.31899970001541,1072617.0
25.320984499994665,1072619.0
25.322983999969438,1072621.0
25.324982600053772,1072623.0
25.326983300037682,1072625.0
25.32898260001093,1072627.0
25.332997099962085,1072631.0
25.33499399991706,1072633.0
25.336985299829394,1072635.0
25.338983699912205,1072637.0
25.342985600000247,1072641.0
25.344981999835,1072643.0
25.346982500050217,1072645.0
25.34900980000384,1072647.0
25.350991199957207,1072649.0
25.362000399967656,1072660.0
25.36398969986476,1072662.0
25.366007999982685,1072664.0
25.36798770003952,1072666.0
25.36998949991539,1072668.0
25.371985599864274,1072670.0
25.374013100052252,1072672.0
25.375983899924904,1072674.0
25.37798219989054,1072676.0
25.379982999991626,1072678.0
25.39000010001473,1072688.0
25.391993999946862,1072690.0
25.39398569986224,1072692.0
25.396005799993873,1072694.0
25.3979956000112,1072696.0
25.39999229996465,1072698.0
25.401987199904397,1072700.0
25.404052200028673,1072702.0
25.405998799949884,1072704.0
25.40798439993523,1072706.0
25.40998600004241,1072708.0
25.420004499843344,1072718.0
25.42198839993216,1072720.0
25.423985899891704,1072722.0
25.425983399851248,1072724.0
25.428004199871793,1072726.0
25.429994799895212,1072728.0
25.43199219997041,1072730.0
25.43398700002581,1072732.0
25.436983400024474,1072735.0
25.43898530001752,1072737.0
25.44900509994477,1072747.0
25.450992999831215,1072749.0
25.452994100051,1072751.0
25.456987999845296,1072753.0
25.459007599856704,1072757.0
25.46098729991354,1072759.0
25.4629857998807,1072761.0
25.464991400018334,1072763.0
25.46699590003118,1072765.0
25.46898639993742,1072767.0
25.478999400045723,1072777.0
25.4810285998974,1072779.0
25.483007399830967,1072781.0
25.48499029991217,1072783.0
25.486985799856484,1072785.0
25.488983999937773,1072787.0
25.490995799889788,1072789.0
25.49298319988884,1072791.0
25.496989799896255,1072793.0
25.507019799901173,1072805.0
25.50899300002493,1072807.0
25.510985099943355,1072809.0
25.51298450003378,1072811.0
25.51499479985796,1072813.0
25.516996099846438,1072815.0
25.518989600008354,1072817.0
25.520983499940485,1072819.0
25.522994299884886,1072821.0
25.524984800023958,1072823.0
25.53501099999994,1072833.0
25.53900510002859,1072837.0
25.540989300003275,1072839.0
25.54499169997871,1072843.0
25.546992199961096,1072845.0
25.551024300046265,1072849.0
25.553069100016728,1072851.0
25.555006899870932,1072853.0
25.56501999986358,1072863.0
25.56701339990832,1072865.0
25.568995599867776,1072867.0
25.57098630000837,1072869.0
25.572983499849215,1072871.0
25.57498319982551,1072873.0
25.57698359992355,1072875.0
25.578981899889186,1072877.0
25.580996399978176,1072879.0
25.583047699881718,1072881.0
25.585004199994728,1072883.0
25.597019899869338,1072893.0
25.5990134999156,1072897.0
25.60099079995416,1072899.0
25.602989400038496,1072901.0
25.604982999851927,1072903.0
25.60698329983279,1072905.0
25.60898320004344,1072907.0
25.61099820001982,1072909.0
25.612981699872762,1072911.0
25.62300319992937,1072921.0
25.624993899837136,1072923.0
25.626985999988392,1072925.0
25.628982200054452,1072927.0
25.631021599983796,1072929.0
25.63299799989909,1072931.0
25.634986700024456,1072933.0
25.636985099874437,1072935.0
25.638984799850732,1072937.0
25.64098330005072,1072939.0
25.65100589999929,1072949.0
25.6529902999755,1072951.0
25.65698600001633,1072953.0
25.658984399866313,1072957.0
25.660986099857837,1072959.0
25.662998599931598,1072961.0
25.664995400002226,1072963.0
25.66698749992065,1072965.0
25.66898459987715,1072967.0
25.670982099836692,1072969.0
25.681010199943557,1072979.0
25.68501319992356,1072983.0
25.686989499954507,1072985.0
25.690995799843222,1072989.0
25.69299659994431,1072991.0
25.69499669992365,1072993.0
25.69698580005206,1072995.0
25.699073399882764,1072997.0
25.709013100015,1073007.0
25.710998700000346,1073009.0
25.712988500017673,1073011.0
25.716994100017473,1073013.0
25.718983999919146,1073017.0
25.720983099890873,1073019.0
25.722983199870214,1073021.0
25.725008399924263,1073023.0
25.72699150000699,1073025.0
25.7289918998722,1073027.0
25.739007599884644,1073037.0
25.740991699974984,1073039.0
25.742986199911684,1073041.0
25.745987499831244,1073044.0
25.748002599924803,1073046.0
25.750001299893484,1073048.0
25.751987600000575,1073050.0
25.75398499984294,1073052.0
25.757019100012258,1073055.0
25.767016199883074,1073065.0
25.76899169990793,1073067.0
25.770985699957237,1073069.0
25.773987900000066,1073072.0
25.776984700001776,1073075.0
25.778985099866986,1073077.0
25.780993399908766,1073079.0
25.7830105999019,1073081.0
25.784987600054592,1073083.0
25.7950017999392,1073093.0
25.796990199945867,1073095.0
25.799004999920726,1073097.0
25.800987199880183,1073099.0
25.802985499845818,1073101.0
25.804984899936244,1073103.0
25.806982999900356,1073105.0
25.808985099894926,1073107.0
25.810983799863607,1073109.0
25.812983399955556,1073111.0
25.82300479989499,1073121.0
25.824995500035584,1073123.0
25.826987399952486,1073125.0
25.82898740004748,1073127.0
25.831025399966165,1073129.0
25.833003100007772,1073131.0
25.834993500029668,1073133.0
25.836990299867466,1073135.0
25.838987999828532,1073137.0
25.840984999900684,1073139.0
25.851006399840117,1073149.0
25.852995399851352,1073151.0
25.854989500017837,1073153.0
25.856986299855635,1073155.0
25.85898400004953,1073157.0
25.860984300030395,1073159.0
25.86298400000669,1073161.0
25.864990500034764,1073163.0
25.867016799980775,1073165.0
25.86898809997365,1073167.0
25.879001199966297,1073177.0
25.88100259983912,1073179.0
25.88301520003006,1073181.0
25.88499139994383,1073183.0
25.886988499900326,1073185.0
25.888985799858347,1073187.0
25.89098469982855,1073189.0
25.89298340003006,1073191.0
25.89698740001768,1073193.0
25.907013199990615,1073205.0
25.908998399972916,1073207.0
25.91098739998415,1073209.0
25.91300949989818,1073211.0
25.91701429989189,1073213.0
25.918994299834594,1073217.0
25.92098920000717,1073219.0
25.922987499972805,1073221.0
25.924984900048003,1073223.0
25.92698729992844,1073225.0
25.93701780005358,1073235.0
25.93900699983351,1073237.0
25.94099949998781,1073239.0
25.943027099827304,1073241.0
25.94500599987805,1073243.0
25.947006799979135,1073245.0
25.94900649995543,1073247.0
25.951003599911928,1073249.0
25.95299779996276,1073251.0
25.954995000036433,1073253.0
25.95700369984843,1073255.0
25.967022999888286,1073265.0
25.968998400028795,1073267.0
25.97098709992133,1073269.0
25.972998999990523,1073271.0
25.975006700027734,1073273.0
25.977986800018698,1073276.0
25.979986199876294,1073278.0
25.98200779990293,1073280.0
25.983997500035912,1073282.0
25.98598779994063,1073284.0
25.996002099942416,1073294.0
25.9979981998913,1073296.0
26.000007200054824,1073298.0
26.001989000011235,1073300.0
26.003986899973825,1073302.0
26.006001399829984,1073304.0
26.00798729993403,1073306.0
26.00998490001075,1073308.0
26.01198529987596,1073310.0
26.013985899975523,1073312.0
26.01600549998693,1073314.0
26.02600229997188,1073324.0
26.02798939985223,1073326.0
26.029987999936566,1073328.0
26.032016000011936,1073330.0
26.03398730000481,1073332.0
26.035985399968922,1073334.0
26.03800279996358,1073336.0
26.039994299877435,1073338.0
26.041986800031736,1073340.0
26.043985599884763,1073342.0
26.045984899858013,1073344.0
26.058003899874166,1073356.0
26.059989699861035,1073358.0
26.062025199877098,1073360.0
26.063985199900344,1073362.0
26.06600319989957,1073364.0
26.06799370003864,1073366.0
26.069991699885577,1073368.0
26.071990499971434,1073370.0
26.073985599912703,1073372.0
26.07698869984597,1073375.0
26.08900409983471,1073387.0
26.090995599981397,1073389.0
26.092987400013953,1073391.0
26.09498559986241,1073393.0
26.096984599949792,1073395.0
26.099002999952063,1073397.0
26.101002800045535,1073399.0
26.102991299936548,1073401.0
26.10500119999051,1073403.0
26.10700019984506,1073405.0
26.119020199868828,1073417.0
26.120995600009337,1073419.0
26.122987400041893,1073421.0
26.124986599897966,1073423.0
26.126986999996006,1073425.0
26.12898369994946,1073427.0
26.130989599972963,1073429.0
26.133006899850443,1073431.0
26.136993099935353,1073433.0
26.1469965998549,1073445.0
26.14899989985861,1073447.0
26.150999599834904,1073449.0
26.15298939985223,1073451.0
26.157021999824792,1073453.0
26.1589881000109,1073457.0
26.160983899841085,1073459.0
26.162984299939126,1073461.0
26.16500509995967,1073463.0
26.167000900022686,1073465.0
26.1770005999133,1073475.0
26.179007299942896,1073477.0
26.181006599916145,1073479.0
26.18299559992738,1073481.0
26.18498729984276,1073483.0
26.186984800035134,1073485.0
26.18898530001752,1073487.0
26.190986499888822,1073489.0
26.19299150002189,1073491.0
26.197009399998933,1073493.0
26.20700309984386,1073505.0
26.208990699844435,1073507.0
26.21101349988021,1073509.0
26.21299079991877,1073511.0
26.2169987000525,1073513.0
26.21898759994656,1073517.0
26.220987299922854,1073519.0
26.222987599903718,1073521.0
26.22498569986783,1073523.0
26.237008899915963,1073533.0
26.238991199992597,1073537.0
26.240987499943003,1073539.0
26.243008399847895,1073541.0
26.24498729989864,1073543.0
26.246985899982974,1073545.0
26.249102799920365,1073547.0
26.250988399842754,1073549.0
26.252984900027514,1073551.0
26.256988700013608,1073553.0
26.267005699919537,1073565.0
26.269994199974462,1073567.0
26.27198849990964,1073570.0
26.27500749984756,1073573.0
26.276990599930286,1073575.0
26.278987600002438,1073577.0
26.28103329986334,1073579.0
26.283001799834892,1073581.0
26.284993499983102,1073583.0
26.286987599916756,1073585.0
26.29700189991854,1073595.0
26.29900659993291,1073597.0
26.30099599994719,1073599.0
26.302989599993452,1073601.0
26.304985699942335,1073603.0
26.307003299938515,1073605.0
26.308988200034946,1073607.0
26.31098569999449,1073609.0
26.312986199976876,1073611.0
26.316011999966577,1073614.0
26.32801159983501,1073626.0
26.32999260001816,1073628.0
26.332017599837855,1073630.0
26.33399729989469,1073632.0
26.335990800056607,1073634.0
26.338020999915898,1073636.0
26.340009399922565,1073638.0
26.342001099837944,1073640.0
26.34398869983852,1073642.0
26.345986699918285,1073644.0
26.356021899962798,1073654.0
26.357993999961764,1073656.0
26.359988400014117,1073658.0
26.361987099982798,1073660.0
26.363985399948433,1073662.0
26.366010199999437,1073664.0
26.36799619998783,1073666.0
26.369993099942803,1073668.0
26.371987199876457,1073670.0
26.37398639996536,1073672.0
26.375985600054264,1073674.0
26.38700610003434,1073685.0
26.388996899826452,1073687.0
26.390987299848348,1073689.0
26.392987299943343,1073691.0
26.396990899927914,1073693.0
26.399028699845076,1073697.0
26.401001299964264,1073699.0
26.402987699955702,1073701.0
26.40698969992809,1073705.0
26.418010900029913,1073716.0
26.41999339987524,1073718.0
26.421988300047815,1073720.0
26.42398569989018,1073722.0
26.425984799861908,1073724.0
26.427984199952334,1073726.0
26.43003849987872,1073728.0
26.43201379990205,1073730.0
26.43399619986303,1073732.0
26.435989500023425,1073734.0
26.447020799852908,1073745.0
26.449005199829116,1073747.0
26.450995799852535,1073749.0
26.452991100028157,1073751.0
26.456986099947244,1073753.0
26.458985999925062,1073757.0
26.460983600001782,1073759.0
26.463000199990347,1073761.0
26.46502529992722,1073763.0
26.47702049999498,1073773.0
26.47899689991027,1073777.0
26.48202420002781,1073780.0
26.483997999923304,1073782.0
26.485988799948245,1073784.0
26.48798769991845,1073786.0
26.48998670000583,1073788.0
26.491984899854288,1073790.0
26.494016299955547,1073792.0
26.50400279997848,1073802.0
26.5059904998634,1073804.0
26.507986099924892,1073806.0
26.510008899960667,1073808.0
26.511990699917078,1073810.0
26.513987799873576,1073812.0
26.5170018998906,1073815.0
26.518987099872902,1073817.0
26.52098619984463,1073819.0
26.5229859999381,1073821.0
26.534010499948636,1073832.0
26.536994899855927,1073835.0
26.53898960002698,1073837.0
26.540989900007844,1073839.0
26.542991899885237,1073841.0
26.54498739982955,1073843.0
26.54698590002954,1073845.0
26.549004199914634,1073847.0
26.550991399912164,1073849.0
26.55298879998736,1073851.0
26.56300579989329,1073861.0
26.565066899871454,1073863.0
26.567001200048253,1073865.0
26.568990799831226,1073867.0
26.57098770001903,1073869.0
26.57298759999685,1073871.0
26.576998400036246,1073873.0
26.578997700009495,1073877.0
26.581070699961856,1073879.0
26.583017699886113,1073881.0
26.594025499885902,1073892.0
26.59600259992294,1073894.0
26.598001800011843,1073896.0
26.60000229999423,1073898.0
26.601992700016126,1073900.0
26.60405379999429,1073902.0
26.607000699965283,1073905.0
26.608988599851727,1073907.0
26.610987100051716,1073909.0
26.61298909992911,1073911.0
26.624007599893957,1073922.0
26.62599359988235,1073924.0
26.627990399952978,1073926.0
26.62998789991252,1073928.0
26.63202410005033,1073930.0
26.63400169997476,1073932.0
26.63700359989889,1073935.0
26.638991399900988,1073937.0
26.640986899845302,1073939.0
26.64298849995248,1073941.0
26.65400610002689,1073952.0
26.657009299844503,1073955.0
26.65899010002613,1073957.0
26.660986799979582,1073959.0
26.662988599855453,1073961.0
26.664998299907893,1073963.0
26.667014899896458,1073965.0
26.668991199927405,1073967.0
26.670988699886948,1073969.0
26.67298709996976,1073971.0
26.68301559984684,1073981.0
26.684993600007147,1073983.0
26.686988999834284,1073985.0
26.689033299917355,1073987.0
26.690988099901006,1073989.0
26.692987499991432,1073991.0
26.69498659996316,1073993.0
26.696984800044447,1073995.0
26.69914050004445,1073997.0
26.700999799882993,1073999.0
26.702990100020543,1074001.0
26.713003299897537,1074011.0
26.715008599916473,1074013.0
26.717013800051063,1074015.0
26.71999999997206,1074018.0
26.721989599987864,1074020.0
26.723987699951977,1074022.0
26.72799739986658,1074026.0
26.730000299867243,1074028.0
26.73301490000449,1074031.0
26.743005799828097,1074041.0
26.74499209993519,1074043.0
26.747023900039494,1074045.0
26.74900559987873,1074047.0
26.75099189998582,1074049.0
26.752988799940795,1074051.0
26.75699199992232,1074053.0
26.758987999986857,1074057.0
26.76099169999361,1074059.0
26.762991399969906,1074061.0
26.773013100028038,1074071.0
26.777019700035453,1074073.0
26.778995199827477,1074077.0
26.7810439998284,1074079.0
26.783008199883625,1074081.0
26.78699479997158,1074085.0
26.78898680000566,1074087.0
26.790986399864778,1074089.0
26.792996400035918,1074091.0
26.80400799983181,1074102.0
26.805993600049987,1074104.0
26.807999099837616,1074106.0
26.80998809984885,1074108.0
26.81198829994537,1074110.0
26.81501999986358,1074113.0
26.816998400026932,1074115.0
26.818990199826658,1074117.0
26.820987900020555,1074119.0
26.822989800013602,1074121.0
26.8330166998785,1074131.0
26.83700619987212,1074133.0
26.838993599871174,1074137.0
26.840994199970737,1074139.0
26.842988699907437,1074141.0
26.844986299984157,1074143.0
26.846990999998525,1074145.0
26.84899410000071,1074147.0
26.850998000008985,1074149.0
26.85298809991218,1074151.0
26.863003500038758,1074161.0
26.865001400001347,1074163.0
26.86700850003399,1074165.0
26.869156499858946,1074167.0
26.871024299878627,1074169.0
26.872993899974972,1074171.0
26.87698909989558,1074173.0
26.8789889998734,1074177.0
26.880997499916703,1074179.0
26.883045499911532,1074181.0
26.894013799959794,1074192.0
26.89599399990402,1074194.0
26.897999899927527,1074196.0
26.900001999922097,1074198.0
26.902005600044504,1074200.0
26.903994499938563,1074202.0
26.905995599925518,1074204.0
26.907988699851558,1074206.0
26.910987799987197,1074209.0
26.91298499982804,1074211.0
26.924021899932995,1074222.0
26.92599969985895,1074224.0
26.92799609992653,1074226.0
26.929992199875414,1074228.0
26.93201839993708,1074230.0
26.934001799905673,1074232.0
26.935991599923,1074234.0
26.937993899919093,1074236.0
26.93998929997906,1074238.0
26.94199109985493,1074240.0
26.953015699982643,1074251.0
26.95499420003034,1074253.0
26.95698959985748,1074255.0
26.958986700046808,1074257.0
26.96098729991354,1074259.0
26.96300939982757,1074261.0
26.966017399914563,1074264.0
26.967994999838993,1074266.0
26.969988399883732,1074268.0
26.97198689985089,1074270.0
26.983029699884355,1074281.0
26.984999199863523,1074283.0
26.986990900011733,1074285.0
26.98898909986019,1074287.0
26.990988799836487,1074289.0
26.992988199926913,1074291.0
26.99499519984238,1074293.0
26.996988399885595,1074295.0
26.999000099953264,1074297.0
27.000998799921945,1074299.0
27.01200610003434,1074310.0
27.013993700034916,1074312.0
27.01701009995304,1074315.0
27.018992099910975,1074317.0
27.020989399868995,1074319.0
27.0229882998392,1074321.0
27.024987200042233,1074323.0
27.026995499851182,1074325.0
27.03099889983423,1074329.0
27.043014999944717,1074341.0
27.04599460004829,1074344.0
27.048006299883127,1074346.0
27.050006299978122,1074348.0
27.05199189996347,1074350.0
27.05399619997479,1074352.0
27.058002199977636,1074356.0
27.05998929985799,1074358.0
27.061987000051886,1074360.0
27.07401659991592,1074372.0
27.07599479984492,1074374.0
27.07799130002968,1074376.0
27.079988799989223,1074378.0
27.08200059994124,1074380.0
27.083996000001207,1074382.0
27.085994699969888,1074384.0
27.0879997999873,1074386.0
27.090046899858862,1074388.0
27.091992399888113,1074390.0
27.104015700053424,1074402.0
27.105998399900272,1074404.0
27.10799349984154,1074406.0
27.10998800001107,1074408.0
27.11198729998432,1074410.0
27.11398889985867,1074412.0
27.117006900021806,1074415.0
27.119005999993533,1074417.0
27.120992299867794,1074419.0
27.122988800052553,1074421.0
27.137023099930957,1074433.0
27.13899579993449,1074437.0
27.14099029987119,1074439.0
27.142988599836826,1074441.0
27.144988799933344,1074443.0
27.146987499902025,1074445.0
27.14900380000472,1074447.0
27.151043500052765,1074449.0
27.153002799954265,1074451.0
27.165011700009927,1074463.0
27.167211999883875,1074465.0
27.168996899854392,1074467.0
27.170990400016308,1074469.0
27.172988699981943,1074471.0
27.17498749983497,1074473.0
27.176986400038004,1074475.0
27.17899339995347,1074477.0
27.181026599835604,1074479.0
27.184015000006184,1074482.0
27.194006399950013,1074492.0
27.195993799949065,1074494.0
27.198004300007597,1074496.0
27.199997100047767,1074498.0
27.20200669998303,1074500.0
27.203987299930304,1074502.0
27.205987100023776,1074504.0
27.207987000001594,1074506.0
27.209985999856144,1074508.0
27.211985599948093,1074510.0
27.21401169989258,1074512.0
27.224010800011456,1074522.0
27.225997099885717,1074524.0
27.22802359983325,1074526.0
27.232032699976116,1074528.0
27.23400119994767,1074532.0
27.236995100043714,1074535.0
27.23899029986933,1074537.0
27.240990599850193,1074539.0
27.242988399928436,1074541.0
27.254008299903944,1074552.0
27.256998099852353,1074555.0
27.258989800000563,1074557.0
27.261014299932867,1074559.0
27.262993899872527,1074561.0
27.265004500048235,1074563.0
27.26699909986928,1074565.0
27.268995499936864,1074567.0
27.27099009999074,1074569.0
27.272987499833107,1074571.0
27.283024200005457,1074581.0
27.285002500051633,1074583.0
27.286991599947214,1074585.0
27.288989099906757,1074587.0
27.29098859988153,1074589.0
27.29301039990969,1074591.0
27.29499079985544,1074593.0
27.29699039994739,1074595.0
27.299032900016755,1074597.0
27.30100109986961,1074599.0
27.30299019999802,1074601.0
27.31300409999676,1074611.0
27.317011599894613,1074613.0
27.318996199872345,1074617.0
27.320990100037307,1074619.0
27.322988899890333,1074621.0
27.32499949983321,1074623.0
27.32698979997076,1074625.0
27.328987600049004,1074627.0
27.330994799965993,1074629.0
27.33301189984195,1074631.0
27.34300750005059,1074641.0
27.344993599923328,1074643.0
27.346990399993956,1074645.0
27.349005699856207,1074647.0
27.350993499858305,1074649.0
27.35298960004002,1074651.0
27.354992399923503,1074653.0
27.357006799895316,1074655.0
27.358997500035912,1074657.0
27.360989899840206,1074659.0
27.36298800003715,1074661.0
27.374011700041592,1074672.0
27.376995999831706,1074675.0
27.378990299999714,1074677.0
27.38102540001273,1074679.0
27.382999500026926,1074681.0
27.38498999993317,1074683.0
27.386989099904895,1074685.0
27.389000999974087,1074687.0
27.39099149988033,1074689.0
27.392988399835303,1074691.0
27.406013099942356,1074704.0
27.40799509990029,1074706.0
27.40999019984156,1074708.0
27.411989599931985,1074710.0
27.413988299900666,1074712.0
27.416993899969384,1074715.0
27.419016599887982,1074717.0
27.420998099958524,1074719.0
27.422987799858674,1074721.0
27.424995600013062,1074723.0
27.437015099916607,1074735.0
27.43899599998258,1074737.0
27.44099140004255,1074739.0
27.44298950000666,1074741.0
27.444988299859688,1074743.0
27.446987599832937,1074745.0
27.44913429999724,1074747.0
27.451005900045857,1074749.0
27.45300199999474,1074751.0
27.456996199907735,1074753.0
27.46801479998976,1074766.0
27.470003199996427,1074768.0
27.471992099890485,1074770.0
27.473989199846983,1074772.0
27.476987999863923,1074775.0
27.478988399961963,1074777.0
27.481065799947828,1074779.0
27.483007999835536,1074781.0
27.484995399834588,1074783.0
27.486989399883896,1074785.0
27.49700629990548,1074795.0
27.49906519986689,1074797.0
27.50100369984284,1074799.0
27.50299149984494,1074801.0
27.50498929992318,1074803.0
27.50698750000447,1074805.0
27.50898709986359,1074807.0
27.5109877998475,1074809.0
27.515019400045276,1074813.0
27.517008599825203,1074815.0
27.52700879983604,1074825.0
27.52901619998738,1074827.0
27.531013499945402,1074829.0
27.53300069994293,1074831.0
27.536996999988332,1074833.0
27.538990800036117,1074837.0
27.54099110001698,1074839.0
27.54298899997957,1074841.0
27.545015099924058,1074843.0
27.54699239996262,1074845.0
27.55700649996288,1074855.0
27.558994099963456,1074857.0
27.561011199839413,1074859.0
27.562994899926707,1074861.0
27.564999799942598,1074863.0
27.566992899868637,1074865.0
27.568989200051874,1074867.0
27.570988199906424,1074869.0
27.572989400010556,1074871.0
27.577023699879646,1074873.0
27.58700759988278,1074885.0
27.589995800051838,1074888.0
27.592016499955207,1074890.0
27.593994699884206,1074892.0
27.596990799997002,1074895.0
27.599041000008583,1074897.0
27.60099279996939,1074899.0
27.60298960004002,1074901.0
27.604989300016314,1074903.0
27.60699260002002,1074905.0
27.618024999974295,1074916.0
27.619999199872836,1074918.0
27.62199419992976,1074920.0
27.62403599987738,1074922.0
27.62601220002398,1074924.0
27.62800529995002,1074926.0
27.630002199904993,1074928.0
27.632013799855486,1074930.0
27.634010100038722,1074932.0
27.637007999932393,1074935.0
27.64903309987858,1074947.0
27.652008899953216,1074950.0
27.65402020001784,1074952.0
27.65700210002251,1074955.0
27.658991999924183,1074957.0
27.660990699892864,1074959.0
27.662988199852407,1074961.0
27.6649978000205,1074963.0
27.666998999891803,1074965.0
27.67800459987484,1074976.0
27.67999570001848,1074978.0
27.684022299945354,1074980.0
27.685998199973255,1074984.0
27.687994200037792,1074986.0
27.6899904999882,1074988.0
27.69198889983818,1074990.0
27.693993099965155,1074992.0
27.695989100029692,1074994.0
27.699032499920577,1074997.0
27.701003900030628,1074999.0
27.70299330004491,1075001.0
27.70498949987814,1075003.0
27.706989199854434,1075005.0
27.708988799946383,1075007.0
27.710987800033763,1075009.0
27.71298719989136,1075011.0
27.71700459998101,1075013.0
27.728003199910745,1075026.0
27.729996799957007,1075028.0
27.732025699922815,1075030.0
27.733997599920258,1075032.0
27.73699179990217,1075035.0
27.73999059991911,1075038.0
27.742024899926037,1075040.0
27.744024199899286,1075042.0
27.74602620000951,1075044.0
27.75702130002901,1075055.0
27.759014299837872,1075057.0
27.76101249991916,1075059.0
27.76300869998522,1075061.0
27.76501729991287,1075063.0
27.76701009995304,1075065.0
27.769008199917153,1075067.0
27.771018399856985,1075069.0
27.773018599953502,1075071.0
27.77701870002784,1075073.0
27.7880215998739,1075086.0
27.790011399891227,1075088.0
27.792021799832582,1075090.0
27.79401549999602,1075092.0
27.79600950004533,1075094.0
27.79801189992577,1075096.0
27.80302149988711,1075099.0
27.806009700056165,1075104.0
27.817036099964753,1075115.0
27.819016400026157,1075117.0
27.8210580998566,1075119.0
27.823006799910218,1075121.0
27.824995199916884,1075123.0
27.826993299880996,1075125.0
27.828989499947056,1075127.0
27.830997799988836,1075129.0
27.833030899986625,1075131.0
27.837004499975592,1075133.0
27.84801679989323,1075146.0
27.850007300032303,1075148.0
27.851992999901995,1075150.0
27.85399069986306,1075152.0
27.856005699839443,1075154.0
27.857993399957195,1075156.0
27.85999280004762,1075158.0
27.86199630005285,1075160.0
27.86398799996823,1075162.0
27.866035899845883,1075164.0
27.877004700014368,1075175.0
27.878994500031695,1075177.0
27.88104259991087,1075179.0
27.883013299899176,1075181.0
27.885000800015405,1075183.0
27.88700129999779,1075185.0
27.888992599910125,1075187.0
27.890991099877283,1075189.0
27.892990799853578,1075191.0
27.89698960003443,1075193.0
27.90801279991865,1075206.0
27.91199789987877,1075210.0
27.91399300005287,1075212.0
27.917025599861518,1075215.0
27.918996599968523,1075217.0
27.92099229991436,1075219.0
27.92299159988761,1075221.0
27.924989299848676,1075223.0
27.926988699939102,1075225.0
27.93801589985378,1075236.0
27.940005699871108,1075238.0
27.941996099893004,1075240.0
27.94399269996211,1075242.0
27.945993999950588,1075244.0
27.948017299873754,1075246.0
27.95000239997171,1075248.0
27.951991699868813,1075250.0
27.953991299960762,1075252.0
27.95598919992335,1075254.0
27.967029500054196,1075265.0
27.968998699914664,1075267.0
27.970993399852887,1075269.0
27.972991599934176,1075271.0
27.97499129991047,1075273.0
27.976993799908087,1075275.0
27.978992799995467,1075277.0
27.980997399892658,1075279.0
27.98301519989036,1075281.0
27.984994099941105,1075283.0
27.997007000027224,1075295.0
27.999009300023317,1075297.0
28.000995999900624,1075299.0
28.00299459998496,1075301.0
28.004991200054064,1075303.0
28.006991100031883,1075305.0
28.008993400027975,1075307.0
28.010995199903846,1075309.0
28.012989999959245,1075311.0
28.01499959989451,1075313.0
28.026014999952167,1075324.0
28.028003299841657,1075326.0
28.02999349986203,1075328.0
28.032014299882576,1075330.0
28.034003800014034,1075332.0
28.036001299973577,1075334.0
28.03799230000004,1075336.0
28.039991499856114,1075338.0
28.04200050001964,1075340.0
28.043994599953294,1075342.0
28.05501180002466,1075353.0
28.05700629996136,1075355.0
28.05899369996041,1075357.0
28.060992500046268,1075359.0
28.06299229990691,1075361.0
28.06500169984065,1075363.0
28.067004199838266,1075365.0
28.068993899971247,1075367.0
28.07099079992622,1075369.0
28.072999299969524,1075371.0
28.08401390002109,1075382.0
28.08599739987403,1075384.0
28.088009199826047,1075386.0
28.089996099937707,1075388.0
28.091993399895728,1075390.0
28.094005399849266,1075392.0
28.09700489998795,1075395.0
28.099020899971947,1075397.0
28.10100380005315,1075399.0
28.10400199983269,1075402.0
28.117016999982297,1075413.0
28.11900239996612,1075417.0
28.120998699916527,1075419.0
28.122992599848658,1075421.0
28.124991900054738,1075423.0
28.12699000001885,1075425.0
28.128989999881014,1075427.0
28.130996099906042,1075429.0
28.13301260001026,1075431.0
28.143007999984547,1075441.0
28.145001099910587,1075443.0
28.146993899950758,1075445.0
28.149007400032133,1075447.0
28.15103209996596,1075449.0
28.152997999917716,1075451.0
28.15699529997073,1075453.0
28.158991100033745,1075457.0
28.160989800002426,1075459.0
28.16298949997872,1075461.0
28.174014799995348,1075472.0
28.17699919990264,1075475.0
28.1789924998302,1075477.0
28.181059999857098,1075479.0
28.183010600041598,1075481.0
28.184995600022376,1075483.0
28.186990999849513,1075485.0
28.188988799927756,1075487.0
28.19098989991471,1075489.0
28.192993300035596,1075491.0
28.20502149988897,1075503.0
28.207003199961036,1075505.0
28.209007099969313,1075507.0
28.210991899948567,1075509.0
28.21300380001776,1075511.0
28.21500499988906,1075513.0
28.217010899912566,1075515.0
28.218994800001383,1075517.0
28.220992399845272,1075519.0
28.2229917999357,1075521.0
28.23401529993862,1075532.0
28.23599820001982,1075534.0
28.23799699987285,1075536.0
28.23999230004847,1075538.0
28.241991499904543,1075540.0
28.243989699985832,1075542.0
28.246000499930233,1075544.0
28.248011899879202,1075546.0
28.25000729993917,1075548.0
28.251994099933654,1075550.0
28.263008299982175,1075561.0
28.266078099841252,1075564.0
28.268008399987593,1075566.0
28.269996399991214,1075568.0
28.27199189993553,1075570.0
28.273992100032046,1075572.0
28.276022299891338,1075574.0
28.27799759991467,1075576.0
28.27999349986203,1075578.0
28.282008399954066,1075580.0
28.294007800053805,1075592.0
28.297028299886733,1075595.0
28.29900939995423,1075597.0
28.30099999997765,1075599.0
28.30299500003457,1075601.0
28.30499289999716,1075603.0
28.307016799924895,1075605.0
28.308995499974117,1075607.0
28.310991999926046,1075609.0
28.31299120001495,1075611.0
28.325019999872893,1075623.0
28.326999899931252,1075625.0
28.328999999910593,1075627.0
28.33103400003165,1075629.0
28.33301189984195,1075631.0
28.33700029994361,1075635.0
28.33902069996111,1075637.0
28.340994899859652,1075639.0
28.342998699983582,1075641.0
28.354007799876854,1075652.0
28.357019499875605,1075655.0
28.359166899928823,1075657.0
28.360994499875233,1075659.0
28.362992299953476,1075661.0
28.365003400016576,1075663.0
28.367004700005054,1075665.0
28.3690065999981,1075667.0
28.37100000004284,1075669.0
28.372992699965835,1075671.0
28.38401609985158,1075682.0
28.386011600028723,1075684.0
28.388002999825403,1075686.0
28.390006499830633,1075688.0
28.392007400048897,1075690.0
28.39399309991859,1075692.0
28.396992499940097,1075695.0
28.398993300041184,1075697.0
28.40101769985631,1075699.0
28.403000500053167,1075701.0
28.41400479990989,1075712.0
28.417001500027254,1075715.0
28.418998799985275,1075717.0
28.420993499923497,1075719.0
28.422992900013924,1075721.0
28.42499139998108,1075723.0
28.42699179984629,1075725.0
28.428990700049326,1075727.0
28.430994699941948,1075729.0
28.433076199842617,1075731.0
28.444013400003314,1075742.0
28.445998799987137,1075744.0
28.448004900012165,1075746.0
28.45000969991088,1075748.0
28.45199709990993,1075750.0
28.45399309997447,1075752.0
28.45599259994924,1075755.0
28.45799300004728,1075756.0
28.45999010000378,1075758.0
28.462020499864593,1075760.0
28.47401269990951,1075772.0
28.47599669988267,1075774.0
28.478041399968788,1075776.0
28.48000209988095,1075778.0
28.4820087000262,1075780.0
28.483994799898937,1075782.0
28.48599629988894,1075784.0
28.48799269995652,1075786.0
28.489991900045425,1075788.0
28.49198960000649,1075790.0
28.50301399989985,1075801.0
28.504999599885195,1075803.0
28.509000699967146,1075807.0
28.51099619991146,1075809.0
28.515007299836725,1075813.0
28.517008899943903,1075815.0
28.520998199936002,1075819.0
28.532013999996707,1075830.0
28.53401519986801,1075832.0
28.53599729994312,1075834.0
28.537994500016794,1075836.0
28.539993199985474,1075838.0
28.541994099970907,1075840.0
28.543995999963954,1075842.0
28.545991899911314,1075844.0
28.547995399916545,1075846.0
28.550017799949273,1075848.0
28.56101129995659,1075859.0
28.562996699940413,1075861.0
28.565005199983716,1075863.0
28.56700859987177,1075865.0
28.5689957998693,1075867.0
28.570995199959725,1075869.0
28.572994200047106,1075871.0
28.577002399833873,1075873.0
28.578993999864906,1075877.0
28.590028499951586,1075888.0
28.5920080000069,1075890.0
28.593997200019658,1075892.0
28.59599359985441,1075894.0
28.598002000013366,1075896.0
28.600008399924263,1075898.0
28.601994199911132,1075900.0
28.603995899902657,1075902.0
28.6060029999353,1075904.0
28.607995099853724,1075906.0
28.610999600030482,1075909.0
28.612995499977842,1075911.0
28.617014499846846,1075913.0
28.618995799915865,1075917.0
28.621027499902993,1075919.0
28.623000799911097,1075921.0
28.624995599966496,1075923.0
28.6269948000554,1075925.0
28.629026100039482,1075927.0
28.640013499883935,1075938.0
28.641999599989504,1075940.0
28.643994699930772,1075942.0
28.64599430002272,1075944.0
28.648002199828625,1075946.0
28.650011699879542,1075948.0
28.652009699959308,1075950.0
28.653999699978158,1075952.0
28.656993499957025,1075955.0
28.65899259992875,1075957.0
28.6700206999667,1075968.0
28.672015599906445,1075970.0
28.67400599992834,1075972.0
28.676995299989358,1075975.0
28.67900069989264,1075977.0
28.68105489993468,1075979.0
28.683019199874252,1075981.0
28.684999000048265,1075983.0
28.68699419987388,1075985.0
28.68899259995669,1075987.0
28.700032099848613,1075998.0
28.70300369989127,1076001.0
28.704995299922302,1076003.0
28.706993900006637,1076005.0
28.7089941999875,1076008.0
28.710991999832913,1076009.0
28.713015099987388,1076011.0
28.717020499985665,1076013.0
28.718997600022703,1076017.0
28.730011699954048,1076028.0
28.733015999896452,1076031.0
28.73499839985743,1076033.0
28.73699350003153,1076035.0
28.738992699887604,1076037.0
28.74099209997803,1076039.0
28.74299079994671,1076041.0
28.745011299848557,1076043.0
28.746994799934328,1076045.0
28.74906349997036,1076047.0
28.760026999982074,1076058.0
28.762005700031295,1076060.0
28.7639953000471,1076062.0
28.766014999942854,1076064.0
28.767996799899265,1076066.0
28.769993799971417,1076068.0
28.771992499940097,1076070.0
28.773998299846426,1076072.0
28.776044599944726,1076074.0
28.77799930004403,1076076.0
28.7799940998666,1076078.0
28.791012099944055,1076089.0
28.79300369997509,1076091.0
28.797006899956614,1076093.0
28.79902489995584,1076097.0
28.80100529990159,1076099.0
28.802995800040662,1076101.0
28.805015299934894,1076103.0
28.80699249985628,1076105.0
28.80901259998791,1076107.0
28.82000990002416,1076118.0
28.822000399930403,1076120.0
28.824023299850523,1076122.0
28.826006500050426,1076124.0
28.827995399944484,1076126.0
28.82999680005014,1076128.0
28.832000399939716,1076130.0
28.834036499960348,1076132.0
28.835994399851188,1076134.0
28.837992300046608,1076136.0
28.848013199865818,1076146.0
28.850019000004977,1076148.0
28.852001799969003,1076150.0
28.853993899887428,1076152.0
28.856005599955097,1076154.0
28.857995399972424,1076156.0
28.859993000049144,1076158.0
28.861993599915877,1076160.0
28.86399199999869,1076162.0
28.86602279986255,1076164.0
28.86799840000458,1076166.0
28.879010299919173,1076177.0
28.88101079990156,1076179.0
28.88300839997828,1076181.0
28.884997399989516,1076183.0
28.887006599921733,1076185.0
28.88899579993449,1076187.0
28.89099229988642,1076189.0
28.89299189997837,1076191.0
28.89699129993096,1076193.0
28.900016899919137,1076198.0
28.902028599986807,1076200.0
28.90400049998425,1076202.0
28.905994900036603,1076204.0
28.90799369988963,1076206.0
28.909993999870494,1076208.0
28.911993299843743,1076210.0
28.913992899935693,1076212.0
28.91601279983297,1076214.0
28.918006299994886,1076216.0
28.92901699990034,1076227.0
28.931005999911577,1076229.0
28.933012999827042,1076231.0
28.93699529999867,1076233.0
28.938993299845606,1076237.0
28.94099639984779,1076239.0
28.942992799915373,1076241.0
28.944994299905375,1076243.0
28.94699739990756,1076245.0
28.949012299999595,1076247.0
28.960016699973494,1076258.0
28.96199949993752,1076260.0
28.96401589992456,1076262.0
28.966037299949676,1076264.0
28.96800190000795,1076266.0
28.969997899839655,1076268.0
28.971994299907237,1076270.0
28.974006899865344,1076272.0
28.97599589987658,1076274.0
28.97799149993807,1076276.0
28.989013700047508,1076287.0
28.991000999929383,1076289.0
28.992995499866083,1076291.0
28.994992999825627,1076293.0
28.996997699839994,1076295.0
28.99903149995953,1076297.0
29.001008399995044,1076299.0
29.002994499867782,1076301.0
29.004993999842554,1076303.0
29.00699509982951,1076305.0
29.01801580004394,1076316.0
29.019999400014058,1076318.0
29.022005300037563,1076320.0
29.023995300056413,1076322.0
29.026012900052592,1076324.0
29.027997199911624,1076326.0
29.029995399992913,1076328.0
29.032036300050095,1076330.0
29.034000599989668,1076332.0
29.03699589986354,1076335.0
29.048019099980593,1076346.0
29.050021099857986,1076348.0
29.05199950002134,1076350.0
29.05399509985,1076352.0
29.055994999827817,1076354.0
29.058004199992865,1076356.0
29.059993400005624,1076358.0
29.061993299983442,1076360.0
29.063993099844083,1076362.0
29.066066900035366,1076364.0
29.077012500027195,1076375.0
29.078998300014064,1076377.0
29.081046599894762,1076379.0
29.08301269984804,1076381.0
29.084997299825773,1076383.0
29.086994200013578,1076385.0
29.08901340002194,1076387.0
29.090995899867266,1076389.0
29.092995199840516,1076391.0
29.09499319992028,1076393.0
29.10601649992168,1076404.0
29.10800029989332,1076406.0
29.109994599828497,1076408.0
29.11400069994852,1076412.0
29.116016200045124,1076414.0
29.11800539982505,1076416.0
29.120008199941367,1076418.0
29.121995899826288,1076420.0
29.123994099907577,1076422.0
29.137015599990264,1076433.0
29.13899919996038,1076437.0
29.1409968000371,1076439.0
29.14299409999512,1076441.0
29.144994099857286,1076443.0
29.146994599839672,1076445.0
29.149023599922657,1076447.0
29.151025800034404,1076449.0
29.15300409984775,1076451.0
29.1640180000104,1076462.0
29.166038499912247,1076464.0
29.16800649999641,1076466.0
29.169997700024396,1076468.0
29.17199519998394,1076470.0
29.173994299955666,1076472.0
29.176993699977174,1076475.0
29.17899339995347,1076477.0
29.18102699983865,1076479.0
29.183018199866638,1076481.0
29.19400669983588,1076492.0
29.19599699997343,1076494.0
29.19801429985091,1076496.0
29.200003699865192,1076498.0
29.20199629990384,1076500.0
29.203994099982083,1076502.0
29.2059939999599,1076504.0
29.207993099931628,1076506.0
29.20999230002053,1076508.0
29.212019299855456,1076510.0
29.224013600032777,1076522.0
29.22599980002269,1076524.0
29.229025699896738,1076527.0
29.23103589983657,1076529.0
29.23301459988579,1076531.0
29.234998299973086,1076533.0
29.23699519992806,1076535.0
29.23899389989674,1076537.0
29.240993999876082,1076539.0
29.25201449985616,1076550.0
29.253999799955636,1076552.0
29.256996299838647,1076555.0
29.25899500004016,1076557.0
29.261011899914593,1076559.0
29.262997299898416,1076561.0
29.26501729991287,1076563.0
29.267005000030622,1076565.0
29.26899759983644,1076567.0
29.2709941000212,1076569.0
29.282025899970904,1076580.0
29.284011599840596,1076582.0
29.286002699984238,1076584.0
29.288003699854016,1076586.0
29.289994599996135,1076588.0
29.292017600033432,1076590.0
29.29399579996243,1076592.0
29.295996699947864,1076594.0
29.299181999871507,1076597.0
29.301004400011152,1076599.0
29.312012400012463,1076610.0
29.31400000001304,1076612.0
29.316013999981806,1076614.0
29.318000599974766,1076616.0
29.319995200028643,1076618.0
29.321993899997324,1076620.0
29.32400539983064,1076622.0
29.325993599835783,1076624.0
29.327994199935347,1076626.0
29.32999540003948,1076628.0
29.332008400000632,1076630.0
29.34301960002631,1076641.0
29.34500109986402,1076643.0
29.346996699925512,1076645.0
29.349102299893275,1076647.0
29.351029000012204,1076649.0
29.35302589996718,1076651.0
29.35503079998307,1076653.0
29.357000099960715,1076655.0
29.359023599885404,1076657.0
29.36099489987828,1076659.0
29.362995599862188,1076661.0
29.376020399853587,1076674.0
29.378003499936312,1076676.0
29.379997599869967,1076678.0
29.382050399901345,1076680.0
29.38400590000674,1076682.0
29.385998399928212,1076684.0
29.38799720001407,1076686.0
29.389993799850345,1076688.0
29.391995599959046,1076690.0
29.393995099933818,1076692.0
29.407014399999753,1076705.0
29.409001199994236,1076707.0
29.410997699946165,1076709.0
29.41299659991637,1076711.0
29.417017299914733,1076713.0
29.419003600021824,1076717.0
29.42099709995091,1076719.0
29.422995999921113,1076721.0
29.424995000008494,1076723.0
29.43601239984855,1076734.0
29.438006199896336,1076736.0
29.439998700050637,1076738.0
29.441993899876252,1076740.0
29.44399439985864,1076742.0
29.445992699824274,1076744.0
29.44800479989499,1076746.0
29.45003189984709,1076748.0
29.454001900041476,1076750.0
29.456998700043187,1076755.0
29.468016099883243,1076766.0
29.470006699906662,1076768.0
29.471997400047258,1076770.0
29.47399379988201,1076772.0
29.476994900032878,1076775.0
29.47899720002897,1076777.0
29.48104720003903,1076779.0
29.48301319987513,1076781.0
29.484999099979177,1076783.0
29.486996399937198,1076785.0
29.498015000019222,1076796.0
29.500049100024626,1076798.0
29.50400499999523,1076802.0
29.505997699918225,1076804.0
29.50799710000865,1076806.0
29.509994499851018,1076808.0
29.511995199834928,1076810.0
29.51400800002739,1076812.0
29.51800649985671,1076814.0
29.531026300042868,1076829.0
29.53300749999471,1076831.0
29.5350031000562,1076833.0
29.53699819999747,1076835.0
29.53899689996615,1076837.0
29.540995700052008,1076839.0
29.54300079983659,1076841.0
29.545007899869233,1076843.0
29.546997800003737,1076845.0
29.5489980999846,1076847.0
29.560020899865776,1076858.0
29.562002999940887,1076860.0
29.564001800026745,1076862.0
29.566002700012177,1076864.0
29.56799570005387,1076866.0
29.56999560003169,1076868.0
29.57199650001712,1076870.0
29.573994499864057,1076872.0
29.57600969984196,1076874.0
29.57800109987147,1076876.0
29.589012400014326,1076887.0
29.591016399906948,1076889.0
29.593006300041452,1076891.0
29.597002999857068,1076893.0
29.598998700035736,1076897.0
29.60099729988724,1076899.0
29.602994499960914,1076901.0
29.604994799941778,1076903.0
29.607013499829918,1076905.0
29.6180127998814,1076916.0
29.62000359990634,1076918.0
29.62202739994973,1076920.0
29.62400109996088,1076922.0
29.626003799960017,1076924.0
29.627995299873874,1076926.0
29.629994899965823,1076928.0
29.632017799885944,1076930.0
29.63399799983017,1076932.0
29.636999299982563,1076935.0
29.649022199911997,1076947.0
29.65100449998863,1076949.0
29.653001399943605,1076951.0
29.655008899979293,1076953.0
29.656998899998143,1076955.0
29.65899629984051,1076957.0
29.66099560004659,1076959.0
29.662998399930075,1076961.0
29.665005499962717,1076963.0
29.666997499996796,1076965.0
29.680013600038365,1076978.0
29.682009399868548,1076980.0
29.684001500019804,1076982.0
29.686008400050923,1076984.0
29.687998399836943,1076986.0
29.689995999913663,1076988.0
29.691994399996474,1076990.0
29.69402589998208,1076992.0
29.69599419995211,1076994.0
29.699026699876413,1076997.0
29.701020899927244,1076999.0
29.70300869992934,1077001.0
29.705003099981695,1077003.0
29.706996799912304,1077005.0
29.708994899876416,1077007.0
29.71099459985271,1077009.0
29.712992900051177,1077011.0
29.7150457999669,1077013.0
29.717005499871448,1077015.0
29.729016699828207,1077027.0
29.731085099978372,1077029.0
29.733019799925387,1077031.0
29.73501840000972,1077033.0
29.737003299873322,1077035.0
29.7390071998816,1077037.0
29.740997500019148,1077039.0
29.74299589986913,1077041.0
29.74499429995194,1077043.0
29.74700989993289,1077045.0
29.758016499923542,1077056.0
29.760002200026065,1077058.0
29.762015199987218,1077060.0
29.763999899849296,1077062.0
29.766005399869755,1077064.0
29.76799670001492,1077066.0
29.769995599985123,1077068.0
29.77199499984272,1077070.0
29.774070899933577,1077072.0
29.777000000001863,1077075.0
29.78901549987495,1077087.0
29.79301270004362,1077089.0
29.795008699875325,1077093.0
29.79699880001135,1077095.0
29.79907359997742,1077097.0
29.800999199971557,1077099.0
29.802997200051323,1077101.0
29.80499570001848,1077103.0
29.806996499886736,1077105.0
29.818013099953532,1077116.0
29.82000569999218,1077118.0
29.82200099993497,1077120.0
29.82602240005508,1077123.0
29.827999899862334,1077126.0
29.829997400054708,1077128.0
29.83200559997931,1077130.0
29.833999099908397,1077132.0
29.83599549997598,1077134.0
29.847014899831265,1077145.0
29.849010000005364,1077147.0
29.851001099916175,1077149.0
29.852997299982235,1077151.0
29.85499949986115,1077153.0
29.857019699877128,1077155.0
29.85900399996899,1077157.0
29.861006299965084,1077159.0
29.86299579986371,1077161.0
29.8650036000181,1077163.0
29.867016499862075,1077165.0
29.878015199908987,1077176.0
29.8800039999187,1077178.0
29.882031299872324,1077180.0
29.883997899945825,1077182.0
29.885996599914506,1077184.0
29.88803240004927,1077186.0
29.890050099929795,1077188.0
29.892016999889165,1077190.0
29.894042999949306,1077192.0
29.89701129985042,1077195.0
29.909021300030872,1077207.0
29.911015799967572,1077209.0
29.912999799940735,1077211.0
29.915010299999267,1077213.0
29.917002799920738,1077215.0
29.919019900029525,1077217.0
29.921000799862668,1077219.0
29.922998500056565,1077221.0
29.924996899906546,1077223.0
29.92699439986609,1077225.0
29.93901799991727,1077237.0
29.941008899826556,1077239.0
29.943002899875864,1077241.0
29.94500259985216,1077243.0
29.94699679990299,1077245.0
29.949021599953994,1077247.0
29.95100690005347,1077249.0
29.953002699883655,1077251.0
29.954997999826446,1077253.0
29.95699999993667,1077255.0
29.969026499893516,1077267.0
29.971008399967104,1077269.0
29.972999699879438,1077271.0
29.975000399863347,1077273.0
29.976996100042015,1077275.0
29.978995400015265,1077277.0
29.98104240000248,1077279.0
29.983018700033426,1077281.0
29.984999799868092,1077283.0
29.98699689982459,1077285.0
30.00002809986472,1077298.0
30.002004500012845,1077300.0
30.00399939995259,1077302.0
30.00599949993193,1077304.0
30.00799599988386,1077306.0
30.009995799977332,1077308.0
30.012006199918687,1077310.0
30.013998999958858,1077312.0
30.016021499875933,1077314.0
30.017999700037763,1077316.0
30.029022499918938,1077327.0
30.03101409994997,1077329.0
30.033006299985573,1077331.0
30.03499950002879,1077333.0
30.036999200005084,1077335.0
30.03899609996006,1077337.0
30.041996099986136,1077340.0
30.04402479995042,1077342.0
30.046009399928153,1077344.0
30.048000999959186,1077346.0
30.05902469996363,1077357.0
30.061002800008282,1077359.0
30.06299959984608,1077361.0
30.065007699886337,1077363.0
30.067001899937168,1077365.0
30.068996699992567,1077367.0
30.070997199974954,1077369.0
30.072994800051674,1077371.0
30.075019999872893,1077373.0
30.07699969992973,1077375.0
30.07899839989841,1077377.0
30.090022699907422,1077388.0
30.092012899927795,1077390.0
30.094004799844697,1077392.0
30.096998799825087,1077395.0
30.099005999974906,1077397.0
30.10100519983098,1077399.0
30.102996799862012,1077401.0
30.105006499914452,1077403.0
30.107012500055134,1077405.0
30.108999599935487,1077407.0
30.12103100004606,1077419.0
30.123010999988765,1077421.0
30.125002099899575,1077423.0
30.12700290000066,1077425.0
30.12899799994193,1077427.0
30.13104570005089,1077429.0
30.13300469983369,1077431.0
30.134996299864724,1077433.0
30.13699599984102,1077435.0
30.139010899933055,1077437.0
30.150019699940458,1077448.0
30.152003899915144,1077450.0
30.154024899937212,1077452.0
30.155999699840322,1077454.0
30.158003899967298,1077456.0
30.15999750001356,1077458.0
30.161997199989855,1077460.0
30.165005599847063,1077463.0
30.16699819988571,1077465.0
30.1690316000022,1077467.0
30.180011600023136,1077478.0
30.182007499970496,1077480.0
30.18401929992251,1077482.0
30.18700709985569,1077486.0
30.18899909988977,1077487.0
30.190999699989334,1077490.0
30.192997599951923,1077491.0
30.196999999927357,1077493.0
30.199058400001377,1077497.0
30.21101740002632,1077510.0
30.213002800010145,1077511.0
30.217030699830502,1077513.0
30.219004899961874,1077517.0
30.22099950001575,1077519.0
30.222999999998137,1077521.0
30.225004199892282,1077523.0
30.226996599929407,1077525.0
30.228995200013742,1077527.0
30.241022599861026,1077539.0
30.243003499927,1077541.0
30.244997299974784,1077543.0
30.24703580001369,1077545.0
30.249020599992946,1077547.0
30.251002099830657,1077549.0
30.252998699899763,1077551.0
30.256999499863014,1077553.0
30.25899720005691,1077557.0
30.270016999915242,1077568.0
30.27200539992191,1077570.0
30.274000799981877,1077572.0
30.276998599991202,1077575.0
30.27902440004982,1077577.0
30.28103129984811,1077579.0
30.283012500032783,1077581.0
30.28500899998471,1077583.0
30.28700129990466,1077585.0
30.28899609996006,1077587.0
30.292004900053144,1077590.0
30.29400120000355,1077592.0
30.296007999917492,1077594.0
30.298003499861807,1077596.0
30.30001399992034,1077598.0
30.30199890001677,1077600.0
30.303997499868274,1077602.0
30.305996999843046,1077604.0
30.307996900053695,1077606.0
30.3099954999052,1077608.0
30.32201600004919,1077620.0
30.32400569994934,1077622.0
30.325998599873856,1077624.0
30.328010599827394,1077626.0
30.33000069996342,1077628.0
30.332002299837768,1077630.0
30.333999400027096,1077632.0
30.335996399866417,1077634.0
30.3379997999873,1077636.0
30.339998599840328,1077638.0
30.3520206999965,1077650.0
30.354003799846396,1077652.0
30.357003999873996,1077655.0
30.35901609994471,1077657.0
30.361007699975744,1077659.0
30.363001900026575,1077661.0
30.365007600048557,1077663.0
30.367001799866557,1077665.0
30.36899739992805,1077667.0
30.37100539985113,1077669.0
30.38302439986728,1077681.0
30.385008399840444,1077683.0
30.387001799885184,1077685.0
30.389000799972564,1077687.0
30.391016699839383,1077689.0
30.39299979992211,1077691.0
30.39501679991372,1077693.0
30.397008899832144,1077695.0
30.399145199917257,1077697.0
30.40100730000995,1077699.0
30.413018099963665,1077711.0
30.415014500031248,1077713.0
30.417034599930048,1077715.0
30.419000499881804,1077717.0
30.420999799855053,1077719.0
30.42301919986494,1077721.0
30.42500159982592,1077723.0
30.42699890001677,1077725.0
30.428996999980882,1077727.0
30.431002700002864,1077729.0
30.443017999874428,1077741.0
30.44500429998152,1077743.0
30.44699990004301,1077745.0
30.44900479982607,1077747.0
30.453011399833485,1077751.0
30.455010399920866,1077753.0
30.457001299830154,1077755.0
30.458999800030142,1077757.0
30.46099659986794,1077759.0
30.473038899945095,1077771.0
30.477014999836683,1077773.0
30.479001499945298,1077777.0
30.483030299888924,1077781.0
30.48502349993214,1077783.0
30.487000999972224,1077785.0
30.48899869993329,1077787.0
30.490996700013056,1077789.0
30.503018100047484,1077801.0
30.505005300045013,1077803.0
30.50700019998476,1077805.0
30.508999099954963,1077807.0
30.510999199934304,1077809.0
30.512998499907553,1077811.0
30.515003300039098,1077813.0
30.517018399899825,1077815.0
30.519001299981028,1077817.0
30.520998700056225,1077819.0
30.53203279990703,1077830.0
30.534015099983662,1077832.0
30.53600490000099,1077834.0
30.53800019994378,1077836.0
30.539997099898756,1077838.0
30.54199879989028,1077840.0
30.544998100027442,1077843.0
30.546996999997646,1077845.0
30.549020800041035,1077847.0
30.551002299878746,1077849.0
30.56301399995573,1077861.0
30.565018099965528,1077863.0
30.567005599848926,1077865.0
30.56900110002607,1077867.0
30.570996599970385,1077869.0
30.572997799841687,1077871.0
30.57499790005386,1077873.0
30.57699660002254,1077875.0
30.578998199896887,1077877.0
30.581016900017858,1077879.0
30.59401339991018,1077892.0
30.59702209988609,1077895.0
30.59900819999166,1077897.0
30.60106060001999,1077899.0
30.603003700030968,1077901.0
30.605002199998125,1077903.0
30.60699849994853,1077905.0
30.608998199924827,1077907.0
30.611001499928534,1077909.0
30.61300929985009,1077911.0
30.624015599954873,1077922.0
30.626004699850455,1077924.0
30.628024199977517,1077926.0
30.630006999941543,1077928.0
30.63200469990261,1077930.0
30.63400229997933,1077932.0
30.63599759992212,1077934.0
30.638031499926,1077936.0
30.63999839988537,1077938.0
30.642001200001687,1077940.0
30.64402679982595,1077942.0
30.657018200028688,1077955.0
30.65900360001251,1077957.0
30.66101389983669,1077959.0
30.663007099879906,1077961.0
30.665009499993175,1077963.0
30.667004199931398,1077965.0
30.66899979999289,1077967.0
30.670999499969184,1077969.0
30.672996999928728,1077971.0
30.67499760002829,1077973.0
30.679007899947464,1077977.0
30.683011499932036,1077981.0
30.685007099993527,1077983.0
30.687002799939364,1077985.0
30.68899860000238,1077987.0
30.690999599872157,1077989.0
30.693016399862245,1077991.0
30.695001099957153,1077993.0
30.69699850003235,1077995.0
30.709023599978536,1078007.0
30.711005500052124,1078009.0
30.713000199990347,1078011.0
30.715010599931702,1078013.0
30.717004199977964,1078015.0
30.71900049992837,1078017.0
30.721000700024888,1078019.0
30.723001000005752,1078021.0
30.725010599941015,1078023.0
30.727001499850303,1078025.0
30.740032099885866,1078038.0
30.742013099836186,1078040.0
30.74400239996612,1078042.0
30.746002099942416,1078044.0
30.74800829985179,1078046.0
30.752013799967244,1078050.0
30.754000999964774,1078052.0
30.756022199988365,1078054.0
30.758008799981326,1078056.0
30.773048299830407,1078071.0
30.777026899857447,1078073.0
30.779014199972153,1078077.0
30.781068899901584,1078079.0
30.783020599978045,1078081.0
30.78500879998319,1078083.0
30.787033800035715,1078085.0
30.78900710004382,1078087.0
30.80102949985303,1078099.0
30.803021899890155,1078101.0
30.80501120002009,1078103.0
30.806999299908057,1078105.0
30.809000100009143,1078107.0
30.810997899854556,1078109.0
30.81299929996021,1078111.0
30.817022599978372,1078113.0
30.81900559994392,1078117.0
30.831028599990532,1078129.0
30.833023000042886,1078131.0
30.835012699943036,1078133.0
30.837004599859938,1078135.0
30.83899990003556,1078137.0
30.841001000022516,1078139.0
30.84299759985879,1078141.0
30.844998099841177,1078143.0
30.846997200045735,1078145.0
30.84903599997051,1078147.0
30.86101959994994,1078159.0
30.86300570005551,1078161.0
30.865027399966493,1078163.0
30.867006900021806,1078165.0
30.869000499835238,1078167.0
30.871001299936324,1078169.0
30.873000500025228,1078171.0
30.874998799990863,1078173.0
30.878998499829322,1078177.0
30.891017999965698,1078189.0
30.893003199947998,1078191.0
30.895003400044516,1078193.0
30.897023199824616,1078195.0
30.89900829992257,1078197.0
30.9010024999734,1078200.0
30.905000400030985,1078203.0
30.90799880004488,1078206.0
30.909997700015083,1078208.0
30.92202840000391,1078220.0
30.924011799972504,1078222.0
30.9260018998757,1078224.0
30.928023800021037,1078226.0
30.930003199959174,1078228.0
30.93201019987464,1078230.0
30.934001700021327,1078232.0
30.93600139999762,1078234.0
30.938000099966303,1078236.0
30.940001299837604,1078238.0
30.952022899873555,1078250.0
30.954008199973032,1078252.0
30.957002699840814,1078255.0
30.959032099926844,1078257.0
30.96100669982843,1078259.0
30.963002200005576,1078261.0
30.965018099872395,1078263.0
30.96700989990495,1078265.0
30.96900080004707,1078267.0
30.971007499843836,1078269.0
30.98304419987835,1078281.0
30.985014099860564,1078283.0
30.98700960003771,1078285.0
30.989019999979064,1078287.0
30.991003799950704,1078289.0
30.99299949989654,1078291.0
30.994998199865222,1078293.0
30.997001699870452,1078295.0
30.99900609999895,1078297.0
31.001012800028548,1078299.0
31.013014500029385,1078311.0
31.015012399991974,1078313.0
31.01700979983434,1078315.0
31.01900319987908,1078317.0
31.021013600053266,1078319.0
31.023007299983874,1078321.0
31.025002300040796,1078323.0
31.027003299910575,1078325.0
31.029001499991864,1078327.0
31.031002499861643,1078329.0
31.04302139999345,1078341.0
31.045009800000116,1078343.0
31.04700169991702,1078345.0
31.04901589988731,1078347.0
31.05100469989702,1078349.0
31.05300850002095,1078351.0
31.05500159994699,1078353.0
31.05700029991567,1078355.0
31.058998699998483,1078357.0
31.0609982998576,1078359.0
31.073017599992454,1078371.0
31.07500599999912,1078373.0
31.077000400051475,1078375.0
31.078999100020155,1078377.0
31.081021399935707,1078379.0
31.083024499937892,1078381.0
31.08500329987146,1078383.0
31.08700229995884,1078385.0
31.08900019992143,1078387.0
31.091001000022516,1078389.0
31.103023199830204,1078401.0
31.105011699954048,1078403.0
31.10700279986486,1078405.0
31.109000999946147,1078407.0
31.11099989991635,1078409.0
31.11299809999764,1078411.0
31.11503200000152,1078413.0
31.117006999906152,1078415.0
31.121007399866357,1078419.0
31.124009999912232,1078422.0
31.128010799875483,1078426.0
31.130023599835113,1078428.0
31.13201279984787,1078430.0
31.134009999921545,1078432.0
31.137002599891275,1078435.0
31.139005600009114,1078437.0
31.14099880005233,1078439.0
31.143003899836913,1078441.0
31.157024499960244,1078453.0
31.159006600035354,1078457.0
31.16204349999316,1078460.0
31.16401409986429,1078462.0
31.167010699864477,1078466.0
31.16900229989551,1078467.0
31.170999699970707,1078469.0
31.17299999995157,1078471.0
31.18501739995554,1078483.0
31.187011800007895,1078485.0
31.189001800026745,1078487.0
31.190999299986288,1078489.0
31.19300299999304,1078491.0
31.195013399934396,1078493.0
31.197003199951723,1078495.0
31.19900619983673,1078497.0
31.20100239990279,1078499.0
31.203000999987125,1078501.0
31.21502129989676,1078513.0
31.21701919985935,1078515.0
31.22000449988991,1078518.0
31.222001999849454,1078520.0
31.22400030004792,1078522.0
31.226026199990883,1078524.0
31.2280094998423,1078526.0
31.230003699893132,1078528.0
31.23202859982848,1078530.0
31.23401129990816,1078532.0
31.237132200039923,1078535.0
31.239009799901396,1078537.0
31.24102359986864,1078539.0
31.243004200048745,1078541.0
31.24500159989111,1078543.0
31.247000999981537,1078545.0
31.24902469990775,1078547.0
31.25100319995545,1078549.0
31.25300049991347,1078551.0
31.25499999988824,1078553.0
31.267018199898303,1078565.0
31.269007199909538,1078567.0
31.271002399967983,1078569.0
31.273029699921608,1078571.0
31.27500839997083,1078573.0
31.27700320002623,1078575.0
31.279001699993387,1078577.0
31.28100740001537,1078579.0
31.283028800040483,1078581.0
31.28501099999994,1078583.0
31.298023599898443,1078596.0
31.300012900028378,1078598.0
31.302010899875313,1078600.0
31.30400660005398,1078602.0
31.306007999926805,1078604.0
31.30800459999591,1078606.0
31.310002099955454,1078608.0
31.312000599922612,1078610.0
31.314002699917182,1078612.0
31.31605549994856,1078614.0
31.328017899999395,1078626.0
31.3300071998965,1078628.0
31.33203879999928,1078630.0
31.337022099876776,1078635.0
31.339005999965593,1078637.0
31.34100280003622,1078639.0
31.343004799913615,1078641.0
31.344999499851838,1078643.0
31.3469997998327,1078645.0
31.35902479989454,1078657.0
31.361009599873796,1078659.0
31.363001900026575,1078661.0
31.3650125998538,1078663.0
31.367028799839318,1078665.0
31.369010200025514,1078667.0
31.371003799838945,1078669.0
31.373000900028273,1078671.0
31.37500340002589,1078673.0
31.376999999862164,1078675.0
31.38901949999854,1078687.0
31.391007300000638,1078689.0
31.393003799952567,1078691.0
31.395000800024718,1078693.0
31.39700029999949,1078695.0
31.39902550005354,1078697.0
31.40100559988059,1078699.0
31.40300149982795,1078701.0
31.405000699916855,1078703.0
31.40800639986992,1078706.0
31.42001839983277,1078718.0
31.422008499968797,1078720.0
31.42400350002572,1078722.0
31.42600279999897,1078724.0
31.428001099964604,1078726.0
31.4299985000398,1078728.0
31.432031400036067,1078730.0
31.434007699834183,1078732.0
31.436007499927655,1078734.0
31.43800299987197,1078736.0
31.45002659992315,1078748.0
31.452007099986076,1078750.0
31.454003900056705,1078752.0
31.45700139994733,1078755.0
31.459003399824724,1078757.0
31.461000599898398,1078759.0
31.463034299900755,1078761.0
31.465020400006324,1078763.0
31.467028999933973,1078765.0
31.469009399879724,1078767.0
31.481033500051126,1078779.0
31.48302589985542,1078781.0
31.48500770004466,1078783.0
31.487003999995068,1078785.0
31.49003229988739,1078788.0
31.49200759991072,1078790.0
31.494005399988964,1078792.0
31.497008299920708,1078795.0
31.499013300053775,1078797.0
31.511016699951142,1078809.0
31.513005199842155,1078811.0
31.515035199932754,1078813.0
31.517020599916577,1078815.0
31.5190059999004,1078817.0
31.521003399975598,1078819.0
31.52300120005384,1078821.0
31.52500469982624,1078823.0
31.52700460003689,1078825.0
31.529000299982727,1078827.0
31.54102239990607,1078839.0
31.543013700051233,1078841.0
31.54500629985705,1078843.0
31.547001200029626,1078845.0
31.54901760001667,1078847.0
31.551006499910727,1078849.0
31.55300059984438,1078851.0
31.555000700056553,1078853.0
31.557004699949175,1078855.0
31.559007899835706,1078857.0
31.571017799898982,1078869.0
31.573027699952945,1078871.0
31.575013200053945,1078873.0
31.577005499973893,1078875.0
31.579005899839103,1078877.0
31.58103709993884,1078879.0
31.58302060002461,1078881.0
31.58500529988669,1078883.0
31.587001899955794,1078885.0
31.590034499997273,1078888.0
31.60202470002696,1078900.0
31.604012500029057,1078902.0
31.606044200016186,1078904.0
31.608017700025812,1078906.0
31.610006300034,1078908.0
31.612001299858093,1078910.0
31.61400799988769,1078912.0
31.617010599933565,1078915.0
31.61900129984133,1078917.0
31.621001000050455,1078919.0
31.633028500014916,1078931.0
31.63500819983892,1078933.0
31.63700670003891,1078935.0
31.641020799987018,1078937.0
31.643006599973887,1078941.0
31.645001800032333,1078943.0
31.64700339990668,1078945.0
31.649019799893722,1078947.0
31.651003299979493,1078949.0
31.663016399834305,1078961.0
31.66501949983649,1078963.0
31.66700699995272,1078965.0
31.669006099924445,1078967.0
31.671014899853617,1078969.0
31.673007499892265,1078971.0
31.675003599841148,1078973.0
31.677001500036567,1078975.0
31.679002600023523,1078977.0
31.68100699991919,1078979.0
31.696037899935618,1078993.0
31.6980179999955,1078996.0
31.70002799993381,1078998.0
31.702004799852148,1079000.0
31.704003799939528,1079002.0
31.70600189990364,1079004.0
31.70799979986623,1079006.0
31.709998599952087,1079008.0
31.711999899940565,1079010.0
31.723016399890184,1079021.0
31.725008999928832,1079023.0
31.727005299879238,1079025.0
31.729001899948344,1079027.0
31.73104289988987,1079029.0
31.733018500031903,1079031.0
31.73500519990921,1079033.0
31.73700279998593,1079035.0
31.73900259984657,1079037.0
31.741000900045037,1079039.0
31.742999899899587,1079041.0
31.75502229994163,1079053.0
31.75700780004263,1079055.0
31.759003899991512,1079057.0
31.7610014998354,1079059.0
31.76306469994597,1079061.0
31.765021699946374,1079063.0
31.76700820005499,1079065.0
31.769003399880603,1079067.0
31.771001999964938,1079069.0
31.77300069993362,1079071.0
31.78501939983107,1079083.0
31.7870091998484,1079085.0
31.78900370001793,1079087.0
31.79100179998204,1079089.0
31.793001199839637,1079091.0
31.795024999883026,1079093.0
31.79700529994443,1079095.0
31.79900710005313,1079097.0
31.80100700003095,1079099.0
31.803001399850473,1079101.0
31.815031599951908,1079113.0
31.8170175999403,1079115.0
31.819006599951535,1079117.0
31.82100320002064,1079119.0
31.82301459996961,1079121.0
31.825028900057077,1079123.0
31.827015599934384,1079125.0
31.82901280000806,1079127.0
31.83103369991295,1079129.0
31.83303670003079,1079131.0
31.83501369995065,1079133.0
31.84703029994853,1079145.0
31.849023299990222,1079147.0
31.85100769996643,1079149.0
31.85300359991379,1079151.0
31.85500400001183,1079153.0
31.857014799956232,1079155.0
31.85900659998879,1079157.0
31.861003799829632,1079159.0
31.863001700025052,1079161.0
31.86500809993595,1079163.0
31.877020200015977,1079175.0
31.879008000018075,1079177.0
31.881042300025,1079179.0
31.883022899972275,1079181.0
31.88500629994087,1079183.0
31.887011899845675,1079185.0
31.889003099873662,1079187.0
31.89100189995952,1079189.0
31.893001599935815,1079191.0
31.895001400029287,1079193.0
31.907033199910074,1079205.0
31.909009999828413,1079207.0
31.91100259986706,1079209.0
31.913002599962056,1079211.0
31.915015900041908,1079213.0
31.917014699894935,1079215.0
31.919032299891114,1079217.0
31.921010799938813,1079219.0
31.9230042998679,1079221.0
31.925003599841148,1079223.0
31.927002700045705,1079225.0
31.939027299871668,1079237.0
31.941015399992466,1079239.0
31.94300560001284,1079241.0
31.945007300004363,1079243.0
31.94700409984216,1079245.0
31.949036499951035,1079247.0
31.951007899828255,1079249.0
31.953006600029767,1079251.0
31.955005099996924,1079253.0
31.957003599964082,1079255.0
31.969037999864668,1079267.0
31.971008699852973,1079269.0
31.973012499976903,1079271.0
31.975001899991184,1079273.0
31.977000599959865,1079275.0
31.97899969993159,1079277.0
31.981033500051126,1079279.0
31.983080700039864,1079281.0
31.985025899950415,1079283.0
31.987005699891597,1079286.0
31.989003699971363,1079287.0
32.00102879991755,1079299.0
32.0030117998831,1079301.0
32.00500450003892,1079303.0
32.007003099890426,1079305.0
32.009002399863675,1079307.0
32.01102490001358,1079309.0
32.01300449995324,1079311.0
32.01504349987954,1079313.0
32.01701549999416,1079315.0
32.01900490000844,1079317.0
32.03102989983745,1079329.0
32.033029899932444,1079331.0
32.03600759990513,1079334.0
32.03800649987534,1079336.0
32.04000369994901,1079338.0
32.042018400039524,1079340.0
32.04400480003096,1079342.0
32.04600209998898,1079344.0
32.048006899887696,1079346.0
32.05003020004369,1079348.0
32.06202799989842,1079360.0
32.06401179987006,1079362.0
32.06602320005186,1079364.0
32.068008000031114,1079366.0
32.070004399865866,1079368.0
32.0720029999502,1079370.0
32.07401739992201,1079372.0
32.076007100054994,1079374.0
32.07800849992782,1079376.0
32.08000289998017,1079378.0
32.09202059987001,1079390.0
32.09401279990561,1079392.0
32.097004799870774,1079395.0
32.099018699955195,1079397.0
32.10100649995729,1079399.0
32.10300339991227,1079401.0
32.10500740003772,1079403.0
32.10700890002772,1079405.0
32.109001299832016,1079407.0
32.111002899939194,1079409.0
32.12303699995391,1079421.0
32.125024599954486,1079423.0
32.12701059994288,1079425.0
32.12900399998762,1079427.0
32.13101550005376,1079429.0
32.133010199991986,1079431.0
32.13500540005043,1079433.0
32.13701179996133,1079435.0
32.13901180005632,1079437.0
32.14100449997932,1079439.0
32.15302209998481,1079451.0
32.15501439990476,1079453.0
32.15700789983384,1079455.0
32.15900749992579,1079457.0
32.16100309998728,1079459.0
32.16300139995292,1079461.0
32.16501099988818,1079463.0
32.16700530005619,1079465.0
32.16903429990634,1079467.0
32.17100639990531,1079469.0
32.173004099866375,1079471.0
32.1860430999659,1079484.0
32.18801699997857,1079486.0
32.19001420005225,1079488.0
32.19303940003738,1079491.0
32.19502540002577,1079493.0
32.19702359987423,1079495.0
32.19902149983682,1079497.0
32.20102439983748,1079499.0
32.20300740003586,1079501.0
32.205003099981695,1079503.0
32.21703339996748,1079515.0
32.21901059988886,1079517.0
32.221006099833176,1079519.0
32.223003699909896,1079521.0
32.22500209999271,1079523.0
32.22700189985335,1079525.0
32.229001899948344,1079527.0
32.23100849986076,1079529.0
32.23305969987996,1079531.0
32.23501499998383,1079533.0
32.249055499909446,1079545.0
32.251031999941915,1079549.0
32.25301690003835,1079551.0
32.255011699860916,1079553.0
32.25700949993916,1079555.0
32.25900770002045,1079557.0
32.26100689987652,1079559.0
32.2630340999458,1079561.0
32.26501949992962,1079563.0
32.277019599918276,1079575.0
32.279017499880865,1079577.0
32.281016199849546,1079579.0
32.283011900028214,1079581.0
32.2850097999908,1079583.0
32.287004000041634,1079585.0
32.28900199988857,1079587.0
32.29100359999575,1079589.0
32.294027499854565,1079592.0
32.297006599837914,1079595.0
32.309038299834356,1079607.0
32.31101910001598,1079609.0
32.31300779990852,1079611.0
32.3150138000492,1079613.0
32.31700739986263,1079615.0
32.31900430005044,1079617.0
32.32100349990651,1079619.0
32.323002099990845,1079621.0
32.325029499828815,1079623.0
32.32700859988108,1079625.0
32.339020899962634,1079637.0
32.34103909996338,1079639.0
32.34301909990609,1079641.0
32.34500869992189,1079643.0
32.34700609999709,1079645.0
32.349010499892756,1079647.0
32.351013799896464,1079649.0
32.353003799915314,1079651.0
32.35500449989922,1079653.0
32.357020099880174,1079655.0
32.35901300003752,1079657.0
32.37203869991936,1079670.0
32.3740105999168,1079672.0
32.3770067000296,1079675.0
32.379005199996755,1079677.0
32.38105379999615,1079679.0
32.383022899972275,1079681.0
32.38500649994239,1079683.0
32.38700419990346,1079685.0
32.38902039988898,1079687.0
32.39101619995199,1079689.0
32.40503040002659,1079703.0
32.40701269987039,1079705.0
32.409006299916655,1079707.0
32.413007699884474,1079709.0
32.41501929983497,1079713.0
32.41700499993749,1079715.0
32.41903520002961,1079717.0
32.421018899884075,1079719.0
32.423007200006396,1079721.0
32.42500429996289,1079723.0
32.43902789987624,1079737.0
32.44101469987072,1079739.0
32.44300640001893,1079741.0
32.44502260000445,1079743.0
32.44701060000807,1079745.0
32.44902729988098,1079747.0
32.45102220005356,1079749.0
32.453007800038904,1079751.0
32.455004499992356,1079753.0
32.45700299995951,1079755.0
32.47002310003154,1079768.0
32.4720093999058,1079770.0
32.474006299860775,1079772.0
32.47700969991274,1079775.0
32.47900459985249,1079777.0
32.481032700045034,1079779.0
32.48301349999383,1079781.0
32.48500579991378,1079783.0
32.487003199988976,1079785.0
32.48900339985266,1079787.0
32.50102970004082,1079799.0
32.50301089999266,1079801.0
32.505006100051105,1079803.0
32.50700429989956,1079805.0
32.50900229997933,1079807.0
32.51100519997999,1079809.0
32.513009999878705,1079811.0
32.51501339999959,1079813.0
32.51902400003746,1079817.0
32.52101320005022,1079819.0
32.53302669990808,1079831.0
32.535014800028875,1079833.0
32.53701730002649,1079835.0
32.53900650003925,1079837.0
32.54102670005523,1079839.0
32.54303129995242,1079841.0
32.54503869987093,1079843.0
32.547005199827254,1079845.0
32.54903859994374,1079847.0
32.5510158999823,1079849.0
32.553009199909866,1079851.0
32.565032399958,1079863.0
32.567017999943346,1079865.0
32.56901840004139,1079867.0
32.571004200028256,1079869.0
32.57300530001521,1079871.0
32.57506940001622,1079873.0
32.57700899988413,1079876.0
32.57900519995019,1079877.0
32.58101009996608,1079879.0
32.58302799984813,1079881.0
32.585007099900395,1079883.0
32.59702289989218,1079895.0
32.59902369999327,1079897.0
32.601010399870574,1079899.0
32.60300670005381,1079901.0
32.6050068999175,1079903.0
32.60702720005065,1079905.0
32.60901029990055,1079907.0
32.61100609996356,1079909.0
32.613003900041804,1079911.0
32.61501119984314,1079913.0
32.62701900000684,1079925.0
32.6290082000196,1079927.0
32.63102119998075,1079929.0
32.63302449998446,1079931.0
32.63501369999722,1079933.0
32.63701569987461,1079936.0
32.6390072000213,1079937.0
32.64100499986671,1079939.0
32.643003299832344,1079941.0
32.64500529994257,1079943.0
32.647004100028425,1079945.0
32.660025499993935,1079958.0
32.66201019985601,1079960.0
32.664006599923596,1079962.0
32.66606649989262,1079964.0
32.66807430004701,1079966.0
32.67001759982668,1079968.0
32.67200789996423,1079970.0
32.674005300039425,1079972.0
32.67700459994376,1079975.0
32.6790050000418,1079977.0
32.693038899917156,1079991.0
32.69501299993135,1079993.0
32.69700759998523,1079995.0
32.69903249992058,1079997.0
32.70100839994848,1079999.0
32.70300849992782,1080001.0
32.705006799893454,1080003.0
32.707004399970174,1080005.0
32.70900429994799,1080007.0
32.7120036999695,1080010.0
32.72402129997499,1080022.0
32.72600989998318,1080024.0
32.728007399942726,1080026.0
32.730030599981546,1080028.0
32.73203459987417,1080030.0
32.73401799984276,1080032.0
32.73700789990835,1080035.0
32.739005599869415,1080037.0
32.741003799950704,1080039.0
32.7430223999545,1080041.0
32.75502369995229,1080053.0
32.75701149995439,1080055.0
32.75900510000065,1080057.0
32.76100429985672,1080059.0
32.763009699992836,1080061.0
32.76502879988402,1080063.0
32.76701739989221,1080065.0
32.76900819991715,1080067.0
32.771004899870604,1080069.0
32.77300479984842,1080071.0
32.77500469982624,1080073.0
32.78702349984087,1080085.0
32.78901439998299,1080087.0
32.791006499901414,1080089.0
32.793005999876186,1080091.0
32.7950232999865,1080093.0
32.79700859985314,1080095.0
32.799011199967936,1080097.0
32.80100820004009,1080099.0
32.80300549999811,1080101.0
32.80500389984809,1080103.0
32.80700449994765,1080105.0
32.82002800004557,1080118.0
32.82201169990003,1080120.0
32.825009499909356,1080124.0
32.82701610005461,1080125.0
32.82900819997303,1080127.0
32.831038899952546,1080129.0
32.83300930005498,1080131.0
32.835006000008434,1080133.0
32.837004699977115,1080136.0
32.83900359994732,1080137.0
32.851036599837244,1080149.0
32.85301629989408,1080151.0
32.85500989994034,1080153.0
32.85705849993974,1080155.0
32.85901859984733,1080157.0
32.861008199863136,1080159.0
32.86300699994899,1080161.0
32.86501629999839,1080163.0
32.86700839991681,1080165.0
32.86900439998135,1080167.0
32.87101879995316,1080169.0
32.88304329989478,1080181.0
32.885019100038335,1080183.0
32.88701589987613,1080185.0
32.889028599951416,1080187.0
32.891009599901736,1080189.0
32.895006499951705,1080193.0
32.89700510003604,1080195.0
32.899009899934754,1080197.0
32.9010121000465,1080199.0
32.90403399989009,1080203.0
32.917025699978694,1080215.0
32.919013999868184,1080217.0
32.9210260999389,1080219.0
32.923015399836004,1080221.0
32.92500659986399,1080223.0
32.92700459994376,1080225.0
32.929014900000766,1080227.0
32.93101099994965,1080229.0
32.93404019996524,1080233.0
32.937018499942496,1080235.0
32.9500573000405,1080248.0
32.95202379999682,1080250.0
32.95401189988479,1080252.0
32.957008600002155,1080255.0
32.9590060999617,1080257.0
32.9610101999715,1080259.0
32.96300429990515,1080261.0
32.965016699861735,1080263.0
32.968036300037056,1080266.0
32.980026099830866,1080278.0
32.98204070003703,1080280.0
32.98401719983667,1080282.0
32.98604450002313,1080284.0
32.988009199965745,1080286.0
32.99000729992986,1080288.0
32.992004700005054,1080290.0
32.994003999978304,1080292.0
32.99605339998379,1080294.0
32.9980281998869,1080296.0
33.000022100051865,1080298.0
33.012049600016326,1080310.0
33.01401489996351,1080312.0
33.017022900050506,1080316.0
33.01900819991715,1080317.0
33.02100639999844,1080319.0
33.023009799886495,1080321.0
33.02500589983538,1080323.0
33.02700580004603,1080325.0
33.029019499896094,1080327.0
33.03101459983736,1080329.0
33.04303659987636,1080341.0
33.04502009996213,1080343.0
33.047010199865326,1080345.0
33.049017699901015,1080347.0
33.05100960005075,1080349.0
33.05300650000572,1080351.0
33.055006799986586,1080353.0
33.05700799985789,1080355.0
33.05901199998334,1080357.0
33.0610175000038,1080359.0
33.063016099855304,1080361.0
33.07504320004955,1080373.0
33.07701570005156,1080375.0
33.07900709984824,1080377.0
33.08101790002547,1080379.0
33.08304049982689,1080381.0
33.08503840002231,1080383.0
33.087007799884304,1080385.0
33.08900279994123,1080387.0
33.091043799882755,1080389.0
33.093040799954906,1080391.0
33.10502430004999,1080403.0
33.10702669993043,1080405.0
33.10902630002238,1080407.0
33.11101759993471,1080409.0
33.113008399959654,1080411.0
33.115016900002956,1080413.0
33.117007500026375,1080415.0
33.11900429986417,1080417.0
33.12303869985044,1080419.0
33.1250118999742,1080423.0
33.13702619983815,1080435.0
33.141025099903345,1080439.0
33.143010899890214,1080441.0
33.14501570002176,1080443.0
33.147006199928,1080445.0
33.149009899934754,1080447.0
33.15100870002061,1080449.0
33.153006199980155,1080451.0
33.155031400034204,1080453.0
33.15700829983689,1080455.0
33.17104219994508,1080469.0
33.17401649989188,1080472.0
33.1770098998677,1080475.0
33.179010399850085,1080477.0
33.18105369992554,1080479.0
33.18301509995945,1080481.0
33.18500979989767,1080483.0
33.18702209996991,1080485.0
33.18901890004054,1080487.0
33.201045899884775,1080499.0
33.20301979989745,1080501.0
33.205010700039566,1080503.0
33.20700679998845,1080505.0
33.20900539983995,1080507.0
33.21100570005365,1080509.0
33.21300640003756,1080511.0
33.215011899825186,1080513.0
33.2170710999053,1080515.0
33.219016999937594,1080517.0
33.22100939997472,1080519.0
33.23304399987683,1080531.0
33.235013499855995,1080533.0
33.237010000040755,1080535.0
33.239006699994206,1080537.0
33.24100679997355,1080539.0
33.24300469993614,1080541.0
33.245005399920046,1080543.0
33.247006099903956,1080545.0
33.2490320999641,1080547.0
33.25101589993574,1080549.0
33.26302389986813,1080561.0
33.26502950000577,1080563.0
33.26701179984957,1080565.0
33.269008399918675,1080567.0
33.271005999995396,1080569.0
33.27300629997626,1080571.0
33.275003999937326,1080573.0
33.27700569992885,1080576.0
33.2790075999219,1080577.0
33.28101949999109,1080579.0
33.28302500001155,1080581.0
33.295024499995634,1080593.0
33.29702169983648,1080595.0
33.29901369987056,1080597.0
33.30100860004313,1080599.0
33.303006999893114,1080601.0
33.30500589986332,1080603.0
33.307005299953744,1080605.0
33.30900550005026,1080607.0
33.31100729992613,1080609.0
33.3130212998949,1080611.0
33.31504309992306,1080613.0
33.327214299933985,1080625.0
33.32902179984376,1080627.0
33.331041699973866,1080629.0
33.3330236999318,1080631.0
33.33501529996283,1080633.0
33.337009999901056,1080635.0
33.33901429991238,1080637.0
33.34100799984299,1080639.0
33.34304229984991,1080641.0
33.3450148999691,1080643.0
33.34705509990454,1080645.0
33.36103120003827,1080659.0
33.36302789999172,1080661.0
33.365043699974194,1080663.0
33.3670280999504,1080665.0
33.36901479982771,1080667.0
33.37103229993954,1080669.0
33.37301960005425,1080671.0
33.37503549992107,1080673.0
33.37704070005566,1080675.0
33.37901369994506,1080677.0
33.39304460003041,1080691.0
33.39501879992895,1080693.0
33.39702779985964,1080696.0
33.39902749983594,1080697.0
33.40101399994455,1080699.0
33.40301249991171,1080701.0
33.40508920000866,1080703.0
33.40703199990094,1080705.0
33.40901269996539,1080707.0
33.41100830002688,1080709.0
33.42403610004112,1080722.0
33.426035600015894,1080724.0
33.428023000014946,1080726.0
33.430018599843606,1080728.0
33.432037899969146,1080730.0
33.4340252999682,1080732.0
33.43604919989593,1080734.0
33.43803219986148,1080736.0
33.440038200002164,1080738.0
33.442030699923635,1080740.0
33.44401800003834,1080742.0
33.447034399956465,1080745.0
33.44904079986736,1080747.0
33.45105249993503,1080749.0
33.453031699871644,1080751.0
33.45502149988897,1080753.0
33.45701679983176,1080756.0
33.459017999935895,1080757.0
33.46103170001879,1080759.0
33.463017399888486,1080761.0
33.46504030004144,1080763.0
33.47903769998811,1080777.0
33.48104320000857,1080779.0
33.483040699968114,1080781.0
33.485030099982396,1080783.0
33.48701599985361,1080785.0
33.48902989993803,1080787.0
33.49101520003751,1080789.0
33.49301410000771,1080791.0
33.49501009983942,1080793.0
33.49703520000912,1080795.0
33.50902740005404,1080807.0
33.511012699920684,1080809.0
33.513036699965596,1080811.0
33.51502739987336,1080813.0
33.51701199985109,1080815.0
33.519010399933904,1080817.0
33.52100689988583,1080819.0
33.52300689998083,1080821.0
33.52500559994951,1080823.0
33.52700620004907,1080825.0
33.529019200010225,1080827.0
33.54302900005132,1080841.0
33.54503499995917,1080843.0
33.54701570002362,1080845.0
33.5490143999923,1080847.0
33.551078599877656,1080849.0
33.55301139992662,1080851.0
33.55500869988464,1080853.0
33.55700679984875,1080856.0
33.559032399905846,1080857.0
33.561011699959636,1080859.0
33.57503409986384,1080873.0
33.5770139999222,1080875.0
33.57901019998826,1080877.0
33.58104939991608,1080879.0
33.58301219996065,1080881.0
33.58501309994608,1080883.0
33.587006699992344,1080885.0
33.58900589984842,1080887.0
33.59102779999375,1080889.0
33.59301019995473,1080891.0
33.605025599943474,1080903.0
33.60705109988339,1080905.0
33.60905770002864,1080907.0
33.61102660000324,1080909.0
33.61301640002057,1080911.0
33.615017199888825,1080913.0
33.617033399874344,1080915.0
33.61900780000724,1080917.0
33.621005199849606,1080919.0
33.62302719987929,1080921.0
33.62501069996506,1080923.0
33.638048799941316,1080936.0
33.64002779987641,1080938.0
33.64201429998502,1080940.0
33.64401019993238,1080942.0
33.64601029991172,1080944.0
33.64801639993675,1080946.0
33.650010799989104,1080948.0
33.65201519988477,1080950.0
33.65401860000566,1080952.0
33.65601809998043,1080954.0
33.66802369989455,1080966.0
33.6700366998557,1080968.0
33.67201299988665,1080970.0
33.67601169995032,1080974.0
33.67800619988702,1080976.0
33.680007699877024,1080978.0
33.68201470002532,1080980.0
33.68401149986312,1080982.0
33.68603600002825,1080984.0
33.68801249982789,1080986.0
33.70003359997645,1080998.0
33.70202269987203,1081000.0
33.704014899907634,1081002.0
33.706011899979785,1081004.0
33.70800710003823,1081006.0
33.710006499895826,1081008.0
33.71200759988278,1081010.0
33.71400629985146,1081012.0
33.71703659999184,1081016.0
33.71901199989952,1081017.0
33.73103110003285,1081029.0
33.73302509984933,1081031.0
33.73501249984838,1081033.0
33.73700989992358,1081035.0
33.739007299998775,1081037.0
33.74100849987008,1081039.0
33.74301950004883,1081041.0
33.745020899921656,1081043.0
33.74701419984922,1081045.0
33.7490435000509,1081047.0
33.75102570001036,1081049.0
33.76404599985108,1081062.0
33.766028200043365,1081064.0
33.768029999919236,1081066.0
33.77002579998225,1081068.0
33.77201469987631,1081070.0
33.7740128999576,1081072.0
33.77702519996092,1081076.0
33.77902440004982,1081077.0
33.78101749997586,1081079.0
33.78302940004505,1081082.0
33.79704659990966,1081096.0
33.80102979997173,1081097.0
33.80302789993584,1081101.0
33.805015299934894,1081103.0
33.807012900011614,1081105.0
33.81103600002825,1081107.0
33.813018599990755,1081111.0
33.81602089991793,1081114.0
33.830046699848026,1081128.0
33.83203659998253,1081130.0
33.83402159996331,1081132.0
33.83702629990876,1081136.0
33.83905089995824,1081137.0
33.84102279995568,1081139.0
33.84301509987563,1081141.0
33.84501409996301,1081143.0
33.84701119991951,1081145.0
33.84904309990816,1081147.0
33.86304169986397,1081161.0
33.86504189996049,1081163.0
33.86702979984693,1081165.0
33.869033499853685,1081167.0
33.87103399983607,1081169.0
33.87302709999494,1081171.0
33.875018700025976,1081173.0
33.87902650004253,1081177.0
33.88103100005537,1081179.0
33.89504830003716,1081193.0
33.89702589996159,1081195.0
33.899045599857345,1081197.0
33.90103879990056,1081199.0
33.90302939992398,1081201.0
33.90501270000823,1081203.0
33.90702089993283,1081205.0
33.90902859997004,1081207.0
33.91102600004524,1081209.0
33.913026300026104,1081211.0
33.926034699892625,1081224.0
33.92801859998144,1081226.0
33.930010400014,1081228.0
33.93203939986415,1081230.0
33.93402259983122,1081232.0
33.93601609999314,1081234.0
33.938008500030264,1081236.0
33.940011699916795,1081238.0
33.94200639985502,1081240.0
33.944009099854156,1081242.0
33.95703549985774,1081255.0
33.959015199914575,1081257.0
33.96100979996845,1081259.0
33.963019399903715,1081261.0
33.96502700005658,1081263.0
33.96702339989133,1081265.0
33.96900999988429,1081267.0
33.97100899997167,1081269.0
33.97301489999518,1081271.0
33.97500759991817,1081273.0
33.988031999906525,1081286.0
33.99001509998925,1081288.0
33.99200990004465,1081290.0
33.99402410001494,1081292.0
33.99701069993898,1081296.0
33.99904599995352,1081297.0
34.00102259987034,1081299.0
34.0030117998831,1081301.0
34.005011999979615,1081303.0
34.00700660003349,1081305.0
34.020035799825564,1081318.0
34.02203079988249,1081320.0
34.02401919988915,1081322.0
34.0260184998624,1081324.0
34.028012099908665,1081326.0
34.03004750004038,1081328.0
34.03202619985677,1081330.0
34.034013299969956,1081332.0
34.03700969996862,1081336.0
34.03900989983231,1081337.0
34.05203270004131,1081350.0
34.054017999907956,1081352.0
34.056014199974015,1081354.0
34.058015499962494,1081356.0
34.0600095000118,1081358.0
34.06205309997313,1081360.0
34.064011099981144,1081362.0
34.066028399858624,1081364.0
34.06801100005396,1081366.0
34.07005629991181,1081368.0
34.08202990004793,1081380.0
34.08402149984613,1081382.0
34.0860116998665,1081384.0
34.088010699953884,1081386.0
34.09001539996825,1081388.0
34.09200880001299,1081390.0
34.09400639985688,1081392.0
34.097006999887526,1081396.0
34.09917499986477,1081397.0
34.10101919993758,1081399.0
34.1130276999902,1081411.0
34.11502379993908,1081413.0
34.117018799996,1081415.0
34.11901280004531,1081417.0
34.12101849983446,1081419.0
34.12300949986093,1081421.0
34.12500869994983,1081423.0
34.127010100055486,1081425.0
34.129007699899375,1081427.0
34.131012599915266,1081429.0
34.13303150003776,1081431.0
34.14502489985898,1081443.0
34.147014499874786,1081445.0
34.149027899838984,1081447.0
34.15103199984878,1081449.0
34.15301600005478,1081451.0
34.15501350001432,1081453.0
34.15701640001498,1081456.0
34.15904109994881,1081457.0
34.16100830002688,1081459.0
34.16301040002145,1081461.0
34.16501659993082,1081463.0
34.17802720004693,1081476.0
34.18001400004141,1081478.0
34.18206200003624,1081480.0
34.18402439984493,1081482.0
34.1860145998653,1081484.0
34.18801529984921,1081486.0
34.190008299890906,1081488.0
34.19201009999961,1081490.0
34.19400899996981,1081492.0
34.197007399983704,1081496.0
34.21002909983508,1081508.0
34.21201609983109,1081510.0
34.214035199955106,1081512.0
34.21702679991722,1081516.0
34.21901270002127,1081517.0
34.22101049986668,1081519.0
34.223011299967766,1081521.0
34.22500970005058,1081523.0
34.22701000003144,1081525.0
34.229007799876854,1081527.0
34.24304059986025,1081541.0
34.24504099995829,1081543.0
34.24702010001056,1081545.0
34.2490483999718,1081547.0
34.251030900049955,1081549.0
34.25302349985577,1081551.0
34.25701990001835,1081555.0
34.25901949987747,1081557.0
34.26102659991011,1081559.0
34.26302329986356,1081561.0
34.277055099839345,1081576.0
34.279030499979854,1081577.0
34.28104479983449,1081579.0
34.28304669982754,1081581.0
34.285039599984884,1081583.0
34.28702489985153,1081585.0
34.289033100008965,1081587.0
34.29104040004313,1081589.0
34.293036399874836,1081591.0
34.295020199846476,1081593.0
34.297014500014484,1081596.0
34.312038799980655,1081610.0
34.31401970004663,1081612.0
34.317044199910015,1081616.0
34.31902509997599,1081617.0
34.321027599973604,1081619.0
34.32302899984643,1081621.0
34.32501929998398,1081623.0
34.32704829983413,1081625.0
34.329018499935046,1081627.0
34.33101790002547,1081629.0
34.34503159997985,1081643.0
34.34701729984954,1081645.0
34.34904729994014,1081647.0
34.35103719984181,1081649.0
34.35303650004789,1081651.0
34.355034000007436,1081653.0
34.357016999972984,1081655.0
34.359015400055796,1081657.0
34.361014700029045,1081659.0
34.36301209987141,1081661.0
34.377039300045,1081676.0
34.37902869982645,1081677.0
34.383043699897826,1081681.0
34.38502030004747,1081683.0
34.38701539998874,1081685.0
34.389013699954376,1081687.0
34.39101230003871,1081689.0
34.39302219985984,1081691.0
34.3950398999732,1081693.0
34.40802909992635,1081706.0
34.41001409990713,1081708.0
34.412010699976236,1081710.0
34.4140365999192,1081712.0
34.41602659993805,1081714.0
34.41801239992492,1081716.0
34.42000959999859,1081718.0
34.422008799854666,1081720.0
34.42400889983401,1081722.0
34.42600720003247,1081724.0
34.43903659982607,1081737.0
34.44101609988138,1081739.0
34.443009899929166,1081741.0
34.44500970002264,1081743.0
34.44902980001643,1081745.0
34.45101569988765,1081749.0
34.453011399833485,1081751.0
34.4550097999163,1081753.0
34.457009400008246,1081756.0
34.470034199999645,1081768.0
34.47201699996367,1081770.0
34.47401129989885,1081772.0
34.47600969998166,1081774.0
34.479034199845046,1081778.0
34.481042499886826,1081779.0
34.48302899999544,1081781.0
34.48501139995642,1081783.0
34.48700929991901,1081785.0
34.489009300014004,1081787.0
34.50203450000845,1081800.0
34.50401619984768,1081802.0
34.506011199904606,1081804.0
34.50800949987024,1081806.0
34.51002369984053,1081808.0
34.51201289985329,1081810.0
34.51400940003805,1081812.0
34.516030699945986,1081814.0
34.51801529992372,1081816.0
34.520016900030896,1081818.0
34.53203470003791,1081830.0
34.53402410005219,1081832.0
34.53601589985192,1081834.0
34.53801240003668,1081836.0
34.540009399876,1081838.0
34.54201720003039,1081840.0
34.544013699982315,1081842.0
34.54600950004533,1081844.0
34.54914029990323,1081847.0
34.55102210002951,1081849.0
34.56403100001626,1081862.0
34.566031499998644,1081864.0
34.56801589997485,1081866.0
34.57001159992069,1081868.0
34.572009299881756,1081870.0
34.57402399997227,1081872.0
34.57601319998503,1081874.0
34.57800989993848,1081877.0
34.580008999910206,1081878.0
34.5820156999398,1081880.0
34.595028299838305,1081893.0
34.59701469982974,1081895.0
34.59902870003134,1081897.0
34.60101470001973,1081899.0
34.603012199979275,1081901.0
34.605012099957094,1081903.0
34.607039799913764,1081905.0
34.60902759991586,1081907.0
34.61101479991339,1081909.0
34.61301179998554,1081911.0
34.62603070004843,1081924.0
34.62801570002921,1081926.0
34.63001239998266,1081928.0
34.632035800023004,1081930.0
34.63501559989527,1081933.0
34.637031599879265,1081935.0
34.63901409995742,1081937.0
34.64101059990935,1081939.0
34.6430098998826,1081941.0
34.64502409985289,1081943.0
34.65804470004514,1081956.0
34.66002559987828,1081958.0
34.66201930004172,1081960.0
34.66401569987647,1081962.0
34.666033499874175,1081964.0
34.6680351998657,1081966.0
34.67001449991949,1081968.0
34.67201119987294,1081970.0
34.674009499838576,1081972.0
34.67601059982553,1081974.0
34.689030499896035,1081987.0
34.693047599866986,1081991.0
34.69501439994201,1081993.0
34.697011600015685,1081995.0
34.6990445998963,1081997.0
34.70102379983291,1081999.0
34.70301379985176,1082001.0
34.705011300044134,1082003.0
34.70701040001586,1082005.0
34.72003500000574,1082018.0
34.7220163999591,1082020.0
34.724013099912554,1082022.0
34.72601099987514,1082024.0
34.728009999962524,1082026.0
34.73001169995405,1082028.0
34.73203630000353,1082030.0
34.73402339988388,1082032.0
34.736014399910346,1082034.0
34.73801249987446,1082036.0
34.741018399829045,1082039.0
34.74302960000932,1082041.0
34.74501089984551,1082043.0
34.7470090999268,1082045.0
34.74906719988212,1082047.0
34.75102599989623,1082049.0
34.75301319989376,1082051.0
34.75501179997809,1082053.0
34.75700979982503,1082056.0
34.75900899991393,1082057.0
34.77202789997682,1082070.0
34.77401459985413,1082072.0
34.77601190004498,1082074.0
34.77801120001823,1082076.0
34.780030000023544,1082078.0
34.78201720002107,1082080.0
34.78401379985735,1082082.0
34.786010399926454,1082084.0
34.78800929989666,1082086.0
34.790010599885136,1082088.0
34.80303239985369,1082101.0
34.80501600005664,1082103.0
34.80701299989596,1082105.0
34.809011599980295,1082107.0
34.81101699988358,1082109.0
34.8150346998591,1082113.0
34.8170198998414,1082116.0
34.81904159998521,1082117.0
34.821036299923435,1082119.0
34.83503809990361,1082133.0
34.83702179999091,1082135.0
34.83901509991847,1082137.0
34.841030000010505,1082139.0
34.843041399959475,1082141.0
34.84501999989152,1082143.0
34.84701599995606,1082145.0
34.84903579996899,1082147.0
34.85101870005019,1082149.0
34.85301689989865,1082151.0
34.86704529984854,1082165.0
34.87003039987758,1082168.0
34.872016299981624,1082170.0
34.874042300041765,1082172.0
34.87703839992173,1082176.0
34.87902559991926,1082177.0
34.881049799965695,1082179.0
34.88303739996627,1082181.0
34.885021599940956,1082183.0
34.89903789991513,1082197.0
34.90102289989591,1082199.0
34.90302490000613,1082201.0
34.90504550002515,1082203.0
34.90702509996481,1082205.0
34.909018100006506,1082207.0
34.91101469984278,1082209.0
34.913046199828386,1082211.0
34.91503699985333,1082213.0
34.919056499842554,1082217.0
34.93406519992277,1082232.0
34.93704600003548,1082236.0
34.93903449992649,1082237.0
34.94105189992115,1082239.0
34.94304180005565,1082241.0
34.94503239984624,1082243.0
34.94704440003261,1082245.0
34.94905429985374,1082247.0
34.95104720001109,1082249.0
34.96606789994985,1082264.0
34.9680363999214,1082266.0
34.970029099844396,1082268.0
34.9720282999333,1082270.0
34.97403799998574,1082272.0
34.97603060002439,1082274.0
34.9780168000143,1082276.0
34.98003039998002,1082278.0
34.98203899990767,1082280.0
34.98403249983676,1082282.0
34.99704089993611,1082295.0
34.99902829993516,1082297.0
35.00101859983988,1082299.0
35.00301339989528,1082301.0
35.00501279998571,1082303.0
35.00701049994677,1082305.0
35.009018199983984,1082307.0
35.01102659991011,1082309.0
35.01301470003091,1082311.0
35.01502399984747,1082313.0
35.02804009988904,1082326.0
35.03001370001584,1082328.0
35.03404359985143,1082332.0
35.03601499996148,1082334.0
35.03801879985258,1082336.0
35.04001239989884,1082338.0
35.04201460001059,1082340.0
35.04402259993367,1082342.0
35.04601189983077,1082344.0
35.059045099886134,1082357.0
35.06303429999389,1082361.0
35.06503399997018,1082363.0
35.06702569988556,1082365.0
35.069034199928865,1082367.0
35.07102889986709,1082369.0
35.073018099879846,1082371.0
35.07503249985166,1082373.0
35.07702239998616,1082375.0
35.09105199994519,1082389.0
35.093025899957865,1082391.0
35.09502390003763,1082393.0
35.09701679996215,1082396.0
35.09903549985029,1082397.0
35.10103749996051,1082399.0
35.10301860002801,1082401.0
35.105031499871984,1082403.0
35.10701789986342,1082405.0
35.10904520004988,1082407.0
35.123042199993506,1082421.0
35.12503829994239,1082423.0
35.12801930005662,1082426.0
35.1300388998352,1082428.0
35.13205299992114,1082430.0
35.13403319986537,1082432.0
35.137037799926475,1082436.0
35.14002060005441,1082438.0
35.142030799994245,1082440.0
35.15704259998165,1082456.0
35.159021799918264,1082457.0
35.16101499996148,1082459.0
35.16301659983583,1082461.0
35.16502399998717,1082463.0
35.16704129986465,1082465.0
35.16905210004188,1082467.0
35.171024000039324,1082469.0
35.173016499960795,1082471.0
35.17501619993709,1082473.0
35.189036399824545,1082487.0
35.19104940001853,1082489.0
35.1930255999323,1082491.0
35.195030599832535,1082493.0
35.197044499916956,1082495.0
35.1990330000408,1082497.0
35.201027599861845,1082499.0
35.203018199885264,1082501.0
35.205015799961984,1082503.0
35.207016499945894,1082505.0
35.209030099911615,1082507.0
35.223035800037906,1082521.0
35.225021899910644,1082523.0
35.22701929998584,1082525.0
35.22903349995613,1082527.0
35.231301499996334,1082529.0
35.23303409991786,1082531.0
35.23501649987884,1082533.0
35.237013599835336,1082535.0
35.23901539994404,1082537.0
35.241012499900535,1082539.0
35.254031099844724,1082552.0
35.25701819988899,1082556.0
35.259014499839395,1082557.0
35.26101839984767,1082559.0
35.263015599921346,1082561.0
35.265034900046885,1082563.0
35.26702190004289,1082565.0
35.26901409984566,1082567.0
35.27101269993,1082569.0
35.2730115999002,1082571.0
35.28603219985962,1082584.0
35.28801759984344,1082586.0
35.29001559992321,1082588.0
35.292015299899504,1082590.0
35.294012399856,1082592.0
35.29601149982773,1082594.0
35.2980208999943,1082596.0
35.30002689990215,1082598.0
35.30201569991186,1082600.0
35.304012399865314,1082602.0
35.31704199989326,1082615.0
35.319019299931824,1082617.0
35.32101810001768,1082619.0
35.32303319987841,1082621.0
35.32501449994743,1082623.0
35.32701179990545,1082625.0
35.32901129988022,1082627.0
35.33101830002852,1082629.0
35.33303639991209,1082631.0
35.335016099968925,1082633.0
35.34803800005466,1082646.0
35.35002789995633,1082648.0
35.352016099961475,1082650.0
35.35401530005038,1082652.0
35.35711089987308,1082656.0
35.35901969997212,1082657.0
35.36101710004732,1082659.0
35.363013399997726,1082661.0
35.365027099847794,1082663.0
35.36702839983627,1082665.0
35.380030300002545,1082678.0
35.383038399973884,1082681.0
35.385019399924204,1082683.0
35.38703559990972,1082685.0
35.389017099980265,1082687.0
35.3910131000448,1082689.0
35.393012000015005,1082691.0
35.397022699937224,1082694.0
35.399057699833065,1082697.0
35.41303519997746,1082711.0
35.41504029999487,1082713.0
35.41706390003674,1082716.0
35.4190382999368,1082717.0
35.421037199907005,1082719.0
35.4230208999943,1082721.0
35.425034099956974,1082723.0
35.42701979982667,1082725.0
35.42902019992471,1082727.0
35.43101860000752,1082729.0
35.43305069999769,1082731.0
35.44806099985726,1082746.0
35.45110579999164,1082749.0
35.45303640002385,1082751.0
35.45505119999871,1082753.0
35.4570319999475,1082755.0
35.45902069984004,1082757.0
35.461017299909145,1082759.0
35.4630413998384,1082761.0
35.46503990003839,1082763.0
35.467048599850386,1082765.0
35.481051499955356,1082779.0
35.48304530000314,1082781.0
35.4850408998318,1082783.0
35.48705090000294,1082785.0
35.48903699987568,1082787.0
35.491025999886915,1082789.0
35.49306829995476,1082791.0
35.49503559991717,1082793.0
35.49703449988738,1082796.0
35.49904669984244,1082797.0
35.50103889987804,1082799.0
35.515052899951115,1082813.0
35.51703400001861,1082816.0
35.51902380003594,1082817.0
35.521018399856985,1082819.0
35.523040999891236,1082821.0
35.52503290004097,1082823.0
35.527024699840695,1082825.0
35.52901880000718,1082827.0
35.531020999886096,1082829.0
35.533039700007066,1082831.0
35.53502079984173,1082833.0
35.55006319982931,1082848.0
35.55203039990738,1082850.0
35.554039999842644,1082852.0
35.557031699921936,1082856.0
35.55903010000475,1082857.0
35.561013999860734,1082859.0
35.56301309983246,1082861.0
35.56501709995791,1082863.0
35.56703499983996,1082865.0
35.569015899905935,1082867.0
35.5820412999019,1082880.0
35.584025299875066,1082882.0
35.58603470004164,1082884.0
35.5880183998961,1082886.0
35.590016699861735,1082888.0
35.59201269992627,1082890.0
35.594051099848,1082892.0
35.59606319991872,1082894.0
35.598066499922425,1082896.0
35.60004079993814,1082898.0
35.613030300009996,1082911.0
35.615052399924025,1082913.0
35.61704979999922,1082915.0
35.61904629995115,1082917.0
35.62102159997448,1082919.0
35.62303159991279,1082921.0
35.62502279994078,1082923.0
35.62701699999161,1082925.0
35.62901300005615,1082927.0
35.631049199961126,1082929.0
35.645041399868205,1082943.0
35.647050000028685,1082945.0
35.64904749998823,1082947.0
35.65102469990961,1082949.0
35.653032399946824,1082951.0
35.655023199971765,1082953.0
35.657018299913034,1082956.0
35.65901709999889,1082957.0
35.66304280003533,1082961.0
35.677066299831495,1082976.0
35.679033800028265,1082977.0
35.68104529986158,1082979.0
35.683036600006744,1082981.0
35.68502129986882,1082983.0
35.68702229997143,1082985.0
35.689033600036055,1082987.0
35.69104149984196,1082989.0
35.69404339999892,1082993.0
35.69705089996569,1082996.0
35.71104920003563,1083009.0
35.71303680003621,1083011.0
35.71504889987409,1083013.0
35.71703529986553,1083015.0
35.71902209986001,1083017.0
35.72104340000078,1083019.0
35.72311299992725,1083021.0
35.72519599995576,1083023.0
35.72705059987493,1083025.0
35.72903040004894,1083027.0
35.731034100055695,1083029.0
35.745041999965906,1083043.0
35.747024399926886,1083045.0
35.749046499840915,1083047.0
35.75102910003625,1083049.0
35.75301959994249,1083051.0
35.755034300033,1083053.0
35.7570243999362,1083055.0
35.759024899918586,1083057.0
35.76101539982483,1083059.0
35.76301690004766,1083061.0
35.76504740002565,1083063.0
35.78004470001906,1083078.0
35.78208169993013,1083080.0
35.784036400029436,1083082.0
35.786044699838385,1083084.0
35.78802699991502,1083086.0
35.79001999995671,1083088.0
35.79204289987683,1083091.0
35.794050300028175,1083092.0
35.7970199000556,1083096.0
35.79905919986777,1083097.0
35.81303339987062,1083111.0
35.81504020001739,1083113.0
35.817031499929726,1083115.0
35.819020099937916,1083117.0
35.821015499997884,1083119.0
35.82301489985548,1083121.0
35.82501329993829,1083123.0
35.82701310003176,1083125.0
35.82901420001872,1083127.0
35.831020900048316,1083129.0
35.833044699858874,1083131.0
35.846036799950525,1083144.0
35.84804129996337,1083146.0
35.85002560005523,1083148.0
35.85201509995386,1083150.0
35.85401470004581,1083152.0
35.85601529991254,1083154.0
35.85901449993253,1083158.0
35.86101199989207,1083159.0
35.86303639994003,1083161.0
35.86502010002732,1083163.0
35.87804219988175,1083176.0
35.88001969992183,1083178.0
35.88202130002901,1083180.0
35.88401669985615,1083182.0
35.88601360004395,1083184.0
35.88801359990612,1083186.0
35.890011799987406,1083188.0
35.89201329997741,1083190.0
35.89403559989296,1083192.0
35.89601599983871,1083194.0
35.909054399933666,1083207.0
35.9110293998383,1083209.0
35.91302049998194,1083211.0
35.915032000048086,1083213.0
35.91702109994367,1083216.0
35.919016500003636,1083217.0
35.92101479996927,1083220.0
35.92301289993338,1083221.0
35.9250457000453,1083223.0
35.92701809993014,1083225.0
35.940042400034145,1083238.0
35.942035199841484,1083241.0
35.944020099937916,1083242.0
35.946017399895936,1083244.0
35.94806699990295,1083246.0
35.95002859993838,1083248.0
35.952016699826345,1083250.0
35.95401780004613,1083252.0
35.95705289999023,1083256.0
35.95903779985383,1083257.0
35.97205369989388,1083270.0
35.974029100034386,1083272.0
35.97605479997583,1083274.0
35.97804299998097,1083276.0
35.98002279992215,1083278.0
35.98207119992003,1083280.0
35.984033999964595,1083282.0
35.986023399978876,1083284.0
35.98804489988834,1083286.0
35.99002499994822,1083288.0
35.992048599990085,1083290.0
36.00806299992837,1083306.0
36.01004999992438,1083308.0
36.01203550002538,1083310.0
36.01403129985556,1083312.0
36.01606069994159,1083314.0
36.01805069996044,1083316.0
36.02003739983775,1083318.0
36.02305389987305,1083322.0
36.02504669991322,1083324.0
36.02703799982555,1083325.0
36.04308079998009,1083342.0
36.04505469999276,1083343.0
36.04704890004359,1083345.0
36.04905459983274,1083347.0
36.05104189994745,1083349.0
36.05304769985378,1083351.0
36.05502099986188,1083353.0
36.05702599999495,1083355.0
36.05903219990432,1083357.0
36.06102110003121,1083359.0
36.06303810002282,1083361.0
36.078046299982816,1083376.0
36.08006289997138,1083378.0
36.08405329985544,1083381.0
36.08603719994426,1083384.0
36.08816309995018,1083386.0
36.09002189990133,1083388.0
36.09201719984412,1083390.0
36.09405259997584,1083392.0
36.0960528999567,1083394.0
36.09905089996755,1083397.0
36.115040899952874,1083414.0
36.117027199827135,1083416.0
36.11904260003939,1083417.0
36.12104250001721,1083419.0
36.12302689999342,1083421.0
36.125025499844924,1083423.0
36.12705409992486,1083425.0
36.12903740000911,1083427.0
36.131042999913916,1083429.0
36.13304360001348,1083431.0
36.146034199977294,1083444.0
36.14802900003269,1083446.0
36.15002249996178,1083448.0
36.15201579988934,1083450.0
36.15401559998281,1083452.0
36.15701989992522,1083456.0
36.159034699900076,1083457.0
36.16102429991588,1083459.0
36.16301599983126,1083461.0
36.16502869990654,1083463.0
36.17903249990195,1083477.0
36.18103299988434,1083479.0
36.18303249985911,1083482.0
36.18502059997991,1083483.0
36.18701480003074,1083485.0
36.18904099985957,1083487.0
36.1910192000214,1083489.0
36.193014999851584,1083491.0
36.195013999938965,1083493.0
36.197014099918306,1083495.0
36.210041699931026,1083508.0
36.2120222998783,1083510.0
36.21401620004326,1083512.0
36.21703980001621,1083516.0
36.21902439999394,1083517.0
36.22103470005095,1083519.0
36.223018100019544,1083521.0
36.22501519997604,1083523.0
36.227014699950814,1083525.0
36.22901390003972,1083527.0
36.24204309983179,1083540.0
36.24402579991147,1083542.0
36.246018699835986,1083545.0
36.248028700007126,1083546.0
36.25003340002149,1083549.0
36.2520341000054,1083550.0
36.25401709997095,1083552.0
36.25601510005072,1083554.0
36.258017299929634,1083556.0
36.26001389999874,1083558.0
36.26201539998874,1083560.0
36.27503419993445,1083573.0
36.27702170005068,1083576.0
36.27901559998281,1083577.0
36.281101800035685,1083579.0
36.283044500043616,1083581.0
36.28501999983564,1083583.0
36.28704959992319,1083585.0
36.289015099871904,1083587.0
36.29104489996098,1083589.0
36.293014199938625,1083591.0
36.29501529992558,1083593.0
36.309034399921075,1083607.0
36.31101970002055,1083609.0
36.313015499850735,1083611.0
36.315049099968746,1083614.0
36.317021699855104,1083615.0
36.31901829992421,1083617.0
36.32101790001616,1083619.0
36.32301319995895,1083621.0
36.325017699971795,1083623.0
36.327014999929816,1083625.0
36.34003679989837,1083638.0
36.342025300022215,1083640.0
36.34401590004563,1083642.0
36.34804549999535,1083646.0
36.35002449993044,1083648.0
36.35201649996452,1083650.0
36.35401459992863,1083652.0
36.357016099849716,1083656.0
36.35901609994471,1083657.0
36.37303430004977,1083671.0
36.37501959991641,1083673.0
36.377017499879,1083676.0
36.37902499991469,1083677.0
36.381032599834725,1083679.0
36.383024899987504,1083682.0
36.38503309991211,1083683.0
36.387041199952364,1083685.0
36.38902279990725,1083687.0
36.39102489990182,1083689.0
36.406045199837536,1083704.0
36.40803709998727,1083707.0
36.41004949994385,1083708.0
36.41204810002819,1083710.0
36.41404389985837,1083712.0
36.41705120005645,1083716.0
36.41902989987284,1083717.0
36.42102320003323,1083719.0
36.42304229992442,1083722.0
36.425045599928126,1083723.0
36.44004089990631,1083738.0
36.44203579984605,1083740.0
36.4440260999836,1083742.0
36.447030999930575,1083745.0
36.449046599911526,1083747.0
36.45102579984814,1083749.0
36.45302290003747,1083752.0
36.45504150004126,1083753.0
36.45704020000994,1083755.0
36.459019999951124,1083757.0
36.4740390998777,1083772.0
36.47602609987371,1083774.0
36.47802929999307,1083776.0
36.480036000022665,1083778.0
36.482054400024936,1083780.0
36.484038199996576,1083782.0
36.4860773999244,1083784.0
36.48804079997353,1083786.0
36.49003229988739,1083788.0
36.492028299951926,1083790.0
36.507050100015476,1083805.0
36.509033099981025,1083808.0
36.511039699893445,1083809.0
36.513040699996054,1083811.0
36.51503809983842,1083813.0
36.51704859989695,1083816.0
36.51904130005278,1083817.0
36.52102690003812,1083819.0
36.523026099894196,1083821.0
36.52504949993454,1083823.0
36.54104539984837,1083839.0
36.54303039982915,1083841.0
36.54501889995299,1083843.0
36.547015900025144,1083846.0
36.54903919994831,1083847.0
36.55102199991234,1083849.0
36.55301689985208,1083851.0
36.555020299972966,1083853.0
36.557015700032935,1083856.0
36.56001749983989,1083858.0
36.574033699929714,1083872.0
36.57701909984462,1083876.0
36.579043299891055,1083877.0
36.58103420003317,1083879.0
36.584022499853745,1083883.0
36.58601649990305,1083885.0
36.58801719988696,1083886.0
36.59101699991152,1083889.0
36.59301509987563,1083891.0
36.607038100017235,1083905.0
36.60902319988236,1083908.0
36.61104599991813,1083909.0
36.6130224999506,1083911.0
36.61502699996345,1083913.0
36.61701799998991,1083915.0
36.61901599983685,1083918.0
36.62101670005359,1083919.0
36.62301880004816,1083922.0
36.62501610000618,1083923.0
36.64003649982624,1083938.0
36.64204239984974,1083940.0
36.64402709994465,1083942.0
36.6460196999833,1083944.0
36.64802629989572,1083947.0
36.65001769992523,1083948.0
36.65201839990914,1083950.0
36.65405340003781,1083952.0
36.65601689997129,1083954.0
36.65804539993405,1083957.0
36.6720344000496,1083971.0
36.67404149984941,1083972.0
36.677023499971256,1083976.0
36.679018300026655,1083977.0
36.681044599972665,1083979.0
36.68302270001732,1083981.0
36.685016399947926,1083983.0
36.687018499942496,1083986.0
36.68905479996465,1083987.0
36.691020200029016,1083990.0
36.70403310004622,1084002.0
36.70603060000576,1084004.0
36.70801940001547,1084007.0
36.71001689997502,1084008.0
36.71201799996197,1084011.0
36.71401620004326,1084012.0
36.71703669987619,1084016.0
36.71901969984174,1084017.0
36.72104740003124,1084019.0
36.72302019991912,1084021.0
36.73806059989147,1084036.0
36.74002749985084,1084038.0
36.74202169990167,1084040.0
36.7440184999723,1084042.0
36.746018699835986,1084045.0
36.748026499990374,1084046.0
36.75003289990127,1084048.0
36.752019699895754,1084050.0
36.75402029999532,1084052.0
36.75601699994877,1084055.0
36.75902509992011,1084057.0
36.76101929997094,1084059.0
36.76301719993353,1084061.0
36.765033500036225,1084063.0
36.76703749992885,1084066.0
36.77002949989401,1084068.0
36.77201909990981,1084071.0
36.7740169998724,1084072.0
36.77701779990457,1084076.0
36.79103279998526,1084090.0
36.793023200007156,1084091.0
36.79501759982668,1084093.0
36.79803159995936,1084096.0
36.800035199848935,1084098.0
36.802020399831235,1084100.0
36.80401679989882,1084102.0
36.80603939993307,1084105.0
36.80801639985293,1084106.0
36.810016399947926,1084108.0
36.824057599995285,1084122.0
36.82602240005508,1084125.0
36.82801599986851,1084126.0
36.8300164998509,1084128.0
36.832030300050974,1084130.0
36.834020499838516,1084133.0
36.83801810001023,1084136.0
36.84001749986783,1084139.0
36.8420169998426,1084140.0
36.85604129987769,1084154.0
36.858024099841714,1084157.0
36.86002100002952,1084158.0
36.86202079989016,1084160.0
36.86403029994108,1084162.0
36.86602670000866,1084164.0
36.86802030005492,1084167.0
36.87202869984321,1084168.0
36.87404749984853,1084173.0
36.88904979988001,1084187.0
36.89103049994446,1084189.0
36.89304709993303,1084192.0
36.895028200000525,1084193.0
36.89702180004679,1084196.0
36.89902490004897,1084197.0
36.90103670000099,1084199.0
36.90302659990266,1084201.0
36.90502279996872,1084203.0
36.9070351999253,1084205.0
36.92305979994126,1084221.0
36.92504470003769,1084223.0
36.92703470005654,1084225.0
36.92903700005263,1084227.0
36.931042099837214,1084230.0
36.93303029984236,1084231.0
36.93502239999361,1084233.0
36.937028399901465,1084235.0
36.93905629985966,1084237.0
36.941032599890605,1084240.0
36.95704749994911,1084256.0
36.95904510002583,1084257.0
36.961051600053906,1084259.0
36.96302549983375,1084261.0
36.965043199947104,1084263.0
36.967038200004026,1084266.0
36.9690676999744,1084267.0
36.97105499985628,1084269.0
36.97304459987208,1084271.0
36.975042099831626,1084273.0
36.99105479987338,1084289.0
36.99304199987091,1084291.0
36.995060299988836,1084293.0
36.99703440000303,1084295.0
36.999049899866804,1084297.0
37.00104180001654,1084300.0
37.003041399875656,1084301.0
37.00503350002691,1084303.0
37.00702549982816,1084305.0
37.00902429991402,1084307.0
37.02504889992997,1084324.0
37.02705019991845,1084325.0
37.02902999985963,1084327.0
37.031050899997354,1084329.0
37.033049599966034,1084331.0
37.035040399990976,1084334.0
37.03806920000352,1084336.0
37.040027499897406,1084339.0
37.04202419985086,1084340.0
37.044024099828675,1084342.0
37.058063899865374,1084357.0
37.06004590005614,1084358.0
37.06206259992905,1084360.0
37.06404109997675,1084362.0
37.066039100056514,1084365.0
37.068035499891266,1084367.0
37.070027499925345,1084368.0
37.07203419995494,1084370.0
37.0740204998292,1084372.0
37.0760178999044,1084374.0
37.07804950000718,1084377.0
37.08103899983689,1084379.0
37.083034799899906,1084381.0
37.08502310002223,1084383.0
37.08702049986459,1084385.0
37.08901909994893,1084388.0
37.09101779991761,1084389.0
37.09301680000499,1084391.0
37.095031699864194,1084393.0
37.0970215999987,1084395.0
37.099020099965855,1084398.0
37.10101730003953,1084399.0
37.11504489998333,1084413.0
37.11702739982866,1084415.0
37.119029300054535,1084417.0
37.121018999954686,1084419.0
37.12301669991575,1084422.0
37.12501610000618,1084423.0
37.127031199866906,1084425.0
37.12902130000293,1084427.0
37.131022199988365,1084429.0
37.1330275000073,1084432.0
37.147036999929696,1084445.0
37.151032199850306,1084449.0
37.15302149998024,1084452.0
37.155018399935216,1084454.0
37.15705200005323,1084455.0
37.159023199928924,1084458.0
37.16101959999651,1084459.0
37.16301739984192,1084461.0
37.165022699860856,1084463.0
37.167020899942145,1084465.0
37.180037199985236,1084478.0
37.18202760000713,1084481.0
37.184023099951446,1084482.0
37.18601839989424,1084484.0
37.18802040000446,1084486.0
37.190037899883464,1084488.0
37.19202840002254,1084491.0
37.1940216999501,1084492.0
37.197018599836156,1084496.0
37.20003249985166,1084498.0
37.21403589984402,1084512.0
37.21703079994768,1084516.0
37.21902209986001,1084517.0
37.22104249987751,1084520.0
37.22302210005,1084521.0
37.22502009989694,1084523.0
37.227017799858004,1084525.0
37.22901809983887,1084527.0
37.231024499982595,1084530.0
37.2330419998616,1084531.0
37.24603269994259,1084545.0
37.248034100048244,1084546.0
37.25003209989518,1084548.0
37.25203029997647,1084550.0
37.25402110000141,1084553.0
37.258024299982935,1084556.0
37.260017100023106,1084559.0
37.26202389993705,1084560.0
37.26401689997874,1084562.0
37.26610550004989,1084565.0
37.280036399839446,1084578.0
37.28204860002734,1084580.0
37.284029699862,1084583.0
37.28602409991436,1084585.0
37.2880192999728,1084586.0
37.29001949983649,1084588.0
37.29201620002277,1084590.0
37.294016799889505,1084593.0
37.2980464999564,1084596.0
37.3120444000233,1084610.0
37.314041999867186,1084613.0
37.31803199998103,1084616.0
37.320021299878135,1084618.0
37.32202049996704,1084620.0
37.32401919993572,1084623.0
37.32601729989983,1084625.0
37.32801689999178,1084626.0
37.33005049987696,1084628.0
37.34303819993511,1084641.0
37.34502479992807,1084644.0
37.347043599933386,1084645.0
37.34906359994784,1084647.0
37.35102860000916,1084650.0
37.353021800052375,1084651.0
37.35502099990845,1084654.0
37.35801890003495,1084656.0
37.36001699999906,1084659.0
37.36204189993441,1084660.0
37.3660342998337,1084665.0
37.368025599978864,1084667.0
37.37001889990643,1084668.0
37.372018799884245,1084670.0
37.37405569991097,1084672.0
37.37804570002481,1084676.0
37.38002149993554,1084678.0
37.3840214998927,1084682.0
37.39903709990904,1084697.0
37.40106699988246,1084700.0
37.40302439988591,1084701.0
37.405019799945876,1084704.0
37.407021400053054,1084705.0
37.409020900027826,1084707.0
37.411031499970704,1084709.0
37.41302069998346,1084711.0
37.415021899854764,1084714.0
37.418027699925005,1084716.0
37.43203529994935,1084731.0
37.434025099966675,1084732.0
37.43601970002055,1084734.0
37.438093499979004,1084736.0
37.440018699970096,1084738.0
37.44203140004538,1084741.0
37.444021499948576,1084742.0
37.446017999900505,1084744.0
37.44802560005337,1084746.0
37.45013069990091,1084748.0
37.46505740005523,1084764.0
37.46704999986105,1084765.0
37.46903909998946,1084767.0
37.471030900022015,1084770.0
37.47306939982809,1084771.0
37.47503719991073,1084774.0
37.47706269985065,1084775.0
37.479065199848264,1084777.0
37.481035499833524,1084779.0
37.483053099829704,1084781.0
37.485040799947456,1084784.0
37.50005010003224,1084798.0
37.502028099959716,1084800.0
37.50405519991182,1084803.0
37.50605629989877,1084805.0
37.50803929986432,1084806.0
37.510032000020146,1084808.0
37.51202859985642,1084810.0
37.514022999908775,1084813.0
37.518049699952826,1084816.0
37.53306089993566,1084831.0
37.535052499966696,1084834.0
37.537041099974886,1084835.0
37.53902919986285,1084837.0
37.54203430004418,1084841.0
37.54402489983477,1084842.0
37.5460260999389,1084844.0
37.54804709996097,1084846.0
37.550059400033206,1084849.0
37.55204640002921,1084850.0
37.56704190000892,1084866.0
37.56902759987861,1084867.0
37.571023599943146,1084869.0
37.57303959992714,1084872.0
37.57503589987755,1084873.0
37.577024600002915,1084876.0
37.579022999852896,1084877.0
37.581066499929875,1084880.0
37.58306229999289,1084881.0
37.58505009999499,1084883.0
37.600046099862084,1084898.0
37.60203649988398,1084900.0
37.60402600001544,1084902.0
37.60602349997498,1084905.0
37.60803429991938,1084906.0
37.610037999926135,1084909.0
37.612050799885765,1084910.0
37.6140278999228,1084912.0
37.6170425999444,1084916.0
37.619024799903855,1084917.0
37.633048499934375,1084931.0
37.63502739998512,1084934.0
37.63802329986356,1084936.0
37.64002089994028,1084938.0
37.64201799989678,1084940.0
37.644048899877816,1084943.0
37.64603800000623,1084945.0
37.65003519994207,1084946.0
37.652023599948734,1084950.0
37.66604789998382,1084965.0
37.66804470005445,1084966.0
37.670023099984974,1084969.0
37.67203009990044,1084970.0
37.67401829990558,1084972.0
37.6770517998375,1084976.0
37.679031499894336,1084978.0
37.68103770003654,1084979.0
37.68304160004482,1084981.0
37.68502649990842,1084984.0
37.68802919983864,1084986.0
37.690021799877286,1084988.0
37.6920409000013,1084990.0
37.69402219983749,1084992.0
37.69702019984834,1084996.0
37.699024699861184,1084997.0
37.701020600041375,1085000.0
37.7030501998961,1085001.0
37.7050301998388,1085003.0
37.70702309999615,1085005.0
37.723058899864554,1085022.0
37.72503179986961,1085023.0
37.727023399900645,1085025.0
37.729057899909094,1085027.0
37.73104959982447,1085029.0
37.73304169997573,1085032.0
37.73602920002304,1085034.0
37.7380510000512,1085036.0
37.74002969986759,1085038.0
37.74202260002494,1085041.0
37.75705989985727,1085056.0
37.75904050003737,1085057.0
37.76102710003033,1085060.0
37.763022899860516,1085061.0
37.765068099834025,1085064.0
37.767060599988326,1085065.0
37.76905939984135,1085067.0
37.77104749996215,1085069.0
37.7730471000541,1085071.0
37.77504249988124,1085074.0
37.77704710001126,1085075.0
37.79306509997696,1085091.0
37.79505219985731,1085093.0
37.79705539997667,1085096.0
37.799066399922594,1085097.0
37.801056100055575,1085099.0
37.80305869993754,1085101.0
37.80505119985901,1085104.0
37.80705069983378,1085105.0
37.80905189993791,1085108.0
37.811042099958286,1085109.0
37.81303299986757,1085111.0
37.830070399912074,1085128.0
37.832074699923396,1085131.0
37.83405479998328,1085132.0
37.83605509996414,1085135.0
37.83805889985524,1085136.0
37.842050599865615,1085140.0
37.84404319990426,1085142.0
37.84807730000466,1085146.0
37.86506949993782,1085164.0
37.867049699882045,1085165.0
37.87103439983912,1085169.0
37.873023099964485,1085171.0
37.87502110004425,1085173.0
37.877021400025114,1085176.0
37.87904889998026,1085177.0
37.881034599849954,1085179.0
37.883034699829295,1085181.0
37.88502090005204,1085184.0
37.89903869992122,1085197.0
37.90102959983051,1085200.0
37.90302439988591,1085201.0
37.905019799945876,1085204.0
37.90701949992217,1085205.0
37.90901850000955,1085207.0
37.91205329983495,1085211.0
37.91403230000287,1085212.0
37.917032999917865,1085216.0
37.931041499832645,1085229.0
37.933029799954966,1085231.0
37.936022399924695,1085235.0
37.938020600005984,1085237.0
37.940018999855965,1085238.0
37.94202149985358,1085240.0
37.944035300053656,1085243.0
37.94602489983663,1085245.0
37.948023800039664,1085247.0
37.95003789989278,1085248.0
37.96404879982583,1085262.0
37.966036199824885,1085265.0
37.968025899957865,1085266.0
37.9700215999037,1085268.0
37.97201879997738,1085271.0
37.97402199986391,1085272.0
37.97603689995594,1085275.0
37.978022899944335,1085276.0
37.98002139991149,1085278.0
37.982023699907586,1085281.0
37.998057399876416,1085296.0
38.000042099971324,1085299.0
38.00202629994601,1085300.0
38.004024599911645,1085302.0
38.00604479992762,1085305.0
38.00802919990383,1085306.0
38.01002599997446,1085309.0
38.01202209992334,1085310.0
38.01402150001377,1085312.0
38.028052099980414,1085327.0
38.03003149991855,1085328.0
38.03204569988884,1085330.0
38.03403169987723,1085333.0
38.038059199927375,1085336.0
38.040040199877694,1085338.0
38.042029599891976,1085340.0
38.04404079983942,1085343.0
38.046032099984586,1085345.0
38.06305760005489,1085361.0
38.06505850004032,1085364.0
38.06704570003785,1085365.0
38.06905609997921,1085368.0
38.07104069995694,1085369.0
38.07302540005185,1085372.0
38.07502490002662,1085373.0
38.07703229994513,1085376.0
38.079022999852896,1085377.0
38.08104799990542,1085379.0
38.0980711998418,1085396.0
38.10007639997639,1085398.0
38.10205679992214,1085400.0
38.104045799933374,1085403.0
38.10607199999504,1085405.0
38.108041499974206,1085407.0
38.1100482000038,1085408.0
38.11203749990091,1085410.0
38.114068399881944,1085413.0
38.11606250004843,1085414.0
38.133073299890384,1085431.0
38.135039899963886,1085433.0
38.13703009998426,1085436.0
38.139054500032216,1085437.0
38.14102409989573,1085440.0
38.1430287999101,1085441.0
38.1450532998424,1085444.0
38.147062900010496,1085445.0
38.14904939988628,1085447.0
38.15104579995386,1085450.0
38.1670438000001,1085465.0
38.169042099965736,1085468.0
38.171032999875024,1085469.0
38.1730253000278,1085471.0
38.1750409998931,1085473.0
38.17805289989337,1085476.0
38.180034699849784,1085478.0
38.18403479992412,1085482.0
38.18607409996912,1085485.0
38.20204519992694,1085500.0
38.2040250999853,1085502.0
38.206025099847466,1085505.0
38.20802340004593,1085506.0
38.210034999996424,1085509.0
38.21202480001375,1085510.0
38.21402159985155,1085512.0
38.217029799940065,1085516.0
38.21902099996805,1085517.0
38.22102079982869,1085519.0
38.23504509986378,1085533.0
38.2380276999902,1085536.0
38.24003220000304,1085538.0
38.24202589993365,1085540.0
38.24402129999362,1085543.0
38.24802970001474,1085545.0
38.2500348999165,1085548.0
38.25202129990794,1085550.0
38.25402110000141,1085553.0
38.268041000002995,1085567.0
38.27002549986355,1085568.0
38.2720343999099,1085570.0
38.274025599937886,1085572.0
38.2780277999118,1085576.0
38.28002129984088,1085578.0
38.28207359998487,1085580.0
38.28403849992901,1085583.0
38.28702669986524,1085585.0
38.30104389996268,1085600.0
38.30304539995268,1085601.0
38.30502490000799,1085603.0
38.30702209984884,1085606.0
38.30902160005644,1085608.0
38.31102119991556,1085610.0
38.314021199941635,1085613.0
38.31704230001196,1085616.0
38.319042399991304,1085618.0
38.33305020001717,1085632.0
38.33503389987163,1085633.0
38.33802629983984,1085636.0
38.34002609993331,1085638.0
38.34202259988524,1085640.0
38.34402079996653,1085642.0
38.348028799984604,1085645.0
38.351059400010854,1085649.0
38.36531100003049,1085664.0
38.367050600005314,1085665.0
38.36903079994954,1085667.0
38.37102760002017,1085670.0
38.37302199983969,1085671.0
38.37502199993469,1085674.0
38.37802329985425,1085676.0
38.38002149993554,1085679.0
38.382053199922666,1085680.0
38.38403359986842,1085682.0
38.398051699856296,1085697.0
38.400032999925315,1085698.0
38.40202569984831,1085701.0
38.40402749995701,1085702.0
38.40604639984667,1085705.0
38.40802009985782,1085707.0
38.41001889994368,1085708.0
38.41201930004172,1085711.0
38.41404299996793,1085712.0
38.41804509982467,1085716.0
38.43204979994334,1085731.0
38.43402829999104,1085732.0
38.43802669993602,1085736.0
38.44002169999294,1085738.0
38.44202269986272,1085740.0
38.44402049994096,1085743.0
38.4460491000209,1085745.0
38.44803650001995,1085747.0
38.450033699860796,1085748.0
38.452022299868986,1085750.0
38.46703889989294,1085765.0
38.46903589996509,1085768.0
38.47102559986524,1085769.0
38.473020599922165,1085771.0
38.47502089990303,1085774.0
38.47702439990826,1085775.0
38.47902429988608,1085778.0
38.48102569999173,1085779.0
38.48305849987082,1085781.0
38.48503499990329,1085784.0
38.48702499992214,1085785.0
38.502036900026724,1085801.0
38.50402639992535,1085802.0
38.506024200003594,1085805.0
38.50802359986119,1085807.0
38.5100242998451,1085808.0
38.51202420005575,1085811.0
38.51402070000768,1085812.0
38.51604439993389,1085815.0
38.518059300025925,1085816.0
38.52002379996702,1085819.0
38.522023000055924,1085820.0
38.537042199866846,1085836.0
38.5390298999846,1085838.0
38.54104269994423,1085839.0
38.543029400054365,1085841.0
38.54502439987846,1085844.0
38.547022899845615,1085845.0
38.549042699858546,1085848.0
38.55102979997173,1085849.0
38.55302449990995,1085851.0
38.55502759991214,1085854.0
38.570045799948275,1085869.0
38.5720500999596,1085870.0
38.57403100002557,1085873.0
38.5760274999775,1085874.0
38.578026099829,1085876.0
38.5800234999042,1085879.0
38.58205269998871,1085880.0
38.58403499983251,1085883.0
38.586029399884865,1085885.0
38.58803680003621,1085886.0
38.60304560000077,1085902.0
38.60502999997698,1085903.0
38.60702749993652,1085905.0
38.609023599885404,1085908.0
38.61102279997431,1085909.0
38.613021299941465,1085912.0
38.615033000009134,1085913.0
38.6180430999957,1085916.0
38.62002409994602,1085919.0
38.622031199978665,1085921.0
38.638052799971774,1085936.0
38.642035899916664,1085940.0
38.64403059985489,1085942.0
38.64602979994379,1085945.0
38.64805439999327,1085946.0
38.65005039982498,1085948.0
38.6520293999929,1085951.0
38.65402300003916,1085952.0
38.65802179998718,1085956.0
38.67204579990357,1085971.0
38.6740288999863,1085972.0
38.67602530005388,1085975.0
38.67802400002256,1085976.0
38.68001989996992,1085979.0
38.68204670003615,1085981.0
38.68402799987234,1085982.0
38.686023300047964,1085985.0
38.68802349991165,1085986.0
38.69002249999903,1085989.0
38.69302179990336,1085991.0
38.70704140001908,1086005.0
38.709029099904,1086008.0
38.711024599848315,1086009.0
38.71304479986429,1086012.0
38.715033899992704,1086013.0
38.71802609995939,1086016.0
38.720022399909794,1086018.0
38.72202129988,1086021.0
38.72402059985325,1086022.0
38.72602089983411,1086025.0
38.72903839987703,1086028.0
38.73103050002828,1086029.0
38.73304499988444,1086032.0
38.73502669995651,1086033.0
38.73702450003475,1086035.0
38.73902429989539,1086038.0
38.741022899979725,1086039.0
38.743022199952975,1086042.0
38.745034700026736,1086043.0
38.74702290003188,1086045.0
38.749037799891084,1086048.0
38.763326099840924,1086062.0
38.765051200054586,1086063.0
38.76703660003841,1086065.0
38.769028699956834,1086068.0
38.77102359989658,1086069.0
38.77302149985917,1086072.0
38.77502279984765,1086073.0
38.778025599895045,1086076.0
38.780026599997655,1086078.0
38.78203090000898,1086081.0
38.79805189999752,1086097.0
38.800039999885485,1086098.0
38.8020354998298,1086101.0
38.804025299847126,1086102.0
38.80602759984322,1086105.0
38.8080265999306,1086107.0
38.810023499885574,1086108.0
38.81202089996077,1086111.0
38.81405379995704,1086112.0
38.816110299900174,1086115.0
38.83205490000546,1086131.0
38.83402920002118,1086132.0
38.83602789998986,1086135.0
38.83801409997977,1086137.0
38.84002969996072,1086138.0
38.84202479990199,1086141.0
38.84402239997871,1086142.0
38.846053699962795,1086145.0
38.848027899861336,1086147.0
38.85004459996708,1086148.0
38.86504879989661,1086164.0
38.86703439988196,1086166.0
38.869037199998274,1086167.0
38.87102900003083,1086170.0
38.87302579986863,1086171.0
38.8750252998434,1086174.0
38.87702200002968,1086176.0
38.879024900030345,1086177.0
38.88102849991992,1086180.0
38.88303869985975,1086181.0
38.885036499937996,1086184.0
38.8990425998345,1086198.0
38.90103890001774,1086199.0
38.90302939992398,1086202.0
38.90502479998395,1086204.0
38.90702309994958,1086205.0
38.909023500047624,1086208.0
38.91102589992806,1086209.0
38.91302129998803,1086212.0
38.91502509987913,1086213.0
38.91704689990729,1086215.0
38.93104759999551,1086229.0
38.933041099924594,1086232.0
38.93502669990994,1086233.0
38.93802520004101,1086236.0
38.9400253999047,1086238.0
38.94205640000291,1086241.0
38.94402950000949,1086242.0
38.94602150004357,1086245.0
38.94805089989677,1086247.0
38.950080199865624,1086248.0
38.96407849993557,1086263.0
38.966054799966514,1086265.0
38.96803150000051,1086266.0
38.97002619993873,1086269.0
38.97202520002611,1086270.0
38.974022599868476,1086273.0
38.97802649997175,1086276.0
38.98004659987055,1086279.0
38.98203029995784,1086280.0
38.98403469985351,1086283.0
38.99805579986423,1086296.0
39.000041199848056,1086299.0
39.00203139986843,1086300.0
39.00402590003796,1086303.0
39.00603329995647,1086305.0
39.00802469998598,1086307.0
39.01002179994248,1086309.0
39.01204049983062,1086310.0
39.01402969984338,1086313.0
39.016129499999806,1086314.0
39.01802770001814,1086317.0
39.0330617998261,1086331.0
39.03503659996204,1086334.0
39.038044000044465,1086336.0
39.0400260000024,1086339.0
39.0420227998402,1086340.0
39.04402909986675,1086343.0
39.04602659982629,1086345.0
39.048027199925855,1086346.0
39.05004370003007,1086349.0
39.05202569998801,1086350.0
39.06605469994247,1086365.0
39.068034699885175,1086367.0
39.070029999827966,1086369.0
39.0720263000112,1086370.0
39.07405639998615,1086373.0
39.07603490003385,1086374.0
39.078026099829,1086377.0
39.080024499911815,1086379.0
39.08202610001899,1086380.0
39.08402709988877,1086383.0
39.086024599848315,1086384.0
39.100044399965554,1086399.0
39.102029899833724,1086400.0
39.10402469988912,1086403.0
39.10604860004969,1086405.0
39.10802789987065,1086407.0
39.11002769996412,1086409.0
39.11202330002561,1086410.0
39.114022199995816,1086413.0
39.11804519989528,1086416.0
39.12002549995668,1086419.0
39.1340488998685,1086433.0
39.1380544998683,1086436.0
39.14003889984451,1086439.0
39.14203380001709,1086440.0
39.14403790002689,1086443.0
39.146046299953014,1086444.0
39.14807599992491,1086446.0
39.15005930000916,1086449.0
39.152061600005254,1086450.0
39.154040899826214,1086453.0
39.169068600051105,1086468.0
39.17103739990853,1086470.0
39.173026900039986,1086471.0
39.175034099956974,1086474.0
39.17802680004388,1086476.0
39.18002239987254,1086479.0
39.18207390001044,1086480.0
39.18404909991659,1086483.0
39.18602729984559,1086485.0
39.18802549992688,1086486.0
39.20304369996302,1086501.0
39.205031499965116,1086504.0
39.20702670002356,1086505.0
39.2090246998705,1086508.0
39.21102439984679,1086510.0
39.21302429982461,1086511.0
39.2150832999032,1086514.0
39.21703129983507,1086515.0
39.21902520000003,1086518.0
39.22102349996567,1086520.0
39.224032199941576,1086522.0
39.22602569987066,1086525.0
39.228023199830204,1086526.0
39.23002490005456,1086529.0
39.23204419994727,1086530.0
39.23403759999201,1086533.0
39.23803130001761,1086536.0
39.24002519994974,1086539.0
39.242023800034076,1086541.0
39.24402410001494,1086542.0
39.258043800015,1086557.0
39.260029199998826,1086558.0
39.262036399915814,1086561.0
39.26404040004127,1086563.0
39.26603979989886,1086565.0
39.26802790001966,1086567.0
39.27002559998073,1086568.0
39.272026099963114,1086571.0
39.274023399921134,1086573.0
39.278055399889126,1086576.0
39.29205060005188,1086591.0
39.29405330005102,1086593.0
39.29804469994269,1086596.0
39.30003539985046,1086599.0
39.302028900012374,1086600.0
39.3040253999643,1086603.0
39.30602469993755,1086605.0
39.308026999933645,1086607.0
39.31004819995724,1086609.0
39.31203859997913,1086610.0
39.32605839986354,1086625.0
39.32803800003603,1086627.0
39.33003219985403,1086628.0
39.33203969988972,1086631.0
39.3340316999238,1086633.0
39.338031199993566,1086636.0
39.34007179993205,1086639.0
39.342055100016296,1086640.0
39.344026499893516,1086643.0
39.34602619986981,1086645.0
39.36106080003083,1086660.0
39.36304149986245,1086661.0
39.367058399831876,1086664.0
39.36903909989633,1086667.0
39.3710433000233,1086670.0
39.37303190003149,1086671.0
39.37502749986015,1086674.0
39.3770270999521,1086676.0
39.37902539991774,1086677.0
39.395074900006875,1086694.0
39.39805389987305,1086696.0
39.4000531998463,1086699.0
39.40203420002945,1086701.0
39.4050270000007,1086704.0
39.40702349995263,1086706.0
39.409026599954814,1086707.0
39.41102260001935,1086710.0
39.41305309999734,1086711.0
39.41605530004017,1086715.0
39.418031899956986,1086717.0
39.420024999883026,1086719.0
39.42202419997193,1086721.0
39.42402739985846,1086722.0
39.42602629982866,1086725.0
39.42802240001038,1086726.0
39.43002979992889,1086729.0
39.432055099867284,1086731.0
39.43404089985415,1086732.0
39.43803199985996,1086736.0
39.45305319991894,1086752.0
39.45503589999862,1086753.0
39.45803350000642,1086756.0
39.46003589988686,1086758.0
39.462091400055215,1086761.0
39.46404099999927,1086762.0
39.46605429984629,1086765.0
39.46804349985905,1086767.0
39.47002959996462,1086768.0
39.4720260000322,1086771.0
39.48605119995773,1086785.0
39.488035700051114,1086787.0
39.4900688000489,1086789.0
39.49202839983627,1086791.0
39.49404360004701,1086792.0
39.49602909991518,1086795.0
39.4980337000452,1086796.0
39.50006869994104,1086799.0
39.50213859998621,1086801.0
39.504028300056234,1086802.0
39.506034999853,1086805.0
39.52105139987543,1086820.0
39.5230371998623,1086821.0
39.525046800030395,1086824.0
39.52703489991836,1086826.0
39.53002989990637,1086829.0
39.53205659985542,1086831.0
39.534047699999064,1086832.0
39.5380355999805,1086836.0
39.54009669995867,1086838.0
39.55405230005272,1086853.0
39.5560573998373,1086854.0
39.55803789990023,1086857.0
39.56003009993583,1086859.0
39.56203719996847,1086860.0
39.56402949988842,1086863.0
39.56605360005051,1086865.0
39.56803319999017,1086867.0
39.570059600053355,1086869.0
39.572042000014335,1086871.0
39.574028299888596,1086873.0
39.5780315999873,1086876.0
39.58003119984642,1086879.0
39.58203989989124,1086880.0
39.58403060003184,1086883.0
39.58606079989113,1086884.0
39.58803360001184,1086887.0
39.59003119985573,1086889.0
39.59203159995377,1086890.0
39.594032200053334,1086893.0
39.596030599903315,1086894.0
39.61104630003683,1086909.0
39.613030900014564,1086912.0
39.61504319985397,1086913.0
39.61703839991242,1086916.0
39.61902710003778,1086917.0
39.621025200001895,1086920.0
39.62302369996905,1086921.0
39.625022899825126,1086924.0
39.62702369992621,1086926.0
39.62902639992535,1086927.0
39.63106060004793,1086930.0
39.64606179995462,1086945.0
39.64806879987009,1086947.0
39.65004409989342,1086948.0
39.65203720005229,1086951.0
39.65403659990989,1086952.0
39.658030699938536,1086956.0
39.66003379994072,1086958.0
39.66204379987903,1086961.0
39.66403949982487,1086963.0
39.6660543999169,1086965.0
39.68305899994448,1086981.0
39.685045999940485,1086983.0
39.687033699825406,1086986.0
39.6890314000193,1086988.0
39.69102909998037,1086989.0
39.693044799845666,1086992.0
39.6950311998371,1086993.0
39.69703059992753,1086996.0
39.6990489999298,1086998.0
39.70104720001109,1086999.0
39.71505799982697,1087013.0
39.71704100002535,1087016.0
39.71903180005029,1087017.0
39.721027799881995,1087020.0
39.723046799888834,1087022.0
39.72502669994719,1087024.0
39.7270259000361,1087025.0
39.72902529989369,1087028.0
39.73103459994309,1087030.0
39.73304189997725,1087031.0
39.73503129999153,1087034.0
39.751086300006136,1087050.0
39.75303619983606,1087052.0
39.755046299891546,1087053.0
39.758031599922106,1087056.0
39.7600245999638,1087059.0
39.76202729996294,1087061.0
39.764024399919435,1087062.0
39.76606329996139,1087065.0
39.76803909987211,1087066.0
39.77004049997777,1087069.0
39.78604649985209,1087085.0
39.78803149983287,1087087.0
39.79003559984267,1087088.0
39.79202689998783,1087091.0
39.794026099843904,1087093.0
39.79804140003398,1087096.0
39.80004219990224,1087099.0
39.80204079998657,1087100.0
39.80402779998258,1087103.0
39.82004539994523,1087118.0
39.82202950003557,1087121.0
39.82402769988403,1087123.0
39.828027699841186,1087125.0
39.83002969995141,1087129.0
39.8320579000283,1087130.0
39.83403229992837,1087133.0
39.83602889999747,1087134.0
39.83805759996176,1087137.0
39.854054800001904,1087153.0
39.85804169997573,1087156.0
39.86003590002656,1087159.0
39.862031899858266,1087161.0
39.86405209987424,1087162.0
39.8660323000513,1087165.0
39.86806380003691,1087166.0
39.8700261998456,1087169.0
39.87202599993907,1087171.0
39.88604580005631,1087185.0
39.88803189992905,1087186.0
39.89002719987184,1087189.0
39.894029799848795,1087192.0
39.8960496999789,1087195.0
39.89803939987905,1087196.0
39.90003250003792,1087199.0
39.90202589984983,1087201.0
39.90402599982917,1087203.0
39.90602490003221,1087205.0
39.92105020000599,1087220.0
39.92303559998982,1087221.0
39.925027299905196,1087224.0
39.92702839989215,1087225.0
39.9290395998396,1087228.0
39.93103790003806,1087230.0
39.933032599976286,1087231.0
39.93502789991908,1087234.0
39.93702509999275,1087235.0
39.939025699859485,1087238.0
39.95405349996872,1087252.0
39.956033000024036,1087255.0
39.958029199857265,1087256.0
39.96004979987629,1087259.0
39.96203020005487,1087261.0
39.96402910002507,1087263.0
39.96604499989189,1087265.0
39.968027599854395,1087266.0
39.97003229986876,1087269.0
39.97202540002763,1087271.0
39.97503879992291,1087273.0
39.977031599963084,1087276.0
39.97903009993024,1087277.0
39.981032100040466,1087280.0
39.98305679997429,1087282.0
39.98503079987131,1087283.0
39.987026900053024,1087286.0
39.98902720003389,1087287.0
39.99104200000875,1087290.0
39.99302759999409,1087292.0
39.995025399839506,1087294.0
40.00905269989744,1087307.0
40.01104349992238,1087310.0
40.01304650004022,1087311.0
40.01705439994112,1087315.0
40.01903299987316,1087317.0
40.02102750004269,1087320.0
40.0230348999612,1087322.0
40.025031300028786,1087324.0
40.02702869987115,1087326.0
40.02902689995244,1087327.0
40.04305760003626,1087342.0
40.045041099889204,1087344.0
40.04703369992785,1087346.0
40.04906839993782,1087348.0
40.051039800047874,1087349.0
40.05302939983085,1087352.0
40.05503629986197,1087354.0
40.058030099840835,1087356.0
40.06002669990994,1087358.0
40.0620295999106,1087361.0
40.07806169986725,1087376.0
40.08004579995759,1087379.0
40.08204060001299,1087381.0
40.08405169984326,1087382.0
40.08603099989705,1087385.0
40.08802759996615,1087387.0
40.090026000048965,1087388.0
40.0920265999157,1087391.0
40.09402700001374,1087392.0
40.09803429991007,1087396.0
40.11304789991118,1087412.0
40.11504359985702,1087413.0
40.118041599867865,1087416.0
40.12003109999932,1087418.0
40.122029499849305,1087421.0
40.12402620003559,1087423.0
40.12610189989209,1087425.0
40.12802559998818,1087427.0
40.130031999899074,1087428.0
40.13204879988916,1087431.0
40.14604200003669,1087445.0
40.14804570004344,1087447.0
40.15003619994968,1087448.0
40.15203069988638,1087451.0
40.15402629994787,1087452.0
40.15803089994006,1087456.0
40.160025499993935,1087458.0
40.16238150000572,1087461.0
40.16404089983553,1087463.0
40.16604819986969,1087465.0
40.16903560003266,1087468.0
40.17102939984761,1087469.0
40.17302730004303,1087472.0
40.17502720002085,1087474.0
40.177027199883014,1087476.0
40.1790495000314,1087478.0
40.181043499847874,1087479.0
40.183028999948874,1087482.0
40.18503209995106,1087484.0
40.18702899990603,1087486.0
40.18902789987624,1087488.0
40.20505119999871,1087504.0
40.20703379996121,1087506.0
40.20905269985087,1087508.0
40.211047699907795,1087509.0
40.21303109987639,1087512.0
40.21503690001555,1087514.0
40.218041099840775,1087516.0
40.22002879995853,1087518.0
40.222028600052,1087521.0
40.22403569985181,1087523.0
40.2390493999701,1087537.0
40.24105009995401,1087540.0
40.243033699924126,1087542.0
40.24503009999171,1087544.0
40.24702739994973,1087546.0
40.2490435000509,1087547.0
40.25103189982474,1087550.0
40.253028200007975,1087552.0
40.255028899991885,1087554.0
40.257036600029096,1087556.0
40.27205060003325,1087571.0
40.27403709990904,1087573.0
40.276028299937025,1087575.0
40.27802890003659,1087577.0
40.28002679999918,1087578.0
40.282042499864474,1087581.0
40.28403440001421,1087583.0
40.28603610000573,1087585.0
40.28804069990292,1087587.0
40.290037099970505,1087588.0
40.305048199836165,1087604.0
40.30703729996458,1087606.0
40.30903110001236,1087607.0
40.3110267999582,1087610.0
40.31302669993602,1087612.0
40.31504440004937,1087614.0
40.31803649989888,1087616.0
40.32003499986604,1087619.0
40.32202950003557,1087621.0
40.32402800000273,1087623.0
40.33905469998717,1087638.0
40.34103389992379,1087640.0
40.34303079987876,1087641.0
40.34502989985049,1087644.0
40.34702820004895,1087646.0
40.3490530999843,1087648.0
40.35104149999097,1087650.0
40.35303030000068,1087651.0
40.35502969985828,1087654.0
40.35802789987065,1087656.0
40.36103419982828,1087660.0
40.36302910000086,1087662.0
40.365037499926984,1087664.0
40.36704389983788,1087666.0
40.36902999994345,1087667.0
40.37102780002169,1087670.0
40.373026499990374,1087672.0
40.3750252998434,1087674.0
40.37702649994753,1087676.0
40.3790267999284,1087677.0
40.38103209994733,1087680.0
40.397055599838495,1087696.0
40.39903889992274,1087698.0
40.401032799854875,1087700.0
40.403030100045726,1087701.0
40.40502860001288,1087704.0
40.407028999878094,1087706.0
40.409028499852866,1087708.0
40.41102649993263,1087710.0
40.413055500015616,1087711.0
40.41704389988445,1087715.0
40.43305069999769,1087732.0
40.43503879988566,1087734.0
40.43702970002778,1087736.0
40.439027999993414,1087737.0
40.44102739985101,1087740.0
40.44302759994753,1087742.0
40.44505869993009,1087744.0
40.447034099837765,1087746.0
40.44903160003014,1087747.0
40.451030399883166,1087750.0
40.45302709983662,1087752.0
40.46904499991797,1087768.0
40.47103270003572,1087770.0
40.473035800037906,1087772.0
40.4750281998422,1087773.0
40.47803929983638,1087776.0
40.480030599981546,1087778.0
40.48206349997781,1087781.0
40.48403949989006,1087782.0
40.48603229993023,1087785.0
40.48802849999629,1087787.0
40.503048799932,1087801.0
40.505033700028434,1087804.0
40.50702859996818,1087806.0
40.50904469983652,1087808.0
40.51102970005013,1087810.0
40.51302760001272,1087811.0
40.51503899996169,1087814.0
40.51804029988125,1087816.0
40.52002809988335,1087819.0
40.52202619984746,1087821.0
40.53804609994404,1087836.0
40.540041599888355,1087839.0
40.54205089993775,1087840.0
40.54402969987132,1087843.0
40.54602749994956,1087845.0
40.548036799998954,1087846.0
40.55204199999571,1087849.0
40.554028999991715,1087852.0
40.558051799889654,1087856.0
40.574050300056115,1087872.0
40.57803940004669,1087876.0
40.580030399840325,1087878.0
40.582072800025344,1087881.0
40.58403269993141,1087882.0
40.587034199852496,1087885.0
40.58903139992617,1087888.0
40.591029699891806,1087890.0
40.59302879986353,1087892.0
40.60804919991642,1087907.0
40.61003390001133,1087909.0
40.612032199976966,1087911.0
40.61402880004607,1087912.0
40.618085499852896,1087916.0
40.62004499998875,1087919.0
40.62203129986301,1087921.0
40.62402809993364,1087922.0
40.626027500024065,1087925.0
40.64004720002413,1087939.0
40.6420374000445,1087940.0
40.644031199859455,1087943.0
40.646029100054875,1087944.0
40.64803249994293,1087947.0
40.6500575998798,1087949.0
40.65204219985753,1087951.0
40.65503229992464,1087954.0
40.657029499998316,1087956.0
40.659033299889416,1087958.0
40.662037199828774,1087960.0
40.66402899986133,1087963.0
40.66606479999609,1087965.0
40.66804230003618,1087967.0
40.67003099992871,1087969.0
40.672029400011525,1087970.0
40.67402879986912,1087973.0
40.67602829984389,1087975.0
40.67802760004997,1087977.0
40.680034999968484,1087979.0
40.68204230000265,1087980.0
40.69705319986679,1087995.0
40.69904109998606,1087998.0
40.70103279990144,1087999.0
40.70303069986403,1088002.0
40.70502809993923,1088004.0
40.707027700031176,1088006.0
40.70902860001661,1088008.0
40.71102609997615,1088009.0
40.71304069994949,1088012.0
40.71503319987096,1088014.0
40.73004759987816,1088029.0
40.73204479995184,1088031.0
40.734035099856555,1088033.0
40.73803330003284,1088036.0
40.740028999978676,1088038.0
40.742037300020456,1088041.0
40.74403199995868,1088043.0
40.746030000038445,1088045.0
40.74803159991279,1088047.0
40.76305089984089,1088062.0
40.76504319999367,1088063.0
40.7670396999456,1088066.0
40.76903199986555,1088068.0
40.77102919993922,1088070.0
40.773030600044876,1088072.0
40.7750349000562,1088073.0
40.77803050004877,1088076.0
40.78002780000679,1088078.0
40.7820429999847,1088081.0
40.79704890004359,1088096.0
40.79904820001684,1088097.0
40.801035600015894,1088100.0
40.80303099984303,1088101.0
40.80504389991984,1088104.0
40.807032299926504,1088106.0
40.809030700009316,1088108.0
40.81102959997952,1088110.0
40.81302849994972,1088111.0
40.81503399997018,1088114.0
40.83004779997282,1088129.0
40.8320531998761,1088131.0
40.834042500006035,1088133.0
40.83804089995101,1088136.0
40.840032499982044,1088139.0
40.842029799940065,1088141.0
40.84402789990418,1088143.0
40.84605879988521,1088145.0
40.8480406999588,1088147.0
40.86304909992032,1088162.0
40.86507159983739,1088163.0
40.8670536999125,1088166.0
40.86903429985978,1088168.0
40.87103020003997,1088170.0
40.87302910001017,1088172.0
40.87502889987081,1088173.0
40.87802749988623,1088176.0
40.880027199862525,1088178.0
40.88207679986954,1088181.0
40.8970573998522,1088196.0
40.89904469996691,1088198.0
40.902037899941206,1088200.0
40.90403539990075,1088203.0
40.90603119996376,1088205.0
40.90802809991874,1088207.0
40.910027999896556,1088208.0
40.91202719998546,1088211.0
40.91406159987673,1088213.0
40.916050399886444,1088215.0
40.93005770002492,1088229.0
40.93203999986872,1088231.0
40.93403759994544,1088232.0
40.93803169997409,1088236.0
40.94002839992754,1088238.0
40.94202809990384,1088241.0
40.94402930000797,1088242.0
40.94605219992809,1088245.0
40.948036999907345,1088247.0
40.95003689988516,1088249.0
40.95304049993865,1088252.0
40.9550327998586,1088253.0
40.95703039993532,1088256.0
40.959030400030315,1088258.0
40.961030199890956,1088260.0
40.96307269996032,1088262.0
40.96503990003839,1088263.0
40.96702939993702,1088266.0
40.96903169993311,1088268.0
40.971029199892655,1088270.0
40.97302859998308,1088272.0
40.98804700002074,1088287.0
40.9900407998357,1088289.0
40.99203209998086,1088291.0
40.994045099942014,1088292.0
40.99603319982998,1088295.0
40.99805839988403,1088297.0
41.00004329998046,1088299.0
41.00303149991669,1088301.0
41.005028299987316,1088304.0
41.007030999986455,1088306.0
41.022057299967855,1088321.0
41.024042799836025,1088323.0
41.02604899997823,1088325.0
41.029035199899226,1088328.0
41.0310439998284,1088330.0
41.033048199955374,1088331.0
41.035033100051805,1088334.0
41.037030400009826,1088336.0
41.03903049998917,1088338.0
41.04103949991986,1088340.0
41.05708759999834,1088355.0
41.05905989999883,1088358.0
41.06105019990355,1088360.0
41.06303779990412,1088361.0
41.06506749987602,1088364.0
41.067045599920675,1088366.0
41.06903399992734,1088368.0
41.07105239992961,1088370.0
41.07303209998645,1088371.0
41.075064399978146,1088374.0
41.09005929995328,1088388.0
41.09204340004362,1088391.0
41.09406809997745,1088393.0
41.096033399924636,1088395.0
41.09804890002124,1088397.0
41.10005040001124,1088398.0
41.102055500028655,1088401.0
41.1040474998299,1088403.0
41.10603110003285,1088405.0
41.1080300998874,1088407.0
41.111033299937844,1088409.0
41.113036199938506,1088412.0
41.11503540002741,1088414.0
41.1180686999578,1088416.0
41.120033300016075,1088419.0
41.12203139998019,1088421.0
41.124028499936685,1088423.0
41.12602930003777,1088425.0
41.12802980002016,1088427.0
41.13002949999645,1088428.0
41.145048199919984,1088444.0
41.14703490003012,1088446.0
41.14904739987105,1088448.0
41.15103609999642,1088450.0
41.153030700050294,1088452.0
41.15502900001593,1088454.0
41.158030200051144,1088456.0
41.16002790001221,1088459.0
41.1620283999946,1088461.0
41.164028599858284,1088462.0
41.17905170004815,1088478.0
41.181057799840346,1088480.0
41.18304449995048,1088482.0
41.1850347998552,1088483.0
41.18703050003387,1088486.0
41.18902980000712,1088488.0
41.19102739985101,1088490.0
41.193028799956664,1088492.0
41.19502849993296,1088493.0
41.197047299938276,1088496.0
41.21305829985067,1088511.0
41.215048099868,1088514.0
41.21704480005428,1088516.0
41.219036699971184,1088518.0
41.22103239991702,1088520.0
41.22303039999679,1088522.0
41.22502929996699,1088524.0
41.22704160003923,1088526.0
41.229032299946994,1088527.0
41.23103429982439,1088530.0
41.24706089985557,1088546.0
41.249053299892694,1088547.0
41.25103889987804,1088550.0
41.25303320004605,1088552.0
41.25503579992801,1088554.0
41.258039799984545,1088556.0
41.260030600009486,1088559.0
41.26203739992343,1088561.0
41.266066199867055,1088564.0
41.28105159988627,1088580.0
41.28305119997822,1088582.0
41.285035599954426,1088584.0
41.28704739990644,1088586.0
41.28903439990245,1088588.0
41.29103079997003,1088590.0
41.29303159983829,1088592.0
41.29503250005655,1088594.0
41.29703069990501,1088596.0
41.29903339990415,1088598.0
41.31404890003614,1088612.0
41.31705579999834,1088616.0
41.319043499883264,1088618.0
41.32103389990516,1088620.0
41.323031599866226,1088622.0
41.325031199958175,1088624.0
41.32702969992533,1088626.0
41.32903039990924,1088628.0
41.33103320002556,1088630.0
41.33305559982546,1088632.0
41.34907009988092,1088647.0
41.351042999885976,1088650.0
41.35304069984704,1088652.0
41.35603390005417,1088654.0
41.35802869987674,1088656.0
41.360029799863696,1088659.0
41.362027999944985,1088661.0
41.36403509997763,1088663.0
41.36604809993878,1088665.0
41.368035999825224,1088666.0
41.383049899945036,1088682.0
41.385036000050604,1088684.0
41.387033300008625,1088686.0
41.389030899852514,1088688.0
41.391032699961215,1088689.0
41.39302839990705,1088692.0
41.395030699903145,1088694.0
41.398056499892846,1088696.0
41.40009010001086,1088699.0
41.40203220001422,1088701.0
41.41805989993736,1088716.0
41.42003949987702,1088719.0
41.42203129990958,1088721.0
41.42403099988587,1088723.0
41.4260300998576,1088725.0
41.42802969994955,1088727.0
41.43004189990461,1088729.0
41.432046599918976,1088731.0
41.434053199831396,1088733.0
41.43803429999389,1088736.0
41.45405049994588,1088753.0
41.45804509986192,1088756.0
41.46003789990209,1088759.0
41.46204139990732,1088761.0
41.46403310005553,1088763.0
41.46606449992396,1088765.0
41.46803290001117,1088766.0
41.47003680001944,1088769.0
41.472030699951574,1088771.0
41.48705119988881,1088785.0
41.48903689999133,1088788.0
41.49103319994174,1088790.0
41.493059099884704,1088792.0
41.495034399908036,1088794.0
41.49703329987824,1088796.0
41.499048499856144,1088798.0
41.50103659997694,1088800.0
41.50303149991669,1088802.0
41.50503239990212,1088804.0
41.522066900040954,1088820.0
41.52404769998975,1088823.0
41.52603489998728,1088824.0
41.52803439996205,1088827.0
41.53003029990941,1088829.0
41.53207589988597,1088831.0
41.53404169995338,1088833.0
41.5380355999805,1088836.0
41.55305329989642,1088852.0
41.555050999857485,1088854.0
41.55804169992916,1088856.0
41.56003349996172,1088858.0
41.56203359994106,1088861.0
41.56403000000864,1088863.0
41.566050299908966,1088865.0
41.56803369987756,1088867.0
41.57003009994514,1088869.0
41.572044499916956,1088871.0
41.58705700002611,1088886.0
41.58904049987905,1088888.0
41.5910348999314,1088890.0
41.59303159988485,1088892.0
41.595031099859625,1088894.0
41.59804439987056,1088896.0
41.600060999859124,1088899.0
41.60205899993889,1088901.0
41.60403429996222,1088903.0
41.60603290004656,1088905.0
41.62105289986357,1088920.0
41.62303809984587,1088922.0
41.6250326000154,1088924.0
41.627032099990174,1088926.0
41.62903199996799,1088928.0
41.63104859995656,1088930.0
41.633069299859926,1088932.0
41.63503779983148,1088934.0
41.63703390001319,1088936.0
41.63903189986013,1088938.0
41.64103259984404,1088940.0
41.65806939988397,1088956.0
41.66003719996661,1088959.0
41.662097099935636,1088961.0
41.66403059987351,1088963.0
41.66608770005405,1088965.0
41.668050199979916,1088967.0
41.67003859998658,1088969.0
41.67203269992024,1088971.0
41.6740303998813,1088973.0
41.67602829984389,1088975.0
41.69105069991201,1088990.0
41.69303800002672,1088992.0
41.69503659987822,1088994.0
41.69804839999415,1088996.0
41.7000406999141,1088999.0
41.70203309995122,1089001.0
41.70402990002185,1089003.0
41.70603000000119,1089005.0
41.7080306999851,1089007.0
41.71002889983356,1089009.0
41.72707020002417,1089025.0
41.72904019989073,1089027.0
41.73104380001314,1089030.0
41.73304539988749,1089032.0
41.73503530002199,1089034.0
41.73703259998001,1089036.0
41.7390327998437,1089038.0
41.741030799923465,1089040.0
41.74304510001093,1089042.0
41.758054699981585,1089057.0
41.76003589993343,1089059.0
41.76203510002233,1089061.0
41.764030899852514,1089063.0
41.766051599988714,1089065.0
41.768035899847746,1089067.0
41.77003229991533,1089069.0
41.77203130000271,1089071.0
41.77404399984516,1089073.0
41.77703520003706,1089076.0
41.792145599843934,1089091.0
41.794042999856174,1089093.0
41.79603430000134,1089095.0
41.79804189992137,1089097.0
41.80104839988053,1089099.0
41.80303499987349,1089102.0
41.805037199985236,1089104.0
41.807041899999604,1089106.0
41.80903339991346,1089108.0
41.811030899873,1089110.0
41.82605129992589,1089125.0
41.82803849992342,1089127.0
41.830034099984914,1089129.0
41.832070200005546,1089131.0
41.834044199902564,1089133.0
41.838046599878,1089136.0
41.84103529993445,1089140.0
41.843032700009644,1089142.0
41.84503149986267,1089144.0
41.86106709996238,1089160.0
41.863040999975055,1089162.0
41.865070399828255,1089164.0
41.86704399995506,1089166.0
41.86905399989337,1089168.0
41.87103829998523,1089170.0
41.87303290003911,1089172.0
41.875032800016925,1089174.0
41.87703059986234,1089176.0
41.87903199996799,1089178.0
41.894053699914366,1089193.0
41.898061600048095,1089196.0
41.90005509997718,1089199.0
41.902044399874285,1089201.0
41.90403490001336,1089203.0
41.90603249985725,1089205.0
41.90803060005419,1089207.0
41.9100313000381,1089209.0
41.912031000014395,1089211.0
41.914029399864376,1089213.0
41.9290535999462,1089228.0
41.93139599985443,1089230.0
41.93305139988661,1089232.0
41.93503849999979,1089234.0
41.93703409982845,1089236.0
41.93904670001939,1089238.0
41.94103019987233,1089240.0
41.94302979996428,1089242.0
41.94503279984929,1089244.0
41.94707460002974,1089246.0
41.949074799893424,1089248.0
41.964066699845716,1089263.0
41.96606120001525,1089265.0
41.9680389999412,1089267.0
41.97003500000574,1089269.0
41.97203409997746,1089271.0
41.974032799946144,1089273.0
41.976030400022864,1089275.0
41.978055799845606,1089277.0
41.980036000022665,1089279.0
41.98203879990615,1089281.0
41.98404369992204,1089283.0
41.999056899920106,1089298.0
42.00103839999065,1089300.0
42.00303429993801,1089302.0
42.0050325000193,1089304.0
42.00703259999864,1089306.0
42.00903389998712,1089308.0
42.0110343999695,1089310.0
42.013031699927524,1089312.0
42.01503410004079,1089314.0
42.01804649992846,1089316.0
42.034067400032654,1089333.0
42.03804929996841,1089336.0
42.04004009999335,1089339.0
42.04204359999858,1089341.0
42.044035099912435,1089343.0
42.04603219986893,1089345.0
42.04803659999743,1089347.0
42.05006089992821,1089349.0
42.05403789994307,1089352.0
42.070068300003186,1089369.0
42.07207169989124,1089371.0
42.074044700013474,1089373.0
42.0800423999317,1089378.0
42.082048799842596,1089381.0
42.08404069999233,1089383.0
42.0860335000325,1089385.0
42.08804970001802,1089387.0
42.10306859994307,1089402.0
42.10504659987055,1089404.0
42.107038399903104,1089406.0
42.109035399975255,1089408.0
42.1110372999683,1089410.0
42.113031700020656,1089412.0
42.11504119983874,1089414.0
42.11704529984854,1089416.0
42.11905019986443,1089418.0
42.123042499879375,1089421.0
42.13904969999567,1089438.0
42.141037199879065,1089440.0
42.1430357999634,1089442.0
42.14503329992294,1089444.0
42.14703079988249,1089446.0
42.14904829999432,1089448.0
42.15107799996622,1089450.0
42.15303509985097,1089452.0
42.15503829997033,1089454.0
42.15803199983202,1089456.0
42.17305750004016,1089472.0
42.17504159989767,1089474.0
42.178033999865875,1089476.0
42.1800311000552,1089479.0
42.182102099992335,1089481.0
42.18405849998817,1089483.0
42.18603709992021,1089485.0
42.18803590000607,1089487.0
42.1900394000113,1089489.0
42.192032899940386,1089491.0
42.20705179986544,1089506.0
42.20903809997253,1089508.0
42.21103339991532,1089510.0
42.21303169988096,1089512.0
42.21505229989998,1089514.0
42.21704349992797,1089516.0
42.219032699940726,1089518.0
42.221031999913976,1089520.0
42.22303460002877,1089522.0
42.22503129998222,1089524.0
42.22703179996461,1089526.0
42.24205229990184,1089541.0
42.244037199998274,1089543.0
42.24603629997,1089545.0
42.24805189995095,1089547.0
42.2500418999698,1089549.0
42.25203579990193,1089551.0
42.25403259997256,1089553.0
42.25803030002862,1089556.0
42.260030299890786,1089559.0
42.27808419987559,1089576.0
42.28004129999317,1089579.0
42.28204900003038,1089581.0
42.28404499986209,1089583.0
42.286078799981624,1089585.0
42.28803909989074,1089587.0
42.29004590003751,1089589.0
42.29204809991643,1089591.0
42.2940597999841,1089593.0
42.30905509996228,1089608.0
42.31103709992021,1089610.0
42.31303389999084,1089612.0
42.31505910004489,1089614.0
42.31804389995523,1089616.0
42.32003419985995,1089619.0
42.32203289982863,1089621.0
42.3240678999573,1089623.0
42.3260367999319,1089625.0
42.32803429989144,1089627.0
42.344054099870846,1089643.0
42.34704509982839,1089645.0
42.34905610000715,1089648.0
42.351037999847904,1089650.0
42.35303370002657,1089652.0
42.35505909984931,1089654.0
42.35703569999896,1089656.0
42.35903309984133,1089658.0
42.36103180004284,1089660.0
42.36303799995221,1089662.0
42.37906139995903,1089678.0
42.381048899842426,1089680.0
42.38305169995874,1089682.0
42.38503759982996,1089684.0
42.38704599998891,1089686.0
42.389039299916476,1089688.0
42.39103559986688,1089690.0
42.393031999934465,1089692.0
42.395029899897054,1089694.0
42.39703089999966,1089696.0
42.41205439995974,1089711.0
42.41403969982639,1089713.0
42.4180588000454,1089716.0
42.42003729986027,1089719.0
42.422033899929374,1089721.0
42.42403370002285,1089723.0
42.42603289987892,1089725.0
42.42803219985217,1089727.0
42.43207999994047,1089730.0
42.448067100020126,1089747.0
42.45004959986545,1089749.0
42.45203829999082,1089751.0
42.45403629983775,1089753.0
42.45603429991752,1089755.0
42.45803490001708,1089757.0
42.46003339998424,1089759.0
42.46203179983422,1089761.0
42.46405650000088,1089763.0
42.46606709994376,1089765.0
42.48206810001284,1089781.0
42.48405289999209,1089783.0
42.48604079987854,1089785.0
42.48803779995069,1089787.0
42.49004770000465,1089789.0
42.49204639997333,1089791.0
42.49403419997543,1089793.0
42.49804520001635,1089796.0
42.50005709985271,1089799.0
42.50304319988936,1089802.0
42.50503699993715,1089804.0
42.50704189995304,1089806.0
42.50903329998255,1089808.0
42.51104939985089,1089810.0
42.51403780002147,1089812.0
42.518052799860016,1089816.0
42.52004149998538,1089819.0
42.522036199923605,1089821.0
42.53805430000648,1089837.0
42.54003949998878,1089839.0
42.54203979996964,1089841.0
42.54405739996582,1089843.0
42.546045399969444,1089845.0
42.54805499990471,1089847.0
42.55004270002246,1089849.0
42.55203779996373,1089851.0
42.55403480003588,1089853.0
42.558048699982464,1089856.0
42.57505499990657,1089874.0
42.57804029993713,1089876.0
42.580038300016895,1089879.0
42.58206479996443,1089881.0
42.58404470002279,1089883.0
42.586037799948826,1089885.0
42.588035699911416,1089887.0
42.590040900046006,1089889.0
42.59203499997966,1089891.0
42.594035099959,1089893.0
42.61106209992431,1089910.0
42.6130410998594,1089912.0
42.615046499995515,1089914.0
42.61804590001702,1089916.0
42.62003519991413,1089919.0
42.62203929992393,1089921.0
42.62403629999608,1089923.0
42.626034499844536,1089925.0
42.62803260004148,1089927.0
42.630033700028434,1089929.0
42.64605259988457,1089945.0
42.64804829983041,1089947.0
42.65005689999089,1089949.0
42.65205579996109,1089951.0
42.6540445999708,1089953.0
42.65603559999727,1089955.0
42.65804470004514,1089957.0
42.66003639996052,1089959.0
42.6620328000281,1089961.0
42.66403410001658,1089963.0
42.68005619989708,1089979.0
42.682056199992076,1089981.0
42.68404549988918,1089983.0
42.68603669991717,1089985.0
42.68803599989042,1089987.0
42.69006389984861,1089989.0
42.69203329994343,1089991.0
42.694033599924296,1089993.0
42.696032899897546,1089995.0
42.69803859991953,1089997.0
42.714064499828964,1090013.0
42.71605859999545,1090015.0
42.71803989983164,1090017.0
42.72003660001792,1090019.0
42.72203359985724,1090021.0
42.72403299994767,1090023.0
42.72603280004114,1090025.0
42.72803619992919,1090027.0
42.73005749983713,1090029.0
42.732042300049216,1090031.0
42.73404520004988,1090033.0
42.75005769985728,1090049.0
42.75204030005261,1090051.0
42.75403749989346,1090053.0
42.756036799866706,1090055.0
42.758036999963224,1090057.0
42.760043299989775,1090059.0
42.762035799911246,1090061.0
42.764033699873835,1090063.0
42.76605809992179,1090065.0
42.7680380998645,1090067.0
42.78306020004675,1090082.0
42.7850405999925,1090084.0
42.787037199828774,1090086.0
42.7890343000181,1090088.0
42.791046699974686,1090090.0
42.79303749999963,1090092.0
42.79503649985418,1090094.0
42.79703380004503,1090096.0
42.79906999995001,1090098.0
42.801047699991614,1090100.0
42.80303730000742,1090102.0
42.819054999854416,1090118.0
42.821040199836716,1090120.0
42.823050499893725,1090122.0
42.82503969990648,1090124.0
42.827036699978635,1090126.0
42.8290343999397,1090128.0
42.83104349998757,1090130.0
42.833051699912176,1090132.0
42.83603799995035,1090135.0
42.83803529990837,1090137.0
42.85506039997563,1090154.0
42.85804339987226,1090156.0
42.86003639991395,1090159.0
42.862067699898034,1090161.0
42.86403529997915,1090163.0
42.86605339986272,1090165.0
42.868038799846545,1090167.0
42.87007029983215,1090169.0
42.872040200047195,1090171.0
42.874036099994555,1090173.0
42.89005549997091,1090189.0
42.892042599851266,1090191.0
42.89404409984127,1090193.0
42.89804479992017,1090196.0
42.90006239991635,1090199.0
42.90204089996405,1090201.0
42.90403739991598,1090203.0
42.906036499887705,1090205.0
42.908035199856386,1090207.0
42.92405839986168,1090223.0
42.926048199879006,1090225.0
42.92803719989024,1090227.0
42.93003529985435,1090229.0
42.93206629995257,1090231.0
42.93504230002873,1090234.0
42.93704099999741,1090236.0
42.93903569993563,1090238.0
42.94103479990736,1090240.0
42.9430370000191,1090242.0
42.96007160004228,1090259.0
42.962049199966714,1090261.0
42.96405699988827,1090263.0
42.96605489985086,1090265.0
42.96804359997623,1090267.0
42.97003720002249,1090269.0
42.972036899998784,1090271.0
42.974114999873564,1090273.0
42.978042599977925,1090276.0
42.98004279984161,1090279.0
42.997057099826634,1090296.0
42.99905389989726,1090298.0
43.00104040000588,1090300.0
43.003045900026336,1090302.0
43.00503519992344,1090304.0
43.0070336998906,1090306.0
43.00904050003737,1090308.0
43.01104520005174,1090310.0
43.01303629996255,1090312.0
43.0150378998369,1090314.0
43.01804589992389,1090317.0
43.02003769995645,1090319.0
43.02203530003317,1090321.0
43.02403509989381,1090323.0
43.026048299856484,1090325.0
43.028038299875334,1090327.0
43.030036399839446,1090329.0
43.03205299982801,1090331.0
43.03403829992749,1090333.0
43.03803679998964,1090335.0
43.05406180000864,1090353.0
43.05605380004272,1090355.0
43.05804000003263,1090357.0
43.060035599861294,1090359.0
43.06203859997913,1090361.0
43.064034400042146,1090363.0
43.06606179988012,1090365.0
43.06804189994,1090367.0
43.07003559987061,1090369.0
43.072050999850035,1090371.0
43.07403569994494,1090373.0
43.09006169997156,1090389.0
43.09204180003144,1090391.0
43.094041999895126,1090393.0
43.096037099836394,1090395.0
43.098052599933,1090397.0
43.101072299992666,1090400.0
43.103047099895775,1090402.0
43.10503760003485,1090404.0
43.10703459987417,1090406.0
43.10903529985808,1090408.0
43.125059499870986,1090424.0
43.12704149982892,1090426.0
43.1290378998965,1090428.0
43.1310471999459,1090430.0
43.1330649999436,1090432.0
43.13504169997759,1090434.0
43.13804049999453,1090436.0
43.1400359000545,1090439.0
43.14203549991362,1090441.0
43.14403470000252,1090443.0
43.16005609999411,1090459.0
43.162042199866846,1090461.0
43.16404169984162,1090463.0
43.16606339998543,1090465.0
43.168043199926615,1090467.0
43.17004240001552,1090469.0
43.174037100048736,1090472.0
43.17603649990633,1090475.0
43.17804219992831,1090477.0
43.194055599858984,1090493.0
43.19606680003926,1090495.0
43.198052499908954,1090497.0
43.20004489994608,1090499.0
43.202035799855366,1090501.0
43.20405489997938,1090503.0
43.206055499846116,1090505.0
43.20803439989686,1090507.0
43.21007169992663,1090509.0
43.212037599878386,1090511.0
43.22805999987759,1090527.0
43.23004269995727,1090529.0
43.232064799871296,1090531.0
43.234041000017896,1090533.0
43.23803749983199,1090536.0
43.240040299948305,1090539.0
43.24204469984397,1090541.0
43.24403780000284,1090543.0
43.24703700002283,1090545.0
43.26305720000528,1090562.0
43.26507389987819,1090564.0
43.267056699842215,1090566.0
43.26904209982604,1090568.0
43.27103720000014,1090570.0
43.273047199938446,1090572.0
43.27504269988276,1090574.0
43.27703780005686,1090576.0
43.279036399908364,1090578.0
43.28103980002925,1090580.0
43.29705860000104,1090596.0
43.29906450002454,1090598.0
43.30104579986073,1090600.0
43.30304339993745,1090602.0
43.30505319987424,1090604.0
43.30705669987947,1090606.0
43.30904689989984,1090608.0
43.31103629991412,1090610.0
43.313041700050235,1090612.0
43.31504879985005,1090614.0
43.331082300050184,1090630.0
43.33307389984839,1090632.0
43.33506129984744,1090634.0
43.33704510005191,1090636.0
43.33903909986839,1090638.0
43.34103879984468,1090640.0
43.34303819993511,1090642.0
43.345037299906835,1090644.0
43.34703619987704,1090646.0
43.3490509998519,1090648.0
43.3510524998419,1090650.0
43.35504789999686,1090654.0
43.35804779990576,1090656.0
43.36004399997182,1090659.0
43.36204389994964,1090661.0
43.36404230003245,1090663.0
43.36606529983692,1090665.0
43.36804229998961,1090667.0
43.37003730004653,1090669.0
43.37203629990108,1090671.0
43.37407010002062,1090673.0
43.392066000029445,1090691.0
43.3940434998367,1090693.0
43.398066699970514,1090696.0
43.400042299879715,1090699.0
43.40204759989865,1090701.0
43.404074899852276,1090703.0
43.406038499902934,1090705.0
43.40803679986857,1090707.0
43.41003719996661,1090709.0
43.42706789984368,1090726.0
43.429059099871665,1090728.0
43.43105579982512,1090730.0
43.43304160004482,1090732.0
43.43504279991612,1090734.0
43.43803770001978,1090736.0
43.440036199986935,1090739.0
43.44203479983844,1090741.0
43.444038099842146,1090743.0
43.44605779997073,1090745.0
43.46205500001088,1090761.0
43.46404329990037,1090763.0
43.46604570001364,1090765.0
43.46803739992902,1090767.0
43.47006989992224,1090769.0
43.47203979990445,1090771.0
43.474037599982694,1090773.0
43.4780728998594,1090776.0
43.48004149994813,1090779.0
43.498075200011954,1090796.0
43.50005769985728,1090799.0
43.50204179994762,1090801.0
43.50403829989955,1090803.0
43.50603899988346,1090805.0
43.50803619995713,1090807.0
43.51203870004974,1090809.0
43.51404120004736,1090813.0
43.53005800000392,1090829.0
43.5320566999726,1090831.0
43.53404409997165,1090833.0
43.53703849995509,1090836.0
43.53904159995727,1090838.0
43.54105270002037,1090840.0
43.54304019990377,1090842.0
43.54503759997897,1090844.0
43.54703169991262,1090846.0
43.549086099956185,1090848.0
43.565067699877545,1090864.0
43.56705229985528,1090866.0
43.569042399991304,1090868.0
43.57103959983215,1090870.0
43.573059199843556,1090872.0
43.575039899908006,1090874.0
43.57703719986603,1090876.0
43.57903589983471,1090878.0
43.58104189997539,1090880.0
43.5830611998681,1090882.0
43.599061799934134,1090898.0
43.60104379989207,1090900.0
43.603043199982494,1090902.0
43.60504279984161,1090904.0
43.607037500012666,1090906.0
43.61003750003874,1090909.0
43.61203720001504,1090911.0
43.614068099996075,1090913.0
43.61806040001102,1090915.0
43.63408480002545,1090933.0
43.63804710004479,1090936.0
43.64005140005611,1090939.0
43.642043499974534,1090941.0
43.64403839991428,1090943.0
43.64604479982518,1090945.0
43.64804259990342,1090947.0
43.65007980004884,1090949.0
43.65207049995661,1090951.0
43.66807569982484,1090967.0
43.67004309990443,1090969.0
43.672045199899,1090971.0
43.67403510003351,1090973.0
43.67803930002265,1090976.0
43.68003369984217,1090979.0
43.68208189983852,1090981.0
43.6840578999836,1090983.0
43.68605709983967,1090985.0
43.702057800022885,1091001.0
43.70404260000214,1091003.0
43.70603839983232,1091005.0
43.70803670003079,1091007.0
43.710037200013176,1091009.0
43.71203549997881,1091011.0
43.714052399853244,1091013.0
43.718047000002116,1091016.0
43.72003600001335,1091019.0
43.73605960002169,1091035.0
43.73804480000399,1091037.0
43.740061999997124,1091039.0
43.74203670001589,1091041.0
43.744041099911556,1091043.0
43.74606559984386,1091045.0
43.74804780003615,1091047.0
43.75005339994095,1091049.0
43.752040199935436,1091051.0
43.75403680000454,1091053.0
43.7700561999809,1091069.0
43.7720410998445,1091071.0
43.77403649990447,1091073.0
43.77806579996832,1091076.0
43.780043500009924,1091079.0
43.78206939995289,1091081.0
43.78404810000211,1091083.0
43.786038500024006,1091085.0
43.78803629986942,1091087.0
43.80405689985491,1091103.0
43.80604409985244,1091105.0
43.808056300040334,1091107.0
43.810038700001314,1091109.0
43.81203699996695,1091111.0
43.81403699982911,1091113.0
43.81805739994161,1091116.0
43.820039300015196,1091119.0
43.82204409991391,1091121.0
43.83806109987199,1091137.0
43.84005340002477,1091139.0
43.84204739984125,1091141.0
43.84403699985705,1091143.0
43.84603719995357,1091145.0
43.8480473998934,1091147.0
43.85005069989711,1091149.0
43.852037800010294,1091151.0
43.854037599870935,1091153.0
43.858044099994004,1091156.0
43.87405620003119,1091173.0
43.87805389985442,1091176.0
43.88004529988393,1091179.0
43.88205809984356,1091181.0
43.88404759997502,1091183.0
43.88604460004717,1091185.0
43.88905099988915,1091187.0
43.89204029995017,1091190.0
43.89403819991276,1091193.0
43.910060399910435,1091209.0
43.91204750002362,1091211.0
43.91403959994204,1091213.0
43.91806930000894,1091216.0
43.92004240001552,1091219.0
43.92203889996745,1091221.0
43.924037700053304,1091223.0
43.9260374000296,1091225.0
43.928036799887195,1091227.0
43.94405849999748,1091243.0
43.94604299985804,1091245.0
43.94804960000329,1091247.0
43.95005419990048,1091249.0
43.95204110001214,1091251.0
43.954039599979296,1091253.0
43.95804169983603,1091256.0
43.960037099896,1091259.0
43.96204279991798,1091261.0
43.979079799959436,1091277.0
43.98106259992346,1091280.0
43.98305659997277,1091282.0
43.98504199995659,1091284.0
43.987038299907,1091286.0
43.98903819988482,1091288.0
43.99103759997524,1091290.0
43.99303699983284,1091292.0
43.995040299836546,1091294.0
43.997040499933064,1091296.0
44.01305960002355,1091312.0
44.015052099945024,1091314.0
44.01704659988172,1091316.0
44.019039700040594,1091318.0
44.021037800004706,1091320.0
44.025038399966434,1091322.0
44.02704079984687,1091326.0
44.02904969989322,1091328.0
44.03104559984058,1091330.0
44.0470707998611,1091346.0
44.04905049991794,1091348.0
44.0510440999642,1091350.0
44.05303799989633,1091352.0
44.05503699998371,1091354.0
44.05703639984131,1091356.0
44.05907369987108,1091358.0
44.06105319992639,1091360.0
44.0630401999224,1091362.0
44.06505379988812,1091364.0
44.067047900054604,1091366.0
44.08306630002335,1091382.0
44.08504399983212,1091384.0
44.087038999889046,1091386.0
44.089036899851635,1091388.0
44.09106620005332,1091390.0
44.093042799970135,1091392.0
44.09503920003772,1091394.0
44.097037399886176,1091396.0
44.099046099931,1091398.0
44.10103979986161,1091400.0
44.103036700049415,1091402.0
44.119082499993965,1091418.0
44.12106369994581,1091420.0
44.1230593000073,1091422.0
44.12504790001549,1091424.0
44.12704799999483,1091426.0
44.129056399920955,1091428.0
44.13112369994633,1091430.0
44.133061999920756,1091432.0
44.135043299989775,1091434.0
44.13705959985964,1091436.0
44.1530607000459,1091452.0
44.155044900020584,1091454.0
44.15804699994624,1091456.0
44.160038699861616,1091459.0
44.16203879984096,1091461.0
44.16403859993443,1091463.0
44.166084999917075,1091465.0
44.16805680003017,1091467.0
44.17004160000943,1091469.0
44.1720384999644,1091471.0
44.188062199857086,1091487.0
44.19004500005394,1091489.0
44.19204099988565,1091491.0
44.19404109986499,1091493.0
44.198082600021735,1091496.0
44.20006089983508,1091499.0
44.20204439992085,1091501.0
44.20403919997625,1091503.0
44.20703960000537,1091505.0
44.22305989987217,1091522.0
44.225044899852946,1091524.0
44.22704049991444,1091526.0
44.22903999988921,1091528.0
44.23105429997668,1091530.0
44.233056199969724,1091532.0
44.235042799962685,1091534.0
44.23804009985179,1091536.0
44.24103819997981,1091539.0
44.25907889986411,1091556.0
44.262074399972335,1091560.0
44.26404289994389,1091563.0
44.26609809999354,1091565.0
44.268049399834126,1091567.0
44.270039699971676,1091569.0
44.27205879986286,1091571.0
44.27406029985286,1091573.0
44.27805719990283,1091576.0
44.294061599997804,1091593.0
44.29805519990623,1091596.0
44.300054599996656,1091599.0
44.302048299927264,1091601.0
44.304039999842644,1091603.0
44.3060387999285,1091605.0
44.30803749989718,1091607.0
44.310042100027204,1091609.0
44.31203949986957,1091611.0
44.3140385998413,1091613.0
44.33006039983593,1091629.0
44.332058399915695,1091631.0
44.334046999923885,1091633.0
44.33804459986277,1091636.0
44.34005420003086,1091639.0
44.342039899900556,1091641.0
44.34403839986771,1091643.0
44.346038799965754,1091645.0
44.348042799858376,1091647.0
44.35006359987892,1091649.0
44.367092799860984,1091666.0
44.36906409985386,1091668.0
44.37105940002948,1091670.0
44.373057999880984,1091672.0
44.3750511999242,1091674.0
44.37805199995637,1091676.0
44.380055599845946,1091679.0
44.38204799988307,1091681.0
44.38406730000861,1091683.0
44.386052099987864,1091685.0
44.40305950003676,1091702.0
44.405044300016016,1091704.0
44.40704089985229,1091706.0
44.409038699930534,1091708.0
44.41104010003619,1091710.0
44.41303900000639,1091712.0
44.415073700016364,1091714.0
44.41706570005044,1091716.0
44.41905190004036,1091718.0
44.42104110005312,1091720.0
44.438056600047275,1091737.0
44.44004269992001,1091739.0
44.44203959987499,1091741.0
44.444040099857375,1091743.0
44.44607449998148,1091745.0
44.44806550000794,1091747.0
44.45005099987611,1091749.0
44.452041199896485,1091751.0
44.454038799973205,1091753.0
44.45804149983451,1091755.0
44.47506289999001,1091774.0
44.47704669996165,1091776.0
44.47905720002018,1091778.0
44.48105229996145,1091780.0
44.48305739997886,1091782.0
44.48504239995964,1091784.0
44.48704229993746,1091786.0
44.48903859988786,1091788.0
44.491038099862635,1091790.0
44.49303759983741,1091792.0
44.50906059984118,1091808.0
44.51105710002594,1091810.0
44.51304450002499,1091812.0
44.515064199920744,1091814.0
44.51705789985135,1091816.0
44.5190415000543,1091818.0
44.52103900001384,1091820.0
44.525047099916264,1091823.0
44.52705409983173,1091826.0
44.54306389996782,1091842.0
44.545043299905956,1091844.0
44.54703879985027,1091846.0
44.54906259989366,1091848.0
44.55104249995202,1091850.0
44.55303730000742,1091852.0
44.55504020000808,1091854.0
44.55703769996762,1091856.0
44.55905909999274,1091858.0
44.561040999833494,1091860.0
44.56303930003196,1091862.0
44.58107459987514,1091880.0
44.58304679999128,1091882.0
44.58504599984735,1091884.0
44.589040099876,1091887.0
44.59105050005019,1091890.0
44.593047600006685,1091892.0
44.595042099943385,1091894.0
44.598044799873605,1091896.0
44.600051400018856,1091899.0
44.617054499918595,1091916.0
44.619051499990746,1091918.0
44.6210455999244,1091920.0
44.62305279984139,1091922.0
44.62504279986024,1091924.0
44.62704059993848,1091926.0
44.629041200038046,1091928.0
44.631043300032616,1091930.0
44.633044299902394,1091932.0
44.635041299974546,1091934.0
44.63703819992952,1091936.0
44.658066999865696,1091956.0
44.66004740004428,1091959.0
44.66204299987294,1091961.0
44.66404760000296,1091963.0
44.66604489996098,1091965.0
44.66805380000733,1091967.0
44.67005359986797,1091969.0
44.67204359988682,1091971.0
44.674040799960494,1091973.0
44.69005670002662,1091989.0
44.692044500028715,1091991.0
44.69404139998369,1091993.0
44.696041899966076,1091995.0
44.698051099898294,1091997.0
44.700054599903524,1091999.0
44.702040599891916,1092001.0
44.70404029986821,1092003.0
44.706038099946454,1092005.0
44.7080377000384,1092007.0
44.71003820002079,1092009.0
44.71304719988257,1092012.0
44.71505649993196,1092014.0
44.71706059994176,1092016.0
44.719043700024486,1092018.0
44.72104199999012,1092020.0
44.72303879982792,1092022.0
44.72503910004161,1092024.0
44.72703869990073,1092026.0
44.729039599886164,1092028.0
44.731068099848926,1092030.0
44.73304539988749,1092032.0
44.74905880005099,1092048.0
44.751047499943525,1092050.0
44.75304149999283,1092052.0
44.75504009984434,1092054.0
44.75804049987346,1092056.0
44.76003889995627,1092059.0
44.762039799941704,1092061.0
44.76509769982658,1092064.0
44.76706209988333,1092066.0
44.76904229982756,1092068.0
44.786060999846086,1092085.0
44.788049899972975,1092087.0
44.79004310001619,1092089.0
44.79204149986617,1092091.0
44.79404049995355,1092093.0
44.79607929987833,1092095.0
44.798064899863675,1092097.0
44.80006479984149,1092099.0
44.802041799994186,1092101.0
44.804041399853304,1092103.0
44.82106449990533,1092120.0
44.82304639997892,1092122.0
44.82504240004346,1092124.0
44.827092400053516,1092126.0
44.829087199876085,1092128.0
44.831075499998406,1092130.0
44.83306399988942,1092132.0
44.83504969999194,1092134.0
44.83904669992626,1092138.0
44.85605839989148,1092155.0
44.858066000044346,1092157.0
44.86004920001142,1092159.0
44.862046599853784,1092161.0
44.86404619994573,1092163.0
44.866099999984726,1092165.0
44.868045300012454,1092167.0
44.870046499883756,1092169.0
44.87205610005185,1092171.0
44.87405900005251,1092173.0
44.89206380001269,1092191.0
44.8940508000087,1092193.0
44.89604779984802,1092195.0
44.89804869983345,1092197.0
44.900048800045624,1092199.0
44.90205299993977,1092201.0
44.90407399996184,1092203.0
44.90605979994871,1092205.0
44.90804430004209,1092207.0
44.910042099887505,1092209.0
44.92806830001064,1092227.0
44.93005169997923,1092229.0
44.93205419997685,1092231.0
44.934067899826914,1092233.0
44.93805959983729,1092235.0
44.940050299977884,1092239.0
44.94204750005156,1092241.0
44.94404849992134,1092243.0
44.94604539987631,1092245.0
44.94805309991352,1092247.0
44.96706529986113,1092266.0
44.969053599983454,1092268.0
44.97104909992777,1092270.0
44.973047900013626,1092272.0
44.976046100026,1092275.0
44.978045099880546,1092277.0
44.980053999926895,1092279.0
44.98205420002341,1092281.0
44.98404789995402,1092283.0
44.986043700017035,1092285.0
44.991054999874905,1092290.0
44.99304930004291,1092292.0
44.99505539983511,1092294.0
44.99806430004537,1092296.0
45.00006560003385,1092299.0
45.00205649994314,1092301.0
45.00404389994219,1092303.0
45.006046999944374,1092305.0
45.00804189988412,1092307.0
45.0100405998528,1092309.0
45.02807209989987,1092327.0
45.030048799933866,1092329.0
45.032060799887404,1092331.0
45.034050500020385,1092333.0
45.036047799978405,1092335.0
45.03804659983143,1092337.0
45.04004730004817,1092339.0
45.042062799911946,1092341.0
45.04405669984408,1092343.0
45.04604839999229,1092345.0
45.064068799838424,1092363.0
45.06611009989865,1092365.0
45.06805170001462,1092367.0
45.07007010001689,1092369.0
45.07204829994589,1092371.0
45.074051399948075,1092373.0
45.076050400035456,1092375.0
45.0780505000148,1092377.0
45.08004599995911,1092379.0
45.082052199868485,1092381.0
45.08405840001069,1092383.0
45.103074999991804,1092402.0
45.10507119982503,1092404.0
45.10705979983322,1092406.0
45.109059300040826,1092408.0
45.11106020002626,1092410.0
45.113048600032926,1092412.0
45.11505759996362,1092414.0
45.11705879983492,1092416.0
45.11905399989337,1092418.0
45.12107619992457,1092420.0
45.14007949992083,1092439.0
45.14205210004002,1092441.0
45.14404579997063,1092443.0
45.146045999834314,1092445.0
45.14807599992491,1092447.0
45.150061700027436,1092449.0
45.152065200032666,1092451.0
45.15406710002571,1092453.0
45.15605399990454,1092455.0
45.15807530004531,1092457.0
45.1780760998372,1092476.0
45.1800619000569,1092479.0
45.182098699966446,1092481.0
45.184062300017104,1092483.0
45.186047999886796,1092485.0
45.188047599978745,1092487.0
45.19004529993981,1092489.0
45.19204679992981,1092491.0
45.19404409988783,1092493.0
45.196045299991965,1092495.0
45.214081099955365,1092513.0
45.2161145999562,1092515.0
45.218052099924535,1092517.0
45.22005030000582,1092519.0
45.222046399954706,1092521.0
45.224046000046656,1092523.0
45.22606829996221,1092525.0
45.2280679999385,1092527.0
45.23005969985388,1092529.0
45.23205480002798,1092531.0
45.25008439994417,1092549.0
45.25205380003899,1092551.0
45.25405099987984,1092553.0
45.25805039983243,1092555.0
45.260084399953485,1092559.0
45.26404699985869,1092562.0
45.26806529983878,1092566.0
45.272049099905416,1092570.0
45.29106569988653,1092590.0
45.29306729999371,1092592.0
45.29505369998515,1092594.0
45.29705010005273,1092596.0
45.29906870005652,1092598.0
45.30105379992165,1092600.0
45.303047499852255,1092602.0
45.30504839983769,1092604.0
45.307068599853665,1092606.0
45.30905049992725,1092608.0
45.32706919987686,1092626.0
45.32904729992151,1092628.0
45.33105199993588,1092630.0
45.33306289999746,1092632.0
45.33504839986563,1092634.0
45.33704769983888,1092636.0
45.339052099967375,1092638.0
45.34104229998775,1092640.0
45.343047000002116,1092642.0
45.34504559985362,1092644.0
45.347042199922726,1092646.0
45.36507899989374,1092664.0
45.367058699950576,1092666.0
45.36904969997704,1092668.0
45.37105039996095,1092670.0
45.37305299984291,1092672.0
45.37504919990897,1092674.0
45.37804399989545,1092676.0
45.38004709989764,1092679.0
45.38206520001404,1092681.0
45.38405949994922,1092683.0
45.402079599909484,1092701.0
45.404068999923766,1092703.0
45.40605779993348,1092705.0
45.40807949984446,1092707.0
45.41006279992871,1092709.0
45.412057699868456,1092711.0
45.41405949997716,1092713.0
45.41612909990363,1092715.0
45.41806479985826,1092717.0
45.42005890002474,1092719.0
45.422059800010175,1092721.0
45.440066299866885,1092739.0
45.442047300050035,1092741.0
45.44405100005679,1092743.0
45.44604999991134,1092745.0
45.448070500046015,1092747.0
45.450053199892864,1092749.0
45.45204530004412,1092751.0
45.454041599994525,1092753.0
45.4560407998506,1092755.0
45.460044199833646,1092758.0
45.47806049999781,1092777.0
45.48005719995126,1092779.0
45.48206519987434,1092781.0
45.48405079985969,1092783.0
45.48605289985426,1092785.0
45.488045499892905,1092787.0
45.49004719988443,1092789.0
45.49204619997181,1092791.0
45.4940414999146,1092793.0
45.49805779987946,1092795.0
45.51807009987533,1092817.0
45.520053499843925,1092819.0
45.52205009991303,1092821.0
45.524049300001934,1092823.0
45.52606369997375,1092825.0
45.528050099965185,1092827.0
45.53004779992625,1092829.0
45.53206399991177,1092831.0
45.534052199916914,1092833.0
45.53805139986798,1092836.0
45.556075599975884,1092854.0
45.55806539999321,1092857.0
45.56005259999074,1092859.0
45.56204769993201,1092861.0
45.56404859991744,1092863.0
45.56611349992454,1092865.0
45.56805479992181,1092867.0
45.570048599969596,1092869.0
45.572048199828714,1092871.0
45.57404759991914,1092873.0
45.59207629994489,1092891.0
45.59405049984343,1092893.0
45.596046400023624,1092895.0
45.59806069987826,1092897.0
45.60005939984694,1092899.0
45.602267999900505,1092901.0
45.60413830005564,1092903.0
45.60604740004055,1092905.0
45.60804279986769,1092907.0
45.610042199958116,1092909.0
45.62806460005231,1092927.0
45.630049200030044,1092929.0
45.63207679986954,1092931.0
45.634127399884164,1092933.0
45.63806140003726,1092937.0
45.64004629990086,1092939.0
45.64204439986497,1092941.0
45.644042199943215,1092943.0
45.646118900040165,1092945.0
45.66306729987264,1092962.0
45.66505920002237,1092964.0
45.66709889983758,1092966.0
45.671061699977145,1092969.0
45.673059300053865,1092972.0
45.67504819994792,1092974.0
45.67704480001703,1092976.0
45.679042499978095,1092978.0
45.681045699864626,1092980.0
45.6840764998924,1092983.0
45.70106259989552,1093000.0
45.70305039989762,1093002.0
45.70504399994388,1093004.0
45.70704699982889,1093006.0
45.70904650003649,1093008.0
45.7110424998682,1093010.0
45.713046999881044,1093012.0
45.71507519995794,1093014.0
45.717056500026956,1093016.0
45.719046799931675,1093018.0
45.721043600002304,1093020.0
45.73806310002692,1093037.0
45.740048199892044,1093039.0
45.742050600005314,1093041.0
45.74404360004701,1093043.0
45.74604539992288,1093045.0
45.748060799902305,1093047.0
45.750051100039855,1093049.0
45.75204429985024,1093051.0
45.75404240004718,1093053.0
45.75804580003023,1093055.0
45.77506350004114,1093074.0
45.77805719990283,1093076.0
45.780055299866945,1093079.0
45.78204909991473,1093081.0
45.78404699987732,1093083.0
45.78604319994338,1093085.0
45.78804389992729,1093087.0
45.79007270000875,1093089.0
45.79204189986922,1093091.0
45.79410269996151,1093093.0
45.81106480001472,1093110.0
45.813045899849385,1093112.0
45.81505239987746,1093114.0
45.817050099838525,1093116.0
45.81904279999435,1093118.0
45.8210420999676,1093120.0
45.82304479996674,1093122.0
45.82506689988077,1093124.0
45.82704619993456,1093126.0
45.82904340000823,1093128.0
45.84506279998459,1093144.0
45.8470631998498,1093146.0
45.84904959984124,1093148.0
45.85104630002752,1093150.0
45.853044599993154,1093152.0
45.855051199905574,1093154.0
45.858061800012365,1093157.0
45.86104890005663,1093160.0
45.86304429988377,1093162.0
45.86507509998046,1093164.0
45.88207990000956,1093181.0
45.88405469991267,1093183.0
45.886046699946746,1093185.0
45.88806999986991,1093187.0
45.890053999843076,1093189.0
45.89204579987563,1093191.0
45.89404409984127,1093193.0
45.896043699933216,1093195.0
45.898046100046486,1093197.0
45.900048800045624,1093199.0
45.9170812999364,1093216.0
45.91905439994298,1093218.0
45.92104709986597,1093220.0
45.923048299970105,1093222.0
45.9250435999129,1093224.0
45.92704219999723,1093226.0
45.92904189997353,1093228.0
45.93104960001074,1093230.0
45.93307209992781,1093232.0
45.935057499911636,1093234.0
45.953066600020975,1093252.0
45.95505760004744,1093254.0
45.95805180002935,1093256.0
45.96004949999042,1093259.0
45.96204909984954,1093261.0
45.964052399853244,1093263.0
45.96605889988132,1093265.0
45.96804680000059,1093267.0
45.97004299983382,1093269.0
45.972042199922726,1093271.0
45.99006749992259,1093289.0
45.99205209990032,1093291.0
45.994047899963334,1093293.0
45.99806619994342,1093295.0
46.00006500002928,1093299.0
46.00204929988831,1093301.0
46.00404559983872,1093303.0
46.00604709982872,1093305.0
46.00804300000891,1093307.0
46.011056900024414,1093310.0
46.01304949983023,1093312.0
46.015049000037834,1093314.0
46.01807440002449,1093316.0
46.02005129982717,1093319.0
46.02204619999975,1093321.0
46.02404459984973,1093323.0
46.02605009987019,1093325.0
46.02804719982669,1093327.0
46.03005119995214,1093329.0
46.04807189991698,1093347.0
46.05005949991755,1093349.0
46.05304899998009,1093352.0
46.05504389991984,1093354.0
46.05704230000265,1093356.0
46.05906039988622,1093358.0
46.061044899979606,1093360.0
46.06404859991744,1093363.0
46.06611629994586,1093365.0
