Ê±¼ä´Á,uwTick
0.0017788000404834747,3828.0
0.003751999931409955,3830.0
0.005745100090280175,3832.0
0.007741200039163232,3834.0
0.009772600140422583,3836.0
0.011768599972128868,3838.0
0.013743800111114979,3840.0
0.01574019994586706,3842.0
0.01776760001666844,3844.0
0.01975010009482503,3846.0
0.0217440000269562,3848.0
0.029769100015982985,3854.0
0.03375690011307597,3858.0
0.03775459993630648,3862.0
0.041779200080782175,3866.0
0.04374180012382567,3870.0
0.04573839996010065,3872.0
0.07977339997887611,3906.0
0.08174520009197295,3908.0
0.08578069997020066,3912.0
0.08782340004108846,3914.0
0.08974330010823905,3916.0
0.09173969994299114,3918.0
0.09373839991167188,3920.0
0.09573679999448359,3922.0
0.0977394999936223,3924.0
0.13479040004312992,3960.0
0.13675000006332994,3963.0
0.13975400011986494,3966.0
0.142740499926731,3969.0
0.14474210003390908,3971.0
0.14674019999802113,3973.0
0.14877450000494719,3975.0
0.15076739992946386,3977.0
0.1917856999207288,4016.0
0.19374529994092882,4020.0
0.19976330013014376,4023.0
0.2057805999647826,4028.0
0.20774620003066957,4034.0
0.239791699917987,4066.0
0.24177670013159513,4069.0
0.24577419995330274,4070.0
0.2487604001071304,4075.0
0.2537624000106007,4078.0
0.25777809997089207,4082.0
0.29176690010353923,4118.0
0.2937455999199301,4120.0
0.295761400135234,4122.0
0.29774449998512864,4124.0
0.2997554999310523,4126.0
0.301762199960649,4128.0
0.30576070002280176,4132.0
0.30774229997769,4134.0
0.30975329992361367,4136.0
0.33676819992251694,4163.0
0.33976120012812316,4166.0
0.34275000006891787,4169.0
0.34476050012744963,4171.0
0.34874640009365976,4173.0
0.3507638000883162,4177.0
0.35274889995343983,4179.0
0.35574620007537305,4182.0
0.38376539992168546,4210.0
0.38574729999527335,4212.0
0.3877437000628561,4214.0
0.3897415001410991,4216.0
0.39173880009911954,4218.0
0.3947379000019282,4222.0
0.396762500051409,4223.0
0.39874189998954535,4225.0
0.4007457001134753,4227.0
0.4027990000322461,4229.0
0.43276560003869236,4259.0
0.43475609994493425,4261.0
0.4367834001313895,4263.0
0.43874919996596873,4265.0
0.44074030010960996,4267.0
0.4427402000874281,4269.0
0.44575710012577474,4272.0
0.44774310011416674,4274.0
0.449741099961102,4276.0
0.4517544999253005,4278.0
0.4837676999159157,4310.0
0.485748799983412,4312.0
0.48781169997528195,4314.0
0.48976820008829236,4316.0
0.4917439001146704,4318.0
0.49374429997988045,4320.0
0.4957387000322342,4322.0
0.4977400000207126,4324.0
0.49977899994701147,4326.0
0.5017546999733895,4328.0
0.5357635000254959,4362.0
0.5377454000990838,4364.0
0.5397427999414504,4366.0
0.5417398000136018,4368.0
0.5437696999870241,4370.0
0.5457401000894606,4372.0
0.5477380000520498,4374.0
0.550774100003764,4377.0
0.552757800091058,4379.0
0.5547442000824958,4381.0
0.5797638001386076,4406.0
0.5817494001239538,4408.0
0.5857721001375467,4410.0
0.5877441000193357,4414.0
0.5897429001051933,4416.0
0.5917388999368995,4418.0
0.593743999954313,4420.0
0.5957388000097126,4422.0
0.5977992000989616,4424.0
0.6257768000941724,4452.0
0.6277586000505835,4454.0
0.631771800108254,4456.0
0.6357535000424832,4460.0
0.6377495001070201,4464.0
0.6397438000421971,4466.0
0.6417433000169694,4468.0
0.6437389000784606,4470.0
0.671763600083068,4498.0
0.674753800034523,4500.0
0.6767770000733435,4503.0
0.6787453999277204,4505.0
0.6807415001094341,4507.0
0.6827418000902981,4509.0
0.6847544000484049,4511.0
0.6867412000428885,4513.0
0.6887958000879735,4515.0
0.690742100123316,4517.0
0.7187657000031322,4545.0
0.7207472000736743,4547.0
0.7227435000240803,4549.0
0.7257540000136942,4552.0
0.7277438000310212,4554.0
0.7297410999890417,4556.0
0.7317391000688076,4558.0
0.7337428000755608,4560.0
0.7357574000488967,4562.0
0.737743099918589,4564.0
0.7677700999192894,4594.0
0.7717643999494612,4596.0
0.774746400071308,4600.0
0.776742700021714,4603.0
0.7797417999245226,4606.0
0.7827439000830054,4610.0
0.7858106999192387,4612.0
0.8157764999195933,4642.0
0.8177849999628961,4644.0
0.819755099946633,4646.0
0.821750600123778,4648.0
0.8257486000657082,4652.0
0.8277424001134932,4654.0
0.8297391999512911,4656.0
0.831739200046286,4658.0
0.8337658999953419,4660.0
0.8377666000742465,4664.0
0.871783500071615,4696.0
0.8747487999498844,4700.0
0.8767432000022382,4703.0
0.8797605999279767,4706.0
0.8847561001311988,4709.0
0.8868688000366092,4713.0
0.9187620999291539,4745.0
0.9207463001366705,4747.0
0.9227458999957889,4749.0
0.9277693000622094,4752.0
0.931749900104478,4756.0
0.935750599950552,4760.0
0.9397539000492543,4764.0
0.9717640001326799,4798.0
0.9737541999202222,4800.0
0.9757511001080275,4802.0
0.9777440999168903,4804.0
0.9797412001062185,4806.0
0.9817393999546766,4808.0
0.9857513001188636,4810.0
0.9897710001096129,4814.0
0.9917514000553638,4818.0
1.022762200096622,4849.0
1.0257453999947757,4852.0
1.027743099955842,4854.0
1.0297558999154717,4856.0
1.031745299929753,4858.0
1.0337507000658661,4860.0
1.0357647000346333,4862.0
1.037743000080809,4864.0
1.0397765000816435,4866.0
1.04175730003044,4868.0
1.0778578999452293,4904.0
1.081953400047496,4906.0
1.0857766999397427,4910.0
1.0877489999402314,4914.0
1.0897484999150038,4916.0
1.0917426000814885,4918.0
1.0937433999497443,4920.0
1.1277727999258786,4954.0
1.1297581000253558,4956.0
1.1327607000712305,4959.0
1.1347541001159698,4961.0
1.1377477999776602,4964.0
1.1397430999204516,4966.0
1.1417591001372784,4968.0
1.1447513999883085,4971.0
1.1787829999811947,5005.0
1.1807474999222904,5007.0
1.1827434001024812,5009.0
1.1857754001393914,5012.0
1.1877484999131411,5014.0
1.1897462999913841,5016.0
1.1917469000909477,5018.0
1.1937637999653816,5020.0
1.1957453999202698,5022.0
1.1977411000989377,5024.0
1.2337764000985771,5060.0
1.235744799952954,5062.0
1.2377504000905901,5064.0
1.2397819999605417,5066.0
1.241765599930659,5068.0
1.2437507000286132,5070.0
1.2457435000687838,5072.0
1.2477438999339938,5074.0
1.249745500041172,5076.0
1.2517437001224607,5078.0
1.279775199946016,5106.0
1.2817518000956625,5108.0
1.2857802000362426,5110.0
1.2877479000017047,5114.0
1.2897463999688625,5116.0
1.2917440999299288,5118.0
1.293747500050813,5120.0
1.2957423001062125,5122.0
1.2977626000065356,5124.0
1.325777400052175,5152.0
1.3287559999153018,5155.0
1.3307447000406682,5157.0
1.3327707001008093,5159.0
1.3347503999248147,5161.0
1.3367441000882536,5163.0
1.338751700008288,5165.0
1.340749500086531,5167.0
1.342753800097853,5169.0
1.345757900038734,5172.0
1.3727609000634402,5199.0
1.377753800014034,5202.0
1.381767800077796,5206.0
1.3837534999474883,5210.0
1.3857432999648154,5212.0
1.3877473999746144,5214.0
1.3897416000254452,5216.0
1.3917411000002176,5218.0
1.420761400135234,5247.0
1.4227448001038283,5249.0
1.424741799943149,5251.0
1.4267754999455065,5253.0
1.4287489000707865,5255.0
1.4307434000074863,5257.0
1.4327422000933439,5259.0
1.4347457000985742,5261.0
1.4367410999257118,5263.0
1.4387453999370337,5265.0
1.468772199936211,5295.0
1.4707575999200344,5297.0
1.4727465000469238,5299.0
1.4747564001008868,5301.0
1.4767720999661833,5303.0
1.4787475999910384,5305.0
1.4807428000494838,5307.0
1.4827414001338184,5309.0
1.485762899974361,5312.0
1.4877462999429554,5314.0
1.5197870000265539,5344.0
1.5227630001027137,5350.0
1.525748500134796,5352.0
1.5277438000775874,5354.0
1.5297431000508368,5356.0
1.5317426999099553,5358.0
1.5337454001419246,5360.0
1.5358116999268532,5362.0
1.5637715000193566,5390.0
1.5657560001127422,5392.0
1.5677712000906467,5394.0
1.569746599998325,5396.0
1.57175110001117,5398.0
1.5737451000604779,5400.0
1.575742700137198,5402.0
1.577743000118062,5404.0
1.5797417000867426,5406.0
1.5817468001041561,5408.0
1.585767999989912,5410.0
1.6147749000228941,5440.0
1.618757199961692,5443.0
1.6207821001298726,5447.0
1.624745599925518,5449.0
1.6267440000083297,5453.0
1.6287674000486732,5455.0
1.6307461000978947,5457.0
1.632743899943307,5459.0
1.6627638000063598,5489.0
1.6657481000293046,5492.0
1.671775999944657,5495.0
1.6777755999937654,5502.0
1.6797490001190454,5506.0
1.6837655999697745,5509.0
1.7169252000749111,5543.0
1.721790200099349,5545.0
1.7247649999335408,5551.0
1.7287515001371503,5555.0
1.7337641001213342,5558.0
1.7387782000005245,5563.0
1.768774300115183,5595.0
1.770752599928528,5597.0
1.7727457000873983,5599.0
1.7747530001215637,5601.0
1.776742400135845,5603.0
1.7787411999888718,5605.0
1.7807442999910563,5607.0
1.7827465999871492,5609.0
1.7847925999667495,5611.0
1.786785800009966,5613.0
1.8177742001134902,5644.0
1.8197490000166,5646.0
1.8217436000704765,5648.0
1.8237471000757068,5650.0
1.8257476000580937,5652.0
1.8277463000267744,5654.0
1.8297468000091612,5656.0
1.8317569999489933,5658.0
1.833751100115478,5660.0
1.835763700073585,5662.0
1.8667601000051945,5693.0
1.868755399947986,5695.0
1.8727500999812037,5697.0
1.8747459000442177,5701.0
1.8767458000220358,5703.0
1.8817594000138342,5706.0
1.8857627001125365,5710.0
1.9167691001202911,5743.0
1.918751599965617,5745.0
1.9207452000118792,5747.0
1.9227462001144886,5749.0
1.9247769000940025,5751.0
1.9267694000154734,5753.0
1.9287543001119047,5755.0
1.9307456000242382,5757.0
1.9327432001009583,5759.0
1.9347731000743806,5761.0
1.9687787001021206,5795.0
1.9707671001087874,5797.0
1.972760499920696,5799.0
1.9747492000460625,5801.0
1.976746200118214,5803.0
1.9787419000640512,5805.0
1.9807410999201238,5807.0
1.9827419000212103,5809.0
1.984795100055635,5811.0
1.9868493000976741,5813.0
2.0177833000198007,5844.0
2.0197497999761254,5846.0
2.0217550999950618,5848.0
2.0257471001241356,5850.0
2.0277420999482274,5854.0
2.029742300044745,5856.0
2.0317424000240862,5858.0
2.033768800087273,5860.0
2.0357564000878483,5862.0
2.037749700015411,5864.0
2.070763099938631,5897.0
2.072747000027448,5899.0
2.0747442999854684,5901.0
2.076773500069976,5903.0
2.078745000064373,5905.0
2.0807666999753565,5907.0
2.0827540999744087,5909.0
2.0847583001013845,5911.0
2.0867445999756455,5913.0
2.0887502001132816,5915.0
2.123802399961278,5948.0
2.1257587000727654,5952.0
2.12777839996852,5954.0
2.1297585999127477,5956.0
2.1317501000594348,5958.0
2.1337812999263406,5960.0
2.1367544000968337,5963.0
2.1387493000365794,5965.0
2.140776399988681,5967.0
2.1737852999940515,6000.0
2.1757589001208544,6002.0
2.177757800091058,6004.0
2.179745899979025,6006.0
2.181743700057268,6008.0
2.1857569999992847,6010.0
2.187804500106722,6014.0
2.189757199957967,6016.0
2.1917451000772417,6018.0
2.193766900105402,6020.0
2.2277712000068277,6054.0
2.229756100103259,6056.0
2.2317470000125468,6058.0
2.233754500048235,6060.0
2.2357699999120086,6062.0
2.237755100009963,6064.0
2.2397561999969184,6066.0
2.2417504000477493,6068.0
2.2457483001053333,6070.0
2.279807100072503,6106.0
2.2817838001064956,6108.0
2.285799999954179,6110.0
2.2877825999166816,6114.0
2.2897686001379043,6116.0
2.291761999949813,6118.0
2.293761899927631,6120.0
2.2957635999191552,6122.0
2.29777569998987,6124.0
2.335790100041777,6162.0
2.33876600000076,6165.0
2.3407646999694407,6167.0
2.3427725001238286,6169.0
2.3467818000353873,6171.0
2.350778999971226,6175.0
2.3547898000106215,6179.0
2.389782299986109,6216.0
2.3917549001052976,6218.0
2.3937480999156833,6220.0
2.3957490001339465,6222.0
2.3977439999580383,6224.0
2.399744800059125,6226.0
2.401762699941173,6228.0
2.4057767000049353,6230.0
2.4097540001384914,6234.0
2.4417818000074476,6268.0
2.443753100000322,6270.0
2.446754900040105,6273.0
2.4487555001396686,6275.0
2.4507577000185847,6277.0
2.4527787999249995,6279.0
2.4547490999102592,6281.0
2.4567482999991626,6283.0
2.45874539995566,6285.0
2.462747999932617,6289.0
2.4887737000826746,6315.0
2.4907523000147194,6317.0
2.4927461999468505,6319.0
2.494745400035754,6321.0
2.4967460001353174,6323.0
2.498745599994436,6325.0
2.500765700126067,6327.0
2.502757400041446,6329.0
2.5047544001135975,6331.0
2.506745600141585,6333.0
2.532776900101453,6359.0
2.534769300138578,6361.0
2.536757000023499,6363.0
2.5387516000773758,6365.0
2.5407462001312524,6367.0
2.54276300012134,6369.0
2.546780100092292,6372.0
2.54876930010505,6375.0
2.550752399954945,6377.0
2.578765300102532,6405.0
2.580749599961564,6407.0
2.5827464000321925,6409.0
2.5847764001227915,6411.0
2.588772299932316,6415.0
2.590750199975446,6417.0
2.5927625000476837,6419.0
2.5947575999889523,6421.0
2.59675469994545,6423.0
2.6247686001006514,6451.0
2.6267544999718666,6453.0
2.628747900016606,6455.0
2.630747999995947,6457.0
2.6327527000103146,6459.0
2.63477830006741,6461.0
2.6367486999370158,6463.0
2.6387751000002027,6465.0
2.6407530999276787,6467.0
2.6427472000941634,6469.0
2.668773500015959,6495.0
2.670782200060785,6497.0
2.67275599995628,6499.0
2.6747487999964505,6501.0
2.6767810001038015,6503.0
2.678783900104463,6505.0
2.6807494999375194,6507.0
2.6827468001283705,6509.0
2.6848335000686347,6511.0
2.686821300070733,6513.0
2.6887614999432117,6515.0
2.7147707000840455,6541.0
2.7167648000176996,6543.0
2.718767400132492,6545.0
2.720755700021982,6547.0
2.7227571001276374,6549.0
2.7267492001410574,6551.0
2.7287453000899404,6555.0
2.7307436999399215,6557.0
2.732746799942106,6559.0
2.7607788001187146,6587.0
2.7627616999670863,6589.0
2.765776500105858,6592.0
2.767757900059223,6594.0
2.76975669991225,6596.0
2.7717540999874473,6598.0
2.773746300023049,6600.0
2.7757532000541687,6602.0
2.7777470999863,6604.0
2.7797463999595493,6606.0
2.8087834999896586,6635.0
2.8107578000053763,6637.0
2.8127532000653446,6639.0
2.8147475000005215,6641.0
2.816746399970725,6643.0
2.818764500087127,6645.0
2.820749399950728,6647.0
2.822740599978715,6649.0
2.8257462999317795,6652.0
2.827761200023815,6654.0
2.8557742000557482,6682.0
2.857758699916303,6684.0
2.8597520000766963,6686.0
2.8617537000682205,6688.0
2.8637624999973923,6690.0
2.8657502999994904,6692.0
2.8677588999271393,6694.0
2.869754899991676,6696.0
2.871751199942082,6698.0
2.873748700134456,6700.0
2.875755500048399,6702.0
2.90477959997952,6731.0
2.906753499992192,6733.0
2.9087523000780493,6735.0
2.910748800029978,6737.0
2.9127466999925673,6739.0
2.914747399976477,6741.0
2.9167446999344975,6743.0
2.918765699956566,6745.0
2.9207552999723703,6747.0
2.922751999925822,6749.0
2.9517862000502646,6778.0
2.953753000125289,6780.0
2.9557577001396567,6782.0
2.957749400055036,6784.0
2.9597505999263376,6786.0
2.9617482000030577,6788.0
2.963745499961078,6790.0
2.965743700042367,6792.0
2.9697770001366735,6796.0
2.9967726001050323,6823.0
2.999769400106743,6826.0
3.003765600034967,6828.0
3.0057564999442548,6832.0
3.0077488000970334,6834.0
3.009749799966812,6836.0
3.0117464000359178,6838.0
3.0137451000045985,6840.0
3.0157753999810666,6842.0
3.041775200050324,6868.0
3.0437547001056373,6870.0
3.0457564000971615,6872.0
3.0477768999990076,6874.0
3.049759699963033,6876.0
3.051758199930191,6878.0
3.053747700061649,6880.0
3.055748400045559,6882.0
3.0577446001116186,6884.0
3.059745900100097,6886.0
3.085773699916899,6912.0
3.0917831999249756,6916.0
3.0937709999270737,6920.0
3.0987998000346124,6923.0
3.1027832999825478,6927.0
3.104756500106305,6931.0
3.131770299980417,6958.0
3.1337592001073062,6960.0
3.1357663001399487,6962.0
3.1378131001256406,6964.0
3.139774499926716,6966.0
3.1417513000778854,6968.0
3.1457479000091553,6970.0
3.147746599977836,6974.0
3.1557869999669492,6978.0
3.1888039999175817,7014.0
3.19279529992491,7019.0
3.1947652001399547,7021.0
3.1988286001142114,7023.0
3.2008307001087815,7027.0
3.2057831999845803,7030.0
3.2337821999099106,7060.0
3.235754800029099,7062.0
3.2377536001149565,7064.0
3.2397541999816895,7066.0
3.2417639000341296,7068.0
3.2437628000043333,7070.0
3.245749399997294,7072.0
3.247775400057435,7074.0
3.2497527999803424,7076.0
3.2517528000753373,7078.0
3.2787663999479264,7105.0
3.2807539000641555,7107.0
3.2827500000130385,7109.0
3.2857657000422478,7112.0
3.287755500059575,7114.0
3.2897487999871373,7116.0
3.2917500999756157,7118.0
3.293789300136268,7120.0
3.2967650999780744,7123.0
3.2987550999969244,7125.0
3.3267741000745445,7153.0
3.3287561999168247,7155.0
3.330750700086355,7157.0
3.332747400039807,7159.0
3.3347708000801504,7161.0
3.3367568999528885,7163.0
3.338753600139171,7165.0
3.340779999969527,7167.0
3.342752000084147,7169.0
3.3457474999595433,7172.0
3.3737848999444395,7200.0
3.375763100106269,7202.0
3.377755200024694,7204.0
3.379755000118166,7206.0
3.3817648999392986,7208.0
3.3837689999490976,7210.0
3.3857790001202375,7212.0
3.3877773999702185,7214.0
3.389765900094062,7216.0
3.3917600999120623,7218.0
3.393756699981168,7220.0
3.422782300040126,7249.0
3.4257569999899715,7252.0
3.427750299917534,7254.0
3.429749600123614,7256.0
3.431747500086203,7258.0
3.433768399991095,7260.0
3.435766200069338,7262.0
3.438756600022316,7266.0
3.4407480999361724,7267.0
3.442746700020507,7269.0
3.471772100077942,7298.0
3.4737533999141306,7300.0
3.4757515999954194,7302.0
3.4777534001041204,7304.0
3.4797473000362515,7306.0
3.481772999977693,7308.0
3.4857602999545634,7310.0
3.4877768999431282,7314.0
3.489748900057748,7316.0
3.5187822999432683,7345.0
3.520756399957463,7347.0
3.522754699923098,7349.0
3.524750299984589,7351.0
3.5267481999471784,7353.0
3.5287761001382023,7355.0
3.530753100058064,7357.0
3.532748300116509,7359.0
3.5347579000517726,7361.0
3.537770099937916,7364.0
3.566770900040865,7393.0
3.568768300116062,7395.0
3.5707537000998855,7397.0
3.5727536999620497,7399.0
3.57475099992007,7401.0
3.5767506000120193,7403.0
3.578748600091785,7405.0
3.580767000094056,7407.0
3.582747400039807,7409.0
3.5867747000884265,7413.0
3.6157744999509305,7442.0
3.617777300067246,7444.0
3.6197599000297487,7446.0
3.621775300009176,7448.0
3.6237546999473125,7450.0
3.625751500017941,7452.0
3.627749100094661,7454.0
3.629748099949211,7456.0
3.631747900042683,7458.0
3.633757600095123,7460.0
3.6357976000290364,7462.0
3.6657751000020653,7492.0
3.6677848999388516,7494.0
3.6697647999972105,7496.0
3.671769900014624,7498.0
3.673753800103441,7500.0
3.6757509999442846,7502.0
3.677749899914488,7504.0
3.679758599959314,7506.0
3.681752200005576,7508.0
3.6857797999400645,7510.0
3.7147812000475824,7541.0
3.716755700064823,7543.0
3.718758299946785,7545.0
3.720755800139159,7547.0
3.722757900133729,7549.0
3.725748300086707,7552.0
3.7297475999221206,7554.0
3.733769200043753,7558.0
3.7657751999795437,7592.0
3.767774899955839,7594.0
3.7697596999350935,7596.0
3.7717573000118136,7598.0
3.773750900058076,7600.0
3.7757495001424104,7602.0
3.7777778999879956,7604.0
3.7797520000021905,7606.0
3.781749000074342,7608.0
3.7857705000787973,7610.0
3.8157718000002205,7642.0
3.8177702999673784,7644.0
3.8197578999679536,7646.0
3.8217581000644714,7648.0
3.8237576000392437,7650.0
3.8277565999887884,7652.0
3.8317541000433266,7656.0
3.834759599994868,7660.0
3.8657822001259774,7692.0
3.86780730006285,7694.0
3.8697641999460757,7696.0
3.871775400126353,7698.0
3.8737550999503583,7700.0
3.875759300077334,7702.0
3.87774970009923,7704.0
3.8797492999583483,7706.0
3.8817605001386255,7708.0
3.8857676999177784,7710.0
3.9157690999563783,7742.0
3.917773100081831,7744.0
3.9197686999104917,7746.0
3.9217630999628454,7748.0
3.9267589000519365,7750.0
3.9287551001179963,7755.0
3.9307486000470817,7757.0
3.932752500055358,7759.0
3.93478100001812,7761.0
3.965783999999985,7792.0
3.9677649999503046,7794.0
3.96975399996154,7796.0
3.9717530999332666,7798.0
3.973749900003895,7800.0
3.975752300117165,7802.0
3.9777492999564856,7804.0
3.97975239995867,7806.0
3.9817653000354767,7808.0
3.9837577999569476,7810.0
4.013778999913484,7840.0
4.0157572000753134,7842.0
4.017769600031897,7844.0
4.019758299924433,7846.0
4.021754200104624,7848.0
4.025763000128791,7850.0
4.027756300056353,7854.0
4.02975059999153,7856.0
4.031750400085002,7858.0
4.033753300085664,7860.0
4.064771499950439,7891.0
4.0667536000255495,7893.0
4.068768300116062,7895.0
4.070753399981186,7897.0
4.072786099975929,7899.0
4.074773600092158,7901.0
4.076753899920732,7903.0
4.078751400113106,7905.0
4.080749700078741,7907.0
4.082749699940905,7909.0
4.084766400046647,7911.0
4.116775000002235,7943.0
4.11877500009723,7945.0
4.120757200056687,7947.0
4.122758199926466,7949.0
4.124752999981865,7951.0
4.126749299932271,7953.0
4.128751599928364,7955.0
4.130751100135967,7957.0
4.132749800104648,7959.0
4.134865399915725,7961.0
4.166925800032914,7993.0
4.168774100020528,7995.0
4.17075560009107,7997.0
4.172757799969986,7999.0
4.174751000013202,8002.0
4.176749000092968,8003.0
4.178749100072309,8005.0
4.180835300125182,8007.0
4.182767400052398,8009.0
4.185770699987188,8012.0
4.2177935999352485,8044.0
4.219764400040731,8046.0
4.221756299957633,8048.0
4.225748900091276,8050.0
4.2277937000617385,8054.0
4.229763499926776,8056.0
4.231766799930483,8058.0
4.233759199967608,8060.0
4.235777799971402,8062.0
4.266773300012574,8093.0
4.268777100136504,8095.0
4.270762900123373,8097.0
4.2727527001407,8099.0
4.274778600083664,8101.0
4.276754500111565,8103.0
4.27878009993583,8105.0
4.280752799939364,8107.0
4.282750500133261,8109.0
4.284758900059387,8111.0
4.2867823000997305,8113.0
4.318783299997449,8145.0
4.320762899937108,8147.0
4.322764700045809,8149.0
4.324753999942914,8151.0
4.326756099937484,8153.0
4.32875240012072,8155.0
4.330750599969178,8157.0
4.332750899950042,8159.0
4.334751900052652,8161.0
4.336775900097564,8163.0
4.368780300021172,8195.0
4.370757600059733,8197.0
4.372756599914283,8199.0
4.374752700095996,8201.0
4.376750299939886,8203.0
4.3787509999237955,8205.0
4.380750500131398,8207.0
4.382756799925119,8209.0
4.384764899965376,8211.0
4.386760799912736,8213.0
4.41978170000948,8246.0
4.421764800092205,8248.0
4.423758300021291,8250.0
4.425752300070599,8252.0
4.427750200033188,8254.0
4.42978180013597,8256.0
4.4327591001056135,8259.0
4.43475509993732,8261.0
4.436761500081047,8263.0
4.438751100096852,8265.0
4.471774799982086,8298.0
4.475778199965134,8301.0
4.479756599990651,8304.0
4.48275430011563,8310.0
4.484760100021958,8311.0
4.486752999946475,8313.0
4.488753499928862,8315.0
4.490751300007105,8317.0
4.525777900125831,8352.0
4.527757300063968,8354.0
4.529752900125459,8356.0
4.531752299983054,8358.0
4.533762099919841,8360.0
4.535767700057477,8362.0
4.537776899989694,8364.0
4.541758199920878,8368.0
4.543752199970186,8370.0
4.580846100114286,8405.0
4.584783199941739,8409.0
4.5867586000822484,8413.0
4.588769899914041,8415.0
4.590754100121558,8417.0
4.592751600081101,8419.0
4.594751100055873,8421.0
4.596750000026077,8423.0
4.631789800012484,8458.0
4.633768999949098,8460.0
4.635755599942058,8462.0
4.637811399996281,8464.0
4.641755799995735,8468.0
4.643752200063318,8470.0
4.645785399945453,8472.0
4.647764099994674,8474.0
4.64975310000591,8476.0
4.684793000109494,8509.0
4.688771200133488,8513.0
4.690755899995565,8517.0
4.692782700061798,8519.0
4.694756200071424,8521.0
4.696761100087315,8523.0
4.700761900050566,8525.0
4.703762999968603,8530.0
4.737801900133491,8564.0
4.739770899992436,8566.0
4.741757299983874,8568.0
4.743754300056025,8570.0
4.745751000009477,8572.0
4.747751499991864,8574.0
4.750766000011936,8577.0
4.75276180007495,8579.0
4.754768799990416,8581.0
4.756754399975762,8583.0
4.788773800013587,8615.0
4.790772299980745,8617.0
4.792752499924973,8619.0
4.79475300014019,8621.0
4.796753800008446,8623.0
4.798751600086689,8625.0
4.800808500032872,8627.0
4.802762000123039,8629.0
4.804787799948826,8631.0
4.806786899920553,8633.0
4.838775699958205,8665.0
4.8407588000409305,8667.0
4.84584640013054,8671.0
4.847789800027385,8674.0
4.849762100027874,8676.0
4.851759500103071,8678.0
4.85375460004434,8680.0
4.855755700031295,8682.0
4.857752100098878,8684.0
4.881775700021535,8708.0
4.885767299914733,8710.0
4.88775989995338,8714.0
4.889754200121388,8716.0
4.891752500087023,8718.0
4.893753600073978,8720.0
4.895764800021425,8722.0
4.897756099933758,8724.0
4.899752299999818,8726.0
4.923783200094476,8750.0
4.925761700142175,8752.0
4.927765300031751,8754.0
4.929754599928856,8756.0
4.931753700133413,8758.0
4.93376150005497,8760.0
4.935752700082958,8762.0
4.937758499989286,8764.0
4.939752300037071,8766.0
4.941754299914464,8768.0
4.943774099927396,8770.0
4.968776999972761,8795.0
4.970757199916989,8797.0
4.972755500115454,8799.0
4.974777200026438,8801.0
4.9767797000240535,8803.0
4.978758499957621,8805.0
4.980757599929348,8807.0
4.982754500117153,8809.0
4.984782099956647,8811.0
4.986773200100288,8813.0
4.9887739000841975,8815.0
5.013786399969831,8840.0
5.015762200113386,8842.0
5.017825500108302,8844.0
5.019775599939749,8846.0
5.021762599935755,8848.0
5.0257538999430835,8850.0
5.027752100024372,8854.0
5.029751599999145,8856.0
5.031753400107846,8858.0
5.057776400120929,8884.0
5.059759400086477,8886.0
5.061755700036883,8888.0
5.065862399991602,8890.0
5.067774800118059,8894.0
5.0697580999694765,8896.0
5.071769899921492,8898.0
5.0737557001411915,8900.0
5.075752499978989,8902.0
5.101787199964747,8928.0
5.105766300112009,8930.0
5.107755100121722,8934.0
5.109759200131521,8936.0
5.111777300015092,8938.0
5.113763300003484,8940.0
5.1157565000467,8942.0
5.117757699918002,8944.0
5.119783299975097,8946.0
5.145791599992663,8972.0
5.147759299958125,8974.0
5.1497559999115765,8976.0
5.152760700089857,8979.0
5.154758800053969,8981.0
5.156753899995238,8983.0
5.158780399942771,8985.0
5.161767600104213,8988.0
5.164756099926308,8992.0
5.18979059997946,9016.0
5.191761800087988,9018.0
5.1937557000201195,9020.0
5.1957547001075,9022.0
5.197752200067043,9024.0
5.19975270004943,9026.0
5.201771500054747,9028.0
5.205790299922228,9030.0
5.209759599994868,9034.0
5.235806700075045,9062.0
5.237772800028324,9064.0
5.239756199996918,9067.0
5.241757499985397,9068.0
5.243752999929711,9070.0
5.245753400027752,9072.0
5.247777099953964,9074.0
5.249769800109789,9076.0
5.251781400060281,9078.0
5.253772099968046,9080.0
5.278774800011888,9105.0
5.28076529991813,9107.0
5.282766700023785,9109.0
5.284760900074616,9111.0
5.286755400011316,9113.0
5.288755899993703,9115.0
5.290754999965429,9117.0
5.2927528999280185,9119.0
5.2947522001340985,9121.0
5.296752100111917,9123.0
5.298786600120366,9125.0
5.325777400052175,9152.0
5.32776329992339,9154.0
5.329759699990973,9156.0
5.331796200014651,9158.0
5.333790099946782,9160.0
5.335775499930605,9162.0
5.337785700103268,9164.0
5.339775600004941,9166.0
5.341754799941555,9168.0
5.343754400033504,9170.0
5.345755900023505,9172.0
5.372782600112259,9199.0
5.374762200051919,9201.0
5.378780100028962,9205.0
5.381769400089979,9208.0
5.384765000082552,9212.0
5.386755000101402,9213.0
5.3887589001096785,9215.0
5.390754299936816,9217.0
5.416879799915478,9243.0
5.418762400047854,9245.0
5.4207604001276195,9247.0
5.422756900079548,9249.0
5.424765000119805,9251.0
5.426756799919531,9253.0
5.428755100117996,9255.0
5.430752699961886,9257.0
5.432752300053835,9259.0
5.434758899966255,9261.0
5.460789799923077,9287.0
5.4627706001047045,9289.0
5.464763000141829,9291.0
5.466895499965176,9293.0
5.46876069996506,9295.0
5.470779699971899,9297.0
5.472772400127724,9299.0
5.474759100005031,9301.0
5.476754799950868,9303.0
5.47875320003368,9305.0
5.505780500127003,9332.0
5.508762300014496,9335.0
5.5107571999542415,9337.0
5.512762400088832,9339.0
5.514755700016394,9341.0
5.516895800130442,9343.0
5.518764300039038,9345.0
5.520755399949849,9347.0
5.522757699945942,9349.0
5.524754400132224,9351.0
5.551782099995762,9378.0
5.5537610000465065,9380.0
5.555758100003004,9382.0
5.557754900073633,9384.0
5.559818899957463,9386.0
5.5617633999791,9388.0
5.5637900999281555,9390.0
5.565760900033638,9392.0
5.567763000028208,9394.0
5.5697679000440985,9396.0
5.59679270000197,9423.0
5.59876299998723,9425.0
5.600766699993983,9427.0
5.602756300009787,9429.0
5.605760700069368,9432.0
5.607756100129336,9434.0
5.609758700011298,9436.0
5.611763600027189,9438.0
5.613762600114569,9440.0
5.615780800115317,9442.0
5.643777800025418,9470.0
5.645774299977347,9472.0
5.647760899970308,9474.0
5.649760500062257,9476.0
5.65175969991833,9478.0
5.653755200095475,9480.0
5.6557620000094175,9482.0
5.65977429994382,9486.0
5.661757499910891,9488.0
5.6907838000915945,9517.0
5.692769499961287,9519.0
5.695759100141004,9522.0
5.697774000000209,9524.0
5.699768600054085,9526.0
5.701779199996963,9528.0
5.705780900083482,9530.0
5.7077605000231415,9534.0
5.70975699997507,9537.0
5.738780000014231,9565.0
5.740761399967596,9567.0
5.742756600026041,9569.0
5.745762699982151,9572.0
5.747756599914283,9574.0
5.749758800026029,9576.0
5.751776900142431,9578.0
5.753758700098842,9580.0
5.7557566000614315,9582.0
5.75775340013206,9584.0
5.7857826999388635,9612.0
5.7877684000413865,9614.0
5.789759299950674,9616.0
5.791754800127819,9618.0
5.7937543001025915,9620.0
5.7957526000682265,9622.0
5.797782599925995,9624.0
5.799759899964556,9626.0
5.801763599971309,9628.0
5.8057653999421746,9630.0
5.83277940005064,9659.0
5.834764299914241,9661.0
5.836760200094432,9663.0
5.838757900055498,9665.0
5.84075630013831,9667.0
5.842755200108513,9669.0
5.844790400005877,9672.0
5.846759499981999,9673.0
5.848755999933928,9675.0
5.850761000066996,9677.0
5.878779999911785,9705.0
5.880761800101027,9707.0
5.8827587000560015,9709.0
5.885761999990791,9712.0
5.887756000040099,9714.0
5.889759799931198,9716.0
5.8918157001025975,9718.0
5.893759400118142,9720.0
5.896757600130513,9723.0
5.925806900020689,9750.0
5.927762200124562,9754.0
5.929768099915236,9756.0
5.931756400037557,9758.0
5.933765500085428,9760.0
5.93778260005638,9763.0
5.939760799985379,9766.0
5.9417558999266475,9768.0
5.9687814000062644,9795.0
5.970787700032815,9797.0
5.972766000078991,9799.0
5.97475800011307,9801.0
5.976756500080228,9803.0
5.978756099939346,9805.0
5.980754700023681,9807.0
5.982756800018251,9809.0
5.984756000107154,9811.0
5.986777400132269,9813.0
6.014778200071305,9841.0
6.016763400053605,9843.0
6.01877410011366,9845.0
6.020770400064066,9847.0
6.02275829995051,9849.0
6.025757800089195,9852.0
6.0277557000517845,9854.0
6.029754600021988,9856.0
6.031755000120029,9858.0
6.033784799976274,9860.0
6.064808499999344,9889.0
6.066863599931821,9893.0
6.068760700058192,9895.0
6.070761299924925,9898.0
6.072757099987939,9899.0
6.0747543999459594,9901.0
6.076754600042477,9903.0
6.0787540001329035,9905.0
6.080788899911568,9907.0
6.10980370012112,9936.0
6.111776200123131,9938.0
6.113760699983686,9940.0
6.115757399937138,9942.0
6.120777199976146,9947.0
6.1237604999914765,9950.0
6.125755900051445,9952.0
6.127769900020212,9955.0
6.156791999936104,9983.0
6.158784799976274,9985.0
6.160763599909842,9987.0
6.1627661001402885,9989.0
6.164773799944669,9991.0
6.166760300053284,9993.0
6.168798000086099,9995.0
6.170779000036418,9997.0
6.172784799942747,9999.0
6.174763899995014,10001.0
6.203794300090522,10030.0
6.205775199923664,10032.0
6.207767399959266,10034.0
6.2097708999644965,10036.0
6.21177290007472,10038.0
6.213776499964297,10040.0
6.215772999916226,10042.0
6.217798999976367,10044.0
6.219786599976942,10046.0
6.221767399925739,10048.0
6.225757299922407,10051.0
6.25679160002619,10083.0
6.259773999918252,10086.0
6.261775000020862,10088.0
6.265796999912709,10090.0
6.267772000050172,10094.0
6.269766299985349,10096.0
6.271776899928227,10098.0
6.273758600000292,10100.0
6.275758099975064,10102.0
6.305785299977288,10132.0
6.307767099933699,10134.0
6.311796800000593,10136.0
6.313763200072572,10140.0
6.315759800141677,10142.0
6.317823700141162,10144.0
6.319766100030392,10146.0
6.321766500128433,10148.0
6.323755600024015,10150.0
6.3517857999540865,10178.0
6.353764200117439,10180.0
6.357779599959031,10184.0
6.35976090002805,10186.0
6.361756399972364,10188.0
6.365762300090864,10190.0
6.367759299930185,10194.0
6.369881300022826,10196.0
6.39878090005368,10225.0
6.400771199958399,10227.0
6.402778299991041,10229.0
6.405771099962294,10232.0
6.407757600070909,10234.0
6.409785599913448,10236.0
6.411757300142199,10238.0
6.4137560001108795,10240.0
6.418788200011477,10243.0
6.44880950008519,10276.0
6.450779299950227,10277.0
6.4527624999172986,10279.0
6.454764200141653,10281.0
6.458758000051603,10285.0
6.460756600135937,10287.0
6.462755100103095,10289.0
6.465781999984756,10292.0
6.467797399964184,10294.0
6.497802400030196,10324.0
6.499781999969855,10326.0
6.501786699984223,10328.0
6.505779900122434,10330.0
6.5077732999343425,10334.0
6.509775799931958,10336.0
6.511796599952504,10338.0
6.513774200109765,10340.0
6.515772799961269,10342.0
6.546803199918941,10373.0
6.548764100065455,10375.0
6.5507686000783,10378.0
6.552768599940464,10379.0
6.554765800014138,10381.0
6.556757099926472,10383.0
6.558766900096089,10385.0
6.560758800012991,10387.0
6.562757899984717,10389.0
6.564757199957967,10391.0
6.59378350013867,10420.0
6.595767799997702,10422.0
6.597758300136775,10424.0
6.599757499992847,10426.0
6.601777500007302,10428.0
6.605788599932566,10430.0
6.607761299936101,10434.0
6.609758400125429,10436.0
6.611757300095633,10438.0
6.639782400103286,10466.0
6.641764499945566,10468.0
6.643758099991828,10470.0
6.646761999931186,10473.0
6.648758199997246,10475.0
6.650788699975237,10477.0
6.65277889999561,10479.0
6.65477199992165,10481.0
6.65676030004397,10483.0
6.658758100122213,10485.0
6.687784899957478,10514.0
6.691773199941963,10517.0
6.695865200133994,10520.0
6.699793400010094,10525.0
6.703793900087476,10528.0
6.705766000086442,10532.0
6.735787800047547,10562.0
6.737770600011572,10564.0
6.739761099917814,10567.0
6.741758899996057,10568.0
6.745790200075135,10570.0
6.747761900071055,10574.0
6.749758800026029,10576.0
6.7517685000784695,10578.0
6.753767800051719,10580.0
6.783795000053942,10610.0
6.786774999927729,10613.0
6.79077160009183,10616.0
6.794792999979109,10619.0
6.798768599983305,10624.0
6.802780800033361,10627.0
6.832793799927458,10659.0
6.834778000134975,10661.0
6.836763000115752,10663.0
6.838793100090697,10665.0
6.84078019997105,10667.0
6.842762500047684,10670.0
6.846763900015503,10673.0
6.848757700063288,10675.0
6.850768300006166,10677.0
6.879785500001162,10706.0
6.881765800062567,10708.0
6.885786900063977,10710.0
6.887768500018865,10714.0
6.889760199934244,10716.0
6.891757700126618,10718.0
6.893756899982691,10720.0
6.89575650007464,10723.0
6.897759299958125,10724.0
6.8997554001398385,10726.0
6.928782799979672,10755.0
6.930776100140065,10757.0
6.9327855000738055,10759.0
6.934771900065243,10761.0
6.9367597999516875,10763.0
6.93876380007714,10766.0
6.940784699982032,10767.0
6.9427575001027435,10769.0
6.94475660007447,10771.0
6.946757199941203,10773.0
6.948791899951175,10776.0
6.978805199963972,10805.0
6.98077500006184,10807.0
6.982763499952853,10809.0
6.984765199944377,10811.0
6.986758700106293,10813.0
6.988760899985209,10816.0
6.990755500039086,10817.0
6.992755600018427,10819.0
6.994773600017652,10821.0
6.996760200010613,10823.0
7.027786700055003,10854.0
7.029764499980956,10856.0
7.031760900048539,10858.0
7.033769499976188,10860.0
7.036775900050998,10863.0
7.038766500074416,10865.0
7.0407789999153465,10867.0
7.042760299984366,10869.0
7.045759100001305,10872.0
7.0477589999791235,10874.0
7.079812400043011,10906.0
7.081769699929282,10908.0
7.083770500030369,10910.0
7.085779400076717,10912.0
7.087783900089562,10914.0
7.089771300088614,10916.0
7.0917589999735355,10919.0
7.0937592999543995,10920.0
7.095758599927649,10922.0
7.097757700132206,10924.0
7.127783900126815,10954.0
7.129765599966049,10956.0
7.131762400036678,10959.0
7.133788200095296,10960.0
7.135769699933007,10962.0
7.137780300108716,10964.0
7.139770200010389,10966.0
7.141767699969932,10969.0
7.143758099991828,10970.0
7.145757500082254,10973.0
7.147756200050935,10974.0
7.177782299928367,11005.0
7.179763599997386,11007.0
7.1837897000368685,11009.0
7.185763000044972,11012.0
7.187766900053248,11014.0
7.18975879997015,11016.0
7.191758099943399,11019.0
7.19375710003078,11020.0
7.195757700130343,11022.0
7.226787700084969,11053.0
7.228776500094682,11055.0
7.2307716000359505,11057.0
7.232764299958944,11060.0
7.234788700006902,11061.0
7.236767299938947,11063.0
7.238761699991301,11065.0
7.240760399959981,11067.0
7.2428002001252025,11070.0
7.245771900052205,11072.0
7.275799100054428,11103.0
7.277772200061008,11104.0
7.2797640999779105,11106.0
7.28176339995116,11108.0
7.28379760007374,11110.0
7.285782099934295,11113.0
7.287767400033772,11114.0
7.289772999938577,11116.0
7.291760999942198,11118.0
7.2937628999352455,11120.0
7.295758200110868,11123.0
7.326786299934611,11153.0
7.328767400002107,11155.0
7.330762899946421,11157.0
7.332761599915102,11159.0
7.334804699989036,11162.0
7.336772500071675,11163.0
7.338765500113368,11165.0
7.340760699938983,11167.0
7.3427589000202715,11169.0
7.344758399995044,11172.0
7.376782099949196,11204.0
7.378764200024307,11205.0
7.380760200088844,11207.0
7.382761799963191,11209.0
7.385791900102049,11212.0
7.387789000058547,11214.0
7.389802300138399,11216.0
7.391764499945566,11219.0
7.393760400125757,11220.0
7.395758700091392,11222.0
7.427785400068387,11254.0
7.431790699949488,11257.0
7.435774700017646,11260.0
7.441777300089598,11266.0
7.445864100009203,11270.0
7.44778069993481,11274.0
7.478787899948657,11306.0
7.4807657999917865,11307.0
7.482795299962163,11309.0
7.484802199993283,11312.0
7.486760400002822,11313.0
7.488762800116092,11315.0
7.49076130008325,11317.0
7.492832400137559,11319.0
7.4947643000632524,11322.0
7.496759200002998,11323.0
7.529794600093737,11356.0
7.532774799969047,11360.0
7.536781599977985,11363.0
7.539798200130463,11366.0
7.542765500023961,11370.0
7.544763100100681,11371.0
7.546759499935433,11373.0
7.580793200060725,11407.0
7.582769300090149,11409.0
7.584808900021017,11412.0
7.586795600131154,11413.0
7.591777900001034,11417.0
7.593764000106603,11420.0
7.597771600121632,11423.0
7.59976219991222,11426.0
7.63280629995279,11459.0
7.634773300029337,11461.0
7.6367633999325335,11463.0
7.638766899937764,11466.0
7.640762400114909,11467.0
7.642759799957275,11469.0
7.644758600043133,11472.0
7.646757800132036,11473.0
7.648792200023308,11476.0
7.650775900110602,11477.0
7.681800000136718,11508.0
7.683774800039828,11510.0
7.685764499939978,11512.0
7.687767999945208,11514.0
7.690763399936259,11518.0
7.6927595001179725,11520.0
7.694763200124726,11521.0
7.696775099961087,11523.0
7.698764800094068,11526.0
7.700772100128233,11527.0
7.732782500097528,11559.0
7.7347717001102865,11561.0
7.736762800021097,11564.0
7.740773299941793,11567.0
7.7427682999987155,11569.0
7.745763800106943,11573.0
7.747760700061917,11574.0
7.749770099995658,11576.0
7.751769799971953,11578.0
7.785797199932858,11611.0
7.7877782001160085,11615.0
7.7897665000054985,11617.0
7.791761900065467,11619.0
7.7937628999352455,11620.0
7.797761399997398,11624.0
7.799759899964556,11626.0
7.801796900108457,11628.0
7.833802799927071,11660.0
7.835770200006664,11662.0
7.837771899998188,11665.0
7.839763500029221,11666.0
7.841762199997902,11668.0
7.843761600088328,11670.0
7.845759999938309,11672.0
7.84775900002569,11675.0
7.849792000139132,11676.0
7.851767899934202,11678.0
7.853765400126576,11680.0
7.887783300131559,11714.0
7.88976819999516,11717.0
7.891765400068834,11718.0
7.8937635000329465,11720.0
7.895761199994013,11722.0
7.8977815001271665,11724.0
7.899765100097284,11727.0
7.901764899957925,11728.0
7.903769500087947,11730.0
7.905764899915084,11733.0
7.907790800090879,11734.0
7.942795400042087,11770.0
7.944784400053322,11771.0
7.946783000137657,11773.0
7.948783400002867,11776.0
7.9507844999898225,11777.0
7.9527740001212806,11780.0
7.954788299975917,11781.0
7.9567784001119435,11783.0
7.958785299910232,11785.0
7.960787700023502,11787.0
7.996789199998602,11823.0
7.998786000069231,11825.0
8.000785100040957,11827.0
8.002785800024867,11830.0
8.005794700002298,11832.0
8.007776000071317,11835.0
8.009784900117666,11836.0
8.011769900098443,11838.0
8.013772800099105,11841.0
8.015771599952132,11842.0
8.050807400140911,11877.0
8.05278840009123,11879.0
8.05478970007971,11881.0
8.056787499925122,11883.0
8.05878320010379,11886.0
8.060786599991843,11887.0
8.062779699917883,11889.0
8.064783900044858,11892.0
8.066945800092071,11893.0
8.068790799938142,11896.0
8.106795399915427,11933.0
8.108788199955598,11935.0
8.11079049995169,11938.0
8.112781699979678,11939.0
8.114795400062576,11941.0
8.116977399913594,11944.0
8.11878850008361,11945.0
8.120786499930546,11947.0
8.122780699981377,11949.0
8.125780300004408,11953.0
8.162820799974725,11990.0
8.165790200000629,11992.0
8.167800900060683,11995.0
8.169789399951696,11997.0
8.17578630009666,12001.0
8.177792500006035,12005.0
8.17976940004155,12006.0
8.183794399956241,12009.0
8.219797600060701,12046.0
8.22178680007346,12049.0
8.225790800061077,12051.0
8.227786700008437,12054.0
8.229786300100386,12056.0
8.23178380005993,12059.0
8.233790799975395,12060.0
8.23579950002022,12063.0
8.237788799917325,12064.0
8.239781900076196,12066.0
8.281801000004634,12106.0
8.285817400086671,12111.0
8.287802699953318,12115.0
8.289788600057364,12116.0
8.291783299995586,12119.0
8.293790200026706,12120.0
8.295782000059262,12122.0
8.297772099962458,12125.0
8.337805700022727,12164.0
8.340780599974096,12167.0
8.34578420012258,12173.0
8.347778100054711,12175.0
8.349776600021869,12176.0
8.3517871000804,12178.0
8.353776999982074,12181.0
8.355771499918774,12182.0
8.392789999954402,12219.0
8.394774100044742,12222.0
8.396793199935928,12223.0
8.398781500058249,12225.0
8.400782099924982,12228.0
8.40279470011592,12229.0
8.40578190004453,12232.0
8.407783200033009,12234.0
8.409770200029016,12237.0
8.411783100105822,12238.0
8.449801200069487,12276.0
8.451785299926996,12279.0
8.453767500119284,12280.0
8.455796000082046,12283.0
8.457792399916798,12284.0
8.459785599960014,12286.0
8.461786299943924,12289.0
8.463787799933925,12290.0
8.46578749991022,12292.0
8.467789600137621,12295.0
8.469783599954098,12296.0
8.506802899995819,12333.0
8.508794799912721,12335.0
8.510788599960506,12338.0
8.512785099912435,12339.0
8.514786600135267,12342.0
8.51695720013231,12343.0
8.518783600069582,12345.0
8.521025599911809,12348.0
8.522788099944592,12349.0
8.524785700021312,12351.0
8.56179970013909,12389.0
8.563789200037718,12390.0
8.56578730000183,12392.0
8.567793100140989,12395.0
8.569780300138518,12396.0
8.571790700079873,12399.0
8.57378190010786,12400.0
8.575776499928907,12402.0
8.577782399952412,12405.0
8.579783299937844,12406.0
8.617807700065896,12444.0
8.619780200067908,12446.0
8.621800899971277,12449.0
8.623793200124055,12450.0
8.62578530004248,12453.0
8.627773999935016,12454.0
8.629785400116816,12456.0
8.633795300032943,12460.0
8.635791700100526,12462.0
8.637785099912435,12465.0
8.675792000023648,12502.0
8.67779180011712,12505.0
8.67979079997167,12506.0
8.681789600057527,12508.0
8.683786200126633,12511.0
8.685779500054196,12512.0
8.6877784000244,12515.0
8.68978610006161,12517.0
8.691784100141376,12519.0
8.693796100094914,12520.0
8.731793600134552,12559.0
8.733794400002807,12560.0
8.735795099986717,12562.0
8.73778979992494,12565.0
8.739789700135589,12566.0
8.74178500007838,12569.0
8.743773200083524,12570.0
8.745779100107029,12573.0
8.747778600081801,12574.0
8.749771200120449,12576.0
8.785792200127617,12613.0
8.787777400109917,12614.0
8.78977519995533,12617.0
8.791775499936193,12618.0
8.794768899912015,12622.0
8.79676860012114,12623.0
8.798763999948278,12625.0
8.800793299917132,12628.0
8.802820200100541,12629.0
8.804775499971583,12632.0
8.840783500112593,12667.0
8.842767700087279,12669.0
8.845790599938482,12673.0
8.84778010006994,12674.0
8.84978980012238,12677.0
8.851776099996641,12678.0
8.853776500094682,12681.0
8.855771200032905,12683.0
8.857765899971128,12684.0
8.859779299935326,12687.0
8.896785400109366,12724.0
8.898772600106895,12726.0
8.900777000002563,12727.0
8.90276789991185,12730.0
8.90778600005433,12733.0
8.911788000026718,12736.0
8.91578990011476,12740.0
8.952797899954021,12780.0
8.95478369994089,12782.0
8.956779300002381,12783.0
8.958769100019708,12785.0
8.960774899926037,12788.0
8.962766699958593,12789.0
8.964764700038359,12792.0
8.966938500059769,12793.0
8.968776100082323,12795.0
8.9708215999417,12798.0
9.011824799934402,12836.0
9.017810000106692,12841.0
9.02178810001351,12847.0
9.025783499935642,12851.0
9.027769299922511,12855.0
9.06697029992938,12892.0
9.068775499938056,12896.0
9.072773900115862,12898.0
9.076777399983257,12902.0
9.078804299933836,12906.0
9.08078010007739,12907.0
9.084778300020844,12911.0
9.121794800041243,12949.0
9.123778000008315,12950.0
9.125774400075898,12953.0
9.127767400117591,12954.0
9.129764399956912,12957.0
9.131772000109777,12958.0
9.133774100104347,12960.0
9.135784300044179,12963.0
9.137773599941283,12964.0
9.139766199979931,12967.0
9.177801500074565,13005.0
9.180780200054869,13007.0
9.182766899932176,13010.0
9.185798600083217,13013.0
9.187882200116292,13015.0
9.189772000070661,13016.0
9.19276660005562,13019.0
9.194766900036484,13021.0
9.196765300119296,13023.0
9.233817900065333,13061.0
9.235779199982062,13063.0
9.237770000007004,13064.0
9.239771699998528,13066.0
9.241764199919999,13069.0
9.243765100138262,13070.0
9.245765700004995,13073.0
9.247763300081715,13074.0
9.249787100125104,13077.0
9.251785200089216,13078.0
9.28978450014256,13116.0
9.291769200004637,13118.0
9.293838599929586,13121.0
9.295785200083628,13122.0
9.297784900059924,13125.0
9.29976770002395,13127.0
9.301792900077999,13128.0
9.303768400102854,13131.0
9.305786699987948,13133.0
9.307778000133112,13135.0
9.344785900088027,13172.0
9.346769199939445,13173.0
9.34877540008165,13176.0
9.350779300089926,13177.0
9.352776299929246,13180.0
9.354772800114006,13181.0
9.356767399935052,13183.0
9.358787700068206,13186.0
9.36076830001548,13187.0
9.362765999976546,13190.0
9.365768800023943,13193.0
9.398795299930498,13226.0
9.400778800016269,13227.0
9.402776499977335,13229.0
9.404774900060147,13232.0
9.406785400118679,13233.0
9.408773900009692,13236.0
9.410768500063568,13238.0
9.412765400018543,13239.0
9.414766400121152,13242.0
9.41692110011354,13243.0
9.44978899997659,13277.0
9.45179249998182,13278.0
9.453785300021991,13280.0
9.455775799928233,13283.0
9.45777010009624,13284.0
9.459765800042078,13287.0
9.461765700019896,13289.0
9.463790599955246,13290.0
9.465770000126213,13293.0
9.467772000003606,13294.0
9.469780599931255,13297.0
9.500793799990788,13327.0
9.50277699995786,13330.0
9.504774499917403,13332.0
9.506766699953005,13333.0
9.508765999926254,13336.0
9.510765200015157,13337.0
9.512764200102538,13340.0
9.514787700027227,13342.0
9.516946200048551,13343.0
9.518794700037688,13346.0
9.520783399930224,13347.0
9.552790200104937,13380.0
9.554778499994427,13382.0
9.556769600138068,13383.0
9.558767500100657,13386.0
9.56076809996739,13387.0
9.56277330010198,13390.0
9.56476640002802,13392.0
9.56690669991076,13393.0
9.568819900043309,13396.0
9.570773800136521,13397.0
9.602790700038895,13430.0
9.604777300031856,13432.0
9.606769500067458,13434.0
9.608790500089526,13435.0
9.610770300030708,13438.0
9.612791599938646,13440.0
9.614794299937785,13441.0
9.616931200027466,13444.0
9.61883860011585,13445.0
9.620813900139183,13448.0
9.622791799949482,13450.0
9.659793799975887,13484.0
9.663817800115794,13489.0
9.66580790001899,13493.0
9.667796900030226,13494.0
9.6698030999396,13497.0
9.671778199961409,13498.0
9.673767399974167,13501.0
9.675771800102666,13503.0
9.708818000042811,13535.0
9.710774099919945,13538.0
9.712770800106227,13540.0
9.714777700137347,13541.0
9.717792199924588,13544.0
9.721776199992746,13546.0
9.723767000017688,13551.0
9.72576649999246,13553.0
9.727766599971801,13555.0
9.761846699984744,13587.0
9.76581469993107,13590.0
9.767811700003222,13595.0
9.769778799964115,13596.0
9.771777600049973,13599.0
9.773768699960783,13600.0
9.775766799924895,13603.0
9.777769000036642,13605.0
9.779784900136292,13606.0
9.811798200011253,13639.0
9.813773999921978,13641.0
9.815768100088462,13642.0
9.817807500017807,13645.0
9.819776900112629,13646.0
9.822774500120431,13649.0
9.824769400060177,13652.0
9.82678349991329,13653.0
9.828769600018859,13656.0
9.830766699975356,13658.0
9.862790999934077,13690.0
9.864774100016803,13692.0
9.866959600010887,13693.0
9.868789100088179,13696.0
9.870776100084186,13697.0
9.872778800083324,13700.0
9.87478920002468,13702.0
9.876779000042006,13703.0
9.87877060007304,13706.0
9.880768700037152,13708.0
9.882767100119963,13710.0
9.913791300030425,13740.0
9.915774299995974,13743.0
9.91780579998158,13744.0
9.919778499985114,13747.0
9.921774199930951,13748.0
9.92376930010505,13751.0
9.925765600055456,13753.0
9.927766599925235,13754.0
9.929765000008047,13757.0
9.9317687000148,13759.0
9.933776000048965,13761.0
9.966971900081262,13794.0
9.968786499928683,13795.0
9.970778400078416,13798.0
9.972769499989226,13800.0
9.974767500068992,13801.0
9.976798499934375,13804.0
9.978776500094682,13805.0
9.980795999988914,13808.0
9.982782599981874,13810.0
9.985784300137311,13813.0
10.019796200096607,13846.0
10.021779200062156,13849.0
10.023783300071955,13851.0
10.025786600075662,13853.0
10.027796700131148,13855.0
10.029780599987134,13856.0
10.031773600028828,13859.0
10.033780100056902,13860.0
10.035794700030237,13863.0
10.037777200108394,13865.0
10.072803399991244,13900.0
10.074804400093853,13901.0
10.076775100082159,13904.0
10.078771499916911,13906.0
10.080788500141352,13907.0
10.082773800007999,13910.0
10.084835699992254,13912.0
10.086769900051877,13914.0
10.08877360005863,13916.0
10.090801500016823,13917.0
10.12180560012348,13948.0
10.123776799999177,13951.0
10.12578359991312,13953.0
10.127768100006506,13955.0
10.12976870010607,13957.0
10.131785799982026,13958.0
10.133777300128713,13961.0
10.135783500038087,13962.0
10.137785600032657,13965.0
10.139770300127566,13966.0
10.141768299974501,13969.0
10.169800699921325,13996.0
10.17177759995684,13999.0
10.173772200010717,14000.0
10.175769899971783,14003.0
10.17776870005764,14005.0
10.17976660002023,14006.0
10.183798599988222,14010.0
10.185772000113502,14013.0
10.189776099985465,14016.0
10.218802199931815,14046.0
10.220774299930781,14047.0
10.222771900007501,14050.0
10.225768500007689,14053.0
10.22776610008441,14055.0
10.22981970012188,14057.0
10.231787600088865,14058.0
10.233775400090963,14061.0
10.235790299950168,14062.0
10.237781200092286,14065.0
10.266942500136793,14094.0
10.268788400106132,14096.0
10.27078179991804,14098.0
10.272770300041884,14100.0
10.276802800130099,14103.0
10.278773199999705,14106.0
10.280768899945542,14107.0
10.282766900025308,14110.0
10.284769899910316,14111.0
10.286793899955228,14114.0
10.317800699966028,14145.0
10.319777600001544,14147.0
10.321773699950427,14149.0
10.323787499917671,14150.0
10.326772199943662,14153.0
10.328768600011244,14155.0
10.330768099986017,14158.0
10.332768500084057,14160.0
10.334772400092334,14161.0
10.336784600047395,14164.0
10.367803500033915,14195.0
10.369800199987367,14197.0
10.371776800137013,14198.0
10.373770700069144,14201.0
10.375768899917603,14202.0
10.37776800012216,14205.0
10.37976670009084,14207.0
10.38176769996062,14208.0
10.383780499920249,14211.0
10.388800099957734,14213.0
10.41979099996388,14246.0
10.421776900067925,14249.0
10.425776300020516,14251.0
10.428774199914187,14255.0
10.43077230011113,14257.0
10.432784100063145,14260.0
10.434783299919218,14262.0
10.436770000029355,14263.0
10.438771600136533,14266.0
10.471793900011107,14299.0
10.473774400074035,14301.0
10.475771500030532,14302.0
10.477770800003782,14305.0
10.479783599963412,14307.0
10.481772599974647,14309.0
10.483780100010335,14311.0
10.48777600005269,14313.0
10.491775300120935,14317.0
10.525807300116867,14353.0
10.527778099989519,14355.0
10.529769500019029,14357.0
10.531768599990755,14359.0
10.533779199933633,14361.0
10.535784000065178,14362.0
10.537774600088596,14365.0
10.539810599992052,14367.0
10.541785100009292,14368.0
10.543771299999207,14371.0
10.575795700075105,14402.0
10.577775100013241,14405.0
10.579769300064072,14407.0
10.581768699921668,14408.0
10.583779999986291,14411.0
10.585798799991608,14413.0
10.58778619999066,14415.0
10.589770900085568,14417.0
10.59176760003902,14418.0
10.593767800135538,14421.0
10.625805400079116,14453.0
10.62778150010854,14454.0
10.62977260001935,14457.0
10.631775100016966,14459.0
10.633802300086245,14460.0
10.635796800022945,14463.0
10.63783030002378,14464.0
10.639779400080442,14467.0
10.64177370001562,14469.0
10.643769700080156,14470.0
10.674793699989095,14501.0
10.676799000008032,14504.0
10.67877190001309,14506.0
10.68081000004895,14507.0
10.682777000125498,14510.0
10.684786299942061,14511.0
10.686779499985278,14514.0
10.68878070008941,14516.0
10.690779600059614,14517.0
10.692778199911118,14520.0
10.72581039997749,14553.0
10.727778800064698,14555.0
10.729771099984646,14557.0
10.731771799968556,14558.0
10.733783799922094,14561.0
10.737778899958357,14563.0
10.739771000109613,14567.0
10.74181200005114,14569.0
10.743781900033355,14570.0
10.745772199938074,14573.0
10.776789400028065,14604.0
10.77877530013211,14605.0
10.780771099962294,14608.0
10.782769500045106,14610.0
10.78578900010325,14613.0
10.787785300053656,14615.0
10.789775500074029,14617.0
10.79176940000616,14619.0
10.793770600110292,14620.0
10.795768999960274,14623.0
10.830805500037968,14657.0
10.832778099924326,14660.0
10.834826099919155,14661.0
10.83678329992108,14664.0
10.838781600119546,14666.0
10.840772799914703,14667.0
10.842769999988377,14670.0
10.845769600011408,14673.0
10.847769200103357,14675.0
10.879810699960217,14707.0
10.881819400005043,14709.0
10.88378920010291,14710.0
10.885791700100526,14713.0
10.887780599994585,14714.0
10.88977269991301,14717.0
10.891770099988207,14719.0
10.893769500078633,14721.0
10.895771000068635,14723.0
10.897794499993324,14724.0
10.899773800047114,14727.0
10.932791400002316,14760.0
10.934778500115499,14762.0
10.936772800050676,14764.0
10.939773800084367,14766.0
10.941768900025636,14769.0
10.943793500075117,14770.0
10.945775700034574,14773.0
10.94777059997432,14774.0
10.949770600069314,14777.0
10.951779900118709,14779.0
10.985796900000423,14813.0
10.987781299976632,14814.0
10.991798399947584,14818.0
10.993775699986145,14821.0
10.99577230005525,14823.0
10.997771899914369,14824.0
10.999770200112835,14827.0
11.001782099949196,14829.0
11.003794100135565,14831.0
11.03582109999843,14863.0
11.037802099948749,14864.0
11.039778100093827,14867.0
11.041774400044233,14869.0
11.043771400116384,14871.0
11.04577079997398,14873.0
11.04777910001576,14874.0
11.049768999917433,14877.0
11.051830900134519,14879.0
11.053781500086188,14880.0
11.055773100117221,14883.0
11.088790900073946,14915.0
11.090774900047109,14918.0
11.092772500123829,14920.0
11.094771699979901,14922.0
11.09880409995094,14925.0
11.100787499919534,14928.0
11.102771900128573,14930.0
11.105779099976644,14933.0
11.107770300004631,14935.0
11.143892199965194,14969.0
11.145827299915254,14973.0
11.147784099914134,14975.0
11.149774299934506,14976.0
11.152777899987996,14980.0
11.15477759996429,14981.0
11.15677100000903,14984.0
11.158770499983802,14986.0
11.160803500097245,14988.0
11.193792100064456,15021.0
11.195773800136521,15022.0
11.197801599977538,15025.0
11.199772000079975,15027.0
11.20179389999248,15029.0
11.20377349993214,15031.0
11.205772300017998,15033.0
11.207832999993116,15035.0
11.209806300001219,15036.0
11.211771399946883,15039.0
11.245801900047809,15073.0
11.247780400095508,15074.0
11.249773000134155,15077.0
11.251791800139472,15079.0
11.253791800001636,15081.0
11.255795300006866,15083.0
11.257775499951094,15084.0
11.259771700017154,15087.0
11.26177250011824,15089.0
11.26377209997736,15091.0
11.297808000119403,15125.0
11.299799599917606,15127.0
11.302792200120166,15129.0
11.30478290002793,15132.0
11.306775599950925,15134.0
11.308770400006324,15136.0
11.310771099990234,15138.0
11.312771799974144,15139.0
11.31477540009655,15142.0
11.347797800088301,15175.0
11.349779899930581,15176.0
11.351776900002733,15179.0
11.353772100061178,15181.0
11.35577160003595,15183.0
11.357771400129423,15185.0
11.359771100105718,15186.0
11.36177540011704,15189.0
11.363796800142154,15191.0
11.36577929998748,15193.0
11.367774900048971,15195.0
11.400804300094023,15228.0
11.402780700009316,15230.0
11.405781999928877,15233.0
11.407777599990368,15235.0
11.409784400137141,15237.0
11.41177439992316,15238.0
11.413779099937528,15241.0
11.415770400082693,15243.0
11.417773500084877,15245.0
11.419861800037324,15247.0
11.454839700134471,15282.0
11.456789599964395,15284.0
11.458780199987814,15286.0
11.460773299913853,15288.0
11.462773600127548,15289.0
11.46577150002122,15293.0
11.467774900142103,15294.0
11.4698072001338,15297.0
11.471793700009584,15299.0
11.47378130001016,15301.0
11.508807400008664,15336.0
11.510784999933094,15337.0
11.512779500102624,15340.0
11.514776800060645,15342.0
11.517022100044414,15344.0
11.518801799975336,15346.0
11.52078859996982,15347.0
11.522796500008553,15350.0
11.524784000124782,15352.0
11.526776399929076,15354.0
11.52877530013211,15356.0
11.562808600021526,15390.0
11.565780499950051,15393.0
11.567779700038955,15395.0
11.569772799964994,15397.0
11.571774400072172,15399.0
11.573769000126049,15401.0
11.575769900111482,15403.0
11.57780440011993,15404.0
11.579779400024563,15407.0
11.581771899946034,15409.0
11.615796400001273,15443.0
11.617788800038397,15445.0
11.619782699970528,15447.0
11.621780999936163,15449.0
11.62381560006179,15450.0
11.625776800094172,15453.0
11.627773199928924,15455.0
11.62977120000869,15457.0
11.631770400097594,15459.0
11.633774999994785,15461.0
11.66781309992075,15495.0
11.66979860002175,15497.0
11.671780100092292,15499.0
11.673779800068587,15501.0
11.675775000127032,15503.0
11.677772900089622,15505.0
11.67977109993808,15507.0
11.681772999931127,15509.0
11.683775099925697,15511.0
11.685797899961472,15513.0
11.718815899919719,15546.0
11.720804000040516,15548.0
11.722799099981785,15550.0
11.72577719995752,15553.0
11.727780200075358,15555.0
11.729791100136936,15557.0
11.731801199959591,15559.0
11.733795400010422,15561.0
11.735812800005078,15563.0
11.737777299946174,15565.0
11.7728039000649,15599.0
11.774779499974102,15602.0
11.776774700032547,15604.0
11.778793300036341,15606.0
11.78077740012668,15608.0
11.782772599952295,15610.0
11.784791700076312,15612.0
11.786778500070795,15614.0
11.788776899920776,15616.0
11.790772000094876,15618.0
11.792771300068125,15620.0
11.8278047000058,15655.0
11.830779100069776,15657.0
11.832776200026274,15660.0
11.834811300039291,15662.0
11.836783699924126,15664.0
11.838779099984095,15666.0
11.840804799925536,15668.0
11.84277749992907,15670.0
11.845774099929258,15673.0
11.881819000001997,15707.0
11.885798000032082,15711.0
11.887786899926141,15715.0
11.889776499941945,15717.0
11.891774000134319,15719.0
11.893772100098431,15721.0
11.895771600073203,15723.0
11.897771599935368,15725.0
11.929798800032586,15757.0
11.931780700106174,15759.0
11.933800700120628,15761.0
11.935777799924836,15763.0
11.93778089992702,15765.0
11.939773000078276,15767.0
11.941772700054571,15769.0
11.943772800033912,15771.0
11.945772600127384,15773.0
11.94777059997432,15775.0
11.979805500013754,15807.0
11.98379660001956,15809.0
11.985777999972925,15813.0
11.987781000090763,15815.0
11.989783900091425,15817.0
11.991772399982437,15819.0
11.993773000082001,15821.0
11.99577230005525,15823.0
11.997786999912933,15825.0
12.032806599978358,15858.0
12.035794799914584,15862.0
12.037783399922773,15865.0
12.04177529993467,15869.0
12.043812799965963,15871.0
12.045778299914673,15873.0
12.047775499988347,15875.0
12.081797300139442,15909.0
12.083787099923939,15911.0
12.085791500052437,15913.0
12.087776799919084,15915.0
12.089949999935925,15917.0
12.091777800116688,15919.0
12.093775999965146,15921.0
12.09577800007537,15923.0
12.097775999922305,15925.0
12.09977319999598,15927.0
12.132813100004569,15960.0
12.134796000085771,15962.0
12.136780800065026,15964.0
12.138784599956125,15966.0
12.140777599997818,15968.0
12.142775299958885,15970.0
12.145774600096047,15973.0
12.147771700052544,15975.0
12.149771200027317,15977.0
12.151808799942955,15979.0
12.183812600094825,16011.0
12.18580640014261,16013.0
12.187787899980322,16015.0
12.189777000108734,16017.0
12.193775200052187,16020.0
12.195773800136521,16023.0
12.19777170009911,16025.0
12.199799000052735,16027.0
12.201830599922687,16029.0
12.233802600065246,16061.0
12.235788800055161,16063.0
12.237783000105992,16065.0
12.239775100024417,16067.0
12.24177570012398,16069.0
12.243773499969393,16071.0
12.245807399973273,16073.0
12.24777749995701,16075.0
12.249775199918076,16077.0
12.251791400136426,16079.0
12.285813899943605,16113.0
12.287786199944094,16115.0
12.289775900077075,16117.0
12.291804499924183,16119.0
12.2937791000586,16121.0
12.29577500000596,16123.0
12.29778159991838,16125.0
12.299775199964643,16127.0
12.301807899959385,16129.0
12.30380990006961,16131.0
12.339811600046232,16167.0
12.34179940004833,16169.0
12.343788699945435,16171.0
12.345777299953625,16173.0
12.347780900076032,16175.0
12.349793700035661,16177.0
12.351803200086579,16179.0
12.353803100064397,16181.0
12.357801800128073,16184.0
12.392810299992561,16220.0
12.394779300084338,16222.0
12.396776200039312,16224.0
12.398774100001901,16226.0
12.400804199976847,16228.0
12.402781100012362,16230.0
12.405792000005022,16233.0
12.407775199972093,16235.0
12.40977600007318,16237.0
12.411773100029677,16239.0
12.44480810011737,16272.0
12.446783900028095,16274.0
12.448794400086626,16276.0
12.450787600129843,16278.0
12.452781199943274,16280.0
12.454780099913478,16282.0
12.4567754000891,16284.0
12.45877330005169,16286.0
12.460774699924514,16288.0
12.462805200135335,16290.0
12.494804000016302,16322.0
12.496782500064,16324.0
12.498778200009838,16326.0
12.500787900062278,16328.0
12.502785900142044,16330.0
12.505781300133094,16333.0
12.507778000086546,16335.0
12.509788100142032,16337.0
12.511776699917391,16339.0
12.51377520011738,16341.0
12.545799300074577,16373.0
12.547779800137505,16375.0
12.550786700099707,16378.0
12.55278560006991,16380.0
12.554783999919891,16382.0
12.556801700033247,16384.0
12.55879979999736,16386.0
12.560781199950725,16388.0
12.562776500126347,16390.0
12.564783399924636,16392.0
12.596803199965507,16424.0
12.598781100008637,16426.0
12.600786100141704,16428.0
12.602787600131705,16430.0
12.606787899974734,16432.0
12.610785299912095,16436.0
12.612782400101423,16440.0
12.61707799998112,16442.0
12.648811700055376,16476.0
12.65079169999808,16478.0
12.652778200106695,16480.0
12.65478440001607,16482.0
12.656779499957338,16484.0
12.658775000134483,16486.0
12.660775399999693,16488.0
12.662776699988171,16490.0
12.666926699923351,16493.0
12.66878190007992,16496.0
12.70180770009756,16529.0
12.70378000009805,16531.0
12.708832900039852,16534.0
12.710790700046346,16538.0
12.713778899982572,16540.0
12.7157753999345,16543.0
12.718788200058043,16545.0
12.720779200084507,16548.0
12.752799700014293,16580.0
12.754821100039408,16582.0
12.756795099936426,16584.0
12.758781200041994,16586.0
12.760775699978694,16588.0
12.763774099992588,16591.0
12.76577359996736,16593.0
12.768816400086507,16595.0
12.770810100017115,16598.0
12.805815000087023,16633.0
12.80778510007076,16635.0
12.809811300132424,16637.0
12.811776099959388,16639.0
12.813789800042287,16641.0
12.815803100122139,16643.0
12.817815999966115,16645.0
12.819796799914911,16647.0
12.821813700022176,16649.0
12.823797899996862,16651.0
12.85780270001851,16685.0
12.859783299965784,16687.0
12.86177930003032,16689.0
12.863798700040206,16691.0
12.865790999960154,16693.0
12.86778420000337,16695.0
12.869777800049633,16697.0
12.871778500033543,16699.0
12.87377450009808,16701.0
12.875776699976996,16703.0
12.908801200101152,16736.0
12.910780699923635,16738.0
12.912790199974552,16740.0
12.915779900038615,16742.0
12.917784699937329,16745.0
12.919776299968362,16747.0
12.922781700035557,16749.0
12.925774300005287,16752.0
12.927814699942246,16755.0
12.960802000015974,16788.0
12.962783500086516,16790.0
12.965781300095841,16793.0
12.96779299993068,16795.0
12.969777500024065,16797.0
12.971780699910596,16799.0
12.97380720009096,16801.0
12.97577859996818,16803.0
12.977777200052515,16805.0
12.979774800129235,16807.0
13.01279990002513,16840.0
13.014781800098717,16842.0
13.016959300031886,16844.0
13.018843800062314,16846.0
13.020795500138775,16848.0
13.022780500119552,16850.0
13.025779100134969,16853.0
13.027774200076237,16855.0
13.029785899911076,16857.0
13.031776699936017,16859.0
13.065816499991342,16893.0
13.067795099923387,16895.0
13.069781699916348,16897.0
13.071784399915487,16899.0
13.073781300103292,16901.0
13.07577640004456,16903.0
13.077778999926522,16905.0
13.079775599995628,16907.0
13.081801600055769,16909.0
13.083784400019795,16911.0
13.116947300033644,16944.0
13.118799899937585,16946.0
13.12079509999603,16948.0
13.122780800098553,16950.0
13.125782600138336,16953.0
13.127775999950245,16955.0
13.12979059992358,16957.0
13.131778900045902,16959.0
13.133780000032857,16961.0
13.135780400130898,16963.0
13.168799299979582,16996.0
13.170785899972543,16998.0
13.172779200132936,17000.0
13.174816899932921,17002.0
13.176794300088659,17004.0
13.178794600069523,17006.0
13.180782099952921,17008.0
13.182777100009844,17010.0
13.185783599969,17013.0
13.1877784000244,17015.0
13.220813299994916,17048.0
13.222792699933052,17050.0
13.22478189994581,17052.0
13.228777799988165,17054.0
13.230775499949232,17058.0
13.232775900047272,17060.0
13.234783000079915,17062.0
13.236830400070176,17064.0
13.238783800043166,17066.0
13.27283490006812,17100.0
13.274812699994072,17102.0
13.276799800107256,17104.0
13.278802999993786,17106.0
13.280793600017205,17108.0
13.28281300002709,17110.0
13.285811299923807,17113.0
13.2877883000765,17115.0
13.289778500096872,17117.0
13.29177700006403,17119.0
13.327820600010455,17155.0
13.329804199980572,17157.0
13.33178270002827,17159.0
13.333790299948305,17161.0
13.335779200075194,17163.0
13.337778399931267,17165.0
13.339809600031003,17167.0
13.341776400106028,17169.0
13.34378320001997,17171.0
13.34883869998157,17174.0
13.38381960010156,17211.0
13.385781900025904,17213.0
13.387785000028089,17215.0
13.389778800075874,17217.0
13.391781900078058,17219.0
13.393794900039211,17221.0
13.395780300023034,17223.0
13.3977783001028,17225.0
13.399780299980193,17227.0
13.401783700101078,17229.0
13.437831799965352,17264.0
13.439809400122613,17267.0
13.441788099939004,17269.0
13.443780000088736,17271.0
13.445780100068077,17273.0
13.447778299916536,17275.0
13.449777600122616,17277.0
13.451783299911767,17279.0
13.453784600133076,17281.0
13.48680409998633,17314.0
13.48878509993665,17316.0
13.490784599911422,17318.0
13.49277830007486,17320.0
13.49477729992941,17322.0
13.49677630001679,17324.0
13.498778300127015,17326.0
13.500823900103569,17328.0
13.5027829001192,17330.0
13.504784299992025,17332.0
13.506778500042856,17334.0
13.541815500007942,17369.0
13.543793800054118,17371.0
13.545785800088197,17373.0
13.547805699985474,17375.0
13.549783200025558,17377.0
13.55178189999424,17379.0
13.553777300054207,17381.0
13.555781400064006,17383.0
13.557776000117883,17385.0
13.559776900103316,17387.0
13.592800199985504,17420.0
13.594806200126186,17422.0
13.596783499931917,17424.0
13.598779400112107,17426.0
13.600792699959129,17428.0
13.602781299967319,17430.0
13.604782700072974,17432.0
13.606785299954936,17434.0
13.60877800011076,17436.0
13.61081609991379,17438.0
13.642815500032157,17470.0
13.644786100136116,17472.0
13.646781099960208,17474.0
13.648778799921274,17476.0
13.650785699952394,17478.0
13.652791599975899,17480.0
13.654789400054142,17482.0
13.656795799965039,17484.0
13.65878210007213,17486.0
13.66078000003472,17488.0
13.662776899989694,17490.0
13.695805599913001,17523.0
13.697786800097674,17525.0
13.699781300034374,17527.0
13.701799100032076,17529.0
13.705801100004464,17532.0
13.707783499965444,17535.0
13.709780999924988,17537.0
13.711778400000185,17539.0
13.713778299978003,17541.0
13.715777599951252,17543.0
13.748828300042078,17576.0
13.750800699926913,17578.0
13.752786800032482,17580.0
13.754784400109202,17582.0
13.756792600033805,17584.0
13.758778100134805,17586.0
13.760777600109577,17588.0
13.762777300085872,17590.0
13.766936500091106,17593.0
13.768820600118488,17596.0
13.802815499948338,17630.0
13.80579510005191,17633.0
13.80778170004487,17635.0
13.809781100135297,17637.0
13.811803299933672,17639.0
13.813783300109208,17641.0
13.815782200079411,17643.0
13.81778179993853,17645.0
13.819828300038353,17647.0
13.82178120012395,17649.0
13.85781850013882,17685.0
13.85978680010885,17687.0
13.861782500054687,17689.0
13.863809600006789,17691.0
13.86577929998748,17693.0
13.867800100008026,17695.0
13.869790599914268,17697.0
13.87179489992559,17699.0
13.873782200040296,17701.0
13.875778099987656,17703.0
13.907807799987495,17735.0
13.909789999946952,17737.0
13.911780399968848,17739.0
13.913780099945143,17741.0
13.915778900031,17743.0
13.91782209998928,17745.0
13.919809200102463,17747.0
13.921786200022325,17749.0
13.92378169996664,17751.0
13.925778500037268,17753.0
13.928780500078574,17756.0
13.962814799975604,17790.0
13.965801700018346,17793.0
13.968812300125137,17796.0
13.970793100073934,17798.0
13.972785199992359,17800.0
13.974780099932104,17802.0
13.976778700016439,17804.0
13.978779199998826,17806.0
13.980780299985781,17808.0
14.013819999992847,17841.0
14.015796100022271,17843.0
14.017800099914894,17845.0
14.019790299935266,17847.0
14.021789999911562,17849.0
14.023781300056726,17851.0
14.025780400028452,17853.0
14.027777699986473,17855.0
14.02983590005897,17857.0
14.031831200001761,17859.0
14.033832699991763,17861.0
14.066950800130144,17894.0
14.06880549993366,17896.0
14.070790800033137,17898.0
14.072781400056556,17900.0
14.07478759996593,17902.0
14.076791800092906,17904.0
14.08078459999524,17907.0
14.082780299941078,17910.0
14.084781599929556,17912.0
14.086802799953148,17914.0
14.118815199937671,17946.0
14.120795800117776,17948.0
14.122805499937385,17950.0
14.12478579999879,17952.0
14.12678060005419,17954.0
14.128779900027439,17956.0
14.130778500111774,17958.0
14.132777499966323,17960.0
14.13478110008873,17962.0
14.136818500002846,17964.0
14.138793800026178,17966.0
14.172822500113398,17999.0
14.174787000054494,18002.0
14.176781400106847,18004.0
14.178779300069436,18006.0
14.180778899928555,18008.0
14.182777600130066,18010.0
14.185816399985924,18013.0
14.187798900064081,18015.0
14.19278770009987,18018.0
14.225808100076392,18053.0
14.22778720012866,18055.0
14.229781599948183,18057.0
14.231806199997663,18059.0
14.233798600034788,18061.0
14.235783700132743,18063.0
14.23778700013645,18065.0
14.239781300071627,18067.0
14.24178189993836,18069.0
14.243778000120074,18071.0
14.275811600033194,18103.0
14.277790900086984,18105.0
14.279801900032908,18107.0
14.281783899990842,18109.0
14.283788400003687,18111.0
14.285799999954179,18113.0
14.287796000018716,18115.0
14.289790200069547,18117.0
14.291787300026044,18119.0
14.293816300109029,18121.0
14.295793999917805,18123.0
14.3288104000967,18156.0
14.330786200007424,18158.0
14.332781899953261,18160.0
14.334795499918982,18162.0
14.336795500013977,18164.0
14.338791500078514,18166.0
14.340798699995503,18168.0
14.342782899970189,18170.0
14.344780799932778,18172.0
14.346774300094694,18174.0
14.378806800115854,18206.0
14.381787999998778,18208.0
14.383792800130323,18211.0
14.385797699913383,18213.0
14.38780410005711,18215.0
14.389791900059208,18217.0
14.391781100071967,18219.0
14.393781600054353,18221.0
14.397783600026742,18223.0
14.430806500138715,18258.0
14.43278899998404,18260.0
14.434798399917781,18262.0
14.436786100035533,18264.0
14.438784700119868,18266.0
14.440779899945483,18268.0
14.442779700038955,18270.0
14.444779600016773,18272.0
14.44678180012852,18274.0
14.448780599981546,18276.0
14.480811000103131,18308.0
14.48278889991343,18310.0
14.486796000041068,18313.0
14.48879240010865,18316.0
14.490781400119886,18318.0
14.49277970008552,18320.0
14.494779899949208,18322.0
14.496796400053427,18324.0
14.498782699927688,18326.0
14.500785500044003,18328.0
14.533818600000814,18361.0
14.535794000141323,18363.0
14.537790500093251,18365.0
14.539781600004062,18367.0
14.541799300117418,18369.0
14.543784599984065,18371.0
14.545779400039464,18373.0
14.54779150011018,18375.0
14.551792199956253,18377.0
14.586835999973118,18413.0
14.588802699930966,18416.0
14.590788499917835,18418.0
14.592781699961051,18420.0
14.594782100059092,18422.0
14.596782400039956,18424.0
14.598780600121245,18426.0
14.600782300112769,18428.0
14.602811499964446,18430.0
14.605787700042129,18433.0
14.638802400091663,18466.0
14.640785299940035,18468.0
14.64278220012784,18470.0
14.644782199990004,18472.0
14.646781099960208,18474.0
14.648782100062817,18476.0
14.650825900025666,18478.0
14.652785599930212,18480.0
14.654791299952194,18482.0
14.656783200101927,18484.0
14.658781700069085,18486.0
14.690808200044557,18518.0
14.692791400011629,18520.0
14.69478249992244,18522.0
14.69680880010128,18524.0
14.698784700129181,18526.0
14.700789300026372,18528.0
14.70278299995698,18530.0
14.704788400093094,18532.0
14.706781700020656,18534.0
14.708779700100422,18536.0
14.710781600093469,18538.0
14.743808100000024,18571.0
14.745788099942729,18573.0
14.747782400110736,18575.0
14.749783700099215,18577.0
14.751802700106055,18579.0
14.753856499912217,18581.0
14.75578589993529,18583.0
14.757806400069967,18585.0
14.759785200003535,18587.0
14.761782600078732,18589.0
14.793806999921799,18621.0
14.795787499984726,18623.0
14.797785799950361,18625.0
14.799781600013375,18627.0
14.801799700129777,18629.0
14.803810399957001,18631.0
14.805784899974242,18633.0
14.80778170004487,18635.0
14.809781400021166,18637.0
14.811788599938154,18639.0
14.813780300086364,18641.0
14.847799299983308,18675.0
14.84982220013626,18677.0
14.851810700027272,18679.0
14.853790600085631,18681.0
14.855790700064972,18683.0
14.85778610012494,18685.0
14.859785600099713,18687.0
14.861801699968055,18689.0
14.863788099959493,18691.0
14.865809600101784,18693.0
14.86781039997004,18695.0
14.904812300112098,18732.0
14.906788799911737,18734.0
14.908783199964091,18736.0
14.910781699931249,18738.0
14.912808699999005,18740.0
14.914784699911252,18742.0
14.916962299961597,18744.0
14.918786500114948,18746.0
14.920788400107995,18748.0
14.922781399916857,18750.0
14.92578210006468,18753.0
14.959811199922115,18787.0
14.961792299989611,18789.0
14.963784500025213,18791.0
14.965782700106502,18793.0
14.967794799944386,18795.0
14.969782199943438,18797.0
14.971782400039956,18799.0
14.973817100049928,18801.0
14.975787099916488,18803.0
14.977784299990162,18805.0
14.979783900082111,18807.0
15.013820399995893,18841.0
15.015791099984199,18843.0
15.0178281001281,18845.0
15.019797000102699,18847.0
15.021800500107929,18849.0
15.023786300094798,18851.0
15.025782600045204,18853.0
15.02778200013563,18855.0
15.029781100107357,18857.0
15.03178200009279,18859.0
15.067002499941736,18893.0
15.068803099915385,18896.0
15.070793400052935,18898.0
15.072784699965268,18900.0
15.074782399926335,18902.0
15.076782800024375,18904.0
15.078781800111756,18906.0
15.080781300086528,18908.0
15.082822100026533,18910.0
15.084809200139716,18912.0
15.118816599948332,18946.0
15.120802300050855,18948.0
15.12278959993273,18950.0
15.125787599943578,18953.0
15.127789699938148,18955.0
15.129796900087968,18957.0
15.13178679998964,18959.0
15.133786699967459,18961.0
15.135786100057885,18963.0
15.138784500071779,18966.0
15.17281199991703,19000.0
15.174794299993664,19002.0
15.176794100087136,19004.0
15.178786300122738,19006.0
15.181789699941874,19009.0
15.183788200141862,19011.0
15.18578219995834,19013.0
15.18778709997423,19015.0
15.189782199915498,19017.0
15.191814300138503,19019.0
15.22681750007905,19054.0
15.228787099942565,19056.0
15.230784100014716,19058.0
15.232784500112757,19060.0
15.234797300072387,19062.0
15.236787100089714,19064.0
15.238803999964148,19066.0
15.240787399932742,19068.0
15.24280390003696,19070.0
15.245809799991548,19073.0
15.281822700053453,19108.0
15.283819500124082,19111.0
15.285795599920675,19113.0
15.28779219998978,19115.0
15.289788499940187,19117.0
15.291782099986449,19119.0
15.29378390009515,19121.0
15.295782800065354,19123.0
15.297811599913985,19125.0
15.299821400083601,19127.0
15.333814200013876,19161.0
15.335800800006837,19163.0
15.337793299928308,19165.0
15.340785500127822,19168.0
15.34278850001283,19170.0
15.344809300033376,19172.0
15.346795999910682,19174.0
15.348785100039095,19176.0
15.350818400038406,19178.0
15.353796200128272,19181.0
15.38781480002217,19215.0
15.389795900089666,19217.0
15.391790100140497,19219.0
15.393784000072628,19221.0
15.395784599939361,19223.0
15.39778110012412,19225.0
15.39978149998933,19227.0
15.401801800122485,19229.0
15.403790100011975,19231.0
15.406814600108191,19233.0
15.440814800094813,19268.0
15.442790700122714,19270.0
15.445785500109196,19273.0
15.447787299985066,19275.0
15.449782999930903,19277.0
15.451802500057966,19279.0
15.453804699936882,19281.0
15.455788600025699,19283.0
15.457797599956393,19285.0
15.459783900063485,19287.0
15.495806399965659,19323.0
15.497788999928162,19325.0
15.499813199974597,19327.0
15.50180620001629,19329.0
15.50379340001382,19331.0
15.505790200084448,19333.0
15.507785300025716,19335.0
15.50978310010396,19337.0
15.511782299960032,19339.0
15.51378219993785,19341.0
15.54781510005705,19375.0
15.549790499964729,19377.0
15.55180160002783,19379.0
15.553787800017744,19381.0
15.555787000106648,19383.0
15.55778479995206,19385.0
15.559783299919218,19387.0
15.56279610004276,19389.0
15.564784300047904,19392.0
15.566901599988341,19394.0
15.600828200113028,19428.0
15.60279590007849,19430.0
15.604794699931517,19432.0
15.606792100006714,19434.0
15.608789700083435,19436.0
15.61078629991971,19438.0
15.61278389999643,19440.0
15.614785300102085,19442.0
15.616902899928391,19444.0
15.618805000092834,19446.0
15.651816800003871,19479.0
15.653797300066799,19481.0
15.655808300012723,19483.0
15.657792299985886,19485.0
15.65978670003824,19487.0
15.66178399999626,19489.0
15.663783800089732,19491.0
15.665785599965602,19493.0
15.667834799969569,19495.0
15.669887199997902,19497.0
15.671800300013274,19499.0
15.706821500090882,19533.0
15.708791699958965,19536.0
15.710786500014365,19538.0
15.712787199998274,19540.0
15.714784099953249,19542.0
15.716976600000635,19544.0
15.718802500050515,19546.0
15.720800400013104,19548.0
15.72278740000911,19550.0
15.72678770008497,19553.0
15.760808299994096,19588.0
15.762794499984011,19590.0
15.764788599917665,19592.0
15.76698790001683,19594.0
15.76881380006671,19596.0
15.770795400021598,19598.0
15.7727876000572,19600.0
15.774784500012174,19602.0
15.77678419998847,19604.0
15.778801100095734,19606.0
15.780787900090218,19608.0
15.814805699978024,19642.0
15.816954399924725,19644.0
15.81881000008434,19646.0
15.820794200059026,19648.0
15.822787499986589,19650.0
15.824798099929467,19652.0
15.826786699937657,19654.0
15.828785300021991,19656.0
15.830783799989149,19658.0
15.832786600105464,19660.0
15.866945200134069,19694.0
15.868809000123292,19696.0
15.87079509999603,19698.0
15.872793399961665,19700.0
15.874788400018588,19702.0
15.876787299988791,19704.0
15.880785299930722,19707.0
15.882784500019625,19710.0
15.884787200018764,19712.0
15.886806600028649,19714.0
15.918820700142533,19746.0
15.92081020004116,19748.0
15.922793900128454,19750.0
15.924786499934271,19752.0
15.926787700038403,19754.0
15.928790099918842,19756.0
15.930783400079235,19758.0
15.932795600034297,19760.0
15.934815499931574,19762.0
15.936802600044757,19764.0
15.969809300033376,19797.0
15.971794500015676,19799.0
15.973787700058892,19801.0
15.975785600021482,19803.0
15.977784200105816,19805.0
15.979784900089726,19807.0
15.981805100105703,19809.0
15.983798099914566,19811.0
15.985803599935025,19813.0
15.987791999941692,19815.0
16.02081080013886,19848.0
16.022791899973527,19850.0
16.024823900079355,19852.0
16.02684530010447,19854.0
16.02880290010944,19856.0
16.030795600032434,19858.0
16.032791000092402,19860.0
16.034848100040108,19862.0
16.03679440007545,19864.0
16.038789900019765,19866.0
16.07290149992332,19900.0
16.074812199920416,19902.0
16.076792600098997,19904.0
16.078786799916998,19906.0
16.0807863001246,19908.0
16.082785699982196,19910.0
16.08482929994352,19912.0
16.08679680014029,19914.0
16.088849999941885,19916.0
16.090796400094405,19918.0
16.123816299950704,19951.0
16.125792799983174,19953.0
16.127787200035527,19955.0
16.129788500024006,19957.0
16.131785900099203,19959.0
16.133795199915767,19961.0
16.13579610013403,19963.0
16.13786859996617,19965.0
16.139791399938986,19967.0
16.14178579999134,19969.0
16.14378649997525,19971.0
16.175811199937016,20003.0
16.177791699999943,20005.0
16.17978710005991,20007.0
16.18178609991446,20009.0
16.183805899927393,20011.0
16.185801099985838,20013.0
16.187795900041237,20015.0
16.18978670006618,20017.0
16.19178540003486,20019.0
16.193787700030953,20021.0
16.195783799979836,20023.0
16.227825799956918,20055.0
16.22980109998025,20057.0
16.2318074000068,20059.0
16.233801200054586,20061.0
16.23579109995626,20063.0
16.237793100066483,20065.0
16.23978679999709,20067.0
16.24178920011036,20069.0
16.243793500121683,20071.0
16.24679629993625,20073.0
16.280813100049272,20108.0
16.282798199914396,20110.0
16.286817300133407,20113.0
16.288796599954367,20116.0
16.29078959999606,20118.0
16.292787899961695,20120.0
16.29479720001109,20122.0
16.29683839995414,20124.0
16.298795900074765,20126.0
16.30079869995825,20128.0
16.337814300088212,20165.0
16.33979670004919,20167.0
16.341817799955606,20169.0
16.343801399925724,20171.0
16.34580500004813,20173.0
16.347798800095916,20175.0
16.349809600040317,20177.0
16.35182680003345,20179.0
16.353795600123703,20181.0
16.355803200043738,20183.0
16.390814499929547,20218.0
16.392797600012273,20220.0
16.3947874000296,20222.0
16.39678670000285,20224.0
16.398786599980667,20226.0
16.400791000109166,20228.0
16.402802400058135,20230.0
16.406812200089917,20233.0
16.408791499910876,20236.0
16.410790000110865,20238.0
16.44681330001913,20273.0
16.44880530005321,20276.0
16.45080540003255,20278.0
16.452787599992007,20280.0
16.454802500084043,20282.0
16.456786500057206,20284.0
16.458785699913278,20286.0
16.460789900040254,20288.0
16.462822899920866,20290.0
16.4988192000892,20326.0
16.50080840010196,20328.0
16.5028274001088,20330.0
16.50679920008406,20333.0
16.50882330001332,20336.0
16.51080480008386,20338.0
16.512794899987057,20340.0
16.51478790002875,20342.0
16.516919899964705,20344.0
16.550818300107494,20378.0
16.552799599943683,20380.0
16.554805299965665,20382.0
16.556791000068188,20384.0
16.558787600137293,20386.0
16.56078950013034,20388.0
16.56279190001078,20390.0
16.56478890008293,20392.0
16.56691180006601,20394.0
16.56880660005845,20396.0
16.60183220007457,20429.0
16.603913800092414,20431.0
16.605799700133502,20433.0
16.60779709997587,20435.0
16.609789500012994,20437.0
16.611787700094283,20439.0
16.61378869996406,20441.0
16.615817999932915,20443.0
16.61780790006742,20445.0
16.619816099992022,20447.0
16.653896200004965,20481.0
16.655802000081167,20483.0
16.65781130013056,20485.0
16.659796100109816,20487.0
16.661793800070882,20489.0
16.663811000064015,20491.0
16.665791400009766,20493.0
16.66779060009867,20495.0
16.669796800008044,20497.0
16.67178969993256,20499.0
16.706819100072607,20533.0
16.708828400122,20536.0
16.710800000000745,20538.0
16.712792000034824,20540.0
16.71479790005833,20542.0
16.716937999939546,20544.0
16.718808399979025,20546.0
16.72079880000092,20548.0
16.72278830013238,20550.0
16.726838500006124,20553.0
16.761820600135252,20589.0
16.76380140008405,20591.0
16.76579500013031,20593.0
16.767796900123358,20595.0
16.77182070002891,20597.0
16.773798800073564,20601.0
16.775791800115258,20603.0
16.777790300082415,20605.0
16.77979820012115,20607.0
16.814817300066352,20642.0
16.816935000009835,20644.0
16.820813100086525,20647.0
16.822797199944034,20650.0
16.82679560012184,20653.0
16.82879270007834,20656.0
16.83081590011716,20658.0
16.832813400076702,20660.0
16.86784949991852,20695.0
16.87181259994395,20698.0
16.873795400140807,20701.0
16.87579179997556,20703.0
16.877802700037137,20705.0
16.87979679997079,20707.0
16.881799899972975,20709.0
16.88380050007254,20711.0
16.885800800053403,20713.0
16.887791499961168,20715.0
16.923853199929,20751.0
16.92580910003744,20753.0
16.927797500044107,20755.0
16.929793399991468,20757.0
16.93179180007428,20759.0
16.933805000036955,20761.0
16.935789300128818,20763.0
16.93780459999107,20765.0
16.939811500022188,20767.0
16.941806700080633,20769.0
16.982840199954808,20810.0
16.986869200132787,20813.0
16.988834199961275,20816.0
16.990819900063798,20818.0
16.992811599979177,20820.0
16.99480569991283,20822.0
16.99680000008084,20824.0
16.998791499994695,20826.0
17.001828900072724,20829.0
17.03881820011884,20866.0
17.040799899958074,20868.0
17.04279310000129,20870.0
17.04480820009485,20872.0
17.04682100005448,20874.0
17.04880809993483,20876.0
17.05081590008922,20878.0
17.052797199925408,20880.0
17.05479590012692,20882.0
17.056794800097123,20884.0
17.058790399925783,20886.0
17.096820800099522,20924.0
17.098803899949417,20926.0
17.100818400038406,20928.0
17.102805099915713,20930.0
17.104803000111133,20932.0
17.10678969998844,20934.0
17.1087929001078,20936.0
17.110806500073522,20938.0
17.112795100081712,20940.0
17.114788100123405,20942.0
17.15083030005917,20978.0
17.152796500129625,20980.0
17.154797800118104,20982.0
17.15679939999245,20984.0
17.158789600012824,20986.0
17.160788600100204,20988.0
17.16278770007193,20990.0
17.164788299938664,20992.0
17.166882599936798,20994.0
17.16882809996605,20996.0
17.201829500030726,21029.0
17.203818999929354,21031.0
17.206827300135046,21033.0
17.208795099984854,21036.0
17.210789900040254,21038.0
17.212788000004366,21040.0
17.214786200085655,21042.0
17.21785350004211,21044.0
17.21981479995884,21047.0
17.221794600132853,21049.0
17.255817600060254,21083.0
17.257798000006005,21085.0
17.25979209993966,21087.0
17.261789600132033,21089.0
17.26378919999115,21091.0
17.267001500120386,21093.0
17.26880900003016,21096.0
17.270809200126678,21098.0
17.272790600080043,21100.0
17.274789599934593,21102.0
17.30881529999897,21136.0
17.31083759991452,21138.0
17.312817000085488,21140.0
17.314829400042072,21142.0
17.3169289000798,21144.0
17.31880780006759,21146.0
17.320798200089484,21148.0
17.32279000012204,21150.0
17.324788599973544,21152.0
17.326809500111267,21154.0
17.328793100081384,21156.0
17.363822699990124,21191.0
17.36580440006219,21193.0
17.367801500018686,21195.0
17.370810399996117,21198.0
17.373815800063312,21200.0
17.375792999984697,21203.0
17.37779360008426,21205.0
17.379789300030097,21207.0
17.381788300117478,21209.0
17.414818400051445,21242.0
17.41691999998875,21244.0
17.418811300070956,21246.0
17.42080570012331,21248.0
17.422793000005186,21250.0
17.426795500097796,21253.0
17.428787300130352,21256.0
17.4307892001234,21258.0
17.43278819997795,21260.0
17.43482720013708,21262.0
17.4688174999319,21296.0
17.47079970012419,21298.0
17.472793099936098,21300.0
17.47479090001434,21302.0
17.47678910009563,21304.0
17.47879009996541,21306.0
17.48079190007411,21308.0
17.482800400117412,21310.0
17.48482590005733,21312.0
17.486810100032017,21314.0
17.520818300079554,21348.0
17.52279630000703,21350.0
17.524790999945253,21352.0
17.5267928999383,21354.0
17.530809100018814,21357.0
17.532793800113723,21360.0
17.534840600099415,21362.0
17.536792000057176,21364.0
17.53879290004261,21366.0
17.572813000064343,21400.0
17.5768252001144,21404.0
17.57879910012707,21406.0
17.580794000066817,21408.0
17.582790800137445,21410.0
17.586816299939528,21413.0
17.58880320005119,21416.0
17.59085309994407,21418.0
17.62687769997865,21453.0
17.628797499928623,21456.0
17.630798999918625,21458.0
17.632797100115567,21460.0
17.63484980002977,21462.0
17.636848900001496,21464.0
17.638797899940982,21466.0
17.640792299993336,21468.0
17.64279059995897,21470.0
17.676824599970132,21504.0
17.67880310001783,21506.0
17.680799199966714,21508.0
17.682800899958238,21510.0
17.685107100056484,21512.0
17.68679830012843,21514.0
17.688795800087973,21516.0
17.69079070002772,21518.0
17.692789799999446,21520.0
17.694813299924135,21522.0
17.728822899982333,21556.0
17.73081500013359,21558.0
17.732801200123504,21560.0
17.734816800104454,21562.0
17.736794899916276,21564.0
17.738793600117788,21566.0
17.740822300082073,21568.0
17.742819600040093,21570.0
17.744790100026876,21572.0
17.74681570008397,21574.0
17.781841800082475,21609.0
17.7838272000663,21611.0
17.786804900038987,21613.0
17.7888033001218,21616.0
17.790792500134557,21618.0
17.79282009997405,21620.0
17.79479439998977,21622.0
17.796792099950835,21624.0
17.79879179992713,21626.0
17.800793699920177,21628.0
17.83382000005804,21661.0
17.83580270013772,21663.0
17.837803800124675,21665.0
17.83979699993506,21667.0
17.84179210010916,21669.0
17.843791200080886,21671.0
17.846789499977604,21673.0
17.84878970007412,21676.0
17.85079349996522,21678.0
17.85280460002832,21680.0
17.886841099942103,21713.0
17.88879940006882,21716.0
17.890795400133356,21718.0
17.89279059995897,21720.0
17.894794800085947,21722.0
17.89680860005319,21724.0
17.898799099959433,21726.0
17.90080719999969,21728.0
17.902793700108305,21730.0
17.904794899979606,21732.0
17.93681180011481,21764.0
17.93879480008036,21766.0
17.940792300039902,21768.0
17.94279220001772,21770.0
17.944791899994016,21772.0
17.94681330001913,21774.0
17.948802799917758,21776.0
17.95081440010108,21778.0
17.952798000071198,21780.0
17.954797999933362,21782.0
17.9567913999781,21784.0
17.98982680006884,21817.0
17.99180390010588,21819.0
17.99380229995586,21821.0
17.9957960001193,21823.0
17.997793100075796,21825.0
17.99979029991664,21827.0
18.00181920011528,21829.0
18.003794000018388,21831.0
18.006792899919674,21833.0
18.00882380013354,21836.0
18.043830200098455,21871.0
18.046806700062007,21873.0
18.04879739996977,21876.0
18.050824499921873,21878.0
18.052793100010604,21880.0
18.054813100025058,21882.0
18.056793600087985,21884.0
18.058792599942535,21886.0
18.061792300082743,21889.0
18.063791200052947,21891.0
18.098830200033262,21925.0
18.10084019997157,21928.0
18.102807099930942,21930.0
18.106808100128546,21933.0
18.108797300141305,21936.0
18.11079160007648,21938.0
18.11280500004068,21940.0
18.11479050014168,21942.0
18.146825700066984,21974.0
18.148814199957997,21976.0
18.15080439997837,21978.0
18.15279580000788,21980.0
18.15479930001311,21982.0
18.156816800124943,21984.0
18.158807100029662,21986.0
18.16079210001044,21988.0
18.162790100090206,21990.0
18.164860600139946,21992.0
18.16688170004636,21994.0
18.198811599984765,22026.0
18.200806400040165,22028.0
18.202795499935746,22030.0
18.204800100065768,22032.0
18.206792199984193,22034.0
18.20879300008528,22036.0
18.21079899999313,22038.0
18.212806799914688,22040.0
18.214794100029394,22042.0
18.2168864000123,22044.0
18.218796800123528,22046.0
18.250829899916425,22078.0
18.25280339992605,22080.0
18.25480920006521,22082.0
18.256796600064263,22084.0
18.258807300124317,22086.0
18.260794300120324,22088.0
18.26279260008596,22090.0
18.266948600066826,22093.0
18.268829999957234,22096.0
18.270810900023207,22098.0
18.303824099944904,22131.0
18.30681789992377,22133.0
18.30880120000802,22136.0
18.31079180003144,22138.0
18.31279300013557,22140.0
18.31479199999012,22142.0
18.316908499924466,22144.0
18.31880580005236,22146.0
18.32083240011707,22148.0
18.322813000064343,22150.0
18.355832800036296,22183.0
18.357805300038308,22185.0
18.359801199985668,22187.0
18.36180100007914,22189.0
18.363797100028023,22191.0
18.36697300011292,22193.0
18.368809700012207,22196.0
18.37080810009502,22198.0
18.372795599978417,22200.0
18.374793800059706,22202.0
18.408823699923232,22236.0
18.410805199993774,22238.0
18.41280629998073,22240.0
18.414814400020987,22242.0
18.416961800074205,22244.0
18.41879909997806,22246.0
18.420793700031936,22248.0
18.422796099912375,22250.0
18.426795599982142,22253.0
18.458813400007784,22286.0
18.4608322000131,22288.0
18.462805700022727,22290.0
18.4669309000019,22293.0
18.46879590000026,22296.0
18.470798500115052,22298.0
18.472792899934575,22300.0
18.474791100015864,22302.0
18.476820199983194,22304.0
18.47879600012675,22306.0
18.51081750006415,22338.0
18.514806299936026,22341.0
18.51886110007763,22344.0
18.520807800116017,22348.0
18.52283059991896,22350.0
18.524800200015306,22352.0
18.526801800122485,22354.0
18.52879590005614,22356.0
18.56082189991139,22388.0
18.562799700070173,22390.0
18.564795000012964,22392.0
18.56689690006897,22394.0
18.56882130005397,22396.0
18.570808100048453,22398.0
18.574797299923375,22402.0
18.576794000109658,22404.0
18.57879259996116,22406.0
18.580792699940503,22408.0
18.612817900022492,22440.0
18.61480290000327,22442.0
18.616937400074676,22444.0
18.618812199914828,22446.0
18.620802799938247,22448.0
18.622794300084934,22450.0
18.62680030008778,22453.0
18.62879200000316,22456.0
18.630850800080225,22458.0
18.66381820011884,22491.0
18.666929200058803,22493.0
18.668822600040585,22496.0
18.670822800137103,22498.0
18.672796899918467,22500.0
18.674794000107795,22502.0
18.67679759999737,22504.0
18.67880710004829,22506.0
18.68079730006866,22508.0
18.68279270012863,22510.0
18.71481789997779,22542.0
18.716947100125253,22544.0
18.71880939998664,22546.0
18.72080420004204,22548.0
18.722793499939144,22550.0
18.726830400060862,22553.0
18.72879740013741,22556.0
18.73079359997064,22558.0
18.73279200005345,22560.0
18.73480869992636,22562.0
18.766946299932897,22594.0
18.768820099998266,22596.0
18.770806400105357,22598.0
18.772804599953815,22600.0
18.774796300102025,22602.0
18.77679400006309,22604.0
18.778792599914595,22606.0
18.780794200021774,22608.0
18.784814700018615,22611.0
18.786819099914283,22614.0
18.819816099945456,22647.0
18.821801400044933,22649.0
18.823795800097287,22651.0
18.826797200134024,22653.0
18.82879459997639,22656.0
18.830791800050065,22658.0
18.83279210003093,22660.0
18.834816500078887,22662.0
18.836804599966854,22664.0
18.838795999996364,22666.0
18.87181539996527,22699.0
18.87379779992625,22701.0
18.875795800006017,22703.0
18.877794099971652,22705.0
18.879797900095582,22707.0
18.881818300113082,22709.0
18.883820499991998,22711.0
18.885809500003234,22713.0
18.88780210004188,22715.0
18.889795300085098,22717.0
18.891793800052255,22719.0
18.926842499990016,22753.0
18.92880170000717,22756.0
18.930795999942347,22758.0
18.93279580003582,22760.0
18.93479899992235,22762.0
18.93679550010711,22764.0
18.93879700009711,22766.0
18.940796399954706,22768.0
18.94280800013803,22770.0
18.946801699930802,22773.0
18.980828700121492,22808.0
18.98280360014178,22810.0
18.984804100124165,22812.0
18.986795499920845,22814.0
18.98882930004038,22816.0
18.990797200007364,22818.0
18.99279409996234,22820.0
18.994793799938634,22822.0
18.996794400038198,22824.0
18.99879390001297,22826.0
19.033836000133306,22861.0
19.035842000041157,22863.0
19.03780089993961,22865.0
19.039801500039175,22867.0
19.041796799981967,22869.0
19.043792800046504,22871.0
19.045791000127792,22873.0
19.047793300123885,22875.0
19.049792800098658,22877.0
19.05182719998993,22879.0
19.088840800104663,22916.0
19.09080379991792,22918.0
19.092797300079837,22920.0
19.094803099986166,22922.0
19.09679639991373,22924.0
19.09882459999062,22926.0
19.10082169994712,22928.0
19.10280100000091,22930.0
19.104800099972636,22932.0
19.10679530003108,22934.0
19.140829799929634,22968.0
19.142799699911848,22970.0
19.146819400135428,22973.0
19.148799000075087,22976.0
19.15080719999969,22978.0
19.15279379999265,22980.0
19.154796699993312,22982.0
19.1567945999559,22984.0
19.158792400034145,22986.0
19.192820800002664,23020.0
19.194800300057977,23022.0
19.196810000110418,23024.0
19.198794099967927,23026.0
19.20180459995754,23028.0
19.20386749994941,23031.0
19.205822000047192,23033.0
19.20779630006291,23035.0
19.209794499911368,23037.0
19.211793000111356,23039.0
19.246824400033802,23073.0
19.24881749995984,23076.0
19.250824100105092,23078.0
19.252818800043315,23080.0
19.25480440002866,23082.0
19.25679609994404,23084.0
19.258795599918813,23086.0
19.260794000001624,23088.0
19.26279340009205,23090.0
19.264793700072914,23092.0
19.29884730000049,23126.0
19.300814700080082,23128.0
19.302798100048676,23130.0
19.306803199928254,23133.0
19.308795100077987,23136.0
19.310794699937105,23138.0
19.31279530003667,23140.0
19.314818300073966,23142.0
19.31693600001745,23144.0
19.318796900101006,23146.0
19.352825100068003,23180.0
19.35480650002137,23182.0
19.356811499921605,23184.0
19.358797300141305,23186.0
19.360823000082746,23188.0
19.362804299918935,23190.0
19.364798299968243,23192.0
19.366912099998444,23194.0
19.36879980005324,23196.0
19.370803100056946,23198.0
19.372795999981463,23200.0
19.40684469998814,23234.0
19.4088083000388,23236.0
19.410798999946564,23238.0
19.412796300137416,23240.0
19.414795499993488,23242.0
19.41688399994746,23244.0
19.41879660007544,23246.0
19.420803100103512,23248.0
19.42284950008616,23250.0
19.424806700088084,23252.0
19.45782219991088,23285.0
19.459802800090984,23287.0
19.461799799930304,23289.0
19.46379579999484,23291.0
19.466968700056896,23293.0
19.468836799962446,23296.0
19.470809699967504,23298.0
19.47279840009287,23300.0
19.47579720010981,23303.0
19.477793500060216,23305.0
19.511831799987704,23339.0
19.513803400099277,23341.0
19.515801900066435,23343.0
19.517809600103647,23345.0
19.51979780010879,23347.0
19.521798900095746,23349.0
19.523797400062904,23351.0
19.526794699952006,23353.0
19.52879499993287,23356.0
19.53079489991069,23358.0
19.566958700073883,23393.0
19.56880349991843,23396.0
19.570803600130603,23398.0
19.572797700064257,23400.0
19.574796200031415,23402.0
19.576794699998572,23404.0
19.578829700127244,23406.0
19.58080100012012,23408.0
19.582796199945733,23410.0
19.61694009997882,23444.0
19.61880990001373,23446.0
19.62080830009654,23448.0
19.622797300107777,23450.0
19.624829299980775,23452.0
19.62679999996908,23454.0
19.628797200042754,23456.0
19.63079550000839,23458.0
19.632794700097293,23460.0
19.634818899910897,23462.0
19.66982499998994,23497.0
19.67182549997233,23499.0
19.673800999997184,23501.0
19.675798499956727,23503.0
19.677797500044107,23505.0
19.679796100128442,23507.0
19.68179569998756,23509.0
19.6837983999867,23511.0
19.685811900068074,23513.0
19.68780710012652,23515.0
19.721821600105613,23549.0
19.723801699932665,23551.0
19.726796200033277,23553.0
19.728795800125226,23556.0
19.73079379997216,23558.0
19.732816900126636,23560.0
19.73480030009523,23562.0
19.736794600030407,23564.0
19.73879970004782,23566.0
19.740793799981475,23568.0
19.774817500030622,23602.0
19.776800699997693,23604.0
19.77879670006223,23606.0
19.780804600100964,23608.0
19.782797400141135,23610.0
19.786822099937126,23613.0
19.788802500115708,23616.0
19.790798000060022,23618.0
19.792797399917617,23620.0
19.794802299933508,23622.0
19.828840099973604,23656.0
19.830803100019693,23658.0
19.832798399962485,23660.0
19.834833499975502,23662.0
19.83680779999122,23664.0
19.838801299920306,23666.0
19.84079740010202,23668.0
19.842804900137708,23670.0
19.84479929995723,23672.0
19.846796700032428,23674.0
19.880831300048158,23708.0
19.88283249991946,23710.0
19.884825800079852,23712.0
19.886802799999714,23714.0
19.888818599982187,23716.0
19.890801300061867,23718.0
19.892798300134018,23720.0
19.894797299988568,23722.0
19.896796399960294,23724.0
19.89879640005529,23726.0
19.931818099925295,23759.0
19.93381750001572,23761.0
19.935826600063592,23763.0
19.937810400035232,23765.0
19.939801400061697,23767.0
19.941796800121665,23769.0
19.943797799991444,23771.0
19.94579580007121,23773.0
19.94779619993642,23775.0
19.949799499940127,23777.0
19.98282640008256,23810.0
19.98481829999946,23812.0
19.986802000086755,23814.0
19.98880139994435,23816.0
19.991798999952152,23819.0
19.993798299925402,23821.0
19.99580019991845,23823.0
19.997805800056085,23825.0
19.999798400094733,23827.0
20.00183490011841,23829.0
20.034829900134355,23862.0
20.036812799982727,23864.0
20.038802199997008,23866.0
20.040798000060022,23868.0
20.042830100050196,23870.0
20.044800499919802,23872.0
20.046802199911326,23874.0
20.048797900089994,23876.0
20.050805900013074,23878.0
20.052885700017214,23880.0
20.086833300068974,23913.0
20.088833899935707,23916.0
20.090809599962085,23918.0
20.092799599980935,23920.0
20.094797800062224,23922.0
20.096795900026336,23924.0
20.09879820002243,23926.0
20.101813199929893,23928.0
20.103848400060087,23931.0
20.106805799994618,23933.0
20.141836000140756,23969.0
20.14381240005605,23971.0
20.146815200103447,23973.0
20.148807700024918,23976.0
20.15082659991458,23978.0
20.152812300017104,23980.0
20.15480690007098,23982.0
20.156804899917915,23984.0
20.158801899990067,23986.0
20.160799599951133,23988.0
20.19382130005397,24021.0
20.19581890013069,24023.0
20.197802900103852,24025.0
20.19980280008167,24027.0
20.20180039992556,24029.0
20.20379719999619,24031.0
20.206798000028357,24033.0
20.20981079991907,24037.0
20.211810000007972,24039.0
20.243845300050452,24071.0
20.24681490007788,24073.0
20.248803900089115,24076.0
20.250853799981996,24078.0
20.252809199970216,24080.0
20.25480980006978,24082.0
20.256825000047684,24084.0
20.25881400005892,24086.0
20.26079969992861,24088.0
20.262798400130123,24090.0
20.296831600135192,24124.0
20.29881940013729,24126.0
20.300835700007156,24128.0
20.302810499910265,24130.0
20.304814599920064,24132.0
20.306802100036293,24134.0
20.3087987001054,24136.0
20.310798400081694,24138.0
20.312798300059512,24140.0
20.314800000051036,24142.0
20.348837400088087,24176.0
20.350847100140527,24178.0
20.352805899921805,24180.0
20.35481770010665,24182.0
20.35679839993827,24184.0
20.359798399964347,24187.0
20.361823400016874,24189.0
20.363806399982423,24191.0
20.366927900118753,24194.0
20.399820799939334,24227.0
20.40180699992925,24229.0
20.403875099960715,24231.0
20.406802600016817,24233.0
20.408798600081354,24236.0
20.410796999931335,24238.0
20.41283389995806,24240.0
20.41480190004222,24242.0
20.416886999970302,24244.0
20.418800600105897,24246.0
20.45084109995514,24278.0
20.453858399996534,24281.0
20.455810999963433,24283.0
20.45780809991993,24285.0
20.459829499945045,24287.0
20.46180330007337,24289.0
20.46379950013943,24291.0
20.466885700123385,24294.0
20.468801100039855,24296.0
20.50083149992861,24328.0
20.502808700082824,24330.0
20.506820100126788,24334.0
20.508802799973637,24336.0
20.510799400042742,24338.0
20.512799100019038,24340.0
20.51479799998924,24342.0
20.516873500077054,24344.0
20.51881549996324,24346.0
20.55082629993558,24378.0
20.552815000060946,24380.0
20.554810300003737,24382.0
20.556800900027156,24384.0
20.558797900099307,24386.0
20.56079849996604,24388.0
20.562798999948427,24390.0
20.564798000035807,24392.0
20.566922700032592,24394.0
20.568821599939838,24396.0
20.570813399972394,24398.0
20.602823700057343,24430.0
20.604811599943787,24432.0
20.606800599955022,24434.0
20.60880160005763,24436.0
20.61080059991218,24438.0
20.612807800062,24440.0
20.61483069998212,24442.0
20.616912900004536,24444.0
20.618823300115764,24446.0
20.62080579996109,24448.0
20.622799300123006,24450.0
20.655833800090477,24483.0
20.65780739998445,24485.0
20.65981029998511,24487.0
20.662814799929038,24490.0
20.664821800077334,24492.0
20.667811000021175,24494.0
20.66979940002784,24497.0
20.673801800003275,24501.0
20.706844999920577,24534.0
20.70881749992259,24536.0
20.710806000046432,24538.0
20.71280080010183,24540.0
20.71579680009745,24543.0
20.71780900005251,24545.0
20.71979849995114,24547.0
20.721802999963984,24549.0
20.726830400060862,24554.0
20.759826299967244,24587.0
20.761806499911472,24589.0
20.76380049996078,24591.0
20.76580179994926,24593.0
20.767813000129536,24595.0
20.77000949997455,24597.0
20.77180470013991,24599.0
20.773801499977708,24601.0
20.77579930005595,24603.0
20.777797300135717,24605.0
20.77979790000245,24607.0
20.811825799988583,24639.0
20.8138423000928,24641.0
20.815830199979246,24643.0
20.81784230004996,24645.0
20.819805399980396,24647.0
20.82183220004663,24649.0
20.823800300015137,24651.0
20.825798500096425,24653.0
20.82779880007729,24655.0
20.829803900094703,24657.0
20.831800000043586,24659.0
20.865828200010583,24693.0
20.867816800018772,24695.0
20.869802000001073,24697.0
20.871802400099114,24699.0
20.873799599939957,24701.0
20.87579989992082,24703.0
20.877801000140607,24705.0
20.87981460010633,24707.0
20.881801400100812,24709.0
20.88380330009386,24711.0
20.918838300043717,24746.0
20.92081469995901,24748.0
20.922806000104174,24750.0
20.92682379996404,24754.0
20.928804300026968,24756.0
20.93080099998042,24758.0
20.932799000060186,24760.0
20.934803900076076,24762.0
20.93680760008283,24764.0
20.97084269998595,24798.0
20.972825800068676,24800.0
20.974804800003767,24802.0
20.976803000085056,24804.0
20.978799799922854,24806.0
20.980799000011757,24808.0
20.98279989999719,24810.0
20.986804600106552,24814.0
20.988825500011444,24816.0
21.022821499966085,24850.0
21.026814199984074,24852.0
21.028807499911636,24856.0
21.03081119991839,24858.0
21.032808300107718,24860.0
21.034831499913707,24862.0
21.036803799914196,24864.0
21.03880500001833,24866.0
21.040800400078297,24868.0
21.074837200110778,24902.0
21.076808700105175,24904.0
21.078804000047967,24906.0
21.081844999920577,24909.0
21.083815300138667,24911.0
21.086821800097823,24913.0
21.088810099987313,24916.0
21.090802600141615,24918.0
21.09280059998855,24920.0
21.126827700063586,24954.0
21.128819700097665,24956.0
21.130816699936986,24958.0
21.132805600063875,24960.0
21.13481319998391,24962.0
21.136802500113845,24964.0
21.138803400099277,24966.0
21.14080010005273,24968.0
21.142798600019887,24970.0
21.146811800077558,24974.0
21.18183850008063,25009.0
21.183819599915296,25011.0
21.186806099954993,25014.0
21.18880490004085,25016.0
21.190825799945742,25018.0
21.19280660012737,25020.0
21.194801399949938,25022.0
21.196800800040364,25024.0
21.19879820011556,25026.0
21.200803900137544,25028.0
21.234832500107586,25062.0
21.236814999952912,25064.0
21.23883239994757,25066.0
21.24082210008055,25068.0
21.242808199953288,25070.0
21.244801399996504,25072.0
21.246799600077793,25074.0
21.24879930005409,25076.0
21.250803499948233,25078.0
21.254832200007513,25081.0
21.288829300086945,25116.0
21.290807000128552,25118.0
21.292801999952644,25120.0
21.29584000003524,25123.0
21.298879300011322,25126.0
21.300825600046664,25128.0
21.302810300141573,25130.0
21.306812800001353,25132.0
21.34384230012074,25171.0
21.346840600017458,25173.0
21.348807899979874,25176.0
21.35082000005059,25178.0
21.352804499911144,25180.0
21.354819000000134,25182.0
21.356799700064585,25184.0
21.35885030007921,25186.0
21.36085020005703,25188.0
21.362823999952525,25190.0
21.396829599980265,25224.0
21.398807300021872,25226.0
21.400812699925154,25228.0
21.40280260005966,25230.0
21.406817100010812,25234.0
21.408834100002423,25236.0
21.410805799998343,25238.0
21.41280380007811,25240.0
21.414801399922,25242.0
21.41688419994898,25244.0
21.449828499928117,25277.0
21.45181170012802,25279.0
21.453850700054318,25281.0
21.45584770012647,25283.0
21.457822000142187,25285.0
21.45980429998599,25287.0
21.4618049999699,25289.0
21.464802999980748,25292.0
21.4668841001112,25294.0
21.468806399963796,25296.0
21.50184389995411,25329.0
21.503809500019997,25331.0
21.50680650002323,25334.0
21.508802599972114,25336.0
21.510800400050357,25338.0
21.512802199926227,25340.0
21.51480820006691,25342.0
21.517340400023386,25344.0
21.519822400063276,25347.0
21.521805299911648,25349.0
21.55683630006388,25384.0
21.55981620005332,25387.0
21.561812600120902,25389.0
21.5638190000318,25391.0
21.566940699936822,25394.0
21.568836400052533,25396.0
21.570803200127557,25398.0
21.572805900126696,25400.0
21.574802299961448,25402.0
21.576801999937743,25404.0
21.61184970010072,25439.0
21.613810500130057,25441.0
21.615804499946535,25443.0
21.61781099997461,25445.0
21.61980290012434,25447.0
21.6218081000261,25449.0
21.623801599955186,25451.0
21.625810500001535,25453.0
21.627813200000674,25455.0
21.629803800024092,25457.0
21.63180149998516,25459.0
21.66693800012581,25494.0
21.66881679999642,25496.0
21.67081360006705,25498.0
21.672805600101128,25500.0
21.674827500013635,25502.0
21.676808200078085,25504.0
21.678803000133485,25506.0
21.680802500108257,25508.0
21.682802600087598,25510.0
21.686817500041798,25512.0
21.719831600086764,25547.0
21.721815299941227,25549.0
21.723808099981397,25551.0
21.725810599979013,25553.0
21.72780320001766,25555.0
21.72980109998025,25557.0
21.7318007000722,25559.0
21.733805099967867,25561.0
21.735835900064558,25563.0
21.7378452999983,25565.0
21.73985749995336,25567.0
21.77382589993067,25601.0
21.775816699955612,25603.0
21.777805499965325,25605.0
21.779802700039,25607.0
21.78180560003966,25609.0
21.783861099975184,25611.0
21.785816200077534,25613.0
21.78781110001728,25615.0
21.78980279993266,25617.0
21.791802000021562,25619.0
21.826837399974465,25652.0
21.828837200067937,25656.0
21.830813399981707,25658.0
21.832806500140578,25660.0
21.834806900005788,25662.0
21.83680299995467,25664.0
21.838803800055757,25666.0
21.840802900027484,25668.0
21.842802400002256,25670.0
21.844802299980074,25672.0
21.877841300098225,25705.0
21.87981029995717,25707.0
21.881837000139058,25709.0
21.883810699917376,25711.0
21.88582929992117,25713.0
21.887808100087568,25715.0
21.889803800033405,25717.0
21.891853000037372,25719.0
21.89381569996476,25721.0
21.895805000094697,25723.0
21.897802700055763,25725.0
21.92982909991406,25757.0
21.931809399975464,25759.0
21.935825299937278,25762.0
21.93781220004894,25765.0
21.939816900063306,25767.0
21.941804999951273,25769.0
21.9438044000417,25771.0
21.945801900001243,25773.0
21.94780270010233,25775.0
21.949809700017795,25777.0
21.981828700052574,25809.0
21.983816999942064,25811.0
21.98582990001887,25813.0
21.987814800115302,25815.0
21.989805300021544,25817.0
21.99180330010131,25819.0
21.99380309996195,25821.0
21.99580130004324,25823.0
21.997801000019535,25825.0
21.99980470002629,25827.0
22.001838099909946,25829.0
22.033850300125778,25861.0
22.03582000010647,25863.0
22.037816900061443,25865.0
22.039813300129026,25867.0
22.041804499924183,25869.0
22.043803200125694,25871.0
22.045801900094375,25873.0
22.04782860004343,25875.0
22.04980650008656,25877.0
22.051807699957862,25879.0
22.05380730004981,25881.0
22.086831599939615,25914.0
22.088816999923438,25916.0
22.09080439992249,25918.0
22.09280430013314,25920.0
22.09483620012179,25922.0
22.096809800015762,25924.0
22.09880689997226,25926.0
22.100819600047544,25928.0
22.102863300126046,25930.0
22.106809500139207,25934.0
22.1408496000804,25968.0
22.142817199928686,25970.0
22.146814099978656,25972.0
22.148805500008166,25976.0
22.150843600044027,25978.0
22.15280540008098,25980.0
22.15481789992191,25982.0
22.15783439995721,25985.0
22.159807699965313,25987.0
22.195854499936104,26023.0
22.198837799951434,26026.0
22.200827799970284,26028.0
22.202826000051573,26030.0
22.206819700077176,26032.0
22.208806700073183,26036.0
22.210803400026634,26038.0
22.212804400129244,26040.0
22.2148029000964,26042.0
22.248839300125837,26076.0
22.250838699983433,26078.0
22.25281219999306,26080.0
22.254817000124604,26082.0
22.25680759991519,26084.0
22.25880410009995,26086.0
22.2608034000732,26088.0
22.26280330005102,26090.0
22.266904199961573,26092.0
22.298837600043043,26126.0
22.302851099986583,26129.0
22.30483220005408,26132.0
22.306813800008968,26134.0
22.308808600064367,26136.0
22.310805900022388,26138.0
22.31283039995469,26140.0
22.3148080999963,26142.0
22.31692499993369,26144.0
22.35384210012853,26181.0
22.355823500081897,26183.0
22.35784070007503,26185.0
22.359827999956906,26187.0
22.361832299968228,26189.0
22.363832500064746,26191.0
22.36696180002764,26194.0
22.368826600024477,26196.0
22.370838599978015,26198.0
22.37282870011404,26200.0
22.40883640013635,26236.0
22.410830199951306,26238.0
22.412815500050783,26240.0
22.41480779997073,26242.0
22.41692729992792,26244.0
22.418820000020787,26246.0
22.420830900082365,26248.0
22.422809900017455,26250.0
22.426806499948725,26254.0
22.4598360999953,26287.0
22.461812699912116,26289.0
22.46380769996904,26291.0
22.465807900065556,26293.0
22.4678309999872,26295.0
22.469810100039467,26297.0
22.47180759999901,26299.0
22.473808099981397,26301.0
22.475804999936372,26303.0
22.47780410014093,26305.0
22.509825499961153,26337.0
22.51181049994193,26339.0
22.513832699973136,26341.0
22.515813200036064,26343.0
22.518824100028723,26346.0
22.520813399925828,26348.0
22.522805399959907,26350.0
22.52480520005338,26352.0
22.526804100023583,26354.0
22.528803900117055,26356.0
22.561846199911088,26389.0
22.563812999986112,26391.0
22.565807699924335,26393.0
22.567828699946404,26395.0
22.569809600012377,26397.0
22.57180849998258,26399.0
22.573804500047117,26401.0
22.575828300090507,26403.0
22.577807399909943,26405.0
22.579805199988186,26407.0
22.612827900098637,26440.0
22.61481130006723,26442.0
22.61692259996198,26444.0
22.618823600001633,26446.0
22.620811800006777,26448.0
22.622840200085193,26450.0
22.62681349995546,26452.0
22.628808800131083,26456.0
22.630805799970403,26458.0
22.632805099943653,26460.0
22.66694619995542,26494.0
22.66884719999507,26496.0
22.67081720009446,26498.0
22.672811300028116,26500.0
22.67680969997309,26504.0
22.678805199917406,26506.0
22.680804300121963,26508.0
22.682803499978036,26510.0
22.686838400084525,26514.0
22.718830700032413,26546.0
22.720816400134936,26548.0
22.722807300044224,26550.0
22.726807000115514,26552.0
22.72880550008267,26556.0
22.730808699969202,26558.0
22.732820299919695,26560.0
22.734835700131953,26562.0
22.736821600003168,26564.0
22.769830300007015,26597.0
22.77181340008974,26599.0
22.7738115999382,26601.0
22.77580810012296,26603.0
22.77780620008707,26605.0
22.779816400026903,26607.0
22.781806400045753,26609.0
22.783812700072303,26611.0
22.786830099998042,26614.0
22.788808499928564,26616.0
22.823826499981806,26651.0
22.82683110004291,26654.0
22.82881149998866,26656.0
22.83080770005472,26658.0
22.832805500132963,26660.0
22.834823900135234,26662.0
22.83680870011449,26664.0
22.83881530002691,26666.0
22.840809700079262,26668.0
22.84281689999625,26670.0
22.875825199997053,26703.0
22.87781190010719,26705.0
22.879808800062165,26707.0
22.881808700039983,26709.0
22.8838112000376,26711.0
22.88681589998305,26714.0
22.88883200008422,26716.0
22.890811500139534,26718.0
22.89280809997581,26720.0
22.894804399926215,26722.0
22.92883129999973,26756.0
22.931841799989343,26759.0
22.933830800000578,26761.0
22.935856299940497,26763.0
22.93781749997288,26765.0
22.939808000111952,26767.0
22.94180679996498,26769.0
22.94380640005693,26771.0
22.945807999931276,26773.0
22.947804500116035,26775.0
22.982277699979022,26809.0
22.986831000074744,26812.0
22.988813299918547,26816.0
22.990807499969378,26818.0
22.99280559993349,26820.0
22.994807600043714,26822.0
22.9968081000261,26824.0
22.998814499936998,26826.0
23.000811000121757,26828.0
23.033836500020698,26861.0
23.03581709996797,26863.0
23.037816300056875,26865.0
23.039807999972254,26867.0
23.041805899934843,26869.0
23.043838599929586,26871.0
23.04580940003507,26873.0
23.047806499991566,26875.0
23.049806399969384,26877.0
23.05282870004885,26880.0
23.086827600141987,26914.0
23.08882339997217,26916.0
23.090837700059637,26918.0
23.092811099952087,26920.0
23.094808399910107,26922.0
23.096807500114664,26924.0
23.0988058000803,26926.0
23.100809500087053,26928.0
23.10284830001183,26930.0
23.106838200008497,26934.0
23.14083550008945,26968.0
23.14281710004434,26970.0
23.144809500081465,26972.0
23.146807600045577,26974.0
23.150849600089714,26976.0
23.152814999921247,26980.0
23.154826499987394,26982.0
23.15681009995751,26984.0
23.158806100022048,26986.0
23.192841399926692,27020.0
23.196820700075477,27024.0
23.198809399968013,27026.0
23.200866699917242,27028.0
23.20282050012611,27030.0
23.204817099962384,27032.0
23.20680889999494,27034.0
23.20880759996362,27036.0
23.2108062999323,27038.0
23.247841600095853,27075.0
23.249817400006577,27077.0
23.251829399960116,27079.0
23.25380970002152,27081.0
23.25580790010281,27083.0
23.25980779994279,27087.0
23.261806899914518,27089.0
23.26382110011764,27091.0
23.26582009997219,27093.0
23.29983550007455,27127.0
23.301841200096533,27129.0
23.303813100093976,27131.0
23.305812899954617,27133.0
23.307808000128716,27135.0
23.310837700031698,27138.0
23.312811499927193,27140.0
23.31480890000239,27142.0
23.316951100016013,27144.0
23.31886180001311,27146.0
23.356841400032863,27184.0
23.358814199920744,27186.0
23.360830600140616,27188.0
23.362816100008786,27190.0
23.364808300044388,27192.0
23.366922199958935,27194.0
23.368824900127947,27196.0
23.370818000053987,27198.0
23.37282510008663,27200.0
23.37481110007502,27202.0
23.409830400021747,27237.0
23.411813100101426,27239.0
23.413809000048786,27241.0
23.415808000136167,27243.0
23.41787280002609,27245.0
23.419828800018877,27247.0
23.421819699928164,27249.0
23.423809699947014,27251.0
23.425808199914172,27253.0
23.427806300111115,27255.0
23.429805800085887,27257.0
23.46701020002365,27292.0
23.468816499924287,27296.0
23.47081009997055,27298.0
23.47281219996512,27300.0
23.474806300131604,27302.0
23.476807800121605,27304.0
23.478835599962622,27306.0
23.480810000095516,27308.0
23.482820000033826,27310.0
23.51784950005822,27345.0
23.519815100124106,27347.0
23.521814699983224,27349.0
23.523808599915355,27351.0
23.526807700050995,27354.0
23.528977199923247,27356.0
23.530810999916866,27358.0
23.53281190013513,27360.0
23.534820300061256,27362.0
23.5368270999752,27364.0
23.57083290000446,27398.0
23.572816899977624,27400.0
23.57481070002541,27402.0
23.576815200038254,27404.0
23.578808499965817,27406.0
23.58080739993602,27408.0
23.582805700134486,27410.0
23.586828799918294,27412.0
23.588812300004065,27416.0
23.622832200024277,27450.0
23.624812599970028,27452.0
23.62681040004827,27454.0
23.628827000036836,27456.0
23.63081429991871,27458.0
23.632808699971065,27460.0
23.634853899944574,27462.0
23.636833199998364,27464.0
23.6398183000274,27467.0
23.6438172000926,27469.0
23.677844499936327,27505.0
23.67981559992768,27507.0
23.681810799986124,27509.0
23.683839600067586,27511.0
23.686815300025046,27514.0
23.68881219998002,27516.0
23.690809099934995,27518.0
23.69280800013803,27520.0
23.694807199994102,27522.0
23.696807299973443,27524.0
23.73084450000897,27558.0
23.732817700132728,27560.0
23.7348261999432,27562.0
23.736810700036585,27564.0
23.738811100134626,27566.0
23.740822799969465,27568.0
23.742812999989837,27570.0
23.746832099976018,27572.0
23.748810700140893,27576.0
23.782842400018126,27610.0
23.784827300114557,27612.0
23.78681270009838,27614.0
23.78881169995293,27616.0
23.790815999964252,27618.0
23.792819899972528,27620.0
23.794809699989855,27622.0
23.796808399958536,27624.0
23.798807800048962,27626.0
23.800810700049624,27628.0
23.834848300088197,27662.0
23.836868199985474,27664.0
23.838826999999583,27666.0
23.84081540000625,27668.0
23.84281380008906,27670.0
23.846808900125325,27672.0
23.848808499984443,27676.0
23.85081099998206,27678.0
23.852848100010306,27680.0
23.88682799995877,27714.0
23.888814799953252,27716.0
23.89081080001779,27718.0
23.892808800097555,27720.0
23.894810300087556,27722.0
23.896806299919263,27724.0
23.89881099993363,27726.0
23.90082240011543,27728.0
23.90281659993343,27730.0
23.906814800109714,27732.0
23.938835700042546,27766.0
23.940814800094813,27768.0
23.942810300039127,27770.0
23.944808500120416,27772.0
23.94684120011516,27774.0
23.948813100112602,27776.0
23.950815099989995,27778.0
23.95280919992365,27780.0
23.954812899930403,27782.0
23.95680920011364,27784.0
23.958808900089934,27786.0
23.99184549995698,27819.0
23.993840800132602,27821.0
23.99581709993072,27823.0
23.99881050013937,27826.0
24.00082730012946,27828.0
24.00281610013917,27830.0
24.00581549992785,27833.0
24.007817199919373,27835.0
24.009835199918598,27837.0
24.041840800084174,27869.0
24.043819200014696,27871.0
24.045812800060958,27873.0
24.047810400137678,27875.0
24.04981100000441,27877.0
24.051835000049323,27879.0
24.053811100078747,27881.0
24.05584289995022,27883.0
24.05781239992939,27885.0
24.05980910011567,27887.0
24.06180960009806,27889.0
24.095847100019455,27923.0
24.097824899945408,27925.0
24.099818899994716,27927.0
24.10183609998785,27929.0
24.10381429991685,27931.0
24.1068170000799,27934.0
24.10881459992379,27936.0
24.110811799997464,27938.0
24.112809600075707,27940.0
24.114807500038296,27942.0
24.148848300101236,27976.0
24.150835199980065,27978.0
24.152818500064313,27980.0
24.15481680002995,27982.0
24.156810200074688,27984.0
24.158807599917054,27986.0
24.16081009991467,27988.0
24.162808200111613,27990.0
24.16484470013529,27992.0
24.166886399965733,27994.0
24.199844799935818,28027.0
24.201819200068712,28029.0
24.20481920009479,28031.0
24.206811000127345,28034.0
24.208809799980372,28036.0
24.210842699976638,28038.0
24.212813300080597,28040.0
24.214809499913827,28042.0
24.21688889991492,28044.0
24.218815699918196,28046.0
24.250837499974295,28078.0
24.252823800081387,28080.0
24.254816600121558,28082.0
24.25681130005978,28084.0
24.25883090007119,28086.0
24.260821500094607,28088.0
24.26281849993393,28090.0
24.26481040008366,28092.0
24.266927600139752,28094.0
24.268835800001398,28096.0
24.270819199969992,28098.0
24.3068554000929,28132.0
24.308818800142035,28136.0
24.310813300078735,28138.0
24.312814299948514,28140.0
24.315811699954793,28143.0
24.3179087000899,28145.0
24.319858100032434,28147.0
24.32181670004502,28149.0
24.32381119998172,28151.0
24.35784519999288,28185.0
24.359817899996415,28187.0
24.361815300071612,28189.0
24.363817800069228,28191.0
24.365809499984607,28193.0
24.36786110000685,28195.0
24.369834800017998,28197.0
24.371816100087017,28199.0
24.373810000019148,28201.0
24.37581040011719,28203.0
24.408832899993286,28236.0
24.41081829997711,28238.0
24.41484949993901,28242.0
24.416908000130206,28244.0
24.41882749996148,28246.0
24.42081889999099,28248.0
24.422813500044867,28250.0
24.42480879998766,28252.0
24.426810400094837,28254.0
24.458835599943995,28286.0
24.46083789994009,28288.0
24.46281459997408,28290.0
24.466881799977273,28292.0
24.46881450014189,28296.0
24.470815900014713,28298.0
24.47281079995446,28300.0
24.474808699917048,28302.0
24.476840400137007,28304.0
24.47881429991685,28306.0
24.51083629997447,28338.0
24.51282409997657,28340.0
24.514813899993896,28342.0
24.516927000135183,28344.0
24.51883690012619,28346.0
24.520819199969992,28348.0
24.52282160008326,28350.0
24.52481189998798,28352.0
24.52681090007536,28354.0
24.528810299932957,28356.0
24.530810500029474,28358.0
24.56283550010994,28390.0
24.566955199930817,28392.0
24.568848100025207,28396.0
24.570825800066814,28398.0
24.57281220005825,28400.0
24.574809400131926,28402.0
24.576809300109744,28404.0
24.5788104000967,28406.0
24.580809199949726,28408.0
24.58280840003863,28410.0
24.614833900006488,28442.0
24.61692070006393,28444.0
24.61882199998945,28446.0
24.6208212999627,28448.0
24.62281550001353,28450.0
24.626813299953938,28452.0
24.62880910001695,28456.0
24.630807799985632,28458.0
24.63287160010077,28460.0
24.634834199910983,28462.0
24.667863599956036,28495.0
24.669820100069046,28497.0
24.671817400027066,28499.0
24.67381320009008,28501.0
24.67581170005724,28503.0
24.67781229992397,28505.0
24.679824100108817,28507.0
24.681814400013536,28509.0
24.683814600110054,28511.0
24.685814900090918,28513.0
24.71883979998529,28546.0
24.720819199923426,28548.0
24.722817900124937,28550.0
24.72481740009971,28552.0
24.726832499960437,28554.0
24.728815600043163,28556.0
24.730813100002706,28558.0
24.73281259997748,28560.0
24.734814800089225,28562.0
24.736825000029057,28564.0
24.73881300003268,28566.0
24.771853599930182,28599.0
24.773819900117815,28601.0
24.775813200045377,28603.0
24.777812300017104,28605.0
24.779811300104484,28607.0
24.781811600085348,28609.0
24.78382549993694,28611.0
24.786821899935603,28614.0
24.788825399940833,28616.0
24.79082030011341,28618.0
24.824850300094113,28652.0
24.826822000090033,28654.0
24.828815100016072,28656.0
24.830818800022826,28658.0
24.832813000073656,28660.0
24.834840199910104,28662.0
24.836824300000444,28664.0
24.838816199917346,28666.0
24.84081339999102,28668.0
24.842810299945995,28670.0
24.875849100062624,28703.0
24.877822200069204,28705.0
24.87981540011242,28707.0
24.88186060008593,28709.0
24.883829599944875,28711.0
24.885815900051966,28713.0
24.887816699920222,28715.0
24.89181619998999,28719.0
24.89381149993278,28721.0
24.89581050002016,28723.0
24.929844199912623,28757.0
24.931819299934432,28759.0
24.93382619996555,28761.0
24.9358161999844,28763.0
24.93781780009158,28765.0
24.939811500022188,28767.0
24.94181130011566,28769.0
24.94381260010414,28771.0
24.94683129992336,28774.0
24.948815000010654,28776.0
24.982836100040004,28810.0
24.986829000059515,28812.0
24.988817400066182,28816.0
24.99081590003334,28818.0
24.992821200052276,28820.0
24.994812600081787,28822.0
24.996810999931768,28824.0
24.998811699915677,28826.0
25.00081399991177,28828.0
25.034843400120735,28862.0
25.036823200061917,28864.0
25.038823100039735,28866.0
25.04081610008143,28868.0
25.042812200030312,28870.0
25.046813700115308,28872.0
25.048810600070283,28876.0
25.050813999958336,28878.0
25.053061800077558,28880.0
25.08684889995493,28914.0
25.088823500089347,28916.0
25.090814399998635,28918.0
25.092813200084493,28920.0
25.09482270013541,28922.0
25.096812000032514,28924.0
25.098844799911603,28926.0
25.10083350003697,28928.0
25.104827699949965,28931.0
25.106813099933788,28934.0
25.141855099936947,28969.0
25.14382839994505,28971.0
25.146845400100574,28974.0
25.14882340002805,28976.0
25.150853300001472,28978.0
25.15283829998225,28980.0
25.15482660010457,28982.0
25.15682079992257,28984.0
25.158819900127128,28986.0
25.16086730011739,28988.0
25.19684230000712,29024.0
25.198830800130963,29026.0
25.20083300000988,29028.0
25.20282640005462,29030.0
25.20482790004462,29032.0
25.20684890006669,29034.0
25.20882389997132,29036.0
25.210821900051087,29038.0
25.212821300141513,29040.0
25.21481949998997,29042.0
25.24885470001027,29076.0
25.250838600099087,29078.0
25.25284710014239,29080.0
25.25483729992993,29082.0
25.256844700081274,29084.0
25.258818299975246,29086.0
25.260813100030646,29088.0
25.26281170011498,29090.0
25.266894100001082,29092.0
25.30285630002618,29130.0
25.304838699987158,29132.0
25.306818699929863,29134.0
25.30881560011767,29136.0
25.31081339996308,29138.0
25.312813699943945,29140.0
25.31484010000713,29142.0
25.316951300017536,29144.0
25.31883840006776,29146.0
25.320827499963343,29148.0
25.358846900053322,29186.0
25.36083610006608,29188.0
25.36283509992063,29190.0
25.364824200049043,29192.0
25.366962099913508,29194.0
25.36884170002304,29196.0
25.370981300016865,29198.0
25.372816200135276,29200.0
25.37481539999135,29202.0
25.376851900015026,29204.0
25.378827899927273,29206.0
25.417872600024566,29244.0
25.419821500079706,29247.0
25.421820800052956,29249.0
25.423824100056663,29251.0
25.426816300023347,29254.0
25.42881190008484,29256.0
25.43081200006418,29258.0
25.432810199912637,29260.0
25.434826500015333,29262.0
25.469856000039726,29297.0
25.47182620014064,29299.0
25.473818300059065,29301.0
25.47581689991057,29303.0
25.477822999935597,29305.0
25.47981599997729,29307.0
25.481818000087515,29309.0
25.483822599984705,29311.0
25.48585689999163,29313.0
25.48782750009559,29315.0
25.521839800057933,29349.0
25.523819399997592,29351.0
25.52681970014237,29354.0
25.528838000027463,29356.0
25.530840600142255,29358.0
25.53282930003479,29360.0
25.534817500039935,29362.0
25.536815700121224,29364.0
25.53881400008686,29366.0
25.540811100043356,29368.0
25.574839800130576,29402.0
25.57681929995306,29404.0
25.578849300043657,29406.0
25.58083670004271,29408.0
25.582815800094977,29410.0
25.58683399995789,29412.0
25.588818999938667,29416.0
25.590815000003204,29418.0
25.592811099952087,29420.0
25.626844699960202,29454.0
25.630827400134876,29458.0
25.632818900048733,29460.0
25.634818400023505,29462.0
25.636815200094134,29464.0
25.640861199935898,29466.0
25.64286409993656,29470.0
25.646844499977306,29472.0
25.680850900011137,29508.0
25.68282869993709,29510.0
25.684833300067112,29512.0
25.686834499938414,29514.0
25.688819600036368,29516.0
25.690814699977636,29518.0
25.692812399938703,29520.0
25.694812800036743,29522.0
25.69681439991109,29524.0
25.69881339999847,29526.0
25.731835199985653,29559.0
25.733846500050277,29561.0
25.73582200007513,29563.0
25.737823700066656,29565.0
25.739815199980512,29567.0
25.741814699955285,29569.0
25.74381239991635,29571.0
25.74581620004028,29573.0
25.747824900085106,29575.0
25.74982769996859,29577.0
25.751850500004366,29579.0
25.786841199966148,29614.0
25.788824799936265,29616.0
25.79081659996882,29618.0
25.792816899949685,29620.0
25.794826300116256,29622.0
25.796816000016406,29624.0
25.798814099980518,29626.0
25.800817100098357,29628.0
25.802863700082526,29630.0
25.806816200027242,29632.0
25.840854899957776,29668.0
25.842824399936944,29670.0
25.84481730009429,29672.0
25.84681549994275,29674.0
25.848814700031653,29676.0
25.850824000081047,29678.0
25.852825799956918,29680.0
25.85482389992103,29682.0
25.856838200008497,29684.0
25.85881879995577,29686.0
25.892852999968454,29720.0
25.896830500103533,29723.0
25.89881810010411,29726.0
25.90083990013227,29728.0
25.902831400046125,29730.0
25.906827500090003,29732.0
25.908815500093624,29736.0
25.91081349994056,29738.0
25.943847100017592,29771.0
25.9468302000314,29774.0
25.948820299934596,29776.0
25.950835299910977,29778.0
25.95281899999827,29780.0
25.954824600135908,29782.0
25.956814999924973,29784.0
25.958814300131053,29786.0
25.960814000107348,29788.0
25.96281379996799,29790.0
25.995847400045022,29823.0
25.997826599981636,29825.0
25.999820899916813,29827.0
26.00183270010166,29829.0
26.00381759996526,29831.0
26.00581860006787,29833.0
26.007815100019798,29835.0
26.0098143001087,29837.0
26.011816200101748,29839.0
26.013819799991325,29841.0
26.015814499929547,29843.0
26.048841800075024,29876.0
26.050839100033045,29878.0
26.052828300045803,29880.0
26.05482510011643,29882.0
26.056824899977073,29884.0
26.058842200087383,29886.0
26.06081930012442,29888.0
26.06281500007026,29890.0
26.0648147999309,29892.0
26.06687270011753,29894.0
26.068857100093737,29896.0
26.101849100086838,29929.0
26.103844200028107,29931.0
26.10683219996281,29934.0
26.108844100032,29936.0
26.110830000136048,29938.0
26.112818599911407,29940.0
26.11481610010378,29942.0
26.116934299934655,29944.0
26.118851500097662,29946.0
26.120849000057206,29948.0
26.153870299924165,29981.0
26.15582980006002,29983.0
26.157822099979967,29985.0
26.159816300030798,29987.0
26.161814599996433,29989.0
26.16381790000014,29991.0
26.16690990002826,29994.0
26.168828200083226,29996.0
26.170819600112736,29998.0
26.172816399950534,30000.0
26.204838500125334,30032.0
26.20682750013657,30034.0
26.20882960013114,30036.0
26.21081730001606,30038.0
26.212816700106487,30040.0
26.21483159996569,30042.0
26.21688720001839,30044.0
26.218817699933425,30046.0
26.220820599934086,30048.0
26.222814599983394,30050.0
26.226815599948168,30052.0
26.258849099976942,30086.0
26.26082560000941,30088.0
26.262817699927837,30090.0
26.264816400129348,30092.0
26.266910600010306,30094.0
26.268832799978554,30096.0
26.270826200023293,30098.0
26.272817000048235,30100.0
26.27484710002318,30102.0
26.278819300001487,30106.0
26.310837500030175,30138.0
26.312819899991155,30140.0
26.31481710006483,30142.0
26.31696019996889,30144.0
26.318837200058624,30146.0
26.320831600110978,30148.0
26.322827900061384,30150.0
26.32681700005196,30152.0
26.32881770003587,30156.0
26.330817600013688,30158.0
26.36701050004922,30194.0
26.368847199948505,30196.0
26.37082920013927,30198.0
26.372823799960315,30200.0
26.374822000041604,30202.0
26.376817299984396,30204.0
26.37881559995003,30206.0
26.380814200034365,30208.0
26.38281450001523,30210.0
26.384849300142378,30212.0
26.41886470001191,30246.0
26.420829500071704,30248.0
26.422818599967286,30250.0
26.425817500101402,30253.0
26.427816400071606,30255.0
26.42985840002075,30257.0
26.431819699937478,30259.0
26.433820799924433,30261.0
26.43582050013356,30263.0
26.468847499927506,30296.0
26.47082919999957,30298.0
26.472818900132552,30300.0
26.47481880011037,30302.0
26.476842900039628,30304.0
26.47881929995492,30306.0
26.48081750003621,30308.0
26.482816700125113,30310.0
26.48484389996156,30312.0
26.486833200091496,30314.0
26.51884189993143,30346.0
26.52082689991221,30348.0
26.52282449998893,30350.0
26.526827099965885,30352.0
26.528817299986258,30356.0
26.530816399957985,30358.0
26.533819700125605,30361.0
26.53583599999547,30363.0
26.537820300087333,30365.0
26.569854700006545,30397.0
26.57183080003597,30399.0
26.573820899939165,30401.0
26.575818000128493,30403.0
26.57781899999827,30405.0
26.57981689996086,30407.0
26.581815700046718,30409.0
26.583817899925634,30411.0
26.58585870009847,30413.0
26.587830800097436,30415.0
26.589819400105625,30417.0
26.623850699979812,30451.0
26.626832199981436,30454.0
26.629902600077912,30457.0
26.63186819991097,30459.0
26.633846800075844,30461.0
26.63582450011745,30463.0
26.637818600051105,30465.0
26.639818700030446,30467.0
26.641818600008264,30469.0
26.674853400094435,30502.0
26.676862800028175,30504.0
26.67882649996318,30506.0
26.68085479992442,30508.0
26.682856499915943,30510.0
26.6868567999918,30512.0
26.688820800045505,30516.0
26.690815899986774,30518.0
26.69281730009243,30520.0
26.726885500131175,30552.0
26.72883399995044,30556.0
26.730822500074282,30558.0
26.73281880002469,30560.0
26.73482559993863,30562.0
26.73681759997271,30564.0
26.73882029997185,30566.0
26.740816399920732,30568.0
26.74282080004923,30570.0
26.744846099987626,30572.0
26.7768540000543,30604.0
26.778824199922383,30606.0
26.780822900123894,30608.0
26.78281749994494,30610.0
26.784856300102547,30612.0
26.786828400101513,30614.0
26.78882070002146,30616.0
26.79083520011045,30618.0
26.792823299998417,30620.0
26.7948293001391,30622.0
26.79682100005448,30624.0
26.829842099919915,30657.0
26.831825300119817,30659.0
26.833833300042897,30661.0
26.835862500127405,30663.0
26.83783770003356,30665.0
26.839821400120854,30667.0
26.841818500077352,30669.0
26.84381840005517,30671.0
26.845816500019282,30673.0
26.847816199995577,30675.0
26.84981909999624,30677.0
26.883847899967805,30711.0
26.88582510012202,30713.0
26.88782580010593,30715.0
26.88981859991327,30717.0
26.891817399999127,30719.0
26.893816699972376,30721.0
26.89581639994867,30723.0
26.89781629992649,30725.0
26.899840800091624,30727.0
26.901824899949133,30729.0
26.934843699913472,30762.0
26.93682730011642,30764.0
26.938822000054643,30766.0
26.94081910001114,30768.0
26.942817100090906,30770.0
26.946848300052807,30772.0
26.94882020005025,30776.0
26.950822999933735,30778.0
26.95284379995428,30780.0
26.95481920009479,30782.0
26.987842099973932,30815.0
26.989824099931866,30817.0
26.9918230001349,30819.0
26.993831099942327,30821.0
26.995820499956608,30823.0
26.99781779991463,30825.0
26.999818400014192,30827.0
27.001835300121456,30829.0
27.00381959998049,30831.0
27.005819299956784,30833.0
27.007820300059393,30835.0
27.0418451000005,30869.0
27.04382389993407,30871.0
27.045819400111213,30873.0
27.047818399965763,30875.0
27.049817000050098,30877.0
27.05183620005846,30879.0
27.053906199987978,30881.0
27.055822300026193,30883.0
27.05781999998726,30885.0
27.05981729994528,30887.0
27.061815799912438,30889.0
27.09484610008076,30922.0
27.0968269999139,30924.0
27.098819199949503,30926.0
27.10085069993511,30928.0
27.10282430006191,30930.0
27.106831399956718,30932.0
27.108820700086653,30936.0
27.110820000059903,30938.0
27.1128174001351,30940.0
27.114816599991173,30942.0
27.14885549992323,30976.0
27.15085650002584,30978.0
27.15282820002176,30980.0
27.154827299993485,30982.0
27.15681890002452,30984.0
27.158818199997768,30986.0
27.16081709996797,30988.0
27.16282119997777,30990.0
27.166975900065154,30992.0
27.200850599911064,31028.0
27.202826200053096,31030.0
27.206829600036144,31032.0
27.208822699962184,31036.0
27.210832600016147,31038.0
27.212851900141686,31040.0
27.214817400090396,31042.0
27.216871000127867,31044.0
27.21883050003089,31046.0
27.220820300048217,31048.0
27.25484920013696,31082.0
27.256848900113255,31084.0
27.258823700016364,31086.0
27.260819100076333,31088.0
27.262817499926314,31090.0
27.266877100104466,31092.0
27.269831100013107,31097.0
27.271836400032043,31099.0
27.273828000063077,31101.0
27.30784730007872,31135.0
27.309827000135556,31137.0
27.31182250007987,31139.0
27.31382209993899,31141.0
27.31581940012984,31143.0
27.317895400105044,31145.0
27.31993900006637,31147.0
27.32183160004206,31149.0
27.323821800062433,31151.0
27.325819900026545,31153.0
27.36185340001248,31189.0
27.363836100092158,31191.0
27.365850399946794,31193.0
27.36785989999771,31195.0
27.369869200047106,31197.0
27.37182949995622,31199.0
27.373834799975157,31201.0
27.37583569996059,31203.0
27.379889500094578,31205.0
27.38184679998085,31209.0
27.41985379997641,31247.0
27.421851800056174,31249.0
27.42384589998983,31251.0
27.425827800063416,31253.0
27.427858999930322,31255.0
27.42983249993995,31257.0
27.431824299972504,31259.0
27.43383580003865,31261.0
27.43583200010471,31263.0
27.437826100038365,31265.0
27.43981899996288,31267.0
27.473853799980134,31301.0
27.475837199948728,31303.0
27.477826100075617,31305.0
27.4798222000245,31307.0
27.48182210000232,31309.0
27.48382560000755,31311.0
27.48581980005838,31313.0
27.487825199961662,31315.0
27.489820400020108,31317.0
27.492833100026473,31320.0
27.526848300127313,31354.0
27.528827900066972,31356.0
27.530822000000626,31358.0
27.532820099964738,31360.0
27.53485960001126,31362.0
27.536856499966234,31364.0
27.538827900076285,31366.0
27.540822100127116,31368.0
27.542820000089705,31370.0
27.54682149994187,31372.0
27.580841700080782,31408.0
27.58282470004633,31410.0
27.584836000110954,31412.0
27.58682329999283,31414.0
27.588824999984354,31416.0
27.590820099925622,31418.0
27.592819400131702,31420.0
27.594818900106475,31422.0
27.596817099954933,31424.0
27.59882070007734,31426.0
27.632847500033677,31460.0
27.634829699993134,31462.0
27.63682290003635,31464.0
27.638822300126776,31466.0
27.64082289999351,31468.0
27.642819500062615,31470.0
27.644821899943054,31472.0
27.6468426999636,31474.0
27.648826699936762,31476.0
27.650825100019574,31478.0
27.68384880013764,31511.0
27.68583309999667,31513.0
27.6878295999486,31515.0
27.68982130009681,31517.0
27.691851899959147,31519.0
27.693832700140774,31521.0
27.695824000053108,31523.0
27.697823900030926,31525.0
27.699820100096986,31527.0
27.701883499976248,31529.0
27.7038263999857,31531.0
27.737849599914625,31565.0
27.73983640014194,31567.0
27.743830800056458,31569.0
27.746823400026187,31574.0
27.748820499982685,31576.0
27.750842400128022,31578.0
27.75283919996582,31580.0
27.754859100095928,31582.0
27.75685549993068,31584.0
27.790855400031433,31618.0
27.792834399966523,31620.0
27.794828500133008,31622.0
27.79682829999365,31624.0
27.798825700068846,31626.0
27.80086289998144,31628.0
27.802831300068647,31630.0
27.804832099936903,31632.0
27.80682129994966,31634.0
27.80882090004161,31636.0
27.84184439992532,31669.0
27.843827900011092,31671.0
27.845822399947792,31673.0
27.847823299933225,31675.0
27.849833300104365,31677.0
27.851828600047156,31679.0
27.853820899967104,31681.0
27.855820700060576,31683.0
27.857821099925786,31685.0
27.859820500016212,31687.0
27.861819500103593,31689.0
27.896892300108448,31724.0
27.898829499958083,31726.0
27.90083339996636,31728.0
27.902824599994346,31730.0
27.904829500010237,31732.0
27.90682219993323,31734.0
27.90882150013931,31736.0
27.910857900045812,31738.0
27.91282460000366,31740.0
27.914820000063628,31742.0
27.947857199935243,31775.0
27.949827400036156,31777.0
27.951825099997222,31779.0
27.953821799950674,31781.0
27.95582260005176,31783.0
27.95783650013618,31785.0
27.959822800010443,31787.0
27.961822600103915,31789.0
27.96381890005432,31791.0
27.966861099936068,31794.0
27.998844899935648,31826.0
28.000837000086904,31828.0
28.002839599968866,31830.0
28.004825999960303,31832.0
28.00682170013897,31834.0
28.008820600109175,31836.0
28.01082849991508,31838.0
28.012818600051105,31840.0
28.014819100033492,31842.0
28.016854000044987,31844.0
28.018853000132367,31846.0
28.050849500112236,31878.0
28.052827100036666,31880.0
28.0548254000023,31882.0
28.05682329996489,31884.0
28.058819900033996,31886.0
28.06086799991317,31888.0
28.062820200109854,31890.0
28.06512530008331,31892.0
28.066881499951705,31894.0
28.068837800063193,31896.0
28.100851699942723,31928.0
28.102829599985853,31930.0
28.10483120009303,31932.0
28.106830100063235,31934.0
28.108823100104928,31936.0
28.11085549998097,31938.0
28.112902499968186,31940.0
28.11482149991207,31942.0
28.11686940002255,31944.0
28.118824400007725,31946.0
28.120822800090536,31948.0
28.152847199933603,31980.0
28.154832300031558,31982.0
28.15685519995168,31984.0
28.158824699930847,31986.0
28.160822600126266,31988.0
28.162819900084287,31990.0
28.16481880005449,31992.0
28.166881900047883,31994.0
28.168826800072566,31996.0
28.17082230001688,31998.0
28.17287000012584,32000.0
28.20485350000672,32032.0
28.206827300135046,32034.0
28.20882509998046,32036.0
28.210822300054133,32038.0
28.212820600019768,32040.0
28.21482069999911,32042.0
28.21687399991788,32044.0
28.218848099932075,32046.0
28.22083989996463,32048.0
28.222824800061062,32050.0
28.224821000127122,32052.0
28.25684710009955,32084.0
28.258845299948007,32086.0
28.260821799980476,32088.0
28.26282129995525,32090.0
28.26482450007461,32092.0
28.266923499992117,32094.0
28.268839200027287,32096.0
28.27082829992287,32098.0
28.272825200110674,32100.0
28.274849799927324,32102.0
28.276821200037375,32104.0
28.30884820013307,32136.0
28.31082720006816,32138.0
28.312863999977708,32140.0
28.314835600089282,32142.0
28.316911699948832,32144.0
28.318829199997708,32146.0
28.320836399914697,32148.0
28.32282430003397,32150.0
28.326823099981993,32152.0
28.32885630009696,32156.0
28.36085980013013,32188.0
28.36284830002114,32190.0
28.364838999928907,32192.0
28.36693389993161,32194.0
28.368865499971434,32196.0
28.3709780999925,32198.0
28.37284080008976,32200.0
28.374825699953362,32202.0
28.376848800107837,32204.0
28.378827499924228,32206.0
28.380822699982673,32208.0
28.413863599998876,32241.0
28.415844999952242,32243.0
28.417850099969655,32245.0
28.419833099935204,32247.0
28.4219102000352,32249.0
28.423844499979168,32251.0
28.42583140009083,32253.0
28.427835599984974,32255.0
28.42981979995966,32257.0
28.431825400097296,32259.0
28.46695080003701,32294.0
28.46885160007514,32296.0
28.470835499931127,32298.0
28.472836799919605,32300.0
28.476824100129306,32304.0
28.47882069996558,32306.0
28.480820700060576,32308.0
28.48281989991665,32310.0
28.48685250012204,32312.0
28.5198459001258,32347.0
28.52183620003052,32349.0
28.523827000055462,32351.0
28.52682280004956,32354.0
28.528821000130847,32356.0
28.530845999950543,32358.0
28.532825500005856,32360.0
28.53482670010999,32362.0
28.536842399975285,32364.0
28.538823700044304,32366.0
28.570847100112587,32398.0
28.57282910007052,32400.0
28.574823200004175,32402.0
28.576822800096124,32404.0
28.578833299921826,32406.0
28.58082520007156,32408.0
28.58282190002501,32410.0
28.584841300034896,32412.0
28.586824600119144,32414.0
28.588824999984354,32416.0
28.59082209994085,32418.0
28.622847999911755,32450.0
28.626862100092694,32452.0
28.629830399993807,32457.0
28.63182589993812,32459.0
28.635844900039956,32462.0
28.637832399923354,32465.0
28.639851100044325,32467.0
28.641855200054124,32469.0
28.67485440010205,32502.0
28.676830500131473,32504.0
28.67882420006208,32506.0
28.680822799913585,32508.0
28.682823300128803,32510.0
28.68487840006128,32512.0
28.686832699924707,32514.0
28.68883190001361,32516.0
28.69082590006292,32518.0
28.69282210012898,32520.0
28.72686480008997,32552.0
28.728835500078276,32556.0
28.73083130014129,32558.0
28.73285669996403,32560.0
28.734832900110632,32562.0
28.736823100131005,32564.0
28.73882560012862,32566.0
28.740822999970987,32568.0
28.742822000058368,32570.0
28.74482150003314,32572.0
28.777849500067532,32605.0
28.779852000065148,32607.0
28.781835400033742,32609.0
28.78383450000547,32611.0
28.786838100058958,32614.0
28.789827400119975,32617.0
28.791837400058284,32619.0
28.79382129991427,32621.0
28.7958536001388,32623.0
28.828849300043657,32656.0
28.83082909998484,32658.0
28.832826599944383,32660.0
28.834855400025845,32662.0
28.836828300030902,32664.0
28.838828000007197,32666.0
28.840823099948466,32668.0
28.843832100043073,32671.0
28.84682229999453,32674.0
28.848822900094092,32676.0
28.88184819999151,32709.0
28.883836100110784,32711.0
28.88583380007185,32713.0
28.887831799918786,32715.0
28.88984790001996,32717.0
28.891826699953526,32719.0
28.89382759993896,32721.0
28.895824700128287,32723.0
28.89782389998436,32725.0
28.899822500068694,32727.0
28.901861099991947,32729.0
28.934857500018552,32762.0
28.93683229992166,32764.0
28.93883190001361,32766.0
28.94082499993965,32768.0
28.942822500132024,32770.0
28.944823099998757,32772.0
28.94682290009223,32774.0
28.94882160006091,32776.0
28.950825599953532,32778.0
28.952852100133896,32780.0
28.954828399932012,32782.0
28.98784670000896,32815.0
28.989831499988213,32817.0
28.99182610004209,32819.0
28.99382400000468,32821.0
28.99582440010272,32823.0
28.997823199955747,32825.0
28.999857400078326,32827.0
29.001842899946496,32829.0
29.003942100098357,32831.0
29.00582930003293,32833.0
29.007825100095943,32835.0
29.041858700104058,32869.0
29.043831600109115,32871.0
29.04583499999717,32873.0
29.04783200006932,32875.0
29.049824600107968,32877.0
29.051843600114807,32879.0
29.053902599960566,32881.0
29.055827900068834,32883.0
29.057823500130326,32885.0
29.05982289998792,32887.0
29.093845899915323,32921.0
29.095829400001094,32923.0
29.097824099939317,32925.0
29.099824199918658,32927.0
29.101841799914837,32929.0
29.10392710007727,32931.0
29.105829100124538,32933.0
29.10784490010701,32935.0
29.109827500069514,32937.0
29.111824800027534,32939.0
29.1138228001073,32941.0
29.148861299967393,32976.0
29.150849600089714,32978.0
29.15283429995179,32980.0
29.154837500071153,32982.0
29.15683260001242,32984.0
29.158825099933892,32986.0
29.160823400132358,32988.0
29.162824200000614,32990.0
29.166903200093657,32992.0
29.20086760004051,33028.0
29.20285420003347,33030.0
29.20684770005755,33032.0
29.209828400053084,33037.0
29.211826200131327,33039.0
29.213824500096962,33041.0
29.215828200103715,33043.0
29.21783829992637,33045.0
29.21985030011274,33047.0
29.252847299911082,33080.0
29.254833000013605,33082.0
29.256826400058344,33084.0
29.258824800141156,33086.0
29.26082540000789,33088.0
29.26282409997657,33090.0
29.264837000053376,33092.0
29.266867199912667,33094.0
29.268885199911892,33096.0
29.270832299953327,33098.0
29.30385549995117,33131.0
29.30683290003799,33134.0
29.308825799962506,33136.0
29.31085589993745,33138.0
29.312831100076437,33140.0
29.314829099923372,33142.0
29.31687210011296,33144.0
29.31884100008756,33146.0
29.320839199936017,33148.0
29.3228263000492,33150.0
29.356870600022376,33184.0
29.358885399997234,33186.0
29.360831399913877,33188.0
29.36282610008493,33190.0
29.36482600006275,33192.0
29.366955500096083,33194.0
29.36884250002913,33196.0
29.37084180000238,33198.0
29.372870299965143,33200.0
29.374829600099474,33202.0
29.412857600022107,33240.0
29.4148339999374,33242.0
29.416942300042138,33244.0
29.418850800022483,33246.0
29.420836600009352,33248.0
29.422839700011536,33250.0
29.424824400106445,33252.0
29.426823999965563,33254.0
29.42882340005599,33256.0
29.46286140009761,33290.0
29.464852700009942,33292.0
29.46689789998345,33294.0
29.46883610007353,33296.0
29.47083429992199,33298.0
29.47282769996673,33300.0
29.474823999917135,33302.0
29.47682480001822,33304.0
29.47882580012083,33306.0
29.480893899919465,33308.0
29.515849800081924,33343.0
29.517868099967018,33345.0
29.519837399944663,33347.0
29.521847299998626,33349.0
29.523832299979404,33351.0
29.52684890013188,33354.0
29.528832900105044,33356.0
29.530828800052404,33358.0
29.532827000133693,33360.0
29.534828200004995,33362.0
29.56885250005871,33396.0
29.570835799910128,33398.0
29.572825599927455,33400.0
29.574855600018054,33402.0
29.576829300029203,33404.0
29.57882699999027,33406.0
29.58083280012943,33408.0
29.582824799930677,33410.0
29.58483409998007,33412.0
29.586845899932086,33414.0
29.619849800132215,33447.0
29.621840900043026,33449.0
29.623831399949268,33451.0
29.62582780001685,33453.0
29.627824899973348,33455.0
29.62982519995421,33457.0
29.631824400043115,33459.0
29.633836900116876,33461.0
29.635835299966857,33463.0
29.637859200127423,33465.0
29.639927400043234,33467.0
29.673850300023332,33501.0
29.67583189997822,33503.0
29.67782730003819,33505.0
29.679825500119478,33507.0
29.681828500004485,33509.0
29.683866899926215,33511.0
29.685840100049973,33513.0
29.687847499968484,33515.0
29.689829600043595,33517.0
29.691826400114223,33519.0
29.69382459996268,33521.0
29.727845899993554,33555.0
29.729829099960625,33557.0
29.731850299984217,33559.0
29.73383849998936,33561.0
29.73582850000821,33563.0
29.737834899919108,33565.0
29.739825600059703,33567.0
29.741825900040567,33569.0
29.743824400007725,33571.0
29.745826200116426,33573.0
29.7818583000917,33609.0
29.783854099921882,33611.0
29.78683659993112,33614.0
29.78884209995158,33616.0
29.790828299941495,33618.0
29.792851600097492,33620.0
29.794829700142145,33622.0
29.796826200094074,33624.0
29.798826100071892,33626.0
29.800841599935666,33628.0
29.833856099983677,33661.0
29.835841099964455,33663.0
29.83783970004879,33665.0
29.839834100101143,33667.0
29.841828800039366,33669.0
29.843828900018707,33671.0
29.846826900029555,33674.0
29.84882690012455,33676.0
29.85083879996091,33678.0
29.853867900092155,33681.0
29.886856500059366,33714.0
29.888834899989888,33716.0
29.890830700052902,33718.0
29.892866800073534,33720.0
29.89482540008612,33722.0
29.89682579995133,33724.0
29.89987640012987,33727.0
29.90183370001614,33729.0
29.903829199960455,33731.0
29.906825999962166,33734.0
29.93985370011069,33767.0
29.941835900070146,33769.0
29.943831800017506,33771.0
29.946841500001028,33774.0
29.948836999945343,33776.0
29.950842699967325,33778.0
29.952831899980083,33780.0
29.954829399939626,33782.0
29.956828699912876,33784.0
29.958826299989596,33786.0
29.990852700080723,33818.0
29.99283690005541,33820.0
29.994837099919096,33822.0
29.996830699965358,33824.0
29.99882739991881,33826.0
30.00086500006728,33828.0
30.002836999949068,33830.0
30.004845899995416,33832.0
30.006827200064436,33834.0
30.008827700046822,33836.0
30.010836200090125,33838.0
30.042870700126514,33870.0
30.044833699939772,33872.0
30.04682909999974,33874.0
30.048827999969944,33876.0
30.050836200127378,33878.0
30.052836199989542,33880.0
30.054843900026754,33882.0
30.056834700051695,33884.0
30.05883809993975,33886.0
30.060826499946415,33888.0
30.09586640005,33923.0
30.097838199930266,33925.0
30.099828300066292,33927.0
30.101857899921015,33929.0
30.1038327999413,33931.0
30.105830000014976,33933.0
30.107827699976042,33935.0
30.109828100074083,33937.0
30.111827099928632,33939.0
30.14484989992343,33972.0
30.146835500141606,33974.0
30.1488604999613,33976.0
30.150844499934465,33978.0
30.152829899918288,33980.0
30.15483390004374,33982.0
30.156826900085434,33984.0
30.15882709994912,33986.0
30.160826599923894,33988.0
30.162825100123882,33990.0
30.19586390000768,34023.0
30.19783450011164,34025.0
30.199828200042248,34027.0
30.20183590007946,34029.0
30.20382840000093,34031.0
30.205827200086787,34033.0
30.207825900055468,34035.0
30.20982569991611,34037.0
30.211856400128454,34039.0
30.213831200031564,34041.0
30.24685340002179,34074.0
30.248834500089288,34076.0
30.2508419000078,34078.0
30.252837300067768,34080.0
30.254838699940592,34082.0
30.25682789995335,34084.0
30.258859500056133,34086.0
30.26083489996381,34088.0
30.262841199990362,34090.0
30.265841100132093,34093.0
30.298868600046262,34126.0
30.300864699995145,34128.0
30.302854700013995,34130.0
30.304838200099766,34132.0
30.306837599957362,34134.0
30.30882959999144,34136.0
30.31082980008796,34138.0
30.31282790005207,34140.0
30.314826500136405,34142.0
30.31687880004756,34144.0
30.349848200101405,34177.0
30.35185039998032,34179.0
30.353929300094023,34181.0
30.355839400086552,34183.0
30.357830499997362,34185.0
30.359827500069514,34187.0
30.361825099913403,34189.0
30.363835399970412,34191.0
30.366879400098696,34194.0
30.3688616999425,34196.0
30.402860200032592,34230.0
30.40484350011684,34232.0
30.406835099915043,34234.0
30.408863000106066,34236.0
30.410827999934554,34238.0
30.412826500134543,34240.0
30.414855499984697,34242.0
30.41693380009383,34244.0
30.41885200003162,34246.0
30.42086650012061,34248.0
30.453857199987397,34281.0
30.455848400015384,34283.0
30.45783259999007,34285.0
30.45982880005613,34287.0
30.461842300137505,34289.0
30.46383300004527,34291.0
30.468840500107035,34294.0
30.470837200060487,34298.0
30.474838300142437,34300.0
30.508859700057656,34336.0
30.510834499960765,34338.0
30.512836700072512,34340.0
30.51483010011725,34342.0
30.516870599938557,34344.0
30.518847400089726,34346.0
30.5208443000447,34348.0
30.52283739997074,34350.0
30.52483020001091,34352.0
30.526826800080016,34354.0
30.561868200078607,34389.0
30.56383419991471,34391.0
30.565829900093377,34393.0
30.567869500024244,34395.0
30.5698357000947,34397.0
30.571830899920315,34399.0
30.573827899992466,34401.0
30.576828700024635,34404.0
30.578827199991792,34406.0
30.580827200086787,34408.0
30.613894100068137,34441.0
30.615836099954322,34443.0
30.617843199986964,34445.0
30.619829900097102,34447.0
30.621831899974495,34449.0
30.623828700045124,34451.0
30.626835400005803,34454.0
30.628833800088614,34456.0
30.630843000020832,34458.0
30.632834000047296,34460.0
30.66585460002534,34493.0
30.667848499957472,34495.0
30.669833400053903,34497.0
30.671833199914545,34499.0
30.674829100025818,34502.0
30.676854900084436,34504.0
30.678832500008866,34506.0
30.680829100077972,34508.0
30.682829400058836,34510.0
30.684847499942407,34512.0
30.716910100076348,34544.0
30.718843000009656,34546.0
30.7208404999692,34548.0
30.72283750004135,34550.0
30.72484129993245,34552.0
30.726832600077614,34554.0
30.728829399915412,34556.0
30.730827199993655,34558.0
30.73282800009474,34560.0
30.7348335001152,34562.0
30.736846399959177,34564.0
30.769865399925038,34597.0
30.77185250003822,34599.0
30.773833299987018,34601.0
30.77583219995722,34603.0
30.777828800026327,34605.0
30.779827899998054,34607.0
30.781829700106755,34609.0
30.783832400105894,34611.0
30.7868600001093,34614.0
30.819853499997407,34647.0
30.821837899973616,34649.0
30.823832200141624,34651.0
30.826829799916595,34654.0
30.829833700088784,34657.0
30.83183480007574,34659.0
30.833856499986723,34661.0
30.8358348000329,34663.0
30.837843799963593,34665.0
30.839833399979398,34667.0
30.872852799948305,34700.0
30.874838500050828,34702.0
30.876831399975345,34704.0
30.878832400077954,34706.0
30.880851699970663,34708.0
30.882834099931642,34710.0
30.885861299932003,34713.0
30.88783959997818,34715.0
30.889830900123343,34717.0
30.891829499974847,34719.0
30.926871299976483,34754.0
30.928846900118515,34756.0
30.93083650013432,34758.0
30.933867699932307,34761.0
30.93783750012517,34765.0
30.939829800045118,34767.0
30.94182960013859,34769.0
30.943882399937138,34771.0
30.97785419994034,34805.0
30.979837000137195,34807.0
30.98183190007694,34809.0
30.983839600114152,34811.0
30.985829700017348,34813.0
30.987836099928245,34815.0
30.98984170006588,34817.0
30.991830199956894,34819.0
30.99382929992862,34821.0
30.99582920013927,34823.0
31.03086609998718,34858.0
31.032838199986145,34860.0
31.034849799936637,34862.0
31.037892499938607,34865.0
31.041840400081128,34867.0
31.043831800110638,34871.0
31.04683170001954,34874.0
31.050869399914518,34876.0
31.083864300046116,34911.0
31.085841299965978,34913.0
31.087837900035083,34915.0
31.08983279997483,34917.0
31.091830499935895,34919.0
31.09383950009942,34921.0
31.095835299929604,34923.0
31.097844599979,34925.0
31.099832199979573,34927.0
31.101835299981758,34929.0
31.103836999973282,34931.0
31.13685379992239,34964.0
31.13883630000055,34966.0
31.14083670009859,34968.0
31.14284360012971,34970.0
31.144841500092298,34972.0
31.146832900121808,34974.0
31.14883180009201,34976.0
31.150840900139883,34978.0
31.152832600055262,34980.0
31.155837000114843,34983.0
31.189876399934292,35017.0
31.191837700083852,35019.0
31.193833499914035,35021.0
31.195831099990755,35023.0
31.19783079996705,35025.0
31.199831099947914,35027.0
31.20183559996076,35029.0
31.203859300119802,35031.0
31.20584350009449,35033.0
31.207832999993116,35035.0
31.241855999920517,35069.0
31.24383860011585,35071.0
31.246834800112993,35074.0
31.24883130006492,35076.0
31.250849700067192,35078.0
31.252864999929443,35080.0
31.254847100004554,35082.0
31.25684539997019,35084.0
31.258833900094032,35086.0
31.260831099934876,35088.0
31.29385600006208,35121.0
31.295836000004783,35123.0
31.297833299962804,35125.0
31.29986139992252,35127.0
31.301839400082827,35129.0
31.303895400138572,35131.0
31.30583420000039,35133.0
31.307832200080156,35135.0
31.309829599922523,35137.0
31.31183010013774,35139.0
31.31383110000752,35141.0
31.34785100002773,35175.0
31.349834500113502,35177.0
31.351836800109595,35179.0
31.353934600017965,35181.0
31.355840200092643,35183.0
31.35783260012977,35185.0
31.359831700101495,35187.0
31.361854000017047,35189.0
31.363864799961448,35191.0
31.365834099939093,35193.0
31.39985579997301,35227.0
31.40185620007105,35229.0
31.403835400007665,35231.0
31.406834200024605,35234.0
31.408842700067908,35236.0
31.41083150007762,35238.0
31.412829000037163,35240.0
31.414829700021073,35242.0
31.416877700015903,35244.0
31.41883850004524,35246.0
31.45286149997264,35280.0
31.454846699954942,35282.0
31.456837699981406,35284.0
31.45883550005965,35286.0
31.460846200119704,35288.0
31.462837300030515,35290.0
31.464845299953595,35292.0
31.466854500118643,35294.0
31.468867500079796,35296.0
31.470874600112438,35298.0
31.50385390012525,35331.0
31.50683799991384,35334.0
31.508832700084895,35336.0
31.5108316000551,35338.0
31.512831300031394,35340.0
31.514958400046453,35342.0
31.51693690009415,35344.0
31.518849200103432,35346.0
31.52084070001729,35348.0
31.522831700043753,35350.0
31.557855800027028,35385.0
31.559838300105184,35387.0
31.561831299914047,35389.0
31.563853400060907,35391.0
31.56583570013754,35393.0
31.567842799937353,35395.0
31.569833500077948,35397.0
31.57183300005272,35399.0
31.573831500019878,35401.0
31.57583099999465,35403.0
31.610866399947554,35438.0
31.612854900071397,35440.0
31.61483830003999,35442.0
31.616891599958763,35444.0
31.618833400076255,35446.0
31.620835999958217,35448.0
31.622831500135362,35450.0
31.62486659991555,35452.0
31.62685910006985,35454.0
31.628837800119072,35456.0
31.63283669995144,35460.0
31.667873099911958,35495.0
31.669839600101113,35497.0
31.671847600024194,35499.0
31.673847900005057,35501.0
31.67583750002086,35503.0
31.677833300083876,35505.0
31.679832600057125,35507.0
31.681832500034943,35509.0
31.68383469991386,35511.0
31.68583169998601,35513.0
31.719861400080845,35547.0
31.721845200052485,35549.0
31.72483790013939,35552.0
31.726832499960437,35554.0
31.728831799933687,35556.0
31.73083040001802,35558.0
31.732837199931964,35560.0
31.73490889999084,35562.0
31.73684999998659,35564.0
31.738833999959752,35566.0
31.77387070003897,35601.0
31.777848199941218,35605.0
31.77984210010618,35607.0
31.781868600053713,35609.0
31.7838502000086,35611.0
31.78683550003916,35614.0
31.788835200015455,35616.0
31.790831099962816,35618.0
31.792832599952817,35620.0
31.82585350004956,35653.0
31.827841399936005,35655.0
31.829848600085825,35657.0
31.831836699973792,35659.0
31.833842300111428,35661.0
31.835832400014624,35663.0
31.837840999942273,35665.0
31.839833199977875,35667.0
31.841833400074393,35669.0
31.843868399970233,35671.0
31.8768543000333,35704.0
31.878838000120595,35706.0
31.880835300078616,35708.0
31.88283220003359,35710.0
31.88485709996894,35712.0
31.886836800025776,35714.0
31.88883429998532,35716.0
31.89083890011534,35718.0
31.892833600053564,35720.0
31.89483070001006,35722.0
31.89683139999397,35724.0
31.929857900133356,35757.0
31.931838900083676,35759.0
31.93384200008586,35761.0
31.935865300009027,35763.0
31.93784229992889,35765.0
31.93983509996906,35767.0
31.941832599928603,35769.0
31.943830900127068,35771.0
31.945831299992278,35773.0
31.947830599965528,35775.0
31.979859699960798,35807.0
31.981845200061798,35809.0
31.98385510011576,35811.0
31.98684910009615,35814.0
31.988837100099772,35816.0
31.99084520014003,35818.0
31.99284760002047,35820.0
31.9948325001169,35822.0
31.996830800082535,35824.0
31.998895599972457,35826.0
32.031869400059804,35859.0
32.03385500004515,35861.0
32.0358476000838,35863.0
32.037842500023544,35865.0
32.03983459994197,35867.0
32.04183349991217,35869.0
32.04383590002544,35871.0
32.045843800064176,35873.0
32.047834699973464,35875.0
32.049837599974126,35877.0
32.081859099911526,35909.0
32.08384749991819,35911.0
32.08684210013598,35914.0
32.08883889997378,35916.0
32.09086080011912,35918.0
32.092838200042024,35920.0
32.0948328000959,35922.0
32.09683290007524,35924.0
32.09883160004392,35926.0
32.100834199925885,35928.0
32.13287189998664,35960.0
32.13485309993848,35962.0
32.13684089994058,35964.0
32.13885320001282,35966.0
32.14083690010011,35968.0
32.14283280004747,35970.0
32.14483490004204,35972.0
32.14683220000006,35974.0
32.14883249998093,35976.0
32.15083470009267,35978.0
32.152854500105605,35980.0
32.18487240001559,36012.0
32.18684270000085,36014.0
32.188839700073004,36016.0
32.19083290011622,36018.0
32.19283360010013,36020.0
32.19483119994402,36022.0
32.19683149992488,36024.0
32.198835500050336,36026.0
32.200850599911064,36028.0
32.20285160001367,36030.0
32.235860200133175,36063.0
32.23784460010938,36065.0
32.239835400134325,36067.0
32.24183559999801,36069.0
32.243835400091484,36071.0
32.24586190003902,36073.0
32.24783720006235,36075.0
32.24983480013907,36077.0
32.2518635999877,36079.0
32.25385470013134,36081.0
32.28785359999165,36115.0
32.291853999951854,36117.0
32.29383970005438,36121.0
32.2958347001113,36123.0
32.29783309996128,36125.0
32.29983290005475,36127.0
32.3018533999566,36129.0
32.30383610003628,36131.0
32.306837799958885,36134.0
32.34186240006238,36169.0
32.34384170011617,36171.0
32.34683860000223,36174.0
32.348834899952635,36176.0
32.350888000102714,36178.0
32.35287069994956,36180.0
32.354934199946,36182.0
32.35685069998726,36184.0
32.3588511000853,36186.0
32.36085140006617,36188.0
32.3988723999355,36226.0
32.40086099994369,36228.0
32.40285810013302,36230.0
32.406875600107014,36233.0
32.40885789995082,36236.0
32.410853900015354,36238.0
32.41285390011035,36240.0
32.41693830001168,36244.0
32.418873799964786,36246.0
32.45485739992,36282.0
32.45684120012447,36284.0
32.45883430005051,36286.0
32.46083290013485,36288.0
32.46283260011114,36290.0
32.46487220004201,36292.0
32.46694890013896,36294.0
32.46884989994578,36296.0
32.47083900007419,36298.0
32.47283550002612,36300.0
32.50485810008831,36332.0
32.50684030004777,36334.0
32.50883639999665,36336.0
32.51087650004774,36338.0
32.512841700110584,36340.0
32.51483469991945,36342.0
32.51685340004042,36344.0
32.518856399925426,36346.0
32.52084180014208,36348.0
32.52284280001186,36350.0
32.52483300003223,36352.0
32.55787130002864,36385.0
32.55984030012041,36387.0
32.56184950005263,36389.0
32.563835999928415,36391.0
32.5669152000919,36394.0
32.568851500051096,36396.0
32.57084139995277,36398.0
32.57287440006621,36400.0
32.574837299995124,36402.0
32.57683510007337,36404.0
32.608860600041226,36436.0
32.610842700116336,36438.0
32.612838400062174,36440.0
32.61483630002476,36442.0
32.616920799948275,36444.0
32.61886849999428,36446.0
32.62087130011059,36448.0
32.62284510000609,36450.0
32.624838300049305,36452.0
32.62683680001646,36454.0
32.628833499969915,36456.0
32.662871700013056,36490.0
32.66484520002268,36492.0
32.66691639996134,36494.0
32.66884750011377,36496.0
32.670843800064176,36498.0
32.672837499994785,36500.0
32.67483519995585,36502.0
32.67683389992453,36504.0
32.67883470002562,36506.0
32.680836600018665,36508.0
32.71386200003326,36541.0
32.71584159997292,36543.0
32.71784620010294,36545.0
32.71983840013854,36547.0
32.72184200002812,36549.0
32.723836899967864,36551.0
32.72683349996805,36554.0
32.72886879998259,36556.0
32.73084470001049,36558.0
32.732836599927396,36560.0
32.76697840006091,36594.0
32.76886130007915,36596.0
32.770846399944276,36598.0
32.77283759997226,36600.0
32.77483789995313,36602.0
32.77686000009999,36604.0
32.7788414999377,36606.0
32.78083790000528,36608.0
32.782836799975485,36610.0
32.78484690003097,36612.0
32.81787010002881,36645.0
32.81984769995324,36647.0
32.82185530010611,36649.0
32.82383830007166,36651.0
32.82683950010687,36654.0
32.82883620006032,36656.0
32.830835700035095,36658.0
32.83283510012552,36660.0
32.83486109995283,36662.0
32.83686830010265,36664.0
32.87086490006186,36698.0
32.87284280010499,36700.0
32.874838300049305,36702.0
32.87683470011689,36704.0
32.87883440009318,36706.0
32.88083439995535,36708.0
32.88282339996658,36710.0
32.88485629996285,36712.0
32.88683840003796,36714.0
32.88884410005994,36716.0
32.89083759998903,36718.0
32.92686469992623,36754.0
32.933870600070804,36761.0
32.93584490008652,36763.0
32.93783910013735,36765.0
32.93983930000104,36767.0
32.941836199956015,36769.0
32.943834099918604,36771.0
32.946857900125906,36774.0
32.97986449999735,36807.0
32.98184340004809,36809.0
32.98384759994224,36811.0
32.98683890001848,36814.0
32.988837599987164,36816.0
32.99083449994214,36818.0
32.99284780002199,36820.0
32.99484760011546,36822.0
32.99683680012822,36824.0
32.99883579998277,36826.0
33.032872300129384,36860.0
33.03486090013757,36862.0
33.03684059996158,36864.0
33.03883840003982,36866.0
33.040849399985746,36868.0
33.0428371001035,36870.0
33.04483549995348,36872.0
33.04683550004847,36874.0
33.04883480002172,36876.0
33.05083780013956,36878.0
33.086889300029725,36914.0
33.0888746001292,36916.0
33.09083979995921,36918.0
33.09283629991114,36920.0
33.09483480011113,36922.0
33.09683439997025,36924.0
33.09883449994959,36926.0
33.10083719994873,36928.0
33.10306110000238,36930.0
33.104846799978986,36932.0
33.13886600011028,36966.0
33.14084509992972,36968.0
33.14283729996532,36970.0
33.144835399929434,36972.0
33.146834700135514,36974.0
33.14884110004641,36976.0
33.15086090005934,36978.0
33.15283849998377,36980.0
33.154842799995095,36982.0
33.15684500010684,36984.0
33.19086670014076,37018.0
33.192843900062144,37020.0
33.19484050013125,37022.0
33.19684739992954,37024.0
33.19883819995448,37026.0
33.200847800122574,37028.0
33.20283710001968,37030.0
33.20484329992905,37032.0
33.206835499964654,37034.0
33.20883539994247,37036.0
33.2108348000329,37038.0
33.24686939991079,37074.0
33.248844099929556,37076.0
33.25084730004892,37078.0
33.25284880003892,37080.0
33.25484950002283,37082.0
33.256839300040156,37084.0
33.2588531000074,37086.0
33.260839600116014,37088.0
33.26283650007099,37090.0
33.264840400079265,37092.0
33.29786500008777,37125.0
33.29984079999849,37127.0
33.30185439996421,37129.0
33.303916699951515,37131.0
33.30584100005217,37133.0
33.30784020014107,37135.0
33.30983759998344,37137.0
33.31183629995212,37139.0
33.31388140004128,37141.0
33.315841200063005,37143.0
33.34985899995081,37177.0
33.351872300030664,37179.0
33.353920799912885,37181.0
33.355839299969375,37183.0
33.357836900046095,37185.0
33.35983570013195,37187.0
33.361836900003254,37189.0
33.36383499996737,37191.0
33.36583509994671,37193.0
33.367866300046444,37195.0
33.4018659000285,37229.0
33.40384660009295,37231.0
33.405839800136164,37233.0
33.407843800028786,37235.0
33.40983529994264,37237.0
33.41183599992655,37239.0
33.4138678999152,37241.0
33.41584330005571,37243.0
33.41785120009445,37245.0
33.41984710004181,37247.0
33.454857300035655,37282.0
33.45684240013361,37284.0
33.4588377000764,37286.0
33.46086580003612,37288.0
33.462851100135595,37290.0
33.464850099990144,37292.0
33.46689289994538,37294.0
33.46884010010399,37296.0
33.47083720006049,37298.0
33.472839100053534,37300.0
33.50786460004747,37335.0
33.50984310009517,37337.0
33.51183949992992,37339.0
33.51383770001121,37341.0
33.51583759998903,37343.0
33.5178696999792,37345.0
33.519842399982736,37347.0
33.521845400100574,37349.0
33.52385230013169,37351.0
33.525837199995294,37353.0
33.527836499968544,37355.0
33.56287509994581,37390.0
33.56485359999351,37392.0
33.56694529997185,37394.0
33.56885450007394,37396.0
33.57084960001521,37398.0
33.5728426000569,37400.0
33.57485119998455,37402.0
33.5768389001023,37404.0
33.578839800087735,37406.0
33.582838899921626,37410.0
33.61692150007002,37444.0
33.618853399995714,37446.0
33.62084290012717,37448.0
33.62284779991023,37450.0
33.62684129993431,37453.0
33.62883780011907,37456.0
33.63083719997667,37458.0
33.63285110006109,37460.0
33.63484590011649,37462.0
33.63684800011106,37464.0
33.67089740000665,37498.0
33.67285319999792,37500.0
33.67484310013242,37502.0
33.67683809995651,37504.0
33.67887159995735,37506.0
33.68084200005978,37508.0
33.68283830001019,37510.0
33.68485080008395,37512.0
33.68684200011194,37514.0
33.68885300005786,37516.0
33.722865500021726,37550.0
33.72486550011672,37552.0
33.72684290003963,37554.0
33.72884080000222,37556.0
33.73083840007894,37558.0
33.73283739993349,37560.0
33.734844600083306,37562.0
33.736840300029144,37564.0
33.73884230013937,37566.0
33.74089920008555,37568.0
33.773863499984145,37601.0
33.775843899929896,37603.0
33.777840099995956,37605.0
33.77983819996007,37607.0
33.78183800005354,37609.0
33.7838457999751,37611.0
33.78692189999856,37615.0
33.788851500023156,37616.0
33.79084030003287,37618.0
33.79283990012482,37620.0
33.825864700134844,37653.0
33.827845100080594,37655.0
33.829839600017294,37657.0
33.831838299985975,37659.0
33.833863500040025,37661.0
33.83584069996141,37663.0
33.837853600038216,37665.0
33.839839400025085,37667.0
33.84183820011094,37669.0
33.84383859997615,37671.0
33.84684050013311,37675.0
33.88087709993124,37708.0
33.88284690002911,37710.0
33.884862600127235,37712.0
33.88684029993601,37714.0
33.89084449992515,37716.0
33.89283829997294,37720.0
33.894841900095344,37722.0
33.89685290004127,37724.0
33.89884110004641,37726.0
33.93687490001321,37764.0
33.93886230001226,37766.0
33.94287459994666,37770.0
33.94486459996551,37772.0
33.94687040010467,37774.0
33.948862600140274,37776.0
33.95086230011657,37778.0
33.95286489999853,37780.0
33.954861500067636,37782.0
33.99587190011516,37823.0
33.99786190013401,37825.0
33.99985560006462,37827.0
34.001870600041,37829.0
34.00396850006655,37831.0
34.007899899967015,37833.0
34.009862900013104,37837.0
34.011867499910295,37839.0
34.013863699976355,37841.0
34.05586710013449,37883.0
34.05784930009395,37885.0
34.05984889995307,37887.0
34.06185550009832,37889.0
34.06385300005786,37891.0
34.06694660009816,37895.0
34.06886909995228,37896.0
34.07086790003814,37898.0
34.07286319998093,37900.0
34.07485900004394,37902.0
34.108874999918044,37936.0
34.11085140006617,37938.0
34.11287060007453,37940.0
34.11484559997916,37942.0
34.11688850005157,37944.0
34.11884150002152,37946.0
34.12084079999477,37948.0
34.122840699972585,37950.0
34.12485400005244,37952.0
34.126837900141254,37954.0
34.12886569998227,37956.0
34.16186610003933,37989.0
34.163847899995744,37991.0
34.16586440009996,37993.0
34.16785189998336,37995.0
34.16983969998546,37997.0
34.17184170009568,37999.0
34.17384269996546,38001.0
34.17585660004988,38003.0
34.17784240003675,38005.0
34.17983889998868,38007.0
34.21387530001812,38041.0
34.215848699910566,38043.0
34.21785159991123,38045.0
34.219841700047255,38047.0
34.221875000046566,38049.0
34.22384400013834,38051.0
34.22584330011159,38053.0
34.22784520010464,38055.0
34.229839799925685,38057.0
34.2318400000222,38059.0
34.23384730005637,38061.0
34.26888160011731,38096.0
34.270846999948844,38098.0
34.272845400031656,38100.0
34.274843000108376,38102.0
34.27684139995836,38104.0
34.27883980004117,38106.0
34.28083990002051,38108.0
34.28284360002726,38110.0
34.28486629994586,38112.0
34.28685129992664,38114.0
34.319868799997494,38147.0
34.32184970006347,38149.0
34.3238435999956,38151.0
34.325841600075364,38153.0
34.32783870003186,38155.0
34.32984149991535,38157.0
34.331852700095624,38159.0
34.333844100125134,38161.0
34.335842800093815,38163.0
34.337840399937704,38165.0
34.369864400010556,38197.0
34.37185270013288,38199.0
34.37384289992042,38201.0
34.3758396001067,38203.0
34.37785689998418,38205.0
34.37984100007452,38207.0
34.38183799991384,38209.0
34.383874600054696,38211.0
34.38584910007194,38213.0
34.387856600107625,38215.0
34.38984140008688,38217.0
34.429886600002646,38257.0
34.431857200106606,38259.0
34.43385599995963,38261.0
34.4358610000927,38263.0
34.437873899936676,38265.0
34.4398692001123,38267.0
34.44185129995458,38269.0
34.44385670009069,38271.0
34.44585460005328,38273.0
34.44785090000369,38275.0
34.48987399996258,38317.0
34.49185910006054,38319.0
34.49385849991813,38321.0
34.495847299927846,38323.0
34.49785919999704,38325.0
34.499854899942875,38327.0
34.50187160004862,38329.0
34.503931700019166,38331.0
34.506862400099635,38335.0
34.50885779992677,38336.0
34.54886829992756,38376.0
34.55086800013669,38378.0
34.552871899912134,38380.0
34.55487639992498,38382.0
34.55687050009146,38384.0
34.55986030003987,38387.0
34.561857300112024,38389.0
34.56386370002292,38391.0
34.56585659994744,38393.0
34.567857200047,38395.0
34.599865100113675,38427.0
34.60185869992711,38429.0
34.60392410005443,38431.0
34.60685080010444,38435.0
34.60989210009575,38437.0
34.611868100007996,38439.0
34.61384709994309,38441.0
34.61584180011414,38443.0
34.617861200124025,38445.0
34.61984940012917,38447.0
34.651874700095505,38479.0
34.6538514001295,38481.0
34.65586810000241,38483.0
34.657844699919224,38485.0
34.659841400105506,38487.0
34.661866900045425,38489.0
34.66383920004591,38491.0
34.66684400010854,38495.0
34.66888569993898,38496.0
34.670879899989814,38498.0
34.70288320002146,38530.0
34.70485690003261,38532.0
34.706846199929714,38535.0
34.708841799991205,38536.0
34.710839400067925,38538.0
34.712838100036606,38540.0
34.714840099914,38543.0
34.71686840010807,38544.0
34.71888109995052,38546.0
34.72085879999213,38548.0
34.72284419997595,38550.0
34.75686850002967,38584.0
34.758847299963236,38586.0
34.76084140012972,38588.0
34.76284019998275,38590.0
34.76487020007335,38592.0
34.76693970011547,38595.0
34.768860399955884,38596.0
34.7708509999793,38598.0
34.77284110011533,38600.0
34.77485350007191,38602.0
34.80789000005461,38635.0
34.809851499972865,38637.0
34.811861200025305,38639.0
34.81386679993011,38641.0
34.81584129994735,38643.0
34.817895899992436,38645.0
34.81985280010849,38647.0
34.821846100036055,38649.0
34.82384019996971,38651.0
34.825840200064704,38653.0
34.860864700051025,38688.0
34.862845700001344,38690.0
34.86484319996089,38692.0
34.86686470010318,38695.0
34.868861800059676,38696.0
34.87084440002218,38698.0
34.87284590001218,38700.0
34.87485360004939,38702.0
34.876842400059104,38704.0
34.878840500023216,38706.0
34.91387760010548,38741.0
34.91585440002382,38743.0
34.91788200009614,38745.0
34.919855599990115,38747.0
34.92185720009729,38749.0
34.923844600096345,38751.0
34.92584150005132,38753.0
34.92784129991196,38755.0
34.929845799924806,38757.0
34.93185840011574,38759.0
34.93384820013307,38761.0
34.96788050001487,38795.0
34.969850100111216,38797.0
34.97184749995358,38799.0
34.973842200124636,38801.0
34.97583950008266,38803.0
34.97784020006657,38805.0
34.97983990004286,38807.0
34.981849499978125,38809.0
34.983874999918044,38811.0
34.98698280006647,38815.0
35.02889210009016,38856.0
35.030869000125676,38858.0
35.0328611000441,38860.0
35.03486969997175,38862.0
35.03686340013519,38864.0
35.03886099997908,38866.0
35.04086509998888,38868.0
35.04285870003514,38870.0
35.04487069998868,38872.0
35.04685929999687,38874.0
35.09289379999973,38920.0
35.09487559995614,38922.0
35.09687230014242,38924.0
35.09900430007838,38926.0
35.100875600008294,38928.0
35.10286789992824,38930.0
35.10486919991672,38932.0
35.106874299934134,38934.0
35.10887530003674,38936.0
35.11087720002979,38938.0
35.15287599992007,38980.0
35.154877400025725,38982.0
35.156866299919784,38984.0
35.158849500119686,38986.0
35.16084549995139,38988.0
35.162843300029635,38990.0
35.164841999998316,38992.0
35.166860500117764,38994.0
35.168878900120035,38996.0
35.17086539999582,38998.0
35.17284739995375,39000.0
35.20686500007287,39034.0
35.208889400120825,39036.0
35.2108956000302,39038.0
35.21288920007646,39040.0
35.214850099990144,39042.0
35.21691600000486,39044.0
35.218856800114736,39046.0
35.220853599952534,39048.0
35.22287639998831,39050.0
35.224894100101665,39052.0
35.25886980001815,39086.0
35.26085010007955,39088.0
35.2628753001336,39090.0
35.26486110012047,39092.0
35.26688380003907,39095.0
35.2688617000822,39096.0
35.270852599991485,39098.0
35.27284560003318,39100.0
35.27484420011751,39102.0
35.276841999962926,39104.0
35.27887360006571,39106.0
35.31287209992297,39140.0
35.31484910007566,39142.0
35.316881200065836,39144.0
35.31885890010744,39146.0
35.322861100081354,39150.0
35.324874999932945,39152.0
35.32684680004604,39155.0
35.32884500012733,39156.0
35.33084350009449,39158.0
35.36487019993365,39192.0
35.36687229992822,39195.0
35.3688620000612,39196.0
35.37086519994773,39198.0
35.372846300015226,39200.0
35.374844500096515,39202.0
35.3768446999602,39204.0
35.37884299992584,39206.0
35.38084220001474,39208.0
35.382840800099075,39210.0
35.41697510005906,39244.0
35.41886560013518,39246.0
35.42085870006122,39248.0
35.42284739995375,39250.0
35.424844400025904,39252.0
35.42684500012547,39254.0
35.42884219996631,39256.0
35.430841099936515,39258.0
35.43289520009421,39260.0
35.43485240009613,39262.0
35.468880200060084,39296.0
35.47085690009408,39298.0
35.47284539998509,39300.0
35.47484420007095,39302.0
35.47684230003506,39304.0
35.478855200111866,39306.0
35.480856199981645,39308.0
35.48284670012072,39310.0
35.4848454000894,39312.0
35.486862200079486,39314.0
35.48884649993852,39316.0
35.523873100057244,39351.0
35.52587609994225,39353.0
35.52785099996254,39355.0
35.529847000027075,39357.0
35.531847700010985,39359.0
35.53385389992036,39361.0
35.535853900015354,39363.0
35.537876199930906,39365.0
35.539901399984956,39367.0
35.54185859998688,39369.0
35.54384670010768,39371.0
35.578880300046876,39406.0
35.580859899986535,39408.0
35.5828531999141,39410.0
35.58486220007762,39412.0
35.586877200054005,39414.0
35.588849999941885,39416.0
35.590846200007945,39418.0
35.59284309996292,39420.0
35.59484410006553,39422.0
35.5968432999216,39424.0
35.59884320013225,39426.0
35.632873600116,39460.0
35.63486610003747,39462.0
35.63684970000759,39464.0
35.638853300129995,39466.0
35.64084820006974,39468.0
35.64284430001862,39470.0
35.64484290010296,39472.0
35.64684389997274,39475.0
35.64884310006164,39476.0
35.650881400099024,39478.0
35.69288480002433,39520.0
35.69486639997922,39522.0
35.696874500019476,39524.0
35.69886100012809,39526.0
35.700874800095335,39528.0
35.70286069996655,39530.0
35.70487160002813,39532.0
35.7068640999496,39534.0
35.70886170002632,39536.0
35.71086580003612,39538.0
35.71288220002316,39540.0
35.754881100030616,39582.0
35.756868000142276,39584.0
35.7598747999873,39587.0
35.76187800010666,39589.0
35.7638830000069,39591.0
35.76694489992224,39595.0
35.76887460006401,39596.0
35.77086860011332,39598.0
35.77288890001364,39600.0
35.817894000094384,39645.0
35.81986290006898,39647.0
35.82185670011677,39649.0
35.82384730014019,39651.0
35.82584669999778,39653.0
35.82784770010039,39655.0
35.8298440000508,39657.0
35.83184260013513,39659.0
35.833847699919716,39661.0
35.8358696999494,39663.0
35.86886920011602,39696.0
35.87086130003445,39698.0
35.87285090005025,39700.0
35.87484690011479,39702.0
35.87684640008956,39704.0
35.87884339992888,39706.0
35.88084240001626,39708.0
35.88286720006727,39711.0
35.88486350001767,39712.0
35.88685219991021,39714.0
35.88884450006299,39716.0
35.929893699940294,39757.0
35.93186610005796,39759.0
35.9338851000648,39761.0
35.935857200063765,39763.0
35.937868600012735,39765.0
35.93986640009098,39767.0
35.94186310004443,39769.0
35.94385339994915,39771.0
35.94586679991335,39773.0
35.94785200012848,39775.0
35.988883699988946,39816.0
35.990890600020066,39818.0
35.99287270009518,39820.0
35.994869800051674,39822.0
35.99687530007213,39824.0
35.998873699922115,39826.0
36.00087570003234,39828.0
36.00287210009992,39830.0
36.00487460009754,39832.0
36.0068701999262,39835.0
36.00886230007745,39836.0
36.04887689999305,39876.0
36.05088769993745,39878.0
36.05287929996848,39880.0
36.054869800107554,39882.0
36.056874400004745,39884.0
36.05887160007842,39886.0
36.060870700050145,39888.0
36.06286470009945,39890.0
36.064852100098506,39892.0
36.06686390005052,39894.0
36.06888370006345,39896.0
36.100891300011426,39928.0
36.102854900062084,39930.0
36.10485620005056,39932.0
36.10685160011053,39934.0
36.1088463999331,39936.0
36.11084310011938,39938.0
36.112843099981546,39940.0
36.11487439996563,39942.0
36.116871299920604,39944.0
36.118857899913564,39946.0
36.151871900074184,39979.0
36.153856500051916,39981.0
36.15584890008904,39983.0
36.157846899935976,39985.0
36.15984530001879,39987.0
36.16187319997698,39989.0
36.163849600125104,39991.0
36.16584450006485,39993.0
36.16785550001077,39995.0
36.16985239996575,39997.0
36.171845000004396,39999.0
36.20488140010275,40032.0
36.207865700125694,40035.0
36.20986089995131,40037.0
36.21185000007972,40039.0
36.213845500024036,40041.0
36.21584470011294,40043.0
36.21785130002536,40045.0
36.219844199949875,40047.0
36.22185229999013,40049.0
36.22384440014139,40051.0
36.26488379994407,40092.0
36.26690819999203,40095.0
36.268868800019845,40096.0
36.27387459995225,40099.0
36.27587440004572,40103.0
36.27786540007219,40105.0
36.27987110009417,40107.0
36.28187320008874,40109.0
36.28386859991588,40111.0
36.32587990001775,40153.0
36.327864800114185,40155.0
36.3298533000052,40157.0
36.33186540007591,40159.0
36.334885500138626,40162.0
36.33686659997329,40164.0
36.33887879992835,40166.0
36.34088749997318,40168.0
36.34287020005286,40170.0
36.34486650000326,40172.0
36.387882499955595,40215.0
36.3898698000703,40217.0
36.391865000128746,40219.0
36.3938617000822,40221.0
36.39586140005849,40223.0
36.39785440010019,40225.0
36.39984590001404,40227.0
36.40186639991589,40229.0
36.403859599959105,40231.0
36.40685259993188,40235.0
36.43987719994038,40267.0
36.4418588001281,40269.0
36.443854599958286,40271.0
36.44684710004367,40275.0
36.44884550012648,40276.0
36.45089969993569,40278.0
36.45284939999692,40280.0
36.4548480999656,40282.0
36.45686640008353,40284.0
36.458848600042984,40286.0
36.49888540012762,40326.0
36.50087910005823,40328.0
36.502903500106186,40330.0
36.50486940005794,40332.0
36.50687550008297,40334.0
36.508869000012055,40336.0
36.510859000030905,40338.0
36.512878299923614,40340.0
36.51486529991962,40342.0
36.51688380003907,40344.0
36.55787479993887,40385.0
36.55986970011145,40387.0
36.561867699958384,40389.0
36.56387239997275,40391.0
36.56588190002367,40393.0
36.56787899998017,40395.0
36.5698709001299,40397.0
36.57187830004841,40399.0
36.573869599960744,40401.0
36.57588339992799,40403.0
36.57788090012036,40405.0
36.622882100054994,40450.0
36.62486160011031,40452.0
36.62690209993161,40454.0
36.62887130002491,40456.0
36.63086439995095,40458.0
36.63288039993495,40460.0
36.63487339997664,40462.0
36.63686690013856,40464.0
36.638864499982446,40466.0
36.64086599997245,40468.0
36.67288530012593,40500.0
36.674853400094435,40502.0
36.676848999923095,40504.0
36.67884810012765,40506.0
36.68084520008415,40508.0
36.6828467999585,40510.0
36.684849800076336,40512.0
36.68684650002979,40514.0
36.68888009991497,40516.0
36.690857199952006,40518.0
36.722872300073504,40550.0
36.7248553999234,40552.0
36.72685600002296,40554.0
36.728848200058565,40556.0
36.73084739991464,40558.0
36.73284550011158,40560.0
36.73488110001199,40562.0
36.73786100000143,40566.0
36.73984900000505,40567.0
36.74284690013155,40570.0
36.77687210007571,40604.0
36.77885240013711,40606.0
36.780851599993184,40608.0
36.782862999942154,40610.0
36.78485810011625,40612.0
36.7868574000895,40614.0
36.788850100012496,40616.0
36.79084779997356,40618.0
36.79285480012186,40620.0
36.79484679992311,40623.0
36.839884400134906,40667.0
36.8418704001233,40669.0
36.84390340000391,40671.0
36.84789460012689,40675.0
36.849883900024,40677.0
36.851866899989545,40679.0
36.85392750008032,40681.0
36.85586150013842,40684.0
36.857862800126895,40685.0
36.90089900000021,40728.0
36.90286960010417,40730.0
36.90487130009569,40732.0
36.90688950009644,40735.0
36.908863299991935,40736.0
36.910864300094545,40738.0
36.912875100038946,40740.0
36.91488100006245,40742.0
36.9168940000236,40744.0
36.91887059994042,40746.0
36.92086600000039,40748.0
36.96388110006228,40791.0
36.96789690013975,40795.0
36.96986520010978,40797.0
36.97185939992778,40799.0
36.973849799949676,40801.0
36.975847699912265,40804.0
36.977848400129005,40806.0
36.979847399983555,40807.0
36.981846400070935,40809.0
37.01488479995169,40842.0
37.01688170013949,40844.0
37.01886279997416,40846.0
37.02085809991695,40848.0
37.02284920006059,40850.0
37.024849199922755,40852.0
37.026847700122744,40854.0
37.02885130001232,40856.0
37.030861699953675,40858.0
37.03284989995882,40860.0
37.03485419997014,40862.0
37.06887409999035,40896.0
37.070860099978745,40898.0
37.07285310002044,40900.0
37.074851599987596,40902.0
37.07686510006897,40904.0
37.07887480012141,40906.0
37.08085240004584,40908.0
37.08285010000691,40910.0
37.08485250012018,40912.0
37.08686939999461,40915.0
37.12087709992193,40948.0
37.12286869995296,40950.0
37.124859400093555,40952.0
37.126855300040916,40954.0
37.128856100142,40956.0
37.130851400084794,40958.0
37.132848700042814,40960.0
37.1348937000148,40962.0
37.1368855999317,40964.0
37.138875199947506,40966.0
37.18088579992764,41008.0
37.182874500053,41010.0
37.184875400038436,41012.0
37.18687089998275,41014.0
37.188869500067085,41016.0
37.19086920004338,41018.0
37.19286730000749,41020.0
37.19487000000663,41022.0
37.19687530002557,41024.0
37.19888220005669,41026.0
37.24089620006271,41068.0
37.24287039996125,41070.0
37.24490900011733,41072.0
37.2468737999443,41074.0
37.24887240002863,41076.0
37.25088190007955,41078.0
37.25286910007708,41080.0
37.254871000070125,41082.0
37.256869399920106,41084.0
37.258866999996826,41086.0
37.308892000000924,41136.0
37.3108580999542,41138.0
37.312852800125256,41140.0
37.31487470003776,41142.0
37.317020300077274,41144.0
37.31887420010753,41146.0
37.320881800027564,41148.0
37.322909499984235,41150.0
37.32490270002745,41152.0
37.326892599929124,41155.0
37.36489990004338,41190.0
37.36691080010496,41194.0
37.368880999973044,41196.0
37.37086850008927,41198.0
37.37285299994983,41200.0
37.3748502000235,41202.0
37.376853599911556,41204.0
37.37885050009936,41206.0
37.38084900006652,41208.0
37.414896900067106,41242.0
37.41691090003587,41244.0
37.41886460012756,41246.0
37.422862499952316,41250.0
37.424850299954414,41252.0
37.426880500046536,41254.0
37.428851699922234,41256.0
37.43089110008441,41258.0
37.432862600078806,41260.0
37.43486599996686,41262.0
37.46887520002201,41296.0
37.47086000000127,41298.0
37.472850600024685,41300.0
37.47486039996147,41302.0
37.47687659994699,41304.0
37.47905500000343,41306.0
37.48085410008207,41308.0
37.4828502999153,41310.0
37.48485459992662,41312.0
37.486871199915186,41314.0
37.48887090012431,41316.0
37.522879499942064,41350.0
37.524866699939594,41352.0
37.527855300111696,41355.0
37.529851499944925,41357.0
37.531851100036874,41359.0
37.53385820006952,41361.0
37.53586790012196,41364.0
37.53785650013015,41365.0
37.53985569998622,41367.0
37.54184979991987,41369.0
37.5849091000855,41412.0
37.5868731001392,41415.0
37.588870000094175,41416.0
37.590870399959385,41418.0
37.592867699917406,41420.0
37.594878799980506,41422.0
37.596866599982604,41424.0
37.59886820008978,41426.0
37.600877800025046,41428.0
37.602982100099325,41430.0
37.6448808000423,41472.0
37.64789010002278,41475.0
37.649883799953386,41477.0
37.65187370008789,41479.0
37.65391550003551,41481.0
37.65586810000241,41484.0
37.65786710008979,41485.0
37.65986629994586,41487.0
37.66190590010956,41489.0
37.663873200071976,41491.0
37.70689300005324,41535.0
37.70888280007057,41536.0
37.7118702000007,41539.0
37.71385730011389,41541.0
37.71585189993493,41544.0
37.71785939997062,41545.0
37.71984890010208,41547.0
37.72185209998861,41549.0
37.723851799964905,41551.0
37.758873499929905,41586.0
37.76085630012676,41588.0
37.762852899963036,41590.0
37.7648509000428,41592.0
37.76686269999482,41594.0
37.76886720000766,41596.0
37.77087670005858,41598.0
37.77285520010628,41600.0
37.77485030004755,41602.0
37.77685120003298,41604.0
37.81088980007917,41638.0
37.81286050006747,41640.0
37.81485430011526,41642.0
37.81691910000518,41644.0
37.81886240001768,41646.0
37.820859800092876,41648.0
37.82285140012391,41650.0
37.824850199976936,41652.0
37.8278491999954,41655.0
37.829850299982354,41657.0
37.862894700141624,41690.0
37.864865800132975,41692.0
37.86690260004252,41694.0
37.86987040005624,41697.0
37.87186329998076,41699.0
37.8738633999601,41701.0
37.8758608000353,41704.0
37.87789610004984,41705.0
37.879878300009295,41708.0
37.88186020008288,41709.0
37.915881199995056,41744.0
37.91786910011433,41745.0
37.92186000011861,41749.0
37.92385690007359,41751.0
37.92786419996992,41755.0
37.92985310009681,41757.0
37.9318524999544,41759.0
37.93385459994897,41761.0
37.96788670006208,41795.0
37.96985749993473,41797.0
37.97187540004961,41799.0
37.97385530010797,41802.0
37.97685179999098,41805.0
37.978850699961185,41806.0
37.980851399945095,41808.0
37.98285000002943,41810.0
37.98487029992975,41812.0
38.0168902000878,41844.0
38.01887880009599,41846.0
38.02086520008743,41848.0
38.02285460010171,41850.0
38.02485239994712,41852.0
38.02785159996711,41855.0
38.02985029993579,41857.0
38.031883700052276,41859.0
38.03387830010615,41861.0
38.036049500107765,41864.0
38.07688149996102,41904.0
38.07887770002708,41906.0
38.08087730011903,41908.0
38.0828835000284,41910.0
38.08487750007771,41912.0
38.08688840013929,41915.0
38.088869699975476,41916.0
38.09087290009484,41919.0
38.09286600002088,41920.0
38.09487950010225,41922.0
38.0968788000755,41924.0
38.13889180007391,41966.0
38.14086250006221,41968.0
38.14286949997768,41970.0
38.144871999975294,41972.0
38.14685919997282,41974.0
38.148870300035924,41976.0
38.15087589994073,41978.0
38.15286980010569,41980.0
38.15487840003334,41983.0
38.156878700014204,41985.0
38.1998819001019,42027.0
38.20188520010561,42029.0
38.20393930003047,42031.0
38.20586939994246,42033.0
38.207855799933895,42035.0
38.209855100139976,42037.0
38.21185340010561,42039.0
38.21386740007438,42041.0
38.215851000044495,42043.0
38.21889239992015,42046.0
38.25288260006346,42080.0
38.25486749992706,42083.0
38.25685549993068,42084.0
38.258854400133714,42086.0
38.26085159997456,42088.0
38.26285129995085,42090.0
38.264855300076306,42093.0
38.266876300098374,42094.0
38.26886900002137,42096.0
38.27085610013455,42098.0
38.30387690011412,42131.0
38.307878700084984,42135.0
38.30985369998962,42137.0
38.311856399988756,42139.0
38.31387439998798,42141.0
38.31585410004482,42143.0
38.317860200069845,42145.0
38.31985060009174,42147.0
38.32186400005594,42149.0
38.35387820005417,42181.0
38.35585850011557,42184.0
38.35886389994994,42186.0
38.360872599994764,42188.0
38.3628545999527,42190.0
38.36688240012154,42194.0
38.36885460000485,42196.0
38.37105630012229,42198.0
38.37285970011726,42200.0
38.407899300102144,42235.0
38.409864499932155,42237.0
38.41187439998612,42239.0
38.41389190009795,42241.0
38.41587430005893,42243.0
38.417901600012556,42245.0
38.419875600142404,42247.0
38.42186510004103,42249.0
38.423871299950406,42251.0
38.46088319993578,42289.0
38.46286830003373,42290.0
38.46485530002974,42292.0
38.46688949991949,42294.0
38.468895399942994,42296.0
38.47088130004704,42298.0
38.47288120002486,42300.0
38.47486190008931,42302.0
38.476857600035146,42304.0
38.478866999968886,42306.0
38.519895300036296,42343.0
38.52588020008989,42351.0
38.52788730012253,42355.0
38.52987690013833,42357.0
38.53186920005828,42359.0
38.53387279994786,42361.0
38.5728964000009,42401.0
38.57488620001823,42402.0
38.57687809993513,42404.0
38.57887959992513,42406.0
38.58087330008857,42408.0
38.58288190001622,42411.0
38.584879900095984,42412.0
38.587874700082466,42415.0
38.5898826001212,42417.0
38.592877600109205,42421.0
38.638923400081694,42467.0
38.64089099992998,42468.0
38.64290370000526,42470.0
38.644917299970984,42472.0
38.64689270011149,42474.0
38.64889060007408,42476.0
38.650900800013915,42478.0
38.652898699976504,42480.0
38.65489719994366,42482.0
38.656898899935186,42484.0
38.70290750009008,42531.0
38.70490689994767,42532.0
38.707891300087795,42535.0
38.709890600061044,42537.0
38.71388850011863,42541.0
38.71589650004171,42544.0
38.71787689998746,42546.0
38.721878099953756,42549.0
38.763899700017646,42591.0
38.76587769994512,42593.0
38.76789020001888,42595.0
38.76987980003469,42598.0
38.771877699997276,42599.0
38.77387299994007,42602.0
38.775875200051814,42604.0
38.77788670011796,42605.0
38.77997969998978,42607.0
38.781877000117674,42609.0
38.81588070001453,42644.0
38.81787599995732,42645.0
38.81989079993218,42647.0
38.82187770004384,42649.0
38.823884200071916,42651.0
38.8278773999773,42655.0
38.829861500067636,42657.0
38.831871800124645,42659.0
38.83387460000813,42661.0
38.83588679996319,42664.0
38.8718874999322,42700.0
38.874879400013015,42703.0
38.87688080011867,42704.0
38.87887759995647,42706.0
38.880876699928194,42708.0
38.88286860007793,42711.0
38.885877599939704,42713.0
38.88787390012294,42715.0
38.889870800077915,42717.0
38.89186600013636,42719.0
38.93089519999921,42758.0
38.932872199919075,42760.0
38.93487809994258,42763.0
38.936869400087744,42764.0
38.938868900062516,42766.0
38.940868499921635,42768.0
38.94286260008812,42770.0
38.94487200002186,42773.0
38.94785590004176,42775.0
38.949881199980155,42778.0
38.9848803000059,42812.0
38.987865099916235,42815.0
38.98985829995945,42817.0
38.99185590003617,42819.0
38.993863800074905,42821.0
38.99585280008614,42824.0
38.99787029996514,42825.0
38.99985880008899,42827.0
39.001883500022814,42829.0
39.00387100013904,42831.0
39.03788230009377,42865.0
39.039865399943665,42867.0
39.04185550007969,42870.0
39.043888200074434,42871.0
39.045859300065786,42873.0
39.047855800017715,42875.0
39.04985389998183,42877.0
39.05187160009518,42879.0
39.053855299949646,42881.0
39.055856300052255,42884.0
39.089885300025344,42917.0
39.09186420007609,42920.0
39.09386250004172,42921.0
39.095873000100255,42923.0
39.097857099957764,42925.0
39.099876899970695,42927.0
39.101869200123474,42930.0
39.103864799952134,42931.0
39.10588279995136,42933.0
39.10987400007434,42936.0
39.14488060004078,42972.0
39.14686150010675,42974.0
39.14886200008914,42976.0
39.15094320010394,42978.0
39.15286709996872,42981.0
39.15488520008512,42982.0
39.15686380001716,42984.0
39.15886069997214,42986.0
39.162860800046474,42990.0
39.164885099977255,42992.0
39.19989280006848,43027.0
39.20186899998225,43029.0
39.203863899922,43031.0
39.20786379999481,43035.0
39.209855400025845,43037.0
39.21185570000671,43039.0
39.21386869996786,43042.0
39.21585600008257,43043.0
39.21786749991588,43045.0
39.25188590004109,43080.0
39.25386240007356,43081.0
39.25586070003919,43084.0
39.25785650010221,43085.0
39.25988609995693,43087.0
39.26186800003052,43090.0
39.26385789993219,43091.0
39.2658585999161,43093.0
39.26785730011761,43095.0
39.26987550011836,43097.0
39.271856599953026,43100.0
39.30589270009659,43134.0
39.307866299990565,43135.0
39.309857400134206,43138.0
39.31185619998723,43139.0
39.31385640008375,43141.0
39.31585479993373,43143.0
39.31787530006841,43145.0
39.31986379995942,43148.0
39.32187599991448,43149.0
39.32385820010677,43151.0
39.357882499927655,43185.0
39.3598750999663,43187.0
39.36185889993794,43189.0
39.363857600139454,43191.0
39.36585530010052,43193.0
39.36788109992631,43195.0
39.369870899943635,43198.0
39.37186269997619,43199.0
39.37385640013963,43201.0
39.37585370009765,43203.0
39.41087969997898,43238.0
39.41286009992473,43241.0
39.41488500009291,43242.0
39.416912500048056,43244.0
39.41886430000886,43247.0
39.42086430010386,43248.0
39.42385750007816,43252.0
39.42585780005902,43253.0
39.42785410000943,43255.0
39.429889699909836,43257.0
39.46488590002991,43293.0
39.46692880010232,43294.0
39.46986369998194,43298.0
39.47186199994758,43299.0
39.473855500109494,43301.0
39.47590250009671,43303.0
39.47786849993281,43305.0
39.47985940007493,43308.0
39.48185410001315,43309.0
39.48389029991813,43311.0
39.51988360006362,43347.0
39.52187680010684,43349.0
39.52386129996739,43351.0
39.52786500006914,43355.0
39.5308570000343,43358.0
39.53285630000755,43360.0
39.53485840000212,43362.0
39.536873900098726,43365.0
39.53888160013594,43366.0
