Ê±¼ä´Á,uwTick
0.0016380001325160265,2395895.0
0.0036307000555098057,2395897.0
0.005621900083497167,2395899.0
0.007631500018760562,2395901.0
0.009651100030168891,2395903.0
0.013623400125652552,2395905.0
0.019627900095656514,2395913.0
0.021630600094795227,2395915.0
0.02562890015542507,2395919.0
0.027630100026726723,2395921.0
0.029619800159707665,2395923.0
0.031618700129911304,2395925.0
0.0336283000651747,2395927.0
0.03562520002014935,2395929.0
0.03762520011514425,2395931.0
0.039619200164452195,2395933.0
0.04162849998101592,2395935.0
0.04562960006296635,2395937.0
0.06363740004599094,2395958.0
0.06562340003438294,2395959.0
0.06761450017802417,2395961.0
0.06962630013003945,2395963.0
0.07162170019000769,2395965.0
0.07361950003542006,2395967.0
0.07662130007520318,2395970.0
0.07861550012603402,2395972.0
0.08061860012821853,2395974.0
0.08262930018827319,2395976.0
0.10163730010390282,2395995.0
0.10362260020337999,2395997.0
0.10562270018272102,2395999.0
0.10862920014187694,2396002.0
0.11062260018661618,2396004.0
0.11462660017423332,2396008.0
0.11662010010331869,2396010.0
0.11862200009636581,2396012.0
0.12063450017012656,2396014.0
0.16463600005954504,2396058.0
0.16663200012408197,2396060.0
0.16862250003032386,2396062.0
0.17062830016948283,2396064.0
0.1726271000225097,2396066.0
0.1746292000170797,2396068.0
0.17662100004963577,2396070.0
0.17862040014006197,2396072.0
0.18062100000679493,2396074.0
0.1826311000622809,2396076.0
0.18462199997156858,2396078.0
0.2126415001694113,2396106.0
0.2146368999965489,2396108.0
0.21662890003062785,2396110.0
0.21863929997198284,2396112.0
0.22062920010648668,2396114.0
0.22362640011124313,2396118.0
0.22562739998102188,2396119.0
0.2276304999832064,2396121.0
0.24963520001620054,2396143.0
0.25163670000620186,2396145.0
0.2536309000570327,2396147.0
0.2566639999859035,2396150.0
0.2586656999774277,2396152.0
0.2606419001240283,2396154.0
0.26364130014553666,2396157.0
0.2656597001478076,2396159.0
0.26767250010743737,2396161.0
0.30966540006920695,2396203.0
0.3116476000286639,2396205.0
0.3136460001114756,2396207.0
0.31564030004665256,2396209.0
0.3176424000412226,2396211.0
0.3196607001591474,2396213.0
0.32165340008214116,2396215.0
0.3236364000476897,2396218.0
0.3256353000178933,2396219.0
0.3276599000673741,2396221.0
0.32963740010745823,2396223.0
0.35565760009922087,2396249.0
0.35764190019108355,2396251.0
0.3596386001445353,2396253.0
0.36163350008428097,2396255.0
0.3636331001762301,2396257.0
0.365635700058192,2396259.0
0.3676454999949783,2396261.0
0.37164240004494786,2396265.0
0.3736405000090599,2396267.0
0.37563410005532205,2396269.0
0.4116746000945568,2396305.0
0.4136646001134068,2396307.0
0.4156488999724388,2396309.0
0.4176521000918001,2396311.0
0.4196513001807034,2396313.0
0.42167050018906593,2396315.0
0.42363950004801154,2396318.0
0.42563870013691485,2396319.0
0.4276948000770062,2396321.0
0.4296401001047343,2396323.0
0.4316843000706285,2396325.0
0.4696605000644922,2396363.0
0.4716706001199782,2396365.0
0.4756618000101298,2396369.0
0.4776421000715345,2396371.0
0.4796496999915689,2396373.0
0.4816370001062751,2396375.0
0.4836693999823183,2396377.0
0.4856613001320511,2396379.0
0.48764439998194575,2396381.0
0.4897120001260191,2396383.0
0.535676300060004,2396429.0
0.5376718000043184,2396431.0
0.5396597001235932,2396433.0
0.541658200090751,2396435.0
0.5436478999909014,2396437.0
0.5456448001787066,2396439.0
0.5476500000804663,2396441.0
0.5496678000781685,2396443.0
0.5516576999798417,2396445.0
0.5536517000291497,2396447.0
0.5796537999995053,2396473.0
0.581639900105074,2396475.0
0.5836468001361936,2396478.0
0.5856395000591874,2396479.0
0.5876513000112027,2396481.0
0.5896473000757396,2396483.0
0.5916381001006812,2396485.0
0.5936340000480413,2396487.0
0.5956348001491278,2396489.0
0.597681000130251,2396491.0
0.625666500069201,2396519.0
0.6276438999921083,2396521.0
0.6296779001131654,2396523.0
0.6316462000831962,2396525.0
0.6356403001118451,2396529.0
0.6376585999969393,2396531.0
0.6416451002005488,2396535.0
0.6436421000398695,2396537.0
0.6716718000825495,2396565.0
0.6736416001804173,2396567.0
0.6756513000000268,2396569.0
0.6776488001924008,2396571.0
0.6796368001960218,2396573.0
0.6816349001601338,2396575.0
0.6836333000101149,2396577.0
0.685630900086835,2396579.0
0.6876456001773477,2396581.0
0.6896506000775844,2396583.0
0.6926584001630545,2396586.0
0.7206602999940515,2396614.0
0.7236641000490636,2396617.0
0.7256457000039518,2396619.0
0.727653400041163,2396621.0
0.7296357001177967,2396623.0
0.7316843001171947,2396625.0
0.7336349000688642,2396627.0
0.7356386000756174,2396629.0
0.7376576000824571,2396631.0
0.7397490001749247,2396633.0
0.7706788000650704,2396664.0
0.7726483000442386,2396666.0
0.77464530011639,2396668.0
0.7766386000439525,2396670.0
0.7796342000365257,2396673.0
0.7816341000143439,2396675.0
0.7836370000150055,2396678.0
0.785660200053826,2396679.0
0.7876825002022088,2396681.0
0.7906788000836968,2396684.0
0.8276600001845509,2396721.0
0.8296447000466287,2396723.0
0.8316628001630306,2396725.0
0.8336525000631809,2396727.0
0.8356435999739915,2396729.0
0.8376428000628948,2396731.0
0.8396334000863135,2396733.0
0.8416367000900209,2396735.0
0.843634300166741,2396737.0
0.8466601001564413,2396740.0
0.8816711001563817,2396775.0
0.8836402001325041,2396777.0
0.8856369000859559,2396779.0
0.8876432999968529,2396781.0
0.8896360001526773,2396783.0
0.891658800188452,2396785.0
0.8936546000186354,2396787.0
0.8956456000450999,2396789.0
0.8976438001263887,2396791.0
0.8996366001665592,2396793.0
0.9016483000013977,2396795.0
0.9366715000942349,2396830.0
0.9386728000827134,2396832.0
0.9406642999965698,2396834.0
0.943657300202176,2396838.0
0.9456407001707703,2396839.0
0.9476533001288772,2396841.0
0.9496551000047475,2396843.0
0.9516671001911163,2396845.0
0.9537020002026111,2396847.0
0.9556662000250071,2396849.0
0.9926624000072479,2396886.0
0.9946540000382811,2396888.0
0.9986533001065254,2396892.0
1.0006532000843436,2396894.0
1.002662800019607,2396896.0
1.0046571001876146,2396898.0
1.0076451001223177,2396902.0
1.0096702000591904,2396903.0
1.0116473000962287,2396905.0
1.0456634000875056,2396939.0
1.0476524999830872,2396941.0
1.0496497000567615,2396943.0
1.0516451001167297,2396945.0
1.0536645001266152,2396947.0
1.055663200095296,2396949.0
1.0576403001323342,2396951.0
1.0596392001025379,2396953.0
1.0616631000302732,2396955.0
1.0646566001232713,2396958.0
1.1006834001746029,2396994.0
1.1036931001581252,2396998.0
1.1056706001982093,2396999.0
1.1077817000914365,2397001.0
1.1096413000486791,2397003.0
1.1136506001930684,2397005.0
1.1156341000460088,2397009.0
1.1176349001470953,2397011.0
1.1196340001188219,2397013.0
1.156665900023654,2397050.0
1.1586506001185626,2397052.0
1.1606393000110984,2397054.0
1.1636455000843853,2397057.0
1.165633900091052,2397059.0
1.1676321001723409,2397061.0
1.1696755001321435,2397063.0
1.171662800014019,2397065.0
1.1736509001348168,2397067.0
1.1756679001264274,2397069.0
1.2116559999994934,2397105.0
1.2136399999726564,2397107.0
1.2156537000555545,2397109.0
1.2176443000789732,2397111.0
1.219648899976164,2397113.0
1.2216725000180304,2397115.0
1.2236511001829058,2397118.0
1.2256581999827176,2397119.0
1.2276548000518233,2397122.0
1.2296667001210153,2397123.0
1.2896553000900894,2397183.0
1.2916668001562357,2397185.0
1.293644100194797,2397187.0
1.295642000157386,2397189.0
1.2976467001717538,2397191.0
1.2996569001115859,2397193.0
1.3016637000255287,2397195.0
1.3036468999926,2397198.0
1.3056608000770211,2397199.0
1.3076612001750618,2397201.0
1.3396595001686364,2397233.0
1.3416497001890093,2397235.0
1.3436555000953376,2397238.0
1.3456474000122398,2397239.0
1.3486401999834925,2397242.0
1.3506351001560688,2397244.0
1.3526416001841426,2397246.0
1.3546494001057,2397248.0
1.3566691000014544,2397250.0
1.3586373999714851,2397252.0
1.390663200058043,2397284.0
1.3926497001666576,2397286.0
1.3946438999846578,2397288.0
1.398649499984458,2397292.0
1.4006637001875788,2397294.0
1.4026605000253767,2397296.0
1.404667700175196,2397298.0
1.4086617000866681,2397302.0
1.410653700120747,2397304.0
1.443673700094223,2397338.0
1.445663900114596,2397339.0
1.44767010002397,2397341.0
1.449659900041297,2397343.0
1.4516571001149714,2397345.0
1.4536563002038747,2397347.0
1.4556611999869347,2397349.0
1.4576634000986814,2397351.0
1.4596628001891077,2397353.0
1.4616508001927286,2397355.0
1.4946671000216156,2397388.0
1.4966492999810725,2397390.0
1.4986476001795381,2397392.0
1.5006529001984745,2397394.0
1.5036638001911342,2397398.0
1.5056551999878138,2397399.0
1.5076510000508279,2397401.0
1.5096617999952286,2397403.0
1.5116544000338763,2397405.0
1.51366090006195,2397407.0
1.5446757001336664,2397438.0
1.5466609001159668,2397440.0
1.548660899978131,2397442.0
1.5506458000745624,2397444.0
1.5526370001025498,2397446.0
1.5546659000683576,2397448.0
1.5566532001830637,2397450.0
1.5586430002003908,2397452.0
1.5606438000686467,2397454.0
1.5626406001392752,2397456.0
1.5646779001690447,2397458.0
1.5956588999833912,2397489.0
1.6006515000481158,2397492.0
1.602665200131014,2397497.0
1.6046519000083208,2397498.0
1.606669400120154,2397500.0
1.6096551001537591,2397503.0
1.6138117001391947,2397507.0
1.6446625001262873,2397538.0
1.646641000173986,2397540.0
1.6486734000500292,2397542.0
1.6516399001702666,2397545.0
1.653647700091824,2397547.0
1.6556367001030594,2397549.0
1.6586408000439405,2397553.0
1.6606339002028108,2397554.0
1.6636950999964029,2397558.0
1.6936691000591964,2397587.0
1.6956486001145095,2397589.0
1.6976388001348823,2397591.0
1.6996365000959486,2397593.0
1.7016336000524461,2397595.0
1.705657800193876,2397598.0
1.7096661999821663,2397601.0
1.7176765000913292,2397606.0
1.7506649000570178,2397644.0
1.7526418000925332,2397646.0
1.7546798000112176,2397648.0
1.7566552001517266,2397650.0
1.7586517999880016,2397652.0
1.7606451001483947,2397654.0
1.7636367999948561,2397658.0
1.7656355001963675,2397659.0
1.7676419001072645,2397661.0
1.7696355001535267,2397663.0
1.801667100051418,2397695.0
1.8036814001388848,2397698.0
1.8056727000512183,2397699.0
1.8076565000228584,2397701.0
1.8096557001117617,2397703.0
1.8116556000895798,2397705.0
1.813655000180006,2397707.0
1.8156509001273662,2397709.0
1.8176673999987543,2397711.0
1.819663600064814,2397713.0
1.8506704000756145,2397744.0
1.8526765001006424,2397746.0
1.854673100169748,2397748.0
1.8566708001308143,2397750.0
1.858663400169462,2397752.0
1.8646701001562178,2397758.0
1.8666668999940157,2397760.0
1.8686624001711607,2397762.0
1.870674200123176,2397764.0
1.909669900080189,2397803.0
1.911662100115791,2397805.0
1.9136550000403076,2397807.0
1.9156449001748115,2397809.0
1.91764450003393,2397811.0
1.9196448000147939,2397813.0
1.9216475000139326,2397815.0
1.9236459999810904,2397818.0
1.9256639999803156,2397819.0
1.9276553001254797,2397821.0
1.9636676001828164,2397858.0
1.9656566001940519,2397859.0
1.967663299990818,2397861.0
1.9696558001451194,2397863.0
1.9716732001397759,2397865.0
1.9736546000931412,2397867.0
1.9756606000009924,2397869.0
1.9776564000640064,2397871.0
1.9796556001529098,2397873.0
1.9816579001490027,2397875.0
2.0186780001968145,2397912.0
2.0206706000026315,2397914.0
2.0236679001245648,2397918.0
2.025662000058219,2397919.0
2.0276568999979645,2397921.0
2.029663500143215,2397923.0
2.0316590999718755,2397925.0
2.0336749001871794,2397927.0
2.035660200053826,2397929.0
2.0376832000911236,2397931.0
2.080704100197181,2397974.0
2.0836738001089543,2397978.0
2.0856657000258565,2397979.0
2.0876662000082433,2397981.0
2.0896642000880092,2397983.0
2.091664200183004,2397985.0
2.0936678000725806,2397987.0
2.095668600173667,2397989.0
2.097670700168237,2397991.0
2.099671100033447,2397993.0
2.140699699986726,2398034.0
2.142679800046608,2398036.0
2.144675899995491,2398038.0
2.1466584000736475,2398040.0
2.1486663001123816,2398042.0
2.1506668999791145,2398044.0
2.1526689999736845,2398046.0
2.1546686000656337,2398048.0
2.156670300057158,2398050.0
2.1586609000805765,2398052.0
2.19666750007309,2398090.0
2.198649700032547,2398092.0
2.2006411000620574,2398094.0
2.2026465001981705,2398096.0
2.2046656999737024,2398098.0
2.206650600070134,2398100.0
2.2086459000129253,2398102.0
2.2116472001653165,2398105.0
2.2136469001416117,2398107.0
2.215638500172645,2398109.0
2.2536797001957893,2398147.0
2.255666800076142,2398149.0
2.257662500021979,2398151.0
2.2596520001534373,2398153.0
2.2616416001692414,2398155.0
2.2636578001547605,2398157.0
2.2656621001660824,2398159.0
2.2676589000038803,2398161.0
2.269645499996841,2398163.0
2.271665200125426,2398165.0
2.3106662000063807,2398204.0
2.312661100178957,2398206.0
2.3146468000486493,2398208.0
2.316643300000578,2398210.0
2.3186451999936253,2398212.0
2.3206493000034243,2398214.0
2.3246553000062704,2398218.0
2.326644300017506,2398220.0
2.32865809998475,2398222.0
2.330644499976188,2398224.0
2.366663500200957,2398260.0
2.3686449001543224,2398262.0
2.370652500074357,2398264.0
2.3726646001450717,2398266.0
2.3766531001310796,2398270.0
2.3786417001392692,2398272.0
2.3806396001018584,2398274.0
2.3826601000037044,2398276.0
2.3846371001563966,2398278.0
2.4166628001257777,2398310.0
2.418684200150892,2398312.0
2.4206576000433415,2398314.0
2.422672800021246,2398316.0
2.4246474001556635,2398318.0
2.4266524000559,2398320.0
2.428647499997169,2398322.0
2.430646700086072,2398324.0
2.432650600094348,2398326.0
2.434665300184861,2398328.0
2.4366506000515074,2398330.0
2.4696621000766754,2398363.0
2.47266330011189,2398366.0
2.474682900123298,2398368.0
2.476659700041637,2398370.0
2.478655100101605,2398372.0
2.480656099971384,2398374.0
2.483653400093317,2398377.0
2.4856573999859393,2398379.0
2.487661800114438,2398381.0
2.5156643001828343,2398409.0
2.517659500008449,2398411.0
2.519657000200823,2398413.0
2.52166340011172,2398415.0
2.5236580001655966,2398417.0
2.5256891001481563,2398419.0
2.527653699973598,2398421.0
2.5296446001157165,2398423.0
2.5316424001939595,2398425.0
2.533643500180915,2398427.0
2.535678200190887,2398429.0
2.564669599989429,2398458.0
2.5666520001832396,2398460.0
2.568641300080344,2398462.0
2.570645499974489,2398464.0
2.572680399985984,2398466.0
2.574655900010839,2398468.0
2.5766490001697093,2398470.0
2.578639800194651,2398472.0
2.580644200090319,2398474.0
2.5836394000798464,2398478.0
2.6146670000161976,2398508.0
2.6166674001142383,2398510.0
2.61868380010128,2398512.0
2.6206716001033783,2398514.0
2.625666200183332,2398518.0
2.627646900014952,2398521.0
2.6306458001490682,2398524.0
2.634678900009021,2398528.0
2.6636596000753343,2398557.0
2.6656720000319183,2398559.0
2.6676457000430673,2398561.0
2.6696413999889046,2398563.0
2.671652300050482,2398565.0
2.6736432001926005,2398567.0
2.6756413001567125,2398569.0
2.6776374999899417,2398571.0
2.6796435001306236,2398573.0
2.681661200011149,2398575.0
2.7096568001434207,2398603.0
2.7116597001440823,2398605.0
2.7136442000046372,2398607.0
2.7156398000661284,2398609.0
2.717640500050038,2398611.0
2.719639200018719,2398613.0
2.7216581001412123,2398615.0
2.7246546000242233,2398618.0
2.7276583001948893,2398622.0
2.757681100163609,2398651.0
2.7596597999799997,2398653.0
2.761648900108412,2398655.0
2.763643200043589,2398657.0
2.765640800120309,2398659.0
2.7676417999900877,2398661.0
2.7696525000501424,2398663.0
2.7716749000828713,2398665.0
2.773667800007388,2398667.0
2.77564790006727,2398669.0
2.8056742001790553,2398699.0
2.8076500000897795,2398701.0
2.8096497000660747,2398703.0
2.8116403999738395,2398705.0
2.81363940006122,2398707.0
2.8156409000512213,2398709.0
2.8176831000018865,2398711.0
2.819661800051108,2398713.0
2.821650200057775,2398715.0
2.823648300021887,2398717.0
2.8516638001892716,2398745.0
2.853657100116834,2398748.0
2.8576487000100315,2398751.0
2.8596421000547707,2398753.0
2.862643300089985,2398756.0
2.8646631999872625,2398758.0
2.8666442001704127,2398760.0
2.868642000015825,2398762.0
2.8706433000043035,2398764.0
2.8966691000387073,2398790.0
2.898647600086406,2398792.0
2.9006446001585573,2398794.0
2.9036807001102716,2398798.0
2.9056404000148177,2398799.0
2.9076466001570225,2398801.0
2.90963920019567,2398803.0
2.9116687001660466,2398805.0
2.913643900072202,2398807.0
2.9156405001413077,2398809.0
2.941665800055489,2398835.0
2.9436547001823783,2398838.0
2.94565140013583,2398839.0
2.9476704001426697,2398841.0
2.949662000173703,2398843.0
2.951637800084427,2398845.0
2.9536693000700325,2398847.0
2.955657900078222,2398849.0
2.9576432001776993,2398851.0
2.9596496999729425,2398853.0
2.961644200142473,2398855.0
2.9896886001806706,2398883.0
2.9916634000837803,2398885.0
2.9936446000356227,2398887.0
2.9956426999997348,2398889.0
2.9976415000855923,2398891.0
2.99964030017145,2398893.0
3.0016395000275224,2398895.0
3.003641900140792,2398897.0
3.005678500048816,2398899.0
3.0076694001909345,2398901.0
3.0346635000314564,2398928.0
3.036669700173661,2398930.0
3.0386513001285493,2398932.0
3.040650400100276,2398934.0
3.0446641000453383,2398938.0
3.0466637001372874,2398940.0
3.04864630009979,2398942.0
3.0506496001034975,2398944.0
3.052661000052467,2398946.0
3.080665700137615,2398974.0
3.083672200096771,2398978.0
3.085646300110966,2398979.0
3.087650700006634,2398981.0
3.0896434001624584,2398983.0
3.0916475001722574,2398985.0
3.0956475001294166,2398989.0
3.0977062999736518,2398991.0
3.0996461000759155,2398993.0
3.12766470015049,2399021.0
3.129670900059864,2399023.0
3.131646899972111,2399025.0
3.133642700035125,2399027.0
3.1356418000068516,2399029.0
3.1376563999801874,2399031.0
3.1396416001953185,2399033.0
3.1416460999753326,2399035.0
3.143638800131157,2399037.0
3.1456790000665933,2399039.0
3.1476621001493186,2399041.0
3.1736660001333803,2399067.0
3.1756482999771833,2399069.0
3.1776558000128716,2399071.0
3.179644600022584,2399073.0
3.181641000090167,2399075.0
3.184641000116244,2399078.0
3.1866385000757873,2399080.0
3.1886460001114756,2399082.0
3.1906491999980062,2399084.0
3.192665500100702,2399086.0
3.2196718000341207,2399113.0
3.221667699981481,2399115.0
3.2236564001068473,2399118.0
3.2256504001561552,2399119.0
3.227643300080672,2399121.0
3.229641200043261,2399123.0
3.232641300186515,2399127.0
3.235641200095415,2399129.0
3.2377131001558155,2399131.0
3.265679000178352,2399159.0
3.269675200106576,2399163.0
3.2716490000020713,2399165.0
3.273643300170079,2399167.0
3.2756442001555115,2399169.0
3.2776407999917865,2399171.0
3.2796424999833107,2399173.0
3.2816409000661224,2399175.0
3.2836391001474112,2399177.0
3.2876709001138806,2399181.0
3.3146626001689583,2399208.0
3.316661100136116,2399210.0
3.3186499001458287,2399212.0
3.3206549000460654,2399214.0
3.3226447000633925,2399216.0
3.3246472000610083,2399218.0
3.3266406001057476,2399220.0
3.3307622000575066,2399224.0
3.3326590000651777,2399226.0
3.360678000142798,2399254.0
3.3656717999838293,2399258.0
3.3696568000596017,2399261.0
3.3736672999802977,2399266.0
3.377673299983144,2399269.0
3.3816839000210166,2399274.0
3.4106666001025587,2399304.0
3.412647800054401,2399306.0
3.4146418999880552,2399308.0
3.4166408001910895,2399310.0
3.4186409001704305,2399312.0
3.420646000187844,2399314.0
3.422641000011936,2399316.0
3.425668500130996,2399320.0
3.4276453000493348,2399321.0
3.4296420000027865,2399323.0
3.4576756001915783,2399351.0
3.459648200077936,2399353.0
3.46165470010601,2399355.0
3.464645800180733,2399358.0
3.466640600003302,2399360.0
3.47065670019947,2399362.0
3.4746759000699967,2399367.0
3.4766481001861393,2399370.0
3.5056659001857042,2399399.0
3.507646100129932,2399401.0
3.509646600112319,2399403.0
3.511642500059679,2399405.0
3.513640600023791,2399407.0
3.515641200123355,2399409.0
3.5176446000114083,2399411.0
3.5196527000516653,2399413.0
3.521649200003594,2399415.0
3.525651599979028,2399419.0
3.553672500187531,2399447.0
3.555651600006968,2399449.0
3.557648600079119,2399451.0
3.559641300002113,2399453.0
3.5616407999768853,2399455.0
3.5636399001814425,2399457.0
3.565664099995047,2399459.0
3.5676445001736283,2399461.0
3.570646099979058,2399465.0
3.572641900042072,2399466.0
3.600663600023836,2399494.0
3.6036600000225008,2399498.0
3.606645500054583,2399501.0
3.610657900106162,2399502.0
3.6126669000368565,2399507.0
3.614645899971947,2399508.0
3.6166424001567066,2399510.0
3.618645900161937,2399512.0
3.6486717001535,2399542.0
3.6506827000994235,2399544.0
3.6526479001622647,2399547.0
3.6546689001843333,2399548.0
3.656647500116378,2399550.0
3.659670500084758,2399554.0
3.6616469000000507,2399555.0
3.664643900003284,2399558.0
3.666682800045237,2399560.0
3.697677900083363,2399591.0
3.699651400092989,2399593.0
3.7016475000418723,2399596.0
3.7037723001558334,2399597.0
3.7056572001893073,2399599.0
3.707645900081843,2399601.0
3.7096452000550926,2399603.0
3.711723400047049,2399605.0
3.7136437001172453,2399607.0
3.715642600087449,2399609.0
3.745684999972582,2399639.0
3.74766069999896,2399641.0
3.7496534001547843,2399643.0
3.751676200190559,2399645.0
3.75365660013631,2399647.0
3.7556479000486434,2399649.0
3.7576480000279844,2399651.0
3.759644400095567,2399653.0
3.7616423000581563,2399655.0
3.7636402000207454,2399657.0
3.7656782001722604,2399659.0
3.795664499979466,2399689.0
3.797662700060755,2399691.0
3.7996454001404345,2399693.0
3.801644300110638,2399695.0
3.803652700036764,2399698.0
3.805663000093773,2399699.0
3.8076497002039105,2399701.0
3.8096444001421332,2399703.0
3.8116802000440657,2399705.0
3.813673499971628,2399707.0
3.8446698000188917,2399738.0
3.846649300074205,2399740.0
3.8486464000307024,2399742.0
3.850643299985677,2399744.0
3.852642400190234,2399746.0
3.854689800180495,2399748.0
3.857972400030121,2399751.0
3.859649700112641,2399753.0
3.861642900155857,2399755.0
3.8646450000815094,2399758.0
3.8956662002019584,2399789.0
3.897667300188914,2399791.0
3.8996606001164764,2399793.0
3.901647800114006,2399795.0
3.9046593999955803,2399798.0
3.906655500177294,2399800.0
3.9086490999907255,2399802.0
3.910644300049171,2399804.0
3.912642000010237,2399806.0
3.914640499977395,2399808.0
3.945665800012648,2399839.0
3.947649599984288,2399841.0
3.9496454000473022,2399843.0
3.951670299982652,2399845.0
3.953671600203961,2399847.0
3.9556630000006407,2399849.0
3.957646200200543,2399851.0
3.9596450000535697,2399853.0
3.9616557001136243,2399855.0
3.9656498001422733,2399859.0
3.9976855001877993,2399892.0
3.999660599976778,2399893.0
4.001652300124988,2399895.0
4.003664500080049,2399897.0
4.005671400111169,2399899.0
4.007652100175619,2399901.0
4.009650900028646,2399903.0
4.01170130004175,2399905.0
4.013652900001034,2399907.0
4.015647300053388,2399909.0
4.045667700003833,2399939.0
4.047647700179368,2399941.0
4.049646100029349,2399943.0
4.051644300110638,2399945.0
4.053676400100812,2399947.0
4.055660100188106,2399949.0
4.057661300059408,2399951.0
4.0596476001665,2399954.0
4.061642700107768,2399955.0
4.063644000096247,2399957.0
4.065644200192764,2399959.0
4.104229000164196,2399995.0
4.109694400103763,2400001.0
4.115753000136465,2400006.0
4.1466682001482695,2400040.0
4.149655800079927,2400043.0
4.151668600039557,2400045.0
4.153666900005192,2400047.0
4.15564540005289,2400049.0
4.157648500055075,2400052.0
4.159681500168517,2400053.0
4.161643400089815,2400055.0
4.163641200168058,2400058.0
4.165647600078955,2400059.0
4.197681599995121,2400091.0
4.199650000082329,2400093.0
4.20164390001446,2400095.0
4.2066650001797825,2400098.0
4.210651000030339,2400102.0
4.219867700012401,2400107.0
4.252670200075954,2400146.0
4.254664400126785,2400148.0
4.256655300036073,2400150.0
4.258657400030643,2400152.0
4.260652100201696,2400154.0
4.265650800196454,2400158.0
4.269653600174934,2400161.0
4.2756784001830965,2400166.0
4.308669600170106,2400202.0
4.310650700004771,2400204.0
4.312649500090629,2400207.0
4.314645700156689,2400208.0
4.316643300000578,2400210.0
4.319642300019041,2400213.0
4.321700500091538,2400215.0
4.325661899987608,2400220.0
4.329652599990368,2400222.0
4.3646690000314265,2400258.0
4.366649399977177,2400260.0
4.368672100128606,2400262.0
4.370654599973932,2400264.0
4.372646800009534,2400266.0
4.374677099986002,2400268.0
4.376646700082347,2400270.0
4.378644300159067,2400272.0
4.380642600124702,2400274.0
4.382643700111657,2400276.0
4.415680899983272,2400309.0
4.417652500094846,2400311.0
4.419648400042206,2400313.0
4.423655100166798,2400315.0
4.4256473002023995,2400319.0
4.4276439000386745,2400321.0
4.429643300129101,2400323.0
4.431663400027901,2400325.0
4.43364610010758,2400327.0
4.465675299987197,2400359.0
4.467651400016621,2400361.0
4.469647100195289,2400363.0
4.471661200048402,2400365.0
4.473648500163108,2400367.0
4.475649200147018,2400369.0
4.477651700144634,2400371.0
4.479657300049439,2400373.0
4.481648100074381,2400375.0
4.483643200015649,2400377.0
4.485642600106075,2400379.0
4.519681900041178,2400413.0
4.521666000131518,2400415.0
4.523653500014916,2400417.0
4.525655400007963,2400419.0
4.527646200032905,2400422.0
4.529645100003108,2400423.0
4.531657800078392,2400425.0
4.53364590019919,2400427.0
4.535642900038511,2400429.0
4.537646600045264,2400431.0
4.571669999975711,2400465.0
4.573652300052345,2400467.0
4.5756490000057966,2400469.0
4.577646400080994,2400471.0
4.579644500045106,2400473.0
4.581644500140101,2400475.0
4.584662000183016,2400478.0
4.586660000029951,2400480.0
4.588653400074691,2400482.0
4.590648000128567,2400484.0
4.624668000033125,2400518.0
4.626650900114328,2400520.0
4.628647900186479,2400522.0
4.630650400184095,2400524.0
4.632658400107175,2400527.0
4.634651800151914,2400528.0
4.636646100087091,2400530.0
4.638645600061864,2400532.0
4.640649900073186,2400534.0
4.6426457001362,2400536.0
4.672670300118625,2400567.0
4.674662300152704,2400568.0
4.676651600049809,2400570.0
4.6786621999926865,2400572.0
4.680651300121099,2400574.0
4.684646400157362,2400578.0
4.686645300127566,2400580.0
4.688665900146589,2400582.0
4.69066120008938,2400584.0
4.721680700080469,2400615.0
4.723669599974528,2400617.0
4.725650600157678,2400619.0
4.72764730011113,2400621.0
4.7296462000813335,2400623.0
4.731644100043923,2400625.0
4.73364290012978,2400627.0
4.73568300018087,2400629.0
4.737659000093117,2400631.0
4.740676500136033,2400634.0
4.77170000015758,2400665.0
4.7736723001580685,2400667.0
4.775661200052127,2400669.0
4.77765760011971,2400671.0
4.779664400033653,2400673.0
4.781662000110373,2400675.0
4.7846547001972795,2400678.0
4.786677400115877,2400680.0
4.788665600121021,2400682.0
4.790652700001374,2400684.0
4.822671000147238,2400716.0
4.824670100118965,2400718.0
4.826652400195599,2400720.0
4.828653400065377,2400722.0
4.830650100018829,2400724.0
4.832662099972367,2400726.0
4.8346469001844525,2400728.0
4.836647400166839,2400730.0
4.838656099978834,2400732.0
4.840649000136182,2400734.0
4.864670800045133,2400758.0
4.866653900127858,2400760.0
4.8686467001680285,2400762.0
4.8706511000636965,2400764.0
4.8726453999988735,2400767.0
4.874650800134987,2400768.0
4.876645500073209,2400770.0
4.878665400203317,2400772.0
4.8806615001522005,2400774.0
4.884652500040829,2400778.0
4.911682000150904,2400805.0
4.913662800099701,2400807.0
4.915651600109413,2400809.0
4.917649400187656,2400811.0
4.919644900131971,2400813.0
4.921655800193548,2400815.0
4.923644799971953,2400817.0
4.9256780000869185,2400819.0
4.927648700075224,2400821.0
4.92964810016565,2400823.0
4.957729900022969,2400850.0
4.9616573001258075,2400853.0
4.963650400051847,2400858.0
4.96564650000073,2400859.0
4.967650900129229,2400861.0
4.969646900193766,2400863.0
4.971653799992055,2400865.0
4.97366590006277,2400867.0
4.998671300010756,2400892.0
5.000655600102618,2400894.0
5.005677300039679,2400900.0
5.009656000183895,2400902.0
5.011650300119072,2400905.0
5.015661300159991,2400909.0
5.019678000127897,2400912.0
5.0456799999810755,2400939.0
5.047664500074461,2400941.0
5.0496678000781685,2400943.0
5.051656800089404,2400945.0
5.053683400154114,2400947.0
5.055647700093687,2400949.0
5.057645900174975,2400952.0
5.0596473000478,2400953.0
5.061645400011912,2400955.0
5.066668800078332,2400959.0
5.091667799977586,2400985.0
5.093684600200504,2400987.0
5.095647900132462,2400989.0
5.09766330011189,2400991.0
5.099661400076002,2400993.0
5.101651200093329,2400995.0
5.104656800162047,2400998.0
5.106646800180897,2401000.0
5.108651500195265,2401002.0
5.110647400142625,2401004.0
5.136672400170937,2401030.0
5.138655700022355,2401032.0
5.140653100097552,2401034.0
5.14466890017502,2401038.0
5.146649700123817,2401040.0
5.148649000097066,2401042.0
5.1506465000566095,2401044.0
5.152649900177494,2401047.0
5.154651600169018,2401048.0
5.180680199991912,2401074.0
5.182659300044179,2401076.0
5.1846561001148075,2401078.0
5.186654000077397,2401080.0
5.188667300157249,2401082.0
5.1906546000391245,2401084.0
5.192652900004759,2401087.0
5.194647200172767,2401088.0
5.1966468000318855,2401090.0
5.198646100005135,2401092.0
5.224674500059336,2401118.0
5.226654099998996,2401120.0
5.2286480001639575,2401122.0
5.230647800024599,2401124.0
5.2326502001378685,2401126.0
5.234647799981758,2401128.0
5.236645800061524,2401130.0
5.238683300092816,2401132.0
5.24065210018307,2401134.0
5.242653800174594,2401136.0
5.267678400035948,2401161.0
5.269677800126374,2401163.0
5.271666800137609,2401165.0
5.27365029999055,2401167.0
5.2756502002011985,2401169.0
5.277646400034428,2401171.0
5.279645000118762,2401173.0
5.281646300107241,2401175.0
5.2836448000743985,2401177.0
5.285687300143763,2401179.0
5.31268410012126,2401207.0
5.31465549999848,2401208.0
5.316681400174275,2401210.0
5.31865969998762,2401212.0
5.320660100085661,2401214.0
5.324659300036728,2401218.0
5.326647800160572,2401220.0
5.328649400034919,2401222.0
5.330646899994463,2401224.0
5.356673700036481,2401250.0
5.35869640018791,2401252.0
5.3606547000817955,2401254.0
5.364678600104526,2401258.0
5.36665130010806,2401260.0
5.368646800052375,2401262.0
5.370649800170213,2401264.0
5.3726492000278085,2401267.0
5.374648600118235,2401268.0
5.399668000172824,2401293.0
5.401652100030333,2401295.0
5.403685400029644,2401297.0
5.405649900203571,2401299.0
5.407654100097716,2401301.0
5.409669400192797,2401303.0
5.411651500035077,2401305.0
5.413648599991575,2401307.0
5.415647300193086,2401309.0
5.417647400172427,2401312.0
5.419646200025454,2401313.0
5.445673400070518,2401340.0
5.448662800015882,2401342.0
5.450657300185412,2401344.0
5.452655700035393,2401347.0
5.454676500055939,2401348.0
5.456662200158462,2401350.0
5.45865480019711,2401352.0
5.460648300126195,2401354.0
5.46264629997313,2401357.0
5.464646200183779,2401358.0
5.489671800052747,2401383.0
5.4916570000350475,2401385.0
5.493653099983931,2401387.0
5.495647300034761,2401389.0
5.497647500131279,2401391.0
5.499646099982783,2401393.0
5.501650399994105,2401395.0
5.504670000169426,2401398.0
5.5066574001684785,2401400.0
5.508647500071675,2401402.0
5.5346955000422895,2401428.0
5.536671800073236,2401430.0
5.538672200171277,2401432.0
5.541658200090751,2401436.0
5.5446531001944095,2401438.0
5.548654600046575,2401442.0
5.5506559000350535,2401444.0
5.552648000186309,2401446.0
5.554656200110912,2401449.0
5.5816713001113385,2401475.0
5.5846555000171065,2401478.0
5.586651200195774,2401481.0
5.590652600163594,2401483.0
5.594655700027943,2401487.0
5.598676500143483,2401491.0
5.6026524000335485,2401495.0
5.627692800015211,2401521.0
5.629657200071961,2401523.0
5.631657500052825,2401525.0
5.633648600196466,2401527.0
5.635649100178853,2401529.0
5.637687199981883,2401531.0
5.639653300167993,2401533.0
5.641651100013405,2401535.0
5.644673299975693,2401538.0
5.646651700139046,2401540.0
5.672675900161266,2401566.0
5.674674700014293,2401568.0
5.67665689997375,2401570.0
5.67865000013262,2401572.0
5.680647999979556,2401574.0
5.682646400062367,2401576.0
5.686650300165638,2401578.0
5.688705800101161,2401582.0
5.694695900194347,2401585.0
5.721700000111014,2401615.0
5.723666400182992,2401617.0
5.725660500116646,2401619.0
5.727650600019842,2401621.0
5.7296502001117915,2401623.0
5.731647900072858,2401626.0
5.7336486000567675,2401627.0
5.735647300025448,2401629.0
5.73767300019972,2401631.0
5.739672500174493,2401633.0
5.766676499973983,2401660.0
5.768662600079551,2401662.0
5.770662400173023,2401664.0
5.772651000181213,2401667.0
5.77465290017426,2401668.0
5.776647200109437,2401670.0
5.778646700084209,2401672.0
5.7806463001761585,2401674.0
5.784670100081712,2401678.0
5.815689200069755,2401708.0
5.819656100124121,2401714.0
5.822649599984288,2401717.0
5.824655700009316,2401718.0
5.826646700035781,2401720.0
5.828647900139913,2401722.0
5.830661500105634,2401724.0
5.832655600039288,2401727.0
5.859675800194964,2401753.0
5.861669600009918,2401755.0
5.8646546001546085,2401758.0
5.866651500109583,2401760.0
5.8686490000691265,2401762.0
5.870653800200671,2401764.0
5.872650200035423,2401767.0
5.87465380015783,2401768.0
5.876670600147918,2401770.0
5.878651600098237,2401772.0
5.905675300164148,2401799.0
5.907669600099325,2401802.0
5.909666400169954,2401803.0
5.911652700044215,2401805.0
5.913650100119412,2401807.0
5.915648700203747,2401809.0
5.917647400172427,2401811.0
5.919690600130707,2401813.0
5.921650300035253,2401815.0
5.923678999999538,2401817.0
5.950672400183976,2401845.0
5.9526548001449555,2401847.0
5.954667099984363,2401848.0
5.956651400076225,2401850.0
5.958650600165129,2401852.0
5.960648400010541,2401854.0
5.962648200104013,2401856.0
5.964653000002727,2401858.0
5.966647100169212,2401860.0
5.968649700051174,2401862.0
5.997675199992955,2401891.0
5.999658900080249,2401893.0
6.001662200083956,2401895.0
6.003667199984193,2401897.0
6.005650700069964,2401899.0
6.007649000035599,2401901.0
6.009657200193033,2401903.0
6.011650800006464,2401905.0
6.013650099979714,2401907.0
6.0156509000808,2401909.0
6.044675100129098,2401938.0
6.046654600184411,2401940.0
6.050661300076172,2401944.0
6.052653199993074,2401947.0
6.054662900045514,2401948.0
6.056651100050658,2401950.0
6.058661899995059,2401952.0
6.060650800121948,2401954.0
6.06467860005796,2401958.0
6.092673700070009,2401987.0
6.094674700172618,2401988.0
6.096655500121415,2401990.0
6.098655099980533,2401992.0
6.100650600157678,2401994.0
6.1026501001324505,2401996.0
6.104656100040302,2401998.0
6.106648800196126,2402000.0
6.108663100050762,2402002.0
6.110676900018007,2402004.0
6.112654000055045,2402007.0
6.139675300102681,2402033.0
6.1416762000881135,2402035.0
6.143654600018635,2402037.0
6.145651899976656,2402039.0
6.147695300169289,2402041.0
6.149649400031194,2402043.0
6.151647499995306,2402045.0
6.153651800006628,2402047.0
6.156748900189996,2402050.0
6.158662799978629,2402052.0
6.186676500132307,2402080.0
6.188678200123832,2402082.0
6.190668100025505,2402084.0
6.19265600014478,2402087.0
6.19465159997344,2402088.0
6.196650100173429,2402090.0
6.198648400139064,2402092.0
6.200648600002751,2402094.0
6.202648899983615,2402096.0
6.204676400171593,2402098.0
6.232682200148702,2402126.0
6.234668100019917,2402128.0
6.236669600009918,2402130.0
6.238660800037906,2402132.0
6.240659000119194,2402134.0
6.244658500188962,2402138.0
6.246651699999347,2402140.0
6.248650100082159,2402142.0
6.250656000105664,2402144.0
6.278671600157395,2402172.0
6.280655400129035,2402174.0
6.282672300003469,2402176.0
6.284658400109038,2402178.0
6.286652200156823,2402180.0
6.288653100142255,2402182.0
6.290654700016603,2402184.0
6.292650100076571,2402186.0
6.294648600043729,2402188.0
6.296648300020024,2402190.0
6.29968690010719,2402193.0
6.328717400087044,2402222.0
6.330668000038713,2402224.0
6.332655900157988,2402227.0
6.334652499994263,2402228.0
6.336653399979696,2402230.0
6.338655299972743,2402232.0
6.34070870000869,2402234.0
6.342656600056216,2402237.0
6.344680699985474,2402238.0
6.346654300112277,2402240.0
6.374676099978387,2402268.0
6.376667000120506,2402270.0
6.378654400119558,2402272.0
6.381650400115177,2402275.0
6.38464940013364,2402278.0
6.38664810010232,2402280.0
6.3886518001090735,2402282.0
6.390710100065917,2402284.0
6.39266370004043,2402286.0
6.4216758999973536,2402315.0
6.424670400097966,2402318.0
6.42665410018526,2402320.0
6.428654000163078,2402322.0
6.432653400115669,2402326.0
6.4346501000691205,2402328.0
6.436651200056076,2402330.0
6.438682800158858,2402332.0
6.440657000057399,2402334.0
6.469682600116357,2402363.0
6.471680500078946,2402365.0
6.473656800109893,2402367.0
6.475655200192705,2402370.0
6.477651700144634,2402371.0
6.479649099987,2402373.0
6.481655600015074,2402375.0
6.48464999999851,2402378.0
6.486673400038853,2402380.0
6.488660000031814,2402382.0
6.516677899984643,2402410.0
6.518670900026336,2402412.0
6.5206620001699775,2402414.0
6.524666100041941,2402418.0
6.526654200162739,2402420.0
6.528652700129896,2402422.0
6.5316545001696795,2402425.0
6.533681800123304,2402427.0
6.535655500134453,2402429.0
6.564682100201026,2402458.0
6.5666608000174165,2402460.0
6.568653100170195,2402462.0
6.570661399979144,2402464.0
6.5726527001243085,2402467.0
6.574656100012362,2402468.0
6.576651700073853,2402470.0
6.5786536000669,2402472.0
6.580663500120863,2402474.0
6.584653800120577,2402478.0
6.613675800152123,2402507.0
6.6156568001024425,2402509.0
6.6176546001806855,2402512.0
6.6196532000321895,2402513.0
6.621667500119656,2402515.0
6.62465690006502,2402518.0
6.626672600163147,2402520.0
6.628654500003904,2402522.0
6.630651800194755,2402524.0
6.6326513001695275,2402527.0
6.661678200121969,2402555.0
6.664663700154051,2402558.0
6.666653900174424,2402560.0
6.66865330003202,2402562.0
6.6736897001974285,2402567.0
6.675656500039622,2402569.0
6.677652700105682,2402571.0
6.679682800080627,2402573.0
6.681650400161743,2402575.0
6.710675700102001,2402604.0
6.712657900061458,2402606.0
6.714654500130564,2402608.0
6.716653299983591,2402611.0
6.718657300109044,2402612.0
6.720670300070196,2402614.0
6.724659100174904,2402618.0
6.726651499979198,2402620.0
6.728649500058964,2402622.0
6.757672700099647,2402652.0
6.759659999981523,2402653.0
6.761653900146484,2402655.0
6.764651100151241,2402658.0
6.766684700036421,2402661.0
6.7696744001004845,2402663.0
6.771664900006726,2402666.0
6.77365170000121,2402667.0
6.775654700119048,2402669.0
6.80767700006254,2402702.0
6.809665800072253,2402703.0
6.811709900153801,2402705.0
6.814665000187233,2402708.0
6.81667000008747,2402711.0
6.818654400063679,2402712.0
6.820659100078046,2402714.0
6.824666199972853,2402718.0
6.826653000200167,2402720.0
6.8566809999756515,2402750.0
6.858674100134522,2402752.0
6.860655400203541,2402754.0
6.864652500022203,2402758.0
6.868658100022003,2402760.0
6.870662000030279,2402764.0
6.872662600129843,2402766.0
6.87466310011223,2402769.0
6.876653700135648,2402770.0
6.906677500111982,2402801.0
6.908659200184047,2402802.0
6.9106532000005245,2402804.0
6.9126530000939965,2402806.0
6.914652300067246,2402808.0
6.916650900151581,2402811.0
6.918651400133967,2402812.0
6.920674600172788,2402814.0
6.924663100158796,2402818.0
6.955675600096583,2402849.0
6.957659600069746,2402851.0
6.95965850003995,2402853.0
6.961652500089258,2402855.0
6.964652199996635,2402858.0
6.9686738001182675,2402862.0
6.970657899975777,2402864.0
6.972669000038877,2402866.0
6.974657600047067,2402869.0
7.005675400141627,2402899.0
7.007656899979338,2402902.0
7.009654400171712,2402903.0
7.011653900146484,2402905.0
7.013657900039107,2402907.0
7.015657400013879,2402909.0
7.017651100177318,2402912.0
7.019649900030345,2402913.0
7.0216564000584185,2402915.0
7.023668000008911,2402917.0
7.053685000166297,2402947.0
7.05567210004665,2402950.0
7.0576621000654995,2402951.0
7.0596543999854475,2402953.0
7.061660000123084,2402955.0
7.063651600154117,2402957.0
7.06565050012432,2402960.0
7.067653400124982,2402961.0
7.0696502001956105,2402963.0
7.071672399993986,2402965.0
7.10468120011501,2402998.0
7.106679100077599,2403000.0
7.108662100043148,2403003.0
7.110656399978325,2403004.0
7.1126525001600385,2403007.0
7.1146529000252485,2403008.0
7.1166511999908835,2403010.0
7.118649800075218,2403013.0
7.1206571001093835,2403014.0
7.151675299974158,2403045.0
7.153688200050965,2403047.0
7.155663200188428,2403049.0
7.157654500100762,2403051.0
7.159658200107515,2403054.0
7.161653000162914,2403055.0
7.163651200011373,2403057.0
7.16564969997853,2403059.0
7.167694500181824,2403061.0
7.169720500009134,2403064.0
7.1716839000582695,2403065.0
7.20168050006032,2403095.0
7.203669700073078,2403097.0
7.205664700130001,2403099.0
7.207660700194538,2403102.0
7.209652800112963,2403103.0
7.211695300182328,2403105.0
7.213652400067076,2403107.0
7.215668900171295,2403109.0
7.217654100153595,2403111.0
7.219652900006622,2403113.0
7.250679500168189,2403144.0
7.252659399993718,2403146.0
7.25469240010716,2403149.0
7.256666100118309,2403150.0
7.258662900188938,2403152.0
7.260654400102794,2403154.0
7.262676400132477,2403156.0
7.2646577002014965,2403159.0
7.266653700033203,2403160.0
7.270660600159317,2403162.0
7.304705600021407,2403198.0
7.306661400012672,2403200.0
7.308665100019425,2403203.0
7.31065610004589,2403204.0
7.312653600005433,2403206.0
7.314652800094336,2403209.0
7.3166522001847625,2403210.0
7.318651400040835,2403213.0
7.320653300033882,2403214.0
7.322668300010264,2403216.0
7.353681300068274,2403247.0
7.3556909000035375,2403249.0
7.357671100180596,2403252.0
7.359660200076178,2403253.0
7.361654400127009,2403255.0
7.365658200113103,2403257.0
7.367652200162411,2403261.0
7.36965150013566,2403263.0
7.3717100999783725,2403265.0
7.401686700060964,2403295.0
7.405665500089526,2403297.0
7.40766130015254,2403301.0
7.409652800066397,2403303.0
7.411652500042692,2403305.0
7.413651200011373,2403308.0
7.415652400115505,2403309.0
7.417674200143665,2403311.0
7.419654699973762,2403313.0
7.421658599982038,2403315.0
7.4526772000826895,2403346.0
7.4546686001122,2403349.0
7.456661600153893,2403350.0
7.4586553000845015,2403352.0
7.460652600042522,2403355.0
7.464667099993676,2403358.0
7.466652800096199,2403360.0
7.468655799981207,2403362.0
7.470655800076202,2403364.0
7.472782500088215,2403366.0
7.504687400069088,2403398.0
7.506660200189799,2403400.0
7.509662300115451,2403404.0
7.51165740005672,2403405.0
7.5136541000101715,2403407.0
7.515661100158468,2403409.0
7.517651000060141,2403412.0
7.519724300131202,2403413.0
7.521655700169504,2403415.0
7.524673300096765,2403418.0
7.555690700188279,2403450.0
7.557665700092912,2403451.0
7.559656800003722,2403453.0
7.561654400080442,2403455.0
7.564655099995434,2403458.0
7.566652300069109,2403460.0
7.570661399979144,2403464.0
7.572684600017965,2403466.0
7.574668599991128,2403468.0
7.606670500012115,2403500.0
7.60865980014205,2403502.0
7.610656199976802,2403505.0
7.612653800053522,2403506.0
7.614653600146994,2403508.0
7.616653400007635,2403510.0
7.618679000064731,2403512.0
7.62066000001505,2403515.0
7.624662500107661,2403518.0
7.656677199993283,2403550.0
7.658664700109512,2403552.0
7.660657900152728,2403554.0
7.66668889997527,2403560.0
7.6706656001042575,2403562.0
7.672670600004494,2403566.0
7.676661200122908,2403569.0
7.708680900046602,2403602.0
7.71066390001215,2403605.0
7.712675400078297,2403606.0
7.714660300174728,2403608.0
7.716654499992728,2403610.0
7.718654900090769,2403612.0
7.720657499972731,2403615.0
7.724706300068647,2403618.0
7.726665200199932,2403620.0
7.7287287001963705,2403622.0
7.764687200076878,2403658.0
7.766672200057656,2403660.0
7.768666600110009,2403662.0
7.770669900113717,2403664.0
7.772684000199661,2403666.0
7.774686000077054,2403669.0
7.776660300092772,2403670.0
7.778656700160354,2403672.0
7.780671500135213,2403674.0
7.816703600110486,2403711.0
7.81868110015057,2403712.0
7.820703000063077,2403714.0
7.8247375001665205,2403718.0
7.826712500071153,2403720.0
7.8286735999863595,2403723.0
7.830662100110203,2403724.0
7.832671900046989,2403727.0
7.834670200012624,2403728.0
7.872700800187886,2403766.0
7.874676400097087,2403768.0
7.876661200076342,2403770.0
7.878664000192657,2403772.0
7.880654100095853,2403775.0
7.884688300080597,2403778.0
7.886664200108498,2403780.0
7.888683500001207,2403782.0
7.890666800085455,2403784.0
7.926688299980015,2403820.0
7.928665800020099,2403822.0
7.93067660019733,2403824.0
7.932674500159919,2403827.0
7.934657400008291,2403828.0
7.9366542000789195,2403831.0
7.93867569998838,2403832.0
7.940668200142682,2403834.0
7.942658300045878,2403837.0
7.944653399987146,2403838.0
7.97868900001049,2403873.0
7.980687899980694,2403874.0
7.984678500099108,2403878.0
7.986666599987075,2403880.0
7.988675800152123,2403883.0
7.990661000134423,2403884.0
7.992674200097099,2403887.0
7.99465600005351,2403888.0
7.996655600145459,2403890.0
8.031677999999374,2403925.0
8.034660100005567,2403928.0
8.036656400188804,2403930.0
8.038673600181937,2403932.0
8.040666700107977,2403934.0
8.044656800106168,2403938.0
8.046654300065711,2403940.0
8.048694800119847,2403943.0
8.050691700074822,2403944.0
8.0846796000842,2403978.0
8.086678800173104,2403980.0
8.088669400196522,2403982.0
8.090659599984065,2403985.0
8.092668100027367,2403986.0
8.094655600143597,2403989.0
8.096655200002715,2403990.0
8.098653400084004,2403992.0
8.100696100154892,2403995.0
8.103680500062183,2403997.0
8.136683600023389,2404030.0
8.13868260011077,2404033.0
8.140677700052038,2404034.0
8.1466865001712,2404040.0
8.148673700168729,2404042.0
8.151661300100386,2404046.0
8.153661400079727,2404047.0
8.155657600145787,2404049.0
8.18868530006148,2404083.0
8.19066850002855,2404084.0
8.192688600160182,2404086.0
8.194659700151533,2404089.0
8.196657299995422,2404090.0
8.198654600186273,2404093.0
8.200655800057575,2404094.0
8.204663300188258,2404098.0
8.206676200032234,2404100.0
8.239683500025421,2404134.0
8.241672100033611,2404135.0
8.244660600088537,2404138.0
8.246659700060263,2404140.0
8.248655100120232,2404143.0
8.252656000200659,2404144.0
8.254764600191265,2404149.0
8.256678800098598,2404150.0
8.258660500170663,2404152.0
8.294705600012094,2404188.0
8.296690799994394,2404190.0
8.298689600080252,2404193.0
8.300677600083873,2404194.0
8.304686899995431,2404198.0
8.306681800168008,2404200.0
8.308680700138211,2404202.0
8.310667500132695,2404204.0
8.312661500182003,2404207.0
8.314656000118703,2404208.0
8.348679300164804,2404243.0
8.350661600008607,2404244.0
8.352657400071621,2404246.0
8.354669200023636,2404249.0
8.356656400021166,2404250.0
8.358678000047803,2404253.0
8.36066780006513,2404254.0
8.364687700057402,2404258.0
8.366676600184292,2404260.0
8.404687999980524,2404298.0
8.408666100120172,2404302.0
8.410677400184795,2404305.0
8.412659000139683,2404306.0
8.415668900124729,2404309.0
8.417660600040108,2404311.0
8.420662300195545,2404315.0
8.423667000140995,2404317.0
8.460679000010714,2404354.0
8.464661700185388,2404358.0
8.466663900064304,2404360.0
8.468662000028417,2404363.0
8.470674900105223,2404364.0
8.472689400194213,2404367.0
8.474664200097322,2404368.0
8.476657300023362,2404370.0
8.478682300075889,2404373.0
8.516677800100297,2404410.0
8.518701700028032,2404413.0
8.520687200129032,2404414.0
8.524678000016138,2404418.0
8.52666990016587,2404420.0
8.528661300195381,2404423.0
8.530658500036225,2404424.0
8.532655199989676,2404427.0
8.534678100142628,2404428.0
8.536658100085333,2404430.0
8.572678700089455,2404466.0
8.57469080016017,2404469.0
8.576667400076985,2404470.0
8.578660700004548,2404472.0
8.580678300000727,2404475.0
8.584669800009578,2404478.0
8.586659700144082,2404480.0
8.588675600010902,2404483.0
8.59067349997349,2404484.0
8.626721300184727,2404521.0
8.6286856001243,2404522.0
8.630665000062436,2404525.0
8.632658299989998,2404526.0
8.634657100075856,2404528.0
8.636655600043014,2404531.0
8.638675100170076,2404532.0
8.640678000170738,2404535.0
8.642704300116748,2404536.0
8.64467960014008,2404538.0
8.646675799973309,2404541.0
8.68369029997848,2404577.0
8.68566339998506,2404580.0
8.687701800139621,2404581.0
8.689687100006267,2404584.0
8.691667300183326,2404585.0
8.693658499978483,2404587.0
8.695656700059772,2404590.0
8.697656700154766,2404591.0
8.699659200152382,2404594.0
8.701656999997795,2404595.0
8.70366460015066,2404597.0
8.742691500112414,2404637.0
8.744674700079486,2404638.0
8.74666320020333,2404641.0
8.748660800047219,2404642.0
8.750696300063282,2404644.0
8.752673600101843,2404647.0
8.754670200170949,2404648.0
8.756660000188276,2404651.0
8.758663300191984,2404652.0
8.760658300016075,2404654.0
8.763659600168467,2404657.0
8.801706600002944,2404695.0
8.804698100080714,2404698.0
8.80667780013755,2404700.0
8.808672500075772,2404703.0
8.810660000192001,2404704.0
8.812693900195882,2404707.0
8.814694500062615,2404708.0
8.816678400151432,2404710.0
8.81868080003187,2404713.0
8.820677099982277,2404714.0
8.862714900169522,2404753.0
8.864677299978212,2404758.0
8.86666200007312,2404760.0
8.86866300017573,2404763.0
8.872683400055394,2404764.0
8.874685100046918,2404769.0
8.876666500000283,2404770.0
8.878659500041977,2404773.0
8.916685900185257,2404810.0
8.918666300131008,2404813.0
8.920672100037336,2404814.0
8.924677500035614,2404818.0
8.926660800119862,2404820.0
8.928659900091588,2404823.0
8.930656400043517,2404824.0
8.932659500045702,2404827.0
8.9346566000022,2404829.0
8.936659400118515,2404830.0
8.972698700148612,2404867.0
8.9746799999848,2404868.0
8.97666859999299,2404870.0
8.978673400124535,2404873.0
8.980674599995837,2404874.0
8.984691500198096,2404878.0
8.986669900128618,2404881.0
8.988692000042647,2404882.0
8.990677300142124,2404884.0
9.02669159998186,2404921.0
9.028667000122368,2404922.0
9.0306609000545,2404925.0
9.032680100062862,2404926.0
9.034662900026888,2404928.0
9.03665930009447,2404931.0
9.038661499973387,2404932.0
9.040664999978617,2404935.0
9.042661800049245,2404936.0
9.04465760011226,2404939.0
9.0466577000916,2404940.0
9.085683700162917,2404980.0
9.088704599998891,2404982.0
9.090949000092223,2404985.0
9.09267030004412,2404986.0
9.09469210007228,2404989.0
9.0966641001869,2404990.0
9.098660100018606,2404992.0
9.100658300099894,2404995.0
9.102657400071621,2404996.0
9.10465980018489,2404999.0
9.140699000097811,2405035.0
9.142670700093731,2405036.0
9.14466550014913,2405039.0
9.146662200102583,2405040.0
9.148657700046897,2405042.0
9.150660700164735,2405045.0
9.152655499987304,2405046.0
9.154688199982047,2405049.0
9.156677999999374,2405050.0
9.158672700170428,2405052.0
9.160692800069228,2405055.0
9.197687400039285,2405091.0
9.199666700093076,2405094.0
9.201665100175887,2405095.0
9.203683100175112,2405097.0
9.205674100201577,2405100.0
9.207665900001302,2405101.0
9.209657600149512,2405104.0
9.211656800005585,2405105.0
9.213657499989495,2405108.0
9.21570420009084,2405110.0
9.219664399977773,2405111.0
9.255686100106686,2405149.0
9.257669600192457,2405152.0
9.259659100091085,2405153.0
9.261670100037009,2405155.0
9.264658600091934,2405158.0
9.266656400170177,2405161.0
9.268657700158656,2405163.0
9.270662700058892,2405164.0
9.272675100015476,2405167.0
9.274661100003868,2405168.0
9.30569150019437,2405200.0
9.307679900201038,2405201.0
9.30967600014992,2405204.0
9.311665900051594,2405205.0
9.31366500002332,2405208.0
9.315662400098518,2405210.0
9.317663200199604,2405211.0
9.31966120004654,2405214.0
9.32167030009441,2405215.0
9.323689900105819,2405218.0
9.356684200000018,2405250.0
9.358693500049412,2405253.0
9.36066670017317,2405254.0
9.364660600200295,2405258.0
9.366658500162885,2405261.0
9.36869280016981,2405262.0
9.370678100036457,2405265.0
9.372667900053784,2405267.0
9.374664600007236,2405268.0
9.405691700056195,2405299.0
9.40767060010694,2405302.0
9.409662300022319,2405303.0
9.411660599987954,2405306.0
9.413658100180328,2405308.0
9.415681899990886,2405309.0
9.417663500178605,2405312.0
9.419658900005743,2405313.0
9.421663100132719,2405316.0
9.42466380004771,2405318.0
9.455684100044891,2405350.0
9.457669400144368,2405351.0
9.459661700064316,2405354.0
9.461660000029951,2405356.0
9.464661800069734,2405358.0
9.466658800141886,2405361.0
9.468662300147116,2405362.0
9.470660400111228,2405365.0
9.472685500048101,2405366.0
9.474663899978623,2405369.0
9.505683100083843,2405400.0
9.50766950007528,2405401.0
9.50970960012637,2405404.0
9.51167540019378,2405406.0
9.513662200188264,2405407.0
9.515662600053474,2405410.0
9.517658400116488,2405411.0
9.519691900117323,2405414.0
9.521671700058505,2405416.0
9.52468780009076,2405418.0
9.555689500179142,2405449.0
9.557677600067109,2405452.0
9.559662300162017,2405454.0
9.561662600142881,2405455.0
9.564660800155252,2405458.0
9.56665930012241,2405460.0
9.568659099983051,2405463.0
9.570732900174335,2405464.0
9.57268530013971,2405467.0
9.574665300082415,2405469.0
9.605679800035432,2405499.0
9.607670800061896,2405502.0
9.609664400108159,2405504.0
9.611661500064656,2405505.0
9.613657200010493,2405508.0
9.615657600108534,2405509.0
9.617660599993542,2405512.0
9.619673000182956,2405514.0
9.621668000007048,2405515.0
9.62366360006854,2405518.0
9.62566260015592,2405519.0
9.657693000044674,2405552.0
9.659663900034502,2405553.0
9.661661100108176,2405556.0
9.664662000024691,2405558.0
9.666683100163937,2405561.0
9.668662900105119,2405562.0
9.670670200139284,2405565.0
9.672661100048572,2405567.0
9.674664300167933,2405568.0
9.676658899988979,2405571.0
9.709688500035554,2405603.0
9.711672500008717,2405606.0
9.713664000155404,2405607.0
9.715661500114948,2405610.0
9.717661699978635,2405612.0
9.719659600174055,2405614.0
9.721678800182417,2405616.0
9.72366250003688,2405617.0
9.72566320002079,2405620.0
9.727680100128055,2405621.0
9.729661100078374,2405624.0
9.761681400006637,2405655.0
9.763667500112206,2405658.0
9.765663100173697,2405659.0
9.767661100020632,2405662.0
9.76965990010649,2405663.0
9.771688700187951,2405666.0
9.77367650019005,2405668.0
9.775666299974546,2405670.0
9.777662500040606,2405672.0
9.779660500120372,2405673.0
9.81168570020236,2405705.0
9.813668300164863,2405708.0
9.81566289998591,2405709.0
9.817664900096133,2405712.0
9.819659300148487,2405714.0
9.821704400004819,2405715.0
9.823666700161994,2405718.0
9.825663800118491,2405719.0
9.827661100076512,2405722.0
9.829659800045192,2405724.0
9.835665800143033,2405729.0
9.867709000129253,2405761.0
9.869684600038454,2405764.0
9.87169639999047,2405766.0
9.873669299995527,2405767.0
9.875665500061586,2405770.0
9.877659199992195,2405771.0
9.879662899998948,2405774.0
9.881688200170174,2405776.0
9.883677000179887,2405777.0
9.885682300198823,2405780.0
9.918691599974409,2405812.0
9.920683200005442,2405815.0
9.924679900053889,2405818.0
9.926674700109288,2405821.0
9.92869590013288,2405822.0
9.930693600093946,2405825.0
9.932669300120324,2405826.0
9.934662100160494,2405829.0
9.936665800167248,2405831.0
9.968695100164041,2405863.0
9.970675399992615,2405865.0
9.972671000054106,2405866.0
9.974703300045803,2405869.0
9.978671099990606,2405872.0
9.980664300033823,2405875.0
9.984668500022963,2405876.0
9.986668199999258,2405880.0
10.017686400096864,2405912.0
10.019667700165883,2405914.0
10.021685600047931,2405915.0
10.023665599990636,2405918.0
10.025665700202808,2405919.0
10.027662300039083,2405922.0
10.029659500112757,2405924.0
10.031661600107327,2405925.0
10.034658800112084,2405928.0
10.036690599983558,2405930.0
10.067704000044614,2405961.0
10.069669600110501,2405964.0
10.071667100070044,2405965.0
10.073665800038725,2405968.0
10.075665400130674,2405970.0
10.077659700065851,2405971.0
10.079661700176075,2405974.0
10.081659500021487,2405975.0
10.08469619997777,2405978.0
10.086677600163966,2405980.0
10.11769810016267,2406012.0
10.119671600172296,2406013.0
10.12166880001314,2406016.0
10.124667400028557,2406018.0
10.126663299975917,2406021.0
10.128662200178951,2406022.0
10.130675200140104,2406025.0
10.132664000149816,2406027.0
10.134662500116974,2406028.0
10.136660800082609,2406031.0
10.164685999974608,2406058.0
10.166668700054288,2406061.0
10.168664300115779,2406062.0
10.170670200139284,2406065.0
10.172662600176409,2406067.0
10.174667800078169,2406068.0
10.176676100119948,2406071.0
10.178667500149459,2406072.0
10.180661600083113,2406075.0
10.184664100175723,2406078.0
10.212690400192514,2406106.0
10.214669300010428,2406109.0
10.216664500068873,2406111.0
10.218663000036031,2406112.0
10.220672300085425,2406115.0
10.222675600089133,2406116.0
10.224666400114074,2406119.0
10.226662500062957,2406121.0
10.228661800036207,2406123.0
10.232664000010118,2406126.0
10.261687600053847,2406156.0
10.264675199985504,2406158.0
10.266670900164172,2406161.0
10.26868259999901,2406162.0
10.270686800125986,2406165.0
10.272667600074783,2406167.0
10.274668600177392,2406168.0
10.276661599986255,2406171.0
10.278660000069067,2406172.0
10.280660400167108,2406175.0
10.312692400068045,2406207.0
10.316692000022158,2406210.0
10.31866900017485,2406212.0
10.320674800081179,2406215.0
10.322664600098506,2406216.0
10.32466799998656,2406219.0
10.326662800041959,2406221.0
10.328662300016731,2406222.0
10.330662300111726,2406225.0
10.362694500014186,2406257.0
10.364670400042087,2406258.0
10.366672300035134,2406261.0
10.368666500085965,2406263.0
10.370671600103378,2406265.0
10.372666700044647,2406267.0
10.37466760003008,2406268.0
10.376666700001806,2406271.0
10.378677100175992,2406273.0
10.380667500197887,2406275.0
10.411683300044388,2406305.0
10.413667400134727,2406308.0
10.41569590009749,2406310.0
10.417663600062951,2406312.0
10.419660900020972,2406314.0
10.421667200047523,2406315.0
10.424707400146872,2406318.0
10.426674399990588,2406320.0
10.428665600018576,2406323.0
10.430663800099865,2406324.0
10.462685300037265,2406357.0
10.464670400135219,2406359.0
10.467665900010616,2406361.0
10.469666399993002,2406363.0
10.47169809998013,2406366.0
10.47366730007343,2406367.0
10.475666700163856,2406370.0
10.477665100013837,2406372.0
10.479661400197074,2406374.0
10.481661100173369,2406376.0
10.51268390007317,2406407.0
10.514667200157419,2406409.0
10.516671700170264,2406411.0
10.518674700055271,2406413.0
10.52067770017311,2406414.0
10.52466810005717,2406417.0
10.526664100121707,2406421.0
10.528665299993008,2406423.0
10.530661000171676,2406424.0
10.561686600092798,2406456.0
10.56468730000779,2406458.0
10.56666800007224,2406461.0
10.568665000144392,2406462.0
10.57067080005072,2406465.0
10.572662400081754,2406467.0
10.574668399989605,2406469.0
10.576663800049573,2406471.0
10.578661000123248,2406472.0
10.580693900119513,2406475.0
10.611695700092241,2406505.0
10.613669899990782,2406508.0
10.615664100041613,2406510.0
10.617662300122902,2406511.0
10.621670400025323,2406514.0
10.624668800039217,2406518.0
10.6266648999881,2406521.0
10.628681200090796,2406523.0
10.630664800060913,2406525.0
10.662701500114053,2406556.0
10.664669500198215,2406559.0
10.66666500014253,2406560.0
10.668664600001648,2406563.0
10.670673200162128,2406565.0
10.672663500066847,2406567.0
10.674689900130033,2406569.0
10.676667100051418,2406570.0
10.67866239999421,2406573.0
10.680662600090727,2406575.0
10.712688400177285,2406607.0
10.714670800138265,2406608.0
10.716678300173953,2406611.0
10.718669600086287,2406612.0
10.720693700015545,2406615.0
10.724675000179559,2406618.0
10.72666440019384,2406621.0
10.72866370016709,2406622.0
10.730662300018594,2406625.0
10.763689300045371,2406657.0
10.765670099994168,2406660.0
10.767685000086203,2406662.0
10.769666600041091,2406664.0
10.771676799980924,2406666.0
10.773664599983022,2406667.0
10.775665600085631,2406670.0
10.777664300054312,2406672.0
10.779661600012332,2406674.0
10.781663000117987,2406676.0
10.784690900007263,2406678.0
10.8176940002013,2406712.0
10.819667899981141,2406713.0
10.821669000200927,2406716.0
10.823664100142196,2406718.0
10.82566750003025,2406720.0
10.827663799980655,2406722.0
10.82966970000416,2406723.0
10.831697600195184,2406726.0
10.83368970011361,2406728.0
10.8356943000108,2406730.0
10.870700499974191,2406765.0
10.872683900175616,2406766.0
10.874679600121453,2406769.0
10.876692600082606,2406770.0
10.878687400138006,2406773.0
10.880675200140104,2406775.0
10.882673700107262,2406776.0
10.884682000149041,2406779.0
10.886680100113153,2406780.0
10.888679699972272,2406783.0
10.922707700170577,2406817.0
10.924675100017339,2406818.0
10.92767220013775,2406822.0
10.930666300002486,2406824.0
10.932662800187245,2406827.0
10.934662300162017,2406828.0
10.936665900051594,2406831.0
10.93870020005852,2406832.0
10.940701100043952,2406835.0
10.944695600075647,2406838.0
10.980692900018767,2406875.0
10.98469900013879,2406877.0
10.986672700149938,2406881.0
10.988670699996874,2406883.0
10.990670000202954,2406885.0
10.992666800040752,2406887.0
10.994665800128132,2406888.0
10.996662800200284,2406891.0
10.998662400059402,2406893.0
11.031713700154796,2406926.0
11.033676400082186,2406927.0
11.037685800110921,2406930.0
11.03967470000498,2406934.0
11.041669000172988,2406936.0
11.044665000168607,2406938.0
11.046667200047523,2406941.0
11.048668900039047,2406942.0
11.0506633000914,2406945.0
11.08470270014368,2406979.0
11.086672500008717,2406981.0
11.088689099997282,2406983.0
11.090676099993289,2406984.0
11.092666600132361,2406987.0
11.094677300192416,2406989.0
11.096666499972343,2406991.0
11.09866450005211,2406993.0
11.100663000019267,2406994.0
11.103666700189933,2406997.0
11.136696900008246,2407030.0
11.13968909997493,2407033.0
11.141672400059178,2407035.0
11.143667000113055,2407038.0
11.145665100077167,2407039.0
11.147665100172162,2407042.0
11.149663500022143,2407044.0
11.151706200093031,2407046.0
11.153669100021943,2407048.0
11.155702500138432,2407049.0
11.188689700094983,2407083.0
11.190674800192937,2407085.0
11.192666999995708,2407087.0
11.194664500188082,2407088.0
11.196664500050247,2407091.0
11.198663900140673,2407093.0
11.200668500037864,2407095.0
11.204694400075823,2407097.0
11.206681900192052,2407101.0
11.239686800166965,2407134.0
11.241675400175154,2407136.0
11.244667500024661,2407138.0
11.246664599981159,2407141.0
11.248683599987999,2407143.0
11.250672100111842,2407145.0
11.252681400161237,2407147.0
11.25469349999912,2407148.0
11.256692999973893,2407151.0
11.258667099988088,2407153.0
11.29168780008331,2407186.0
11.293678299989551,2407188.0
11.295667700003833,2407190.0
11.29766480019316,2407191.0
11.299665000056848,2407194.0
11.30166450003162,2407196.0
11.304692800156772,2407198.0
11.306666400050744,2407200.0
11.30866580014117,2407203.0
11.3106786001008,2407205.0
11.344690800178796,2407238.0
11.346670700004324,2407241.0
11.348665800178424,2407243.0
11.350665600039065,2407245.0
11.3526642001234,2407246.0
11.35469439998269,2407249.0
11.356693800073117,2407251.0
11.358669799985364,2407253.0
11.360664300154895,2407255.0
11.364668500144035,2407256.0
11.397689800010994,2407292.0
11.399671100080013,2407294.0
11.401674900203943,2407296.0
11.403688400052488,2407298.0
11.405668999999762,2407300.0
11.407671099994332,2407302.0
11.409666300052777,2407304.0
11.411664700135589,2407305.0
11.413663499988616,2407308.0
11.415665399981663,2407310.0
11.417662600055337,2407312.0
11.450692699989304,2407345.0
11.45267270016484,2407347.0
11.454688200028613,2407349.0
11.456672900123522,2407350.0
11.458669000072405,2407353.0
11.46066560014151,2407355.0
11.462679200107232,2407357.0
11.464697299990803,2407359.0
11.46766550000757,2407361.0
11.469664700096473,2407364.0
11.504713600035757,2407397.0
11.50667510018684,2407401.0
11.5086707000155,2407403.0
11.510685099987313,2407405.0
11.512670800089836,2407407.0
11.51466630003415,2407409.0
11.516667400021106,2407411.0
11.51866600010544,2407413.0
11.520667500095442,2407415.0
11.524688400095329,2407416.0
11.557688800152391,2407452.0
11.55967009998858,2407453.0
11.561668600188568,2407456.0
11.564667700091377,2407458.0
11.566666800063103,2407461.0
11.568665000144392,2407463.0
11.570676400093362,2407465.0
11.572684800019488,2407467.0
11.574675900163129,2407469.0
11.576666800072417,2407471.0
11.610700900200754,2407505.0
11.612673500087112,2407507.0
11.614669400034472,2407509.0
11.616675600176677,2407511.0
11.618671600008383,2407512.0
11.620697700185701,2407515.0
11.622672000201419,2407517.0
11.624674800084904,2407519.0
11.626666400115937,2407521.0
11.628665400203317,2407522.0
11.661688900087029,2407556.0
11.66367520019412,2407558.0
11.665669600013644,2407559.0
11.667678600177169,2407562.0
11.669668500078842,2407564.0
11.671672000084072,2407566.0
11.673666500020772,2407568.0
11.675669200019911,2407570.0
11.677665300201625,2407572.0
11.679666300071403,2407574.0
11.681668900186196,2407576.0
11.715687000192702,2407610.0
11.717672600178048,2407612.0
11.719668400008231,2407614.0
11.721685600001365,2407616.0
11.724674200173467,2407618.0
11.72666890011169,2407621.0
11.728694300167263,2407623.0
11.73066720017232,2407625.0
11.732666100142524,2407627.0
11.734666500007734,2407629.0
11.767691600136459,2407662.0
11.769673600094393,2407664.0
11.771684000035748,2407666.0
11.773668800015002,2407668.0
11.77568870014511,2407670.0
11.77767079998739,2407672.0
11.779668000061065,2407674.0
11.781667400151491,2407676.0
11.785668700002134,2407679.0
11.819695700192824,2407714.0
11.821695200167596,2407716.0
11.824678800068796,2407718.0
11.826668800087646,2407721.0
11.82866740017198,2407723.0
11.83066500001587,2407725.0
11.832664699992165,2407727.0
11.834664600202814,2407729.0
11.836667800089344,2407731.0
11.838694400154054,2407733.0
11.870715799974278,2407764.0
11.87269140011631,2407767.0
11.874692999990657,2407769.0
11.876679100096226,2407771.0
11.878674800042063,2407773.0
11.880682200193405,2407775.0
11.882690800121054,2407777.0
11.884686200181022,2407779.0
11.886676300084218,2407781.0
11.888683000113815,2407783.0
11.89069230016321,2407785.0
11.924701000098139,2407818.0
11.926673599984497,2407821.0
11.92870940011926,2407823.0
11.930682700127363,2407825.0
11.932668900117278,2407827.0
11.93466869997792,2407829.0
11.936665500048548,2407831.0
11.938696100143716,2407833.0
11.940675100078806,2407835.0
11.944689800031483,2407837.0
11.976697199977934,2407871.0
11.97867550002411,2407873.0
11.980668100062758,2407875.0
11.98467250005342,2407877.0
11.986667700111866,2407881.0
11.988689700141549,2407883.0
11.990691600134596,2407885.0
11.992705299984664,2407887.0
11.994702400173992,2407889.0
11.9966702000238,2407891.0
12.02969910018146,2407924.0
12.03170710010454,2407926.0
12.03368530003354,2407928.0
12.035680599976331,2407930.0
12.037720100022852,2407932.0
12.039672699989751,2407934.0
12.041672200197354,2407936.0
12.044666200177744,2407938.0
12.046668000053614,2407941.0
12.04867050005123,2407943.0
12.080690700095147,2407975.0
12.082679799990728,2407977.0
12.084700900129974,2407979.0
12.08669100003317,2407981.0
12.08868829999119,2407983.0
12.090862600132823,2407985.0
12.092672700062394,2407987.0
12.094667800003663,2407989.0
12.096666699973866,2407991.0
12.09872050001286,2407993.0
12.13669540011324,2408031.0
12.13869890011847,2408033.0
12.140688300132751,2408035.0
12.144683100050315,2408037.0
12.146690899971873,2408041.0
12.148688400164247,2408043.0
12.150680900085717,2408045.0
12.15270800003782,2408047.0
12.154691300122067,2408049.0
12.19069050019607,2408085.0
12.192680600099266,2408087.0
12.19467160012573,2408089.0
12.196667400188744,2408091.0
12.198666600044817,2408093.0
12.200665900018066,2408095.0
12.202665599994361,2408097.0
12.204695800086483,2408099.0
12.206687200115994,2408101.0
12.208678800147027,2408103.0
12.240692800143734,2408135.0
12.243673600023612,2408137.0
12.24566930020228,2408140.0
12.247668500058353,2408142.0
12.249670800054446,2408144.0
12.251666900003329,2408146.0
12.25371990003623,2408148.0
12.255693000042811,2408150.0
12.25767570012249,2408152.0
12.25966880004853,2408154.0
12.291692700004205,2408186.0
12.293675600085407,2408188.0
12.295670200139284,2408190.0
12.29766759998165,2408192.0
12.299667400075123,2408194.0
12.30169660015963,2408196.0
12.30370660009794,2408198.0
12.30567350005731,2408200.0
12.30767450015992,2408202.0
12.310668400023133,2408204.0
12.344715900020674,2408237.0
12.346681700088084,2408241.0
12.348689900012687,2408243.0
12.350672600092366,2408245.0
12.352671900065616,2408247.0
12.354673500172794,2408249.0
12.356667400104925,2408251.0
12.35867530014366,2408253.0
12.360670200083405,2408255.0
12.392695300048217,2408287.0
12.394679000135511,2408289.0
12.39668000000529,2408291.0
12.3986717001535,2408293.0
12.400669200113043,2408295.0
12.4026680001989,2408297.0
12.404673299985006,2408299.0
12.406667900038883,2408301.0
12.408705600071698,2408303.0
12.410674500046298,2408305.0
12.412679800065234,2408307.0
12.444693600060418,2408339.0
12.446676700143144,2408341.0
12.448669700184837,2408343.0
12.450669100042433,2408345.0
12.452668000012636,2408347.0
12.45471390010789,2408349.0
12.456674400018528,2408351.0
12.458680700045079,2408353.0
12.460670800181106,2408355.0
12.462667800020427,2408357.0
12.494694400113076,2408389.0
12.496675700182095,2408391.0
12.498672000132501,2408393.0
12.500669500092044,2408395.0
12.502673800103366,2408397.0
12.504687100183219,2408399.0
12.506670700153336,2408401.0
12.508674900047481,2408403.0
12.51066999998875,2408405.0
12.512669800082222,2408407.0
12.51466690003872,2408409.0
12.546695500146598,2408441.0
12.548676999984309,2408443.0
12.550691500073299,2408445.0
12.552679000189528,2408447.0
12.554680600063875,2408449.0
12.556670600082725,2408451.0
12.558702500071377,2408453.0
12.560668900143355,2408455.0
12.56467970018275,2408457.0
12.59670180012472,2408491.0
12.598676100140437,2408493.0
12.600673000095412,2408495.0
12.60267180018127,2408497.0
12.604671500157565,2408499.0
12.60666700010188,2408501.0
12.610685400199145,2408503.0
12.612681500148028,2408507.0
12.614670700160787,2408509.0
12.61667070002295,2408511.0
12.648689500056207,2408543.0
12.650674500036985,2408545.0
12.652671199990436,2408547.0
12.654674000106752,2408549.0
12.656670100055635,2408551.0
12.658694599987939,2408553.0
12.660673800157383,2408555.0
12.662670399993658,2408557.0
12.664671200094745,2408559.0
12.666669300058857,2408561.0
12.698693600017577,2408593.0
12.700675599975511,2408595.0
12.702670500148088,2408597.0
12.704702300019562,2408599.0
12.70668560010381,2408601.0
12.708674000110477,2408603.0
12.71067010005936,2408605.0
12.712668700143695,2408607.0
12.71466870000586,2408609.0
12.716699300101027,2408611.0
12.749696900136769,2408644.0
12.751690500183031,2408646.0
12.753681800095364,2408648.0
12.755672600120306,2408650.0
12.757681200047955,2408652.0
12.75967020005919,2408654.0
12.761667700018734,2408656.0
12.76366960001178,2408658.0
12.765668400097638,2408660.0
12.767695200163871,2408662.0
12.769672100199386,2408664.0
12.805690500186756,2408700.0
12.80767390015535,2408702.0
12.809681600192562,2408704.0
12.81167079997249,2408706.0
12.813670300180092,2408708.0
12.815692499978468,2408710.0
12.817686000140384,2408712.0
12.81970540015027,2408714.0
12.821679000044242,2408716.0
12.82467870018445,2408719.0
12.858701599994674,2408753.0
12.86067850003019,2408755.0
12.862705900100991,2408757.0
12.864675700198859,2408759.0
12.866670000134036,2408761.0
12.868669900111854,2408763.0
12.870682500069961,2408765.0
12.872670900076628,2408767.0
12.874675000086427,2408769.0
12.878689700039104,2408772.0
12.913701300043613,2408808.0
12.915693700080737,2408810.0
12.91769150015898,2408812.0
12.919687800109386,2408814.0
12.921684900065884,2408816.0
12.923699100036174,2408818.0
12.925712099997327,2408820.0
12.927674100035802,2408822.0
12.929671199992299,2408824.0
12.931669300189242,2408826.0
12.96570000005886,2408860.0
12.967675600200891,2408862.0
12.969694999977946,2408864.0
12.971696600085124,2408866.0
12.9736746000126,2408868.0
12.975671800086275,2408870.0
12.977669100044295,2408872.0
12.979669000022113,2408874.0
12.98167150001973,2408876.0
12.983667999971658,2408878.0
13.016704700188711,2408911.0
13.018685400020331,2408913.0
13.020695000188425,2408915.0
13.022676600143313,2408917.0
13.024678400019184,2408919.0
13.026671400060877,2408921.0
13.02867060014978,2408923.0
13.030673400033265,2408925.0
13.032705000136048,2408927.0
13.034686000086367,2408929.0
13.069696700200438,2408964.0
13.07169170002453,2408966.0
13.073697600048035,2408968.0
13.075673300074413,2408970.0
13.077669500140473,2408972.0
13.079702700022608,2408974.0
13.081681900192052,2408976.0
13.084680600091815,2408978.0
13.086728000082076,2408981.0
13.088695000158623,2408983.0
13.121702400036156,2409016.0
13.123675900045782,2409018.0
13.12570480001159,2409020.0
13.127676200121641,2409022.0
13.129671900067478,2409024.0
13.131672600051388,2409026.0
13.133670300012454,2409028.0
13.135670199990273,2409030.0
13.137673400109634,2409032.0
13.139737599994987,2409034.0
13.141725599998608,2409036.0
13.175693599972874,2409070.0
13.177677300060168,2409072.0
13.179674200015143,2409074.0
13.181671000085771,2409076.0
13.184671900002286,2409079.0
13.186675900127739,2409081.0
13.188681100029498,2409083.0
13.19070120016113,2409085.0
13.192672800039873,2409087.0
13.194669499993324,2409089.0
13.228696100180969,2409123.0
13.230677000014111,2409125.0
13.232672200072557,2409127.0
13.234728600131348,2409129.0
13.236677600070834,2409131.0
13.238689800025895,2409133.0
13.240677100140601,2409135.0
13.242671900196001,2409137.0
13.244669700041413,2409139.0
13.246669200016186,2409141.0
13.279695500154048,2409174.0
13.281683000037447,2409176.0
13.284675300121307,2409178.0
13.286671900190413,2409181.0
13.288689100183547,2409183.0
13.29068009997718,2409185.0
13.292672600131482,2409187.0
13.294670900097117,2409189.0
13.296698200050741,2409191.0
13.298697200138122,2409193.0
13.33169660018757,2409226.0
13.333676900016144,2409228.0
13.335675199981779,2409230.0
13.337755599990487,2409232.0
13.339684000005946,2409234.0
13.341675400035456,2409236.0
13.343684900086373,2409238.0
13.34567950014025,2409240.0
13.347680100006983,2409242.0
13.349671400152147,2409244.0
13.35368030006066,2409247.0
13.387694300152361,2409282.0
13.389679300133139,2409284.0
13.39169740001671,2409286.0
13.393677400192246,2409288.0
13.39567460003309,2409290.0
13.397671499988064,2409292.0
13.399670500075445,2409294.0
13.401669600047171,2409296.0
13.403672800166532,2409298.0
13.405699500115588,2409300.0
13.4397028000094,2409334.0
13.441680500051007,2409336.0
13.44367459998466,2409338.0
13.44567110016942,2409340.0
13.447671400150284,2409342.0
13.449684400111437,2409344.0
13.451672700000927,2409346.0
13.453685100190341,2409348.0
13.45569820003584,2409350.0
13.457677000202239,2409352.0
13.491696800105274,2409386.0
13.493678100174293,2409388.0
13.495673200115561,2409390.0
13.497671300079674,2409392.0
13.499678099993616,2409394.0
13.501689900178462,2409396.0
13.504682100145146,2409399.0
13.506671100156382,2409401.0
13.508677300065756,2409403.0
13.510672500124201,2409405.0
13.54469420015812,2409439.0
13.546686200192198,2409441.0
13.54867360019125,2409443.0
13.550676600076258,2409445.0
13.552672300022095,2409447.0
13.554705600021407,2409449.0
13.556679100031033,2409451.0
13.558674999978393,2409453.0
13.560671400045976,2409455.0
13.562686800025403,2409457.0
13.596700499998406,2409491.0
13.598679000046104,2409493.0
13.600674600107595,2409495.0
13.60267150006257,2409497.0
13.604700500145555,2409499.0
13.60668299999088,2409501.0
13.608675600029528,2409503.0
13.610677300021052,2409505.0
13.612700200174004,2409507.0
13.61467090016231,2409509.0
13.648708800086752,2409543.0
13.650679200189188,2409545.0
13.652673400007188,2409547.0
13.654703000094742,2409549.0
13.656688900198787,2409551.0
13.65867769997567,2409553.0
13.66167280008085,2409555.0
13.663674700073898,2409558.0
13.665671500144526,2409560.0
13.667671300005168,2409562.0
13.702723300084472,2409595.0
13.70469700009562,2409599.0
13.706677700160071,2409601.0
13.70867560012266,2409603.0
13.71067320019938,2409605.0
13.712673400063068,2409607.0
13.714673100039363,2409609.0
13.716669700108469,2409611.0
13.71869570016861,2409613.0
13.720682700164616,2409615.0
13.75471100001596,2409649.0
13.756689500063658,2409651.0
13.758679300080985,2409653.0
13.76067590015009,2409655.0
13.762674099998549,2409657.0
13.764673000201583,2409659.0
13.766675900202245,2409661.0
13.768671000143513,2409663.0
13.770682099973783,2409665.0
13.772780200000852,2409667.0
13.806694000028074,2409701.0
13.80867650010623,2409703.0
13.810675100190565,2409705.0
13.81267760018818,2409707.0
13.81467240001075,2409709.0
13.816673000110313,2409711.0
13.818673900095746,2409713.0
13.820682100020349,2409715.0
13.82268390012905,2409717.0
13.824686900014058,2409719.0
13.826679800171405,2409721.0
13.860698300180957,2409755.0
13.864686000160873,2409757.0
13.86667920020409,2409761.0
13.868682499974966,2409763.0
13.870686900103465,2409765.0
13.872725900029764,2409767.0
13.874699200037867,2409769.0
13.876680799992755,2409771.0
13.878678900189698,2409773.0
13.911706000100821,2409806.0
13.913695299997926,2409808.0
13.915691200178117,2409810.0
13.91769320005551,2409812.0
13.919703300110996,2409814.0
13.921690500108525,2409816.0
13.923676500096917,2409818.0
13.92567630019039,2409820.0
13.928672100184485,2409823.0
13.930671200156212,2409825.0
13.963699100073427,2409858.0
13.965703700203449,2409860.0
13.967682300135493,2409862.0
13.96967690018937,2409864.0
13.971792200114578,2409866.0
13.97367800003849,2409868.0
13.975675000110641,2409870.0
13.977673300076276,2409872.0
13.979672600049525,2409874.0
13.981698600109667,2409876.0
13.984679599991068,2409878.0
14.017699400195852,2409912.0
14.019680000143126,2409914.0
14.021697800140828,2409916.0
14.023679200094193,2409918.0
14.025676000164822,2409920.0
14.027698600199074,2409922.0
14.029674699995667,2409924.0
14.031751400092617,2409926.0
14.033673000056297,2409928.0
14.0356722001452,2409930.0
14.069705800153315,2409964.0
14.07170070009306,2409966.0
14.073692300124094,2409968.0
14.075678500114009,2409970.0
14.077675300184637,2409972.0
14.079673600150272,2409974.0
14.08167210011743,2409976.0
14.084672600030899,2409979.0
14.08667160011828,2409981.0
14.088684300193563,2409983.0
14.125703900121152,2410020.0
14.127705699997023,2410022.0
14.129688900196925,2410024.0
14.131690200185403,2410026.0
14.133692700183019,2410028.0
14.13572040013969,2410030.0
14.137685000197962,2410032.0
14.139673200203106,2410034.0
14.141686800168827,2410036.0
14.144677000120282,2410039.0
14.17770850006491,2410072.0
14.179679000051692,2410074.0
14.1816823000554,2410076.0
14.18468390009366,2410079.0
14.186676000012085,2410081.0
14.188679300015792,2410083.0
14.190677100094035,2410085.0
14.19267290015705,2410087.0
14.194672100013122,2410089.0
14.196672399993986,2410091.0
14.228709700051695,2410123.0
14.230696500046179,2410125.0
14.232688600197434,2410127.0
14.23468350013718,2410129.0
14.23668140009977,2410131.0
14.238702300004661,2410133.0
14.242689599981532,2410136.0
14.244708500104025,2410139.0
14.24669160018675,2410141.0
14.279699500184506,2410174.0
14.28168180002831,2410176.0
14.284682200057432,2410179.0
14.286673600086942,2410181.0
14.289693500148132,2410184.0
14.291687900200486,2410186.0
14.294676200021058,2410189.0
14.296675000106916,2410191.0
14.298674000194296,2410193.0
14.330707699991763,2410225.0
14.33268820005469,2410227.0
14.334682800108567,2410229.0
14.336710300063714,2410231.0
14.338688099989668,2410233.0
14.341683600097895,2410236.0
14.343675600131974,2410238.0
14.345675199991092,2410240.0
14.347673200070858,2410242.0
14.349672000156716,2410244.0
14.384718000190333,2410277.0
14.38668160000816,2410281.0
14.388684300007299,2410283.0
14.390681200195104,2410285.0
14.39267580001615,2410287.0
14.394672899972647,2410289.0
14.396673700073734,2410291.0
14.398696500109509,2410293.0
14.400679300073534,2410295.0
14.433699100045487,2410328.0
14.435680400114506,2410330.0
14.437695200089365,2410332.0
14.439676300156862,2410334.0
14.44368140003644,2410336.0
14.445705200079829,2410340.0
14.44768500002101,2410342.0
14.449675900163129,2410344.0
14.451674700016156,2410346.0
14.4836991999764,2410378.0
14.486689600162208,2410381.0
14.488694500178099,2410383.0
14.491686300141737,2410385.0
14.49367790017277,2410388.0
14.495750000001863,2410390.0
14.497674100100994,2410392.0
14.499675299972296,2410394.0
14.501672700047493,2410396.0
14.504678700119257,2410399.0
14.537713000085205,2410432.0
14.53969890018925,2410434.0
14.54168270016089,2410436.0
14.544677200028673,2410439.0
14.546676400117576,2410441.0
14.548676100093871,2410443.0
14.550674500176683,2410445.0
14.55267360014841,2410447.0
14.554682000074536,2410449.0
14.556702099973336,2410451.0
14.58870550012216,2410483.0
14.590702400077134,2410485.0
14.592683100141585,2410487.0
14.59467940009199,2410489.0
14.59667620016262,2410491.0
14.598674400011078,2410493.0
14.600678800139576,2410495.0
14.60469439998269,2410497.0
14.60669849999249,2410501.0
14.639698800165206,2410534.0
14.641687500057742,2410536.0
14.644677000120282,2410539.0
14.646685000043362,2410541.0
14.648687800159678,2410543.0
14.650677300058305,2410545.0
14.652674000011757,2410547.0
14.654679800150916,2410549.0
14.656681400025263,2410551.0
14.658673100173473,2410553.0
14.69270410016179,2410587.0
14.694694200064987,2410589.0
14.696677000029013,2410591.0
14.698675299994648,2410593.0
14.70067370007746,2410595.0
14.704710500082001,2410597.0
14.706684099975973,2410601.0
14.708682600175962,2410603.0
14.710690200095996,2410605.0
14.744700900046155,2410639.0
14.746680499985814,2410641.0
14.74867710005492,2410643.0
14.750675600022078,2410645.0
14.75267650000751,2410647.0
14.754717400064692,2410649.0
14.75669450010173,2410651.0
14.758680100087076,2410653.0
14.760675800032914,2410655.0
14.764677500119433,2410657.0
14.798710000002757,2410693.0
14.800682500004768,2410695.0
14.802680200198665,2410697.0
14.804699300089851,2410699.0
14.806677900021896,2410701.0
14.808682200033218,2410703.0
14.810676600085571,2410705.0
14.812675000168383,2410707.0
14.814673600019887,2410709.0
14.816677700029686,2410711.0
14.818680500146002,2410713.0
14.852700300049037,2410747.0
14.854685200145468,2410749.0
14.856676900060847,2410751.0
14.85867920005694,2410753.0
14.860678100027144,2410755.0
14.864682000130415,2410757.0
14.866688000038266,2410761.0
14.86867760005407,2410763.0
14.870677500031888,2410765.0
14.905700900126249,2410800.0
14.908686500042677,2410802.0
14.910677500069141,2410805.0
14.912698399974033,2410807.0
14.91468060016632,2410809.0
14.916675500106066,2410811.0
14.918674300191924,2410813.0
14.920679399976507,2410815.0
14.924682600190863,2410817.0
14.95971309999004,2410854.0
14.961684999987483,2410856.0
14.964677500072867,2410859.0
14.966676600044593,2410861.0
14.96867570001632,2410863.0
14.970686100190505,2410865.0
14.972684800159186,2410867.0
14.97470170003362,2410869.0
14.976679700193927,2410871.0
14.978676800150424,2410873.0
15.012704000109807,2410907.0
15.014682700159028,2410909.0
15.01667800010182,2410911.0
15.018678000196815,2410913.0
15.020686900010332,2410915.0
15.024693200131878,2410917.0
15.026680500013754,2410921.0
15.028675500070676,2410923.0
15.03067440004088,2410925.0
15.032674000132829,2410927.0
15.066696200054139,2410961.0
15.068709000013769,2410963.0
15.070686700055376,2410965.0
15.072679199976847,2410967.0
15.07468149997294,2410969.0
15.076675800140947,2410971.0
15.078676300123334,2410973.0
15.080673800082877,2410975.0
15.082674800185487,2410977.0
15.084726100089028,2410979.0
15.119704500073567,2411014.0
15.121686600148678,2411016.0
15.124686500057578,2411019.0
15.126679300097749,2411021.0
15.128677500179037,2411023.0
15.130682500079274,2411025.0
15.132717600092292,2411027.0
15.134678800124675,2411029.0
15.136676700087264,2411031.0
15.13868229999207,2411033.0
15.174701499985531,2411069.0
15.176717300200835,2411071.0
15.178706899983808,2411073.0
15.180693499976769,2411075.0
15.184688800014555,2411077.0
15.186679600039497,2411081.0
15.188694200012833,2411083.0
15.19069050019607,2411085.0
15.19267820008099,2411087.0
15.194691400043666,2411089.0
15.228714999975637,2411123.0
15.230709000024945,2411125.0
15.2346863001585,2411127.0
15.236678700195625,2411131.0
15.238693200051785,2411133.0
15.240689600119367,2411135.0
15.244682600023225,2411137.0
15.246676600072533,2411141.0
15.280703500146046,2411175.0
15.284697000170127,2411177.0
15.28667900012806,2411181.0
15.28870590007864,2411183.0
15.290686000138521,2411185.0
15.292680100072175,2411187.0
15.29467700002715,2411189.0
15.296678500017151,2411191.0
15.298679700121284,2411193.0
15.331698100082576,2411226.0
15.333684800192714,2411228.0
15.335684700170532,2411230.0
15.337686600163579,2411232.0
15.33967630006373,2411234.0
15.341678000055254,2411236.0
15.344677000073716,2411239.0
15.346675400156528,2411241.0
15.348674100125208,2411243.0
15.350709500024095,2411245.0
15.38370280014351,2411278.0
15.385684000095353,2411280.0
15.387687500100583,2411282.0
15.389676900114864,2411284.0
15.391680400120094,2411286.0
15.393677300075069,2411288.0
15.395678000058979,2411290.0
15.397703299997374,2411292.0
15.39968190016225,2411294.0
15.401676800101995,2411296.0
15.404690900119022,2411299.0
15.438705800101161,2411333.0
15.44069160008803,2411335.0
15.442685400135815,2411337.0
15.444693900179118,2411339.0
15.448682600166649,2411342.0
15.45067759999074,2411345.0
15.452676500193775,2411347.0
15.454680200200528,2411349.0
15.456697200192139,2411351.0
15.490718699991703,2411385.0
15.492684100056067,2411387.0
15.494679700117558,2411389.0
15.496678400086239,2411391.0
15.498676700051874,2411393.0
15.500675600022078,2411395.0
15.502699800068513,2411397.0
15.50472730002366,2411399.0
15.506695199990645,2411401.0
15.508680900093168,2411403.0
15.542704400140792,2411437.0
15.54468569997698,2411439.0
15.546681600157171,2411441.0
15.548677900107577,2411443.0
15.551676700124517,2411445.0
15.554708100156859,2411449.0
15.556682200171053,2411451.0
15.55968220019713,2411454.0
15.561678300146013,2411456.0
15.596703700022772,2411491.0
15.598682600073516,2411493.0
15.600714300060645,2411495.0
15.60270639997907,2411497.0
15.604701800039038,2411499.0
15.606696299975738,2411501.0
15.608694800175726,2411503.0
15.610694300150499,2411505.0
15.612692900002003,2411507.0
15.61469279997982,2411509.0
15.647714100079611,2411542.0
15.649685200070962,2411544.0
15.651693500112742,2411546.0
15.653691900195554,2411548.0
15.655680899973959,2411550.0
15.657683599973097,2411552.0
15.659678200026974,2411554.0
15.661680500023067,2411556.0
15.664693700149655,2411559.0
15.666680000023916,2411561.0
15.700712100137025,2411595.0
15.702686600154266,2411597.0
15.704699600115418,2411599.0
15.70668110018596,2411601.0
15.708691000007093,2411603.0
15.710682300152257,2411605.0
15.71267809998244,2411607.0
15.714678400196135,2411609.0
15.716677500167862,2411611.0
15.7186799000483,2411613.0
15.751703500049189,2411646.0
15.753689900040627,2411648.0
15.755700400099158,2411650.0
15.7576909000054,2411652.0
15.759683600161225,2411654.0
15.763699800008908,2411657.0
15.765677500050515,2411660.0
15.767677400028333,2411662.0
15.769675699993968,2411664.0
15.771704600192606,2411666.0
15.805700900033116,2411700.0
15.80768660013564,2411702.0
15.809679300058633,2411704.0
15.81168010015972,2411706.0
15.813678700011224,2411708.0
15.815675900084898,2411710.0
15.817711000097916,2411712.0
15.819685700116679,2411714.0
15.821686000097543,2411716.0
15.823683200171217,2411718.0
15.855700200190768,2411750.0
15.857692399993539,2411752.0
15.859682900132611,2411754.0
15.861680699978024,2411756.0
15.86469479999505,2411759.0
15.866691500181332,2411761.0
15.86868100007996,2411763.0
15.870682000182569,2411765.0
15.872784200124443,2411767.0
15.874681000132114,2411769.0
15.908710400108248,2411803.0
15.910708700073883,2411805.0
15.912701500114053,2411807.0
15.91469300002791,2411809.0
15.916679100133479,2411811.0
15.918678699992597,2411813.0
15.920684000011533,2411815.0
15.924683700082824,2411817.0
15.92670110007748,2411821.0
15.961713700089604,2411856.0
15.963683200068772,2411858.0
15.96568140015006,2411860.0
15.967678799992427,2411862.0
15.969679099973291,2411864.0
15.971712000202388,2411866.0
15.973697100067511,2411868.0
15.97568430006504,2411870.0
15.97767880000174,2411872.0
15.979678699979559,2411874.0
16.013708100188524,2411908.0
16.01568439998664,2411910.0
16.0176809001714,2411912.0
16.019702000077814,2411914.0
16.021687500178814,2411916.0
16.0236806999892,2411918.0
16.02568139997311,2411920.0
16.027677500154823,2411922.0
16.029708000132814,2411924.0
16.031684100162238,2411926.0
16.065731400158256,2411960.0
16.06769619998522,2411962.0
16.069684199988842,2411964.0
16.071682800073177,2411966.0
16.07367860013619,2411968.0
16.075679500121623,2411970.0
16.077677600085735,2411972.0
16.079757600091398,2411974.0
16.08169460017234,2411976.0
16.08469060016796,2411979.0
16.117712000152096,2412012.0
16.119685100158677,2412014.0
16.121686300029978,2412016.0
16.124687500065193,2412019.0
16.12667979998514,2412021.0
16.128729399992153,2412023.0
16.13068430009298,2412025.0
16.132680300157517,2412027.0
16.134678200120106,2412029.0
16.13667879998684,2412031.0
16.169709500158206,2412064.0
16.171690999995917,2412066.0
16.173686400055885,2412068.0
16.177708900067955,2412071.0
16.179686299990863,2412074.0
16.18168170005083,2412076.0
16.184681000187993,2412079.0
16.18667870014906,2412081.0
16.188690500101075,2412083.0
16.22472030017525,2412117.0
16.227699000155553,2412121.0
16.229687800165266,2412124.0
16.231688800035045,2412126.0
16.233693500049412,2412128.0
16.235685700085014,2412130.0
16.237694300012663,2412132.0
16.2396906001959,2412134.0
16.241683300118893,2412136.0
16.274701500078663,2412169.0
16.27670900011435,2412171.0
16.278680399991572,2412173.0
16.280679300194606,2412175.0
16.283703700173646,2412178.0
16.285686500137672,2412180.0
16.287697200197726,2412182.0
16.28968170005828,2412184.0
16.291685400065035,2412186.0
16.29367889999412,2412188.0
16.326712800189853,2412221.0
16.32869049999863,2412223.0
16.330697300145403,2412225.0
16.332684500142932,2412227.0
16.3346799002029,2412229.0
16.336679000174627,2412231.0
16.338682900182903,2412233.0
16.340682900045067,2412235.0
16.344697799999267,2412237.0
16.377715800190344,2412272.0
16.379686900181696,2412274.0
16.381680299993604,2412276.0
16.38468150002882,2412279.0
16.38667959999293,2412281.0
16.388683800119907,2412283.0
16.390683199977502,2412285.0
16.39270030008629,2412287.0
16.3946821000427,2412289.0
16.3966791999992,2412291.0
16.42970660002902,2412324.0
16.431685200193897,2412326.0
16.433687600074336,2412328.0
16.435682700015604,2412330.0
16.43769789999351,2412332.0
16.439681900199503,2412334.0
16.442684200126678,2412336.0
16.44467980018817,2412339.0
16.4466807001736,2412341.0
16.448678200133145,2412343.0
16.48170530004427,2412376.0
16.483701900113374,2412378.0
16.485684600193053,2412380.0
16.487706399988383,2412382.0
16.489694100106135,2412384.0
16.4916851001326,2412386.0
16.493680800078437,2412388.0
16.495679300045595,2412390.0
16.497678500134498,2412392.0
16.499692500103265,2412394.0
16.531708900118247,2412426.0
16.533687600167468,2412428.0
16.535681599983945,2412430.0
16.53769320016727,2412432.0
16.539688300108537,2412434.0
16.54168410017155,2412436.0
16.544684800086543,2412439.0
16.546684300061315,2412441.0
16.54868120001629,2412443.0
16.550679200096056,2412445.0
16.58270710008219,2412477.0
16.584686200134456,2412479.0
16.58668260020204,2412481.0
16.588700000196695,2412483.0
16.590692199999467,2412485.0
16.59271390014328,2412487.0
16.594694799976423,2412489.0
16.596683399984613,2412491.0
16.60068070003763,2412493.0
16.6026802000124,2412497.0
16.634705600095913,2412529.0
16.636687900172547,2412531.0
16.638698399998248,2412533.0
16.640692500164732,2412535.0
16.64268370019272,2412537.0
16.644685700070113,2412539.0
16.646680200006813,2412541.0
16.648680800106376,2412543.0
16.65067970007658,2412545.0
16.652680600062013,2412547.0
16.685708000091836,2412580.0
16.687705900054425,2412582.0
16.68968589999713,2412584.0
16.69168770010583,2412586.0
16.693683700170368,2412588.0
16.69568090001121,2412590.0
16.6976813999936,2412592.0
16.6996828999836,2412594.0
16.70168280019425,2412596.0
16.70369890006259,2412598.0
16.737718800082803,2412632.0
16.739694999996573,2412634.0
16.741687800036743,2412636.0
16.743683899985626,2412638.0
16.74568030005321,2412640.0
16.747680300148204,2412642.0
16.749694199999794,2412644.0
16.751681300112978,2412646.0
16.753685200121254,2412648.0
16.755698000080884,2412650.0
16.789712600177154,2412683.0
16.791692500002682,2412686.0
16.793694500112906,2412688.0
16.795726099982858,2412690.0
16.79771240008995,2412692.0
16.799685100093484,2412694.0
16.801681600045413,2412696.0
16.804695200175047,2412699.0
16.80670309998095,2412701.0
16.80868500005454,2412703.0
16.842712000012398,2412737.0
16.84469150006771,2412739.0
16.846686100121588,2412741.0
16.84868250018917,2412743.0
16.850680200150236,2412745.0
16.852679300121963,2412747.0
16.854711800115183,2412749.0
16.85668530012481,2412751.0
16.858686400111765,2412753.0
16.860682000173256,2412755.0
16.86268090014346,2412757.0
16.89672220009379,2412791.0
16.89869619999081,2412793.0
16.901702700182796,2412795.0
16.904719199985266,2412799.0
16.9067108000163,2412801.0
16.908704000059515,2412803.0
16.912694100057706,2412806.0
16.91470400011167,2412809.0
16.91869750013575,2412812.0
16.95271350000985,2412847.0
16.954710900085047,2412849.0
16.957692600088194,2412852.0
16.959684300003573,2412854.0
16.96168120019138,2412856.0
16.963681400055066,2412858.0
16.96569940005429,2412860.0
16.96768130012788,2412862.0
16.96967969997786,2412864.0
16.971698600100353,2412866.0
17.00670860009268,2412901.0
17.008691600058228,2412903.0
17.010683400090784,2412905.0
17.01269830018282,2412907.0
17.014684200054035,2412909.0
17.01668420014903,2412911.0
17.01868150010705,2412913.0
17.020686300005764,2412915.0
17.02283370005898,2412917.0
17.02468500006944,2412919.0
17.02668260014616,2412921.0
17.060715000145137,2412955.0
17.062689800048247,2412957.0
17.064688900019974,2412959.0
17.06668380019255,2412961.0
17.068686800077558,2412963.0
17.070691799977794,2412965.0
17.07269090018235,2412967.0
17.07468800013885,2412969.0
17.076695300173014,2412971.0
17.078685800079256,2412973.0
17.112710300134495,2413007.0
17.114689000183716,2413009.0
17.116685300134122,2413011.0
17.118684000102803,2413013.0
17.120695600053295,2413015.0
17.12471740017645,2413017.0
17.12668710015714,2413021.0
17.128684000112116,2413023.0
17.130683100083843,2413025.0
17.132682300172746,2413027.0
17.166708700126037,2413061.0
17.168707099976018,2413063.0
17.17070010001771,2413065.0
17.172687000129372,2413067.0
17.174688800005242,2413069.0
17.17668200004846,2413071.0
17.17868150002323,2413073.0
17.18068110011518,2413075.0
17.182681400096044,2413077.0
17.1847084001638,2413079.0
17.219703400041908,2413114.0
17.22170009999536,2413116.0
17.223686299985275,2413118.0
17.225689599988982,2413120.0
17.227683400036767,2413122.0
17.2296820001211,2413124.0
17.23370400001295,2413127.0
17.23568330006674,2413130.0
17.237694500014186,2413132.0
17.272720200009644,2413167.0
17.274694700026885,2413169.0
17.27671690005809,2413171.0
17.278689100174233,2413173.0
17.280685300007463,2413175.0
17.2846831001807,2413177.0
17.287684299983084,2413182.0
17.289701099973172,2413184.0
17.291687300195917,2413186.0
17.32570739998482,2413220.0
17.328714000061154,2413222.0
17.330685200169683,2413225.0
17.33268310013227,2413227.0
17.33468100009486,2413229.0
17.33668120019138,2413231.0
17.33871250017546,2413233.0
17.34070230019279,2413235.0
17.3426838000305,2413237.0
17.34468360012397,2413239.0
17.378708200063556,2413273.0
17.380688400007784,2413275.0
17.382683700183406,2413277.0
17.384683600161225,2413279.0
17.386703700060025,2413281.0
17.388689800165594,2413283.0
17.390691000036895,2413285.0
17.392687000101432,2413287.0
17.39468270004727,2413289.0
17.396682400023565,2413291.0
17.398680800106376,2413293.0
17.432719400152564,2413327.0
17.43469430017285,2413329.0
17.436689499998465,2413331.0
17.438687900081277,2413333.0
17.440688700182363,2413335.0
17.442682499997318,2413337.0
17.44468170008622,2413339.0
17.44668160006404,2413341.0
17.44870560010895,2413343.0
17.45068660005927,2413345.0
17.484709900105372,2413379.0
17.486690000165254,2413381.0
17.488703900016844,2413383.0
17.490693300031126,2413385.0
17.492685800185427,2413387.0
17.494685100158677,2413389.0
17.496688700048253,2413391.0
17.498682799981907,2413393.0
17.50068260007538,2413395.0
17.50268210005015,2413397.0
17.536708800122142,2413431.0
17.53870480018668,2413433.0
17.540691600181162,2413435.0
17.542698200093582,2413437.0
17.544685299973935,2413439.0
17.546684100059792,2413441.0
17.54868400003761,2413443.0
17.550682800123468,2413445.0
17.552682199981064,2413447.0
17.554681700188667,2413449.0
17.55670090019703,2413451.0
17.589708300074562,2413484.0
17.591697599971667,2413486.0
17.59369340003468,2413488.0
17.59568540006876,2413490.0
17.597683700034395,2413492.0
17.599714800016955,2413494.0
17.601681899977848,2413496.0
17.604720000177622,2413499.0
17.606704200152308,2413501.0
17.608687000116333,2413503.0
17.64472830016166,2413537.0
17.64669800014235,2413541.0
17.648696100106463,2413543.0
17.65069709997624,2413545.0
17.65269530005753,2413547.0
17.654689399991184,2413549.0
17.656685500172898,2413551.0
17.65868390002288,2413553.0
17.660682399990037,2413555.0
17.694702500011772,2413589.0
17.698703299975023,2413592.0
17.700685600051656,2413595.0
17.704732700018212,2413597.0
17.70669490005821,2413601.0
17.70868910010904,2413603.0
17.710683700162917,2413605.0
17.71268260013312,2413607.0
17.746709499973804,2413641.0
17.74869140004739,2413643.0
17.75068589998409,2413645.0
17.75268520019017,2413647.0
17.7547169001773,2413649.0
17.756694399984553,2413651.0
17.75868930015713,2413653.0
17.760698500089347,2413655.0
17.76268670009449,2413657.0
17.764683600049466,2413659.0
17.798710000002757,2413693.0
17.800690400181338,2413695.0
17.80268510011956,2413697.0
17.804708700161427,2413699.0
17.806689700111747,2413701.0
17.808696000138298,2413703.0
17.81068540015258,2413705.0
17.812686000019312,2413707.0
17.814683000091463,2413709.0
17.816680600168183,2413711.0
17.84971239999868,2413744.0
17.85169280017726,2413746.0
17.853699800092727,2413748.0
17.85569510003552,2413750.0
17.85768650006503,2413752.0
17.859687500167638,2413754.0
17.861682600108907,2413756.0
17.86468440014869,2413759.0
17.866681900108233,2413761.0
17.8686866001226,2413763.0
17.901717100059614,2413796.0
17.904704299988225,2413799.0
17.906687600072473,2413801.0
17.908691700082272,2413803.0
17.910684500122443,2413805.0
17.91268440010026,2413807.0
17.91472340002656,2413809.0
17.91669710003771,2413811.0
17.91868620016612,2413813.0
17.920691900188103,2413815.0
17.95371690019965,2413848.0
17.955705099971965,2413850.0
17.957695699995384,2413852.0
17.959687400143594,2413854.0
17.961691200034693,2413856.0
17.96468590013683,2413859.0
17.96668429998681,2413861.0
17.968683100072667,2413863.0
17.970686900196597,2413865.0
17.972709499998018,2413867.0
18.005709200166166,2413900.0
18.007708300137892,2413902.0
18.00969250011258,2413904.0
18.0116872000508,2413906.0
18.01368370000273,2413908.0
18.01568410010077,2413910.0
18.017683900194243,2413912.0
18.02068730001338,2413915.0
18.022717399988323,2413917.0
18.024695500032976,2413919.0
18.05771109997295,2413952.0
18.059690500143915,2413954.0
18.061684500193223,2413956.0
18.064685699995607,2413959.0
18.066683100070804,2413961.0
18.068709900137037,2413963.0
18.0707009001635,2413965.0
18.07269090018235,2413967.0
18.074690100038424,2413969.0
18.076683200197294,2413971.0
18.109708999982104,2414004.0
18.11169070005417,2414006.0
18.11368850013241,2414008.0
18.115695000160486,2414010.0
18.11768430005759,2414012.0
18.119684500154108,2414014.0
18.121689800173044,2414016.0
18.12368330010213,2414018.0
18.125686299987137,2414020.0
18.127683100057766,2414022.0
18.160734900040552,2414055.0
18.164708700031042,2414057.0
18.16669140011072,2414061.0
18.168687700061128,2414063.0
18.170700600137934,2414065.0
18.17268790001981,2414067.0
18.174689100123942,2414069.0
18.17673230008222,2414071.0
18.178691300097853,2414073.0
18.21070750011131,2414105.0
18.2126894001849,2414107.0
18.214685200015083,2414109.0
18.21668569999747,2414111.0
18.218684900086373,2414113.0
18.22069440013729,2414115.0
18.22270580008626,2414117.0
18.224698100006208,2414119.0
18.22669090004638,2414121.0
18.228684999980032,2414123.0
18.230684500187635,2414125.0
18.262710200157017,2414157.0
18.264693000121042,2414159.0
18.266691599972546,2414161.0
18.268686700146645,2414163.0
18.270711300196126,2414165.0
18.272690900135785,2414167.0
18.2746931000147,2414169.0
18.276688300073147,2414171.0
18.27868440002203,2414173.0
18.280687000136822,2414175.0
18.28268439997919,2414177.0
18.31772410008125,2414212.0
18.31969920010306,2414214.0
18.321699800202623,2414216.0
18.323687400203198,2414218.0
18.325690200086683,2414220.0
18.327684000134468,2414222.0
18.32968600001186,2414224.0
18.331686800112948,2414226.0
18.333700000075623,2414228.0
18.33569400012493,2414230.0
18.367712600156665,2414262.0
18.36969480011612,2414264.0
18.371690600179136,2414266.0
18.373685900121927,2414268.0
18.375689500011504,2414270.0
18.37768610008061,2414272.0
18.379706300096586,2414274.0
18.381690500071272,2414276.0
18.383685300126672,2414278.0
18.38568720011972,2414280.0
18.38869499997236,2414282.0
18.420712599996477,2414315.0
18.42269380018115,2414317.0
18.424732899991795,2414319.0
18.42671969998628,2414321.0
18.428690999979153,2414323.0
18.430688900174573,2414325.0
18.432691500056535,2414327.0
18.434685399988666,2414329.0
18.43668680009432,2414331.0
18.438725100131705,2414333.0
18.471722500165924,2414366.0
18.473697800189257,2414368.0
18.475692300125957,2414370.0
18.477686800062656,2414372.0
18.479686200153083,2414374.0
18.481686200015247,2414376.0
18.484686100156978,2414379.0
18.486690800171345,2414381.0
18.488700200105086,2414383.0
18.490690300008282,2414385.0
18.52272000000812,2414417.0
18.524699800182134,2414419.0
18.526689400197938,2414421.0
18.528688800055534,2414423.0
18.53068510000594,2414425.0
18.532706400146708,2414427.0
18.534712300170213,2414429.0
18.536690900102258,2414431.0
18.53869040007703,2414433.0
18.54068690002896,2414435.0
18.542685399996117,2414437.0
18.57570910011418,2414470.0
18.577694300096482,2414472.0
18.579712999984622,2414474.0
18.58170450013131,2414476.0
18.584689900046214,2414479.0
18.58668680000119,2414481.0
18.588688200106844,2414483.0
18.59069240000099,2414485.0
18.59268660005182,2414487.0
18.59570710011758,2414490.0
18.62771200016141,2414522.0
18.629692800110206,2414524.0
18.63168690004386,2414526.0
18.633687400026247,2414528.0
18.63568690000102,2414530.0
18.63769690017216,2414532.0
18.639687500195578,2414534.0
18.64372260007076,2414536.0
18.64569060015492,2414540.0
18.64869080018252,2414542.0
18.68171410006471,2414576.0
18.684701800113544,2414579.0
18.686696200165898,2414581.0
18.68871260015294,2414583.0
18.691701699979603,2414586.0
18.69369009998627,2414588.0
18.695690600201488,2414590.0
18.69768640003167,2414592.0
18.699685500003397,2414594.0
18.731712100096047,2414626.0
18.733698999974877,2414628.0
18.73569510015659,2414630.0
18.737758800154552,2414632.0
18.739697800017893,2414634.0
18.74169100006111,2414636.0
18.743688200134784,2414638.0
18.745686700101942,2414640.0
18.7477018001955,2414642.0
18.74970360007137,2414644.0
18.78271419997327,2414677.0
18.784695300040767,2414679.0
18.78668970009312,2414681.0
18.788703500060365,2414683.0
18.79069499997422,2414685.0
18.792696500197053,2414687.0
18.79469020012766,2414689.0
18.797694700071588,2414692.0
18.799719200003892,2414694.0
18.801686100196093,2414696.0
18.835722099989653,2414730.0
18.837709800107405,2414732.0
18.839694700203836,2414734.0
18.841699700104073,2414736.0
18.84369230014272,2414738.0
18.845688299974427,2414740.0
18.847685600165278,2414742.0
18.84968820004724,2414744.0
18.851685700006783,2414746.0
18.853688300121576,2414748.0
18.88773349998519,2414782.0
18.889707800000906,2414784.0
18.891702700173482,2414786.0
18.893692700192332,2414788.0
18.89568810001947,2414790.0
18.89768510009162,2414792.0
18.899710500147194,2414794.0
18.901688600191846,2414796.0
18.90372860012576,2414798.0
18.905734200030565,2414800.0
18.943724300013855,2414838.0
18.945726600009948,2414840.0
18.94769040006213,2414842.0
18.949694600189105,2414844.0
18.951706900028512,2414846.0
18.953699700068682,2414848.0
18.955704900203273,2414850.0
18.957696000114083,2414852.0
18.95968780014664,2414854.0
18.961686100112274,2414856.0
18.996744400123134,2414891.0
18.998727000085637,2414893.0
19.000711700180545,2414895.0
19.00270830001682,2414897.0
19.004713400034234,2414899.0
19.006691500078887,2414901.0
19.00869970000349,2414903.0
19.010700300103053,2414905.0
19.012711700052023,2414907.0
19.01473390008323,2414909.0
19.04871270013973,2414943.0
19.05069399997592,2414945.0
19.052691200049594,2414947.0
19.05470440001227,2414949.0
19.05668879998848,2414951.0
19.05869000009261,2414953.0
19.06070250016637,2414955.0
19.062691200058907,2414957.0
19.064688500016928,2414959.0
19.06668770010583,2414961.0
19.101712899981067,2414996.0
19.10370169999078,2414998.0
19.10569760017097,2415000.0
19.107700900174677,2415002.0
19.109695200109854,2415004.0
19.111689400160685,2415006.0
19.11368690012023,2415008.0
19.11568729998544,2415010.0
19.117686500074342,2415012.0
19.11968610016629,2415014.0
19.153731600148603,2415048.0
19.155697300098836,2415050.0
19.15769510017708,2415052.0
19.15968929999508,2415054.0
19.161688500083983,2415056.0
19.16368700005114,2415058.0
19.16568600013852,2415060.0
19.16768780001439,2415062.0
19.169711700174958,2415064.0
19.171707100002095,2415066.0
19.173696900019422,2415068.0
19.207712500123307,2415102.0
19.20969400019385,2415104.0
19.21169100003317,2415106.0
19.213686000090092,2415108.0
19.21569070010446,2415110.0
19.217689300188795,2415112.0
19.21968700014986,2415114.0
19.221706500044093,2415116.0
19.223786500049755,2415118.0
19.2266911000479,2415121.0
19.261725099990144,2415156.0
19.266734700184315,2415161.0
19.268704200163484,2415163.0
19.270698700100183,2415165.0
19.27269810019061,2415167.0
19.274695300031453,2415169.0
19.278697500005364,2415172.0
19.280691500054672,2415175.0
19.314720400143415,2415209.0
19.316696800058708,2415211.0
19.31869100010954,2415213.0
19.320705000078306,2415215.0
19.322698200121522,2415217.0
19.324720000149682,2415219.0
19.32669540005736,2415221.0
19.328701300080866,2415223.0
19.330689400201663,2415225.0
19.332687800051644,2415227.0
19.334686800139025,2415229.0
19.36973140016198,2415264.0
19.371709499973804,2415266.0
19.373693000059575,2415268.0
19.375693200156093,2415270.0
19.37769230012782,2415272.0
19.379688000073656,2415274.0
19.381686200154945,2415276.0
19.384686700068414,2415279.0
19.38671960006468,2415281.0
19.388697599992156,2415283.0
19.42171630007215,2415316.0
19.424699699971825,2415319.0
19.42669180012308,2415321.0
19.42869050009176,2415323.0
19.43068840005435,2415325.0
19.432691500056535,2415327.0
19.434700899990276,2415329.0
19.436691800132394,2415331.0
19.438724300125614,2415333.0
19.44069950003177,2415335.0
19.47471239999868,2415369.0
19.4767263000831,2415371.0
19.478692600037903,2415373.0
19.480741100152954,2415375.0
19.482690500095487,2415377.0
19.48469140008092,2415379.0
19.486688600154594,2415381.0
19.488704200135544,2415383.0
19.49269610014744,2415385.0
19.526719800196588,2415421.0
19.528696900000796,2415423.0
19.530691800173372,2415425.0
19.532691000029445,2415427.0
19.534688800107688,2415429.0
19.537699399981648,2415431.0
19.53970030019991,2415434.0
19.541704999981448,2415436.0
19.543702400056645,2415438.0
19.545690400060266,2415440.0
19.579713399987668,2415474.0
19.5816957000643,2415476.0
19.584693500073627,2415479.0
19.5866907001473,2415481.0
19.588715700199828,2415483.0
19.590722700115293,2415485.0
19.59269200009294,2415487.0
19.594690600177273,2415489.0
19.596688200021163,2415491.0
19.598688500002027,2415493.0
19.632728800177574,2415527.0
19.634711800143123,2415529.0
19.6377185001038,2415532.0
19.63969470001757,2415534.0
19.642696500057355,2415537.0
19.644694000016898,2415539.0
19.646689700195566,2415541.0
19.648689600173384,2415543.0
19.650696200085804,2415545.0
19.685717000160366,2415580.0
19.687707600183785,2415582.0
19.689695700071752,2415584.0
19.691692000022158,2415586.0
19.693689099978656,2415588.0
19.695688900072128,2415590.0
19.697715200018138,2415592.0
19.699708400061354,2415594.0
19.701696700183675,2415596.0
19.70369980018586,2415598.0
19.738721900153905,2415633.0
19.740696700057015,2415635.0
19.74269560002722,2415637.0
19.74470360018313,2415639.0
19.74769280012697,2415642.0
19.74969210010022,2415644.0
19.751689500175416,2415646.0
19.753701700130478,2415648.0
19.755739400163293,2415650.0
19.75769600016065,2415652.0
19.791729000164196,2415686.0
19.79471360007301,2415689.0
19.796696200035512,2415691.0
19.798691800097004,2415693.0
19.800689600175247,2415695.0
19.802689700154588,2415697.0
19.80504160001874,2415699.0
19.806700400076807,2415701.0
19.808695000130683,2415703.0
19.810722700087354,2415705.0
19.843725700164214,2415738.0
19.845700700068846,2415740.0
19.84769310010597,2415742.0
19.849690800067037,2415744.0
19.851715400116518,2415746.0
19.85370080010034,2415748.0
19.855690700002015,2415750.0
19.857696800027043,2415752.0
19.859692100202665,2415754.0
19.861691600177437,2415756.0
19.894726100144908,2415789.0
19.896706000203267,2415791.0
19.89870150014758,2415793.0
19.90069410018623,2415795.0
19.902690100017935,2415797.0
19.904696200042963,2415799.0
19.90669129998423,2415801.0
19.909692800138146,2415804.0
19.9116869000718,2415806.0
19.91371520003304,2415808.0
19.94873150018975,2415843.0
19.950702500063926,2415845.0
19.952692800201476,2415847.0
19.954727800097317,2415849.0
19.956707500154153,2415851.0
19.958694400032982,2415853.0
19.960720099974424,2415855.0
19.962698000017554,2415857.0
19.964690200053155,2415859.0
19.966692000161856,2415861.0
20.00072960020043,2415895.0
20.00270040007308,2415897.0
20.00472169998102,2415899.0
20.008711900096387,2415902.0
20.010693500051275,2415905.0
20.012692700140178,2415907.0
20.01469310000539,2415909.0
20.01668500015512,2415911.0
20.018701100023463,2415913.0
20.051724400138482,2415946.0
20.05371020012535,2415948.0
20.05569600011222,2415950.0
20.057697900105268,2415952.0
20.059692700160667,2415954.0
20.06169280014001,2415956.0
20.064691600156948,2415959.0
20.06669030012563,2415961.0
20.068709100130945,2415963.0
20.070706499973312,2415965.0
20.104726199992,2415999.0
20.10670080012642,2416001.0
20.108693200163543,2416003.0
20.110691300127655,2416005.0
20.112690800102428,2416007.0
20.11471680016257,2416009.0
20.11669489997439,2416011.0
20.118690200150013,2416013.0
20.120693300152197,2416015.0
20.122735199984163,2416017.0
20.154712100047618,2416049.0
20.15669560013339,2416051.0
20.158695599995553,2416053.0
20.160690900171176,2416055.0
20.16271369997412,2416057.0
20.16470400011167,2416059.0
20.166693600127473,2416061.0
20.168690500082448,2416063.0
20.170693200081587,2416065.0
20.17269410006702,2416067.0
20.20671830000356,2416101.0
20.208705900004134,2416103.0
20.210695300018415,2416105.0
20.21269250009209,2416107.0
20.214689300162718,2416109.0
20.216691400157288,2416111.0
20.218690500129014,2416113.0
20.220692300004885,2416115.0
20.222750400193036,2416117.0
20.224697099998593,2416119.0
20.256712300004438,2416151.0
20.25970290019177,2416154.0
20.261694899993017,2416156.0
20.26369470008649,2416158.0
20.265700600109994,2416160.0
20.26769350003451,2416162.0
20.269695000024512,2416164.0
20.271703700069338,2416166.0
20.27369530010037,2416168.0
20.27569040004164,2416170.0
20.308726400136948,2416203.0
20.310707100201398,2416205.0
20.312700900016353,2416207.0
20.314700199989602,2416209.0
20.316699900198728,2416211.0
20.318728600163013,2416213.0
20.32071190001443,2416215.0
20.324699399992824,2416217.0
20.32870090007782,2416222.0
20.361728599993512,2416256.0
20.36472579999827,2416259.0
20.366694600088522,2416261.0
20.368692400166765,2416263.0
20.370707100024447,2416265.0
20.37269310001284,2416267.0
20.374694700120017,2416269.0
20.37669050018303,2416271.0
20.38071890012361,2416274.0
20.416739700129256,2416309.0
20.41869950015098,2416313.0
20.420708200195804,2416315.0
20.422695700079203,2416317.0
20.42470380011946,2416319.0
20.426711300155148,2416321.0
20.428701900178567,2416323.0
20.4306928999722,2416325.0
20.43269110005349,2416327.0
20.434689600020647,2416329.0
20.466726600192487,2416361.0
20.468701499979943,2416363.0
20.47072870004922,2416365.0
20.47271060012281,2416367.0
20.474705800181255,2416369.0
20.476694100070745,2416371.0
20.4796939000953,2416374.0
20.48169120005332,2416376.0
20.483691700035706,2416378.0
20.48569030012004,2416380.0
20.517730000196025,2416412.0
20.519701100187376,2416414.0
20.521705500083044,2416416.0
20.524704599985853,2416419.0
20.526703600073233,2416421.0
20.528707700083032,2416423.0
20.530692300060764,2416425.0
20.53269230015576,2416427.0
20.534690200118348,2416429.0
20.53672319999896,2416431.0
20.56971890013665,2416464.0
20.57170039997436,2416466.0
20.573693900136277,2416468.0
20.57569960015826,2416470.0
20.577691700076684,2416472.0
20.57969250017777,2416474.0
20.581696800189093,2416476.0
20.583703299984336,2416478.0
20.585693000117317,2416480.0
20.58769670012407,2416482.0
20.619718300178647,2416514.0
20.621702100150287,2416516.0
20.62470140005462,2416519.0
20.626694600097835,2416521.0
20.62869400018826,2416523.0
20.630712100071833,2416525.0
20.632697800174356,2416527.0
20.63469410012476,2416529.0
20.636693899985403,2416531.0
20.638699700124562,2416533.0
20.670724300201982,2416565.0
20.672703500138596,2416567.0
20.674699500203133,2416569.0
20.67671410017647,2416571.0
20.67869500000961,2416573.0
20.680692200083286,2416575.0
20.68268970004283,2416577.0
20.684693300165236,2416579.0
20.686691400129348,2416581.0
20.688794100191444,2416583.0
20.690780900185928,2416585.0
20.722720800200477,2416617.0
20.724703000159934,2416619.0
20.726693900069222,2416621.0
20.728695000056177,2416623.0
20.730692400131375,2416625.0
20.73269720003009,2416627.0
20.735691900132224,2416630.0
20.737720200093463,2416632.0
20.739713500021026,2416634.0
20.741695099975914,2416636.0
20.776730800047517,2416671.0
20.778711599996313,2416673.0
20.780702200019732,2416675.0
20.782704200129956,2416677.0
20.784715600078925,2416679.0
20.786695500137284,2416681.0
20.788699000142515,2416683.0
20.79070660006255,2416685.0
20.792694200063124,2416687.0
20.79469250002876,2416689.0
20.828729100059718,2416723.0
20.830803900025785,2416725.0
20.83270650007762,2416727.0
20.83469679998234,2416729.0
20.836694000056013,2416731.0
20.838698300067335,2416733.0
20.840727200033143,2416735.0
20.842694299994037,2416737.0
20.846704400144517,2416740.0
20.84871060005389,2416743.0
20.882719499990344,2416777.0
20.88470000005327,2416779.0
20.886695299996063,2416781.0
20.888700600015,2416783.0
20.890730200102553,2416785.0
20.892693300032988,2416787.0
20.89471530006267,2416789.0
20.896696200128645,2416791.0
20.898692600196227,2416793.0
20.90069720009342,2416795.0
20.93473169999197,2416829.0
20.93671020003967,2416831.0
20.938717500073835,2416833.0
20.940710599999875,2416835.0
20.94272380019538,2416837.0
20.944707000162452,2416839.0
20.94670410011895,2416841.0
20.948701300192624,2416843.0
20.950710200006142,2416845.0
20.952707500196993,2416847.0
20.988726700190455,2416883.0
20.990702399984002,2416885.0
20.99270230019465,2416887.0
20.994699200149626,2416889.0
20.996692300075665,2416891.0
20.998692100169137,2416893.0
21.00069380016066,2416895.0
21.002732100198045,2416897.0
21.004710200009868,2416899.0
21.006701400037855,2416901.0
21.04072819999419,2416935.0
21.042700099991634,2416937.0
21.044695200165734,2416939.0
21.0466996000614,2416941.0
21.048721499973908,2416943.0
21.050716300029308,2416945.0
21.05269860010594,2416947.0
21.05470470013097,2416949.0
21.056693700142205,2416951.0
21.05869540013373,2416953.0
21.060692599974573,2416955.0
21.094718700041994,2416989.0
21.09670230001211,2416991.0
21.098711300175637,2416993.0
21.100698800059035,2416995.0
21.102694200119004,2416997.0
21.10469950013794,2416999.0
21.10669510019943,2417001.0
21.10869610006921,2417003.0
21.1106940000318,2417005.0
21.112696500029415,2417007.0
21.11471110000275,2417009.0
21.14771579997614,2417042.0
21.14970410009846,2417044.0
21.15170200006105,2417046.0
21.153702500043437,2417048.0
21.1556961000897,2417050.0
21.157700299983844,2417052.0
21.15970080019906,2417054.0
21.161705299979076,2417056.0
21.164697100175545,2417059.0
21.166693600127473,2417061.0
21.201744800200686,2417096.0
21.205751199973747,2417098.0
21.20771720004268,2417102.0
21.209701500134543,2417104.0
21.21169610018842,2417106.0
21.213693200144917,2417108.0
21.21573400008492,2417110.0
21.21769360010512,2417112.0
21.219694399973378,2417114.0
21.253755600191653,2417148.0
21.255705300020054,2417150.0
21.257702900096774,2417152.0
21.25969670014456,2417154.0
21.261692499974743,2417156.0
21.263770500198007,2417158.0
21.265695800073445,2417160.0
21.267721000127494,2417162.0
21.269697700161487,2417164.0
21.27169770002365,2417166.0
21.3067152001895,2417201.0
21.308700500056148,2417203.0
21.31069940002635,2417205.0
21.312698099995032,2417207.0
21.314709600061178,2417209.0
21.316697700181976,2417211.0
21.31869490002282,2417213.0
21.320702000055462,2417215.0
21.32287840009667,2417217.0
21.324696300085634,2417219.0
21.358742500189692,2417253.0
21.360719999996945,2417255.0
21.36270090006292,2417257.0
21.364696900127456,2417259.0
21.366695299977437,2417261.0
21.3686962001957,2417263.0
21.370704900007695,2417265.0
21.372695700032637,2417267.0
21.37469880003482,2417269.0
21.376713800011203,2417271.0
21.410718200029805,2417305.0
21.412705200025812,2417307.0
21.415697500109673,2417309.0
21.41769829997793,2417312.0
21.41969050001353,2417314.0
21.42172019998543,2417316.0
21.423711400013417,2417318.0
21.425710400100797,2417320.0
21.42770450003445,2417322.0
21.429694800172,2417324.0
21.465731300180778,2417360.0
21.467703700065613,2417362.0
21.469702300149947,2417364.0
21.47171299997717,2417366.0
21.473700599977747,2417368.0
21.475697200046852,2417370.0
21.477694500004873,2417372.0
21.479695900110528,2417374.0
21.481693500187248,2417376.0
21.483695100061595,2417378.0
21.5187378001865,2417413.0
21.520712800091133,2417415.0
21.52270600013435,2417417.0
21.524701400194317,2417419.0
21.526696200016886,2417421.0
21.52869260008447,2417423.0
21.530711200088263,2417425.0
21.53269620006904,2417427.0
21.534695000154898,2417429.0
21.536705400096253,2417431.0
21.570735500194132,2417465.0
21.57270670006983,2417467.0
21.574708900181577,2417469.0
21.576697000069544,2417471.0
21.578700700076297,2417473.0
21.580694200005382,2417475.0
21.582694899989292,2417477.0
21.58469340018928,2417479.0
21.5866933001671,2417481.0
21.58872910006903,2417483.0
21.62271900009364,2417517.0
21.62470980011858,2417519.0
21.626722200075164,2417521.0
21.628713800106198,2417523.0
21.630701600108296,2417525.0
21.632696700049564,2417527.0
21.634695400018245,2417529.0
21.636694899993017,2417531.0
21.63871470000595,2417533.0
21.64071650011465,2417535.0
21.67471670010127,2417569.0
21.67669860017486,2417571.0
21.678697400027886,2417573.0
21.680697300005704,2417575.0
21.6826947000809,2417577.0
21.684693100163713,2417579.0
21.68669560016133,2417581.0
21.688719200203195,2417583.0
21.690704700071365,2417585.0
21.692695900099352,2417587.0
21.7267196001485,2417621.0
21.72870080010034,2417623.0
21.73070040019229,2417625.0
21.73269880004227,2417627.0
21.734705000184476,2417629.0
21.736697500105947,2417631.0
21.73871559998952,2417633.0
21.740703399991617,2417635.0
21.742696900153533,2417637.0
21.744696300011128,2417639.0
21.77872830000706,2417673.0
21.7807120999787,2417675.0
21.782698899973184,2417677.0
21.784695900045335,2417679.0
21.78871710016392,2417681.0
21.79071920015849,2417685.0
21.79269740008749,2417687.0
21.794698800193146,2417689.0
21.796722600003704,2417691.0
21.83072210010141,2417725.0
21.832703600171953,2417727.0
21.834698700113222,2417729.0
21.836696200072765,2417731.0
21.838712600059807,2417733.0
21.840733600081876,2417735.0
21.842694600112736,2417737.0
21.84470390016213,2417739.0
21.846698600100353,2417741.0
21.84869490005076,2417743.0
21.8807220000308,2417775.0
21.88270190008916,2417777.0
21.88469720003195,2417779.0
21.886696400120854,2417781.0
21.888712299987674,2417783.0
21.890709800180048,2417785.0
21.892697000177577,2417787.0
21.894696700153872,2417789.0
21.89669520012103,2417791.0
21.89969430002384,2417793.0
21.93171690008603,2417826.0
21.93370130006224,2417828.0
21.935735100181773,2417830.0
21.937733200145885,2417832.0
21.939702100120485,2417834.0
21.94170069997199,2417836.0
21.943698100047186,2417838.0
21.94570040004328,2417840.0
21.947697499999776,2417842.0
21.949693100061268,2417844.0
21.951694200048223,2417846.0
21.985725700156763,2417880.0
21.98771320004016,2417882.0
21.989705900195986,2417884.0
21.99169970001094,2417886.0
21.99369759997353,2417888.0
21.99569600005634,2417890.0
21.997696000151336,2417892.0
21.999740000115708,2417894.0
22.001714600017294,2417896.0
22.00370610016398,2417898.0
22.00572340004146,2417900.0
22.03773820004426,2417932.0
22.039707000134513,2417934.0
22.0417075001169,2417936.0
22.04470399999991,2417939.0
22.046701800078154,2417941.0
22.048699000151828,2417943.0
22.05069599999115,2417945.0
22.052699699997902,2417947.0
22.054698000196368,2417949.0
22.056712900055572,2417951.0
22.089734700042754,2417984.0
22.091713099973276,2417986.0
22.093701800098643,2417988.0
22.09569780016318,2417990.0
22.097696700133383,2417992.0
22.099697600118816,2417994.0
22.101695500081405,2417996.0
22.103699499974027,2417998.0
22.1077290000394,2418001.0
22.144731200067326,2418039.0
22.146717900177464,2418041.0
22.148735100170597,2418043.0
22.150754100177437,2418045.0
22.152727300068364,2418047.0
22.154730000067502,2418049.0
22.156711700139567,2418051.0
22.158717800164595,2418053.0
22.160703300032765,2418055.0
22.16269740019925,2418057.0
22.16470990004018,2418059.0
22.200727000134066,2418095.0
22.20270790020004,2418097.0
22.204724200069904,2418099.0
22.20670390012674,2418101.0
22.20870600012131,2418103.0
22.210697500035167,2418105.0
22.21269750013016,2418107.0
22.21470890007913,2418109.0
22.216696600196883,2418111.0
22.2207096000202,2418115.0
22.254733700072393,2418149.0
22.256705100182444,2418151.0
22.25870450004004,2418153.0
22.260716099990532,2418155.0
22.262698100181296,2418157.0
22.264698300044984,2418159.0
22.266697900136933,2418161.0
22.268696600105613,2418163.0
22.270706900162622,2418165.0
22.272717599989846,2418167.0
22.30473540001549,2418199.0
22.306718199979514,2418201.0
22.308702800190076,2418203.0
22.31070000003092,2418205.0
22.312699500005692,2418207.0
22.314697600202635,2418209.0
22.31669510016218,2418211.0
22.318697000155225,2418213.0
22.320708899991587,2418215.0
22.3227306001354,2418217.0
22.354725799988955,2418249.0
22.356703800149262,2418251.0
22.358700999990106,2418253.0
22.360707700019702,2418255.0
22.362698500044644,2418257.0
22.3646970000118,2418259.0
22.36669860011898,2418261.0
22.36869959998876,2418263.0
22.370722400024533,2418265.0
22.372707000002265,2418267.0
22.404725200030953,2418299.0
22.406703600194305,2418301.0
22.408701200038195,2418303.0
22.410699600121006,2418305.0
22.412698300089687,2418307.0
22.414700500201434,2418309.0
22.4167168000713,2418311.0
22.418701900169253,2418313.0
22.420702200150117,2418315.0
22.422710000071675,2418317.0
22.424697100184858,2418319.0
22.45672670006752,2418351.0
22.45870600012131,2418353.0
22.46070020017214,2418355.0
22.462699000025168,2418357.0
22.464705700054765,2418359.0
22.466701600002125,2418361.0
22.470761000178754,2418365.0
22.47271850006655,2418367.0
22.474712900118902,2418369.0
22.47671620012261,2418371.0
22.510723000159487,2418405.0
22.51272390014492,2418407.0
22.514704999979585,2418409.0
22.516702100168914,2418411.0
22.51870400016196,2418413.0
22.52070750016719,2418415.0
22.522714200196788,2418417.0
22.5247216001153,2418419.0
22.52670140005648,2418421.0
22.52970080007799,2418423.0
22.56172570004128,2418456.0
22.56470590014942,2418459.0
22.56670349999331,2418461.0
22.568701200187206,2418463.0
22.570741900010034,2418465.0
22.57270979997702,2418467.0
22.57470940006897,2418469.0
22.576701099984348,2418471.0
22.578699300065637,2418473.0
22.580697800032794,2418475.0
22.612732200184837,2418507.0
22.614705600077286,2418509.0
22.616702400147915,2418511.0
22.61872600018978,2418513.0
22.62071070005186,2418515.0
22.62270120019093,2418517.0
22.624705200083554,2418519.0
22.626699100015685,2418521.0
22.628698399988934,2418523.0
22.63069810019806,2418525.0
22.66272470005788,2418557.0
22.664723800029606,2418559.0
22.666728700045496,2418561.0
22.6687020000536,2418563.0
22.670724699972197,2418565.0
22.67269970010966,2418567.0
22.674706800142303,2418569.0
22.676697100047022,2418571.0
22.68078500009142,2418574.0
22.682711200090125,2418577.0
22.71472530020401,2418609.0
22.716704700142145,2418611.0
22.71870160009712,2418613.0
22.72071130014956,2418615.0
22.72270860010758,2418617.0
22.72470510005951,2418619.0
22.726709100184962,2418621.0
22.72869890020229,2418623.0
22.730697800172493,2418625.0
22.732697300147265,2418627.0
22.76673650019802,2418661.0
22.768717900151387,2418663.0
22.770720000145957,2418665.0
22.772723200032488,2418667.0
22.774706600001082,2418669.0
22.776699700159952,2418671.0
22.778699200134724,2418673.0
22.780697599984705,2418675.0
22.782699699979275,2418677.0
22.78469750005752,2418679.0
22.8187532001175,2418713.0
22.820721100084484,2418715.0
22.822704800171778,2418717.0
22.824706200044602,2418719.0
22.826700600096956,2418721.0
22.828699600184336,2418723.0
22.830696700140834,2418725.0
22.83269750000909,2418727.0
22.834718300029635,2418729.0
22.836701299995184,2418731.0
22.8387041001115,2418733.0
22.874730700161308,2418769.0
22.876710700104013,2418771.0
22.878705100156367,2418773.0
22.880718500120565,2418775.0
22.88270130008459,2418777.0
22.88469890016131,2418779.0
22.886699500028044,2418781.0
22.88870200002566,2418783.0
22.89069820009172,2418785.0
22.89270030008629,2418787.0
22.927731100004166,2418822.0
22.929707100149244,2418824.0
22.931703000096604,2418826.0
22.93369990005158,2418828.0
22.93569920002483,2418830.0
22.937710900092497,2418832.0
22.93969859997742,2418834.0
22.9417324999813,2418836.0
22.943703200202435,2418838.0
22.94570629997179,2418840.0
22.947699200129136,2418842.0
22.984742500120774,2418879.0
22.98672390007414,2418881.0
22.988728400086984,2418883.0
22.99070359999314,2418885.0
22.99270340008661,2418887.0
22.994699500035495,2418889.0
22.996697300113738,2418891.0
22.99869740009308,2418893.0
23.00069780019112,2418895.0
23.00272150011733,2418897.0
23.03972990019247,2418934.0
23.04171090014279,2418936.0
23.045708400197327,2418939.0
23.047704700147733,2418942.0
23.04972410015762,2418944.0
23.052705600159243,2418947.0
23.054702500114217,2418949.0
23.057707600062713,2418951.0
23.09373420011252,2418988.0
23.095736399991438,2418990.0
23.097713300026953,2418992.0
23.099704600172117,2418994.0
23.101700300117955,2418996.0
23.10471049998887,2418999.0
23.106701100012287,2419001.0
23.10870680003427,2419003.0
23.11070240009576,2419005.0
23.112722400110215,2419007.0
23.15074250008911,2419043.0
23.15270830015652,2419047.0
23.15470810001716,2419049.0
23.15670490008779,2419051.0
23.1587219000794,2419053.0
23.16170240007341,2419056.0
23.16470229998231,2419059.0
23.166700500063598,2419061.0
23.199726200196892,2419094.0
23.201707300031558,2419096.0
23.204742199974135,2419099.0
23.20670670014806,2419101.0
23.208702200092375,2419103.0
23.210725900018588,2419105.0
23.21273250016384,2419107.0
23.21469849999994,2419109.0
23.21670230012387,2419111.0
23.21870129997842,2419113.0
23.252735499991104,2419147.0
23.254717300180346,2419149.0
23.256706400075927,2419151.0
23.258704000152647,2419153.0
23.260701300110668,2419155.0
23.262699300190434,2419157.0
23.265700499992818,2419159.0
23.26770279998891,2419162.0
23.26973340008408,2419164.0
23.271718200063333,2419166.0
23.305724899983034,2419200.0
23.307714099995792,2419202.0
23.309701499994844,2419204.0
23.311699300073087,2419206.0
23.31370130018331,2419208.0
23.315716000040993,2419210.0
23.31770380004309,2419212.0
23.319700200110674,2419214.0
23.32172210002318,2419216.0
23.324713699985296,2419219.0
23.3587344000116,2419253.0
23.360707600135356,2419255.0
23.362731100060046,2419257.0
23.364706300199032,2419259.0
23.36670170002617,2419261.0
23.368700300110504,2419263.0
23.37070730002597,2419265.0
23.37269950006157,2419267.0
23.374705400085077,2419269.0
23.376701100030914,2419271.0
23.41072649997659,2419305.0
23.412707100156695,2419307.0
23.414702899986878,2419309.0
23.41670100018382,2419311.0
23.4186997001525,2419313.0
23.420710999984294,2419315.0
23.422705000033602,2419317.0
23.424718900118023,2419319.0
23.428703300189227,2419322.0
23.464742199983448,2419357.0
23.466715400107205,2419361.0
23.468709700042382,2419363.0
23.47073459997773,2419365.0
23.472712100017816,2419367.0
23.47470870008692,2419369.0
23.47670210013166,2419371.0
23.478702400112525,2419373.0
23.48069790005684,2419375.0
23.514735500095412,2419409.0
23.516748500056565,2419411.0
23.518735200166702,2419413.0
23.520730199990794,2419415.0
23.5227108001709,2419417.0
23.524708000011742,2419419.0
23.52671270002611,2419421.0
23.52872330020182,2419423.0
23.530715000117198,2419425.0
23.532728400081396,2419427.0
23.583842700114474,2419461.0
23.585773300146684,2419480.0
23.619733900064602,2419514.0
23.621712299995124,2419516.0
23.623705700039864,2419518.0
23.6257276001852,2419520.0
23.628704000031576,2419522.0
23.630701600108296,2419525.0
23.632699800189584,2419527.0
23.634699700167403,2419529.0
23.637703800108284,2419532.0
23.639717400074005,2419534.0
23.673726600129157,2419568.0
23.677707700058818,2419572.0
23.679703200003132,2419574.0
23.684743500081822,2419579.0
23.686728100059554,2419581.0
23.68871680018492,2419583.0
23.690710399998352,2419585.0
23.692701400024816,2419587.0
23.726727599976584,2419621.0
23.72871830011718,2419623.0
23.73171570012346,2419625.0
23.73572830017656,2419630.0
23.73771890019998,2419632.0
23.739709800109267,2419634.0
23.74170540017076,2419636.0
23.7437122000847,2419638.0
23.745702400105074,2419640.0
23.779799500014633,2419674.0
23.781723800115287,2419676.0
23.78571099997498,2419679.0
23.787708000047132,2419682.0
23.78971190005541,2419684.0
23.791706199990585,2419686.0
23.793700800044462,2419688.0
23.795699700014666,2419690.0
23.797722700051963,2419692.0
23.830735500203446,2419725.0
23.832712900126353,2419727.0
23.83472610008903,2419729.0
23.836705500027165,2419731.0
23.838725100038573,2419733.0
23.840724400011823,2419735.0
23.842731500044465,2419737.0
23.84470949997194,2419739.0
23.846706200158224,2419741.0
23.84872920019552,2419743.0
23.85070710000582,2419745.0
23.883737000171095,2419778.0
23.88671790016815,2419781.0
23.888723500072956,2419783.0
23.89071930013597,2419785.0
23.892706700135022,2419787.0
23.894702000077814,2419789.0
23.896699600154534,2419791.0
23.898700600024313,2419793.0
23.90070000011474,2419795.0
23.90486850007437,2419798.0
23.937737500062212,2419832.0
23.939708900172263,2419834.0
23.94170630001463,2419836.0
23.943702600197867,2419838.0
23.94570120004937,2419840.0
23.947702000150457,2419842.0
23.949698999989778,2419844.0
23.951740600168705,2419846.0
23.95372430002317,2419848.0
23.955732500180602,2419850.0
23.95770850009285,2419852.0
23.991736500058323,2419886.0
23.993708700174466,2419888.0
23.99570560012944,2419890.0
23.997712700162083,2419892.0
23.999703700188547,2419894.0
24.001701700035483,2419896.0
24.00572260003537,2419899.0
24.00771340006031,2419902.0
24.009703000076115,2419904.0
24.043757600011304,2419938.0
24.04571219999343,2419940.0
24.0487059999723,2419942.0
24.05070410016924,2419945.0
24.05371530004777,2419948.0
24.05572190019302,2419950.0
24.05771050020121,2419952.0
24.059710800182074,2419954.0
24.061703500105068,2419956.0
24.094736100174487,2419989.0
24.096712700091302,2419991.0
24.100710700033233,2419993.0
24.10270440019667,2419997.0
24.104744900017977,2419999.0
24.107819700147957,2420002.0
24.10971470014192,2420004.0
24.11170730018057,2420006.0
24.113706700038165,2420008.0
24.147738800151274,2420042.0
24.14970950013958,2420044.0
24.1517257001251,2420046.0
24.15371170011349,2420048.0
24.155706700170413,2420050.0
24.15770520013757,2420052.0
24.15970510011539,2420054.0
24.16170180006884,2420056.0
24.163702400168404,2420058.0
24.165699400007725,2420060.0
24.19974150019698,2420094.0
24.20171400019899,2420096.0
24.203710400033742,2420098.0
24.205713500035927,2420100.0
24.207709399983287,2420102.0
24.210704599972814,2420104.0
24.212709299987182,2420107.0
24.21471170010045,2420109.0
24.216702800011262,2420111.0
24.21870329999365,2420113.0
24.250728100072592,2420145.0
24.252713000169024,2420147.0
24.25472030020319,2420149.0
24.256708499975502,2420151.0
24.25870760018006,2420153.0
24.26271739997901,2420155.0
24.264703300083056,2420159.0
24.266724900109693,2420161.0
24.2687023000326,2420163.0
24.270705200033262,2420165.0
24.304743100190535,2420199.0
24.306725300149992,2420201.0
24.30870890012011,2420203.0
24.31070590019226,2420205.0
24.31270440015942,2420207.0
24.31470360001549,2420209.0
24.316704099997878,2420211.0
24.318702300079167,2420213.0
24.320712300017476,2420215.0
24.32273120013997,2420217.0
24.354749200167134,2420249.0
24.356712700100616,2420251.0
24.358707300154492,2420253.0
24.36070349998772,2420255.0
24.364706800086424,2420257.0
24.366702400147915,2420261.0
24.368703300133348,2420263.0
24.370726600056514,2420265.0
24.37271420005709,2420267.0
24.405727199977264,2420299.0
24.407718600006774,2420302.0
24.40970560000278,2420304.0
24.41170410020277,2420306.0
24.413703000172973,2420308.0
24.415725799975917,2420310.0
24.41770610003732,2420312.0
24.421711900038645,2420315.0
24.42370540020056,2420318.0
24.455728700151667,2420350.0
24.457717100158334,2420352.0
24.459705300163478,2420354.0
24.461709400173277,2420356.0
24.463705700123683,2420358.0
24.465702400077134,2420360.0
24.467701900051907,2420362.0
24.46970390016213,2420364.0
24.471736800158396,2420366.0
24.47371660009958,2420368.0
24.475705200107768,2420370.0
24.508744799997658,2420403.0
24.51071280008182,2420405.0
24.51270670001395,2420407.0
24.514706100104377,2420409.0
24.516703500179574,2420411.0
24.518704100046307,2420413.0
24.520711800083518,2420415.0
24.522711800178513,2420417.0
24.52572140004486,2420419.0
24.527704700129107,2420422.0
24.560729800025,2420455.0
24.562717800028622,2420457.0
24.56571530015208,2420459.0
24.56771680014208,2420462.0
24.57073530019261,2420465.0
24.57272780011408,2420467.0
24.574715200113133,2420469.0
24.57671430008486,2420471.0
24.5787307000719,2420473.0
24.61173850018531,2420506.0
24.613711700076237,2420508.0
24.61570730013773,2420510.0
24.617743000155315,2420512.0
24.619708300102502,2420514.0
24.62170880008489,2420516.0
24.62571240006946,2420519.0
24.627708700019866,2420522.0
24.62970450008288,2420524.0
24.661730400053784,2420556.0
24.66473040007986,2420559.0
24.666723300004378,2420561.0
24.668717100052163,2420563.0
24.67071480001323,2420565.0
24.672707400051877,2420567.0
24.67470490001142,2420569.0
24.676702599972486,2420571.0
24.678711500018835,2420573.0
24.680737800197676,2420575.0
24.714731300016865,2420609.0
24.71671270020306,2420611.0
24.718707700027153,2420613.0
24.720716000068933,2420615.0
24.72271650005132,2420617.0
24.725714900065213,2420619.0
24.727710000006482,2420622.0
24.7307063001208,2420625.0
24.732706099981442,2420627.0
24.76773970015347,2420662.0
24.76971310004592,2420664.0
24.771722299978137,2420666.0
24.773717400152236,2420668.0
24.775709700072184,2420670.0
24.778707000194117,2420673.0
24.780705500161275,2420675.0
24.782703300006688,2420677.0
24.784703500103205,2420679.0
24.786703100195155,2420681.0
24.822727600112557,2420717.0
24.82571510015987,2420719.0
24.828740800032392,2420722.0
24.830705099971965,2420725.0
24.832709100097418,2420727.0
24.835733500076458,2420730.0
24.837721000192687,2420732.0
24.839746000012383,2420734.0
24.84170740004629,2420736.0
24.875743500189856,2420770.0
24.877718300092965,2420772.0
24.879713100148365,2420774.0
24.881738899974152,2420776.0
24.885722000151873,2420779.0
24.887747599976137,2420782.0
24.889707300113514,2420784.0
24.891706500202417,2420786.0
24.893703900044784,2420788.0
24.92774000018835,2420822.0
24.929712900193408,2420824.0
24.93170650000684,2420826.0
24.933704300085083,2420828.0
24.935704400064424,2420830.0
24.93771390011534,2420832.0
24.939704300137237,2420834.0
24.941707600140944,2420836.0
24.944748900132254,2420839.0
24.94670800003223,2420841.0
24.984740500105545,2420879.0
24.98671349999495,2420881.0
24.98873100010678,2420883.0
24.990713300183415,2420885.0
24.992709800135344,2420887.0
24.994704900076613,2420889.0
24.9967031001579,2420891.0
24.998705900041386,2420893.0
25.0027058001142,2420896.0
25.038748600054532,2420933.0
25.04175420012325,2420936.0
25.045723100192845,2420939.0
25.04770930018276,2420942.0
25.052743799984455,2420945.0
25.05472690006718,2420949.0
25.056931900093332,2420951.0
25.091727700084448,2420986.0
25.09371260018088,2420988.0
25.096707800170407,2420991.0
25.098740300163627,2420993.0
25.100716300075874,2420995.0
25.102710000006482,2420997.0
25.10571080003865,2420999.0
25.107711700024083,2421002.0
25.10971900005825,2421004.0
25.111704800045118,2421006.0
25.14574970002286,2421040.0
25.147721900139004,2421042.0
25.149711900157854,2421044.0
25.15170820010826,2421046.0
25.153719200054184,2421048.0
25.155708600068465,2421050.0
25.157711500069126,2421052.0
25.15971290017478,2421054.0
25.161732400069013,2421056.0
25.164716999977827,2421059.0
25.198741500033066,2421093.0
25.20072010019794,2421095.0
25.202708800090477,2421097.0
25.20474880002439,2421099.0
25.20674809999764,2421101.0
25.20872490014881,2421103.0
25.210710500134155,2421105.0
25.212705900194123,2421107.0
25.21470560017042,2421109.0
25.216705000028014,2421111.0
25.218706800136715,2421113.0
25.252739200135693,2421147.0
25.254715700168163,2421149.0
25.256708800094202,2421151.0
25.25870980019681,2421153.0
25.260708900168538,2421155.0
25.262705700006336,2421157.0
25.264707599999383,2421159.0
25.266705700196326,2421161.0
25.268727299990132,2421163.0
25.270714699989185,2421165.0
25.304734600009397,2421199.0
25.30671470006928,2421201.0
25.308713600039482,2421203.0
25.31070820009336,2421205.0
25.312708800192922,2421207.0
25.314708200050518,2421209.0
25.316728400066495,2421211.0
25.320726700127125,2421215.0
25.322719500167295,2421217.0
25.325712100137025,2421219.0
25.359731700038537,2421254.0
25.361731100128964,2421256.0
25.363712000194937,2421258.0
25.365709100151435,2421260.0
25.367723600007594,2421262.0
25.36970610008575,2421264.0
25.37171129998751,2421266.0
25.37370580015704,2421268.0
25.375708300154656,2421270.0
25.37773000006564,2421272.0
25.410735900048167,2421305.0
25.412712100194767,2421307.0
25.414708100026473,2421309.0
25.416706500109285,2421311.0
25.418706000084057,2421313.0
25.42072520009242,2421315.0
25.42273270012811,2421317.0
25.42472460004501,2421319.0
25.426709200022742,2421321.0
25.42870660009794,2421323.0
25.462741000112146,2421357.0
25.46572480001487,2421359.0
25.467718000058085,2421362.0
25.471737600164488,2421364.0
25.4737098000478,2421368.0
25.47570910002105,2421370.0
25.477707399986684,2421372.0
25.479707800084725,2421374.0
25.481704600155354,2421376.0
25.517751100007445,2421410.0
25.519719900097698,2421414.0
25.52171350014396,2421416.0
25.52571630012244,2421419.0
25.528715300140902,2421423.0
25.53070790017955,2421425.0
25.53271980001591,2421427.0
25.534709200030193,2421429.0
25.568731000181288,2421463.0
25.57072259997949,2421465.0
25.574724100064486,2421468.0
25.576714100083336,2421471.0
25.578711500158533,2421473.0
25.580706800101325,2421475.0
25.58270570007153,2421477.0
25.58470750018023,2421479.0
25.586705700028688,2421481.0
25.58872660016641,2421483.0
25.625744000077248,2421519.0
25.627715000184253,2421522.0
25.629713000031188,2421524.0
25.631712400121614,2421526.0
25.633705500047654,2421528.0
25.635706700151786,2421530.0
25.637710000155494,2421532.0
25.639735100092366,2421534.0
25.641709699993953,2421536.0
25.676742900162935,2421571.0
25.67871590005234,2421573.0
25.680711700115353,2421575.0
25.68271640012972,2421577.0
25.684710800182074,2421579.0
25.686719899997115,2421581.0
25.688714100047946,2421583.0
25.690719600068405,2421585.0
25.692707600072026,2421587.0
25.69470870005898,2421589.0
25.728744900086895,2421623.0
25.730715400073677,2421625.0
25.732716100057587,2421627.0
25.73571140016429,2421630.0
25.737797199981287,2421632.0
25.73972800001502,2421634.0
25.74171350011602,2421636.0
25.743715200107545,2421638.0
25.745708200149238,2421640.0
25.747710100142285,2421642.0
25.782731600105762,2421677.0
25.784713000059128,2421679.0
25.78670970001258,2421681.0
25.78872760012746,2421683.0
25.79171620006673,2421685.0
25.793712900020182,2421688.0
25.795735000167042,2421690.0
25.797710900194943,2421692.0
25.799708400154486,2421694.0
25.80170760001056,2421696.0
25.835734999971464,2421730.0
25.838735400000587,2421733.0
25.84072050009854,2421735.0
25.842729000141844,2421737.0
25.845715100178495,2421739.0
25.847707899985835,2421742.0
25.84970710007474,2421744.0
25.85171090019867,2421746.0
25.85371690010652,2421748.0
25.886817400110886,2421781.0
25.8897386000026,2421784.0
25.891718300059438,2421786.0
25.89370990009047,2421788.0
25.89570810017176,2421790.0
25.89771020016633,2421792.0
25.90071210009046,2421795.0
25.902707900153473,2421797.0
25.904714700067416,2421799.0
25.93773840018548,2421832.0
25.939714200096205,2421834.0
25.94171759998426,2421836.0
25.94571420014836,2421839.0
25.947711700107902,2421842.0
25.949707600055262,2421844.0
25.95173340011388,2421846.0
25.953714200062677,2421848.0
25.95572299999185,2421850.0
25.9887550000567,2421883.0
25.990727300057188,2421885.0
25.992718500085175,2421887.0
25.994729900034145,2421889.0
25.996717300033197,2421891.0
25.99872380006127,2421893.0
26.0007176999934,2421895.0
26.00271450006403,2421897.0
26.00475600012578,2421899.0
26.006738000083715,2421901.0
26.008729200111702,2421903.0
26.04274439997971,2421937.0
26.04572489997372,2421940.0
26.047719600144774,2421942.0
26.049711300060153,2421944.0
26.051709500141442,2421946.0
26.054743100190535,2421949.0
26.05673130019568,2421951.0
26.058724700007588,2421953.0
26.06071300012991,2421955.0
26.062710700090975,2421957.0
26.095736700110137,2421990.0
26.09771450003609,2421992.0
26.09971130010672,2421994.0
26.10170860006474,2421996.0
26.105762400198728,2422000.0
26.10779170016758,2422002.0
26.109718300169334,2422004.0
26.111710600089282,2422006.0
26.114708899986,2422009.0
26.14775410015136,2422042.0
26.149717200081795,2422044.0
26.151720400201157,2422046.0
26.153739100089297,2422048.0
26.155727799981833,2422050.0
26.157745799981058,2422052.0
26.15971350017935,2422054.0
26.16170910000801,2422056.0
26.16571249999106,2422059.0
26.198734400095418,2422093.0
26.20071530016139,2422095.0
26.202711400110275,2422097.0
26.205725600011647,2422099.0
26.207724099978805,2422102.0
26.209710899973288,2422104.0
26.2117096001748,2422106.0
26.213726400164887,2422108.0
26.215710600139573,2422110.0
26.217707900097594,2422112.0
26.249748300062492,2422144.0
26.25172180007212,2422146.0
26.253722100052983,2422148.0
26.25572680006735,2422150.0
26.257717000087723,2422152.0
26.26072710007429,2422155.0
26.262711300048977,2422157.0
26.264711200026795,2422159.0
26.266709899995476,2422161.0
26.268713100114837,2422163.0
26.30273640016094,2422197.0
26.305727400118485,2422200.0
26.30773080000654,2422202.0
26.309714500093833,2422204.0
26.311709300149232,2422206.0
26.313709900015965,2422208.0
26.315707500092685,2422210.0
26.317707000067458,2422212.0
26.319785400060937,2422214.0
26.321737100137398,2422216.0
26.353762600105256,2422248.0
26.355724500026554,2422250.0
26.35772700002417,2422252.0
26.359714300138876,2422254.0
26.36171120009385,2422256.0
26.3657123001758,2422260.0
26.367717700079083,2422262.0
26.369722800096497,2422264.0
26.371728800004348,2422266.0
26.373714399989694,2422268.0
26.40573350014165,2422300.0
26.40772120002657,2422302.0
26.409711400046945,2422304.0
26.41170970001258,2422306.0
26.41373850009404,2422308.0
26.415759600000456,2422310.0
26.41771319997497,2422312.0
26.41975160012953,2422314.0
26.421753500122577,2422316.0
26.423713800031692,2422318.0
26.425707700196654,2422320.0
26.457726900000125,2422352.0
26.459717000136152,2422354.0
26.461713700089604,2422356.0
26.463718000100926,2422358.0
26.465710900025442,2422360.0
26.467707900097594,2422362.0
26.469708200078458,2422364.0
26.471729299984872,2422366.0
26.473712500184774,2422368.0
26.476716300006956,2422371.0
26.509739400120452,2422404.0
26.511717800050974,2422406.0
26.513712299987674,2422408.0
26.515711200190708,2422410.0
26.51770840003155,2422412.0
26.51970970002003,2422414.0
26.521727400133386,2422416.0
26.52574050007388,2422420.0
26.527715800097212,2422422.0
26.55973740015179,2422454.0
26.561714600073174,2422456.0
26.56371290003881,2422458.0
26.565710399998352,2422460.0
26.567708400078118,2422462.0
26.569707800168544,2422464.0
26.57174490019679,2422466.0
26.57372480002232,2422468.0
26.57571250014007,2422470.0
26.577711299993098,2422472.0
26.57970970007591,2422474.0
26.6117346000392,2422506.0
26.613715999992564,2422508.0
26.615709600038826,2422510.0
26.617711400147527,2422512.0
26.619730500038713,2422514.0
26.621715400135145,2422516.0
26.623711900087073,2422518.0
26.626718900166452,2422521.0
26.628710200078785,2422523.0
26.63171029998921,2422525.0
26.666747400071472,2422561.0
26.66873010015115,2422563.0
26.670739500084892,2422565.0
26.672746500000358,2422567.0
26.6747210000176,2422569.0
26.676712800050154,2422571.0
26.678710300009698,2422573.0
26.680747400037944,2422575.0
26.68271670001559,2422577.0
26.68471180018969,2422579.0
26.716735300142318,2422611.0
26.718717300100252,2422613.0
26.720726600149646,2422615.0
26.722721700090915,2422617.0
26.725722500123084,2422619.0
26.72772780014202,2422622.0
26.729711400112137,2422624.0
26.731709900079295,2422626.0
26.733708700165153,2422628.0
26.73574100015685,2422630.0
26.769749599974602,2422664.0
26.77173010003753,2422666.0
26.77371900016442,2422668.0
26.775717900134623,2422670.0
26.777711500180885,2422672.0
26.77971320017241,2422674.0
26.781711100135,2422676.0
26.78371170000173,2422678.0
26.785710599971935,2422680.0
26.789764299988747,2422684.0
26.822736100060865,2422717.0
26.825730200158432,2422719.0
26.827715400140733,2422722.0
26.83071730006486,2422725.0
26.832715300144628,2422727.0
26.834715800127015,2422729.0
26.836823400110006,2422731.0
26.83872800017707,2422733.0
26.840715900063515,2422735.0
26.842711600009352,2422737.0
26.877736099995673,2422772.0
26.879718200070783,2422774.0
26.881713200127706,2422776.0
26.885723700048402,2422779.0
26.887726500164717,2422782.0
26.88971050013788,2422784.0
26.891719000181183,2422786.0
26.893711799988523,2422788.0
26.89575000014156,2422790.0
26.89772120001726,2422792.0
26.931737600127235,2422826.0
26.93371620005928,2422828.0
26.935732500161976,2422830.0
26.937721300171688,2422832.0
26.939712500199676,2422834.0
26.94171280018054,2422836.0
26.943711000028998,2422838.0
26.945780500071123,2422840.0
26.947713100118563,2422842.0
26.94971110019833,2422844.0
26.951709300046787,2422846.0
26.985737700015306,2422880.0
26.98773320019245,2422882.0
26.98972940002568,2422884.0
26.9917266999837,2422886.0
26.993738000048324,2422888.0
26.995729900198057,2422890.0
26.997720200102776,2422892.0
26.999720900086686,2422894.0
27.002728700172156,2422897.0
27.00575240002945,2422900.0
27.04073980008252,2422935.0
27.04271880001761,2422937.0
27.044711400056258,2422939.0
27.046715000178665,2422941.0
27.048719300189987,2422943.0
27.05070920009166,2422945.0
27.05273690004833,2422947.0
27.05472890008241,2422949.0
27.056720199994743,2422951.0
27.058717400068417,2422953.0
27.093736900016665,2422988.0
27.0957192000933,2422990.0
27.097712900023907,2422992.0
27.09973720018752,2422994.0
27.10172300017439,2422996.0
27.103727500187233,2422998.0
27.105713200056925,2423000.0
27.107716700062156,2423002.0
27.1097119001206,2423004.0
27.1117090000771,2423006.0
27.14576690015383,2423040.0
27.147730000084266,2423042.0
27.14971680007875,2423044.0
27.151712600141764,2423046.0
27.15371960005723,2423048.0
27.15570060000755,2423050.0
27.1577165001072,2423052.0
27.15970930014737,2423054.0
27.161732900189236,2423056.0
27.16371460002847,2423058.0
27.165711000096053,2423060.0
27.200735500082374,2423095.0
27.203728700056672,2423098.0
27.20573170017451,2423100.0
27.208732899976894,2423103.0
27.212717400165275,2423107.0
27.21471400000155,2423109.0
27.216712500201538,2423111.0
27.218713300069794,2423113.0
27.252759700175375,2423147.0
27.254730000160635,2423149.0
27.256716900039464,2423151.0
27.258715900126845,2423153.0
27.260713400086388,2423155.0
27.262713900068775,2423157.0
27.265714599983767,2423160.0
27.267712900182232,2423162.0
27.26975470012985,2423164.0
27.27173939999193,2423166.0
27.306733400095254,2423201.0
27.308716400060803,2423203.0
27.310713100014254,2423205.0
27.312715500127524,2423207.0
27.314718500012532,2423209.0
27.316725000040606,2423211.0
27.318713100161403,2423213.0
27.3207617001608,2423215.0
27.322713900124654,2423217.0
27.344895200105384,2423220.0
27.3787438001018,2423273.0
27.38071840000339,2423275.0
27.382713200058788,2423277.0
27.38571170018986,2423280.0
27.387740900041535,2423282.0
27.389713200042024,2423284.0
27.393736300058663,2423288.0
27.3957160001155,2423290.0
27.397711700061336,2423292.0
27.43174390005879,2423326.0
27.4337286001537,2423328.0
27.435721800196916,2423330.0
27.437722300179303,2423332.0
27.439736400032416,2423334.0
27.44171779998578,2423336.0
27.44571670005098,2423340.0
27.447711599990726,2423342.0
27.44971130019985,2423344.0
27.48373660002835,2423378.0
27.485742600169033,2423380.0
27.487730500055477,2423382.0
27.489716600161046,2423384.0
27.491718700155616,2423386.0
27.495747700100765,2423390.0
27.498718900140375,2423393.0
27.500717400107533,2423395.0
27.502724500140175,2423397.0
27.53689710004255,2423431.0
27.538729400141165,2423433.0
27.54072400019504,2423435.0
27.542715500108898,2423437.0
27.54471330018714,2423439.0
27.54671320016496,2423441.0
27.548741500126198,2423443.0
27.55071570002474,2423445.0
27.552715900121257,2423447.0
27.554725400172174,2423449.0
27.58873590012081,2423483.0
27.590723200002685,2423485.0
27.59271790017374,2423487.0
27.594717200146988,2423489.0
27.59674490010366,2423491.0
27.59871990000829,2423493.0
27.60071330005303,2423495.0
27.60271290014498,2423497.0
27.60475830012001,2423499.0
27.60672470019199,2423501.0
27.640741100069135,2423535.0
27.642744400072843,2423537.0
27.645742500200868,2423540.0
27.64772480004467,2423542.0
27.649715600069612,2423544.0
27.651713100029156,2423546.0
27.6537272001151,2423548.0
27.65571690001525,2423550.0
27.6577232000418,2423552.0
27.659734199987724,2423554.0
27.69476310000755,2423589.0
27.696730700088665,2423591.0
27.698722000001,2423593.0
27.700721400091425,2423595.0
27.702722900081426,2423597.0
27.705762500176206,2423600.0
27.707729800138623,2423602.0
27.709714700002223,2423604.0
27.711711400188506,2423606.0
27.713710100157186,2423608.0
27.74975880002603,2423642.0
27.751743900123984,2423646.0
27.75372779997997,2423648.0
27.755715599982068,2423650.0
27.757718400098383,2423652.0
27.759720799978822,2423654.0
27.761712400009856,2423656.0
27.765725600067526,2423660.0
27.767734700115398,2423662.0
27.801758400164545,2423696.0
27.803728900151327,2423698.0
27.805717000039294,2423700.0
27.80772200017236,2423702.0
27.80971370008774,2423704.0
27.811714200070128,2423706.0
27.813732400070876,2423708.0
27.815723800100386,2423710.0
27.81771510001272,2423712.0
27.819712900090963,2423714.0
27.851736300159246,2423746.0
27.853730000089854,2423748.0
27.85571729997173,2423750.0
27.857720900094137,2423752.0
27.85971390013583,2423754.0
27.8617253000848,2423756.0
27.86371780000627,2423758.0
27.86571320006624,2423760.0
27.86771360016428,2423762.0
27.869712400017306,2423764.0
27.871729200007394,2423766.0
27.903738900087774,2423798.0
27.905725500080734,2423800.0
27.907737700035796,2423802.0
27.90971660008654,2423804.0
27.91171360015869,2423806.0
27.91371260001324,2423808.0
27.915713400114328,2423810.0
27.91771150007844,2423812.0
27.91978880017996,2423814.0
27.921749599976465,2423816.0
27.935902600176632,2423830.0
27.970749200088903,2423865.0
27.97271960019134,2423867.0
27.974722700193524,2423869.0
27.976715500000864,2423871.0
27.97871300019324,2423873.0
27.98071220004931,2423875.0
27.982710300013423,2423877.0
27.9847145001404,2423879.0
27.986869200132787,2423881.0
27.988731099991128,2423883.0
28.021758200135082,2423916.0
28.025774999987334,2423920.0
28.027727000182495,2423922.0
28.03174760006368,2423924.0
28.033729400020093,2423928.0
28.035723500186577,2423930.0
28.037753300042823,2423932.0
28.039902300108224,2423934.0
28.041727300034836,2423936.0
28.07474650000222,2423969.0
28.076721700141206,2423971.0
28.078727500047535,2423973.0
28.080724800005555,2423975.0
28.082714300137013,2423977.0
28.08471280010417,2423979.0
28.086918800137937,2423981.0
28.088732700096443,2423983.0
28.090725700138137,2423985.0
28.0927167001646,2423987.0
28.125744600081816,2424020.0
28.12772690015845,2424022.0
28.129716400057077,2424024.0
28.131717200158164,2424026.0
28.133713999995962,2424028.0
28.135714099975303,2424030.0
28.13775820005685,2424032.0
28.13975610001944,2424034.0
28.141724199987948,2424036.0
28.143745800014585,2424038.0
28.175737400073558,2424070.0
28.1777186000254,2424072.0
28.179715000092983,2424074.0
28.181713700061664,2424076.0
28.183711500139907,2424078.0
28.185711200116202,2424080.0
28.187741700094193,2424082.0
28.189721500035375,2424084.0
28.191717500099912,2424086.0
28.193714500172064,2424088.0
28.195713100023568,2424090.0
28.228749600006267,2424123.0
28.231736300047487,2424125.0
28.233720200136304,2424128.0
28.23571759997867,2424130.0
28.237784400116652,2424132.0
28.239720600191504,2424134.0
28.241717900149524,2424136.0
28.245718599995598,2424140.0
28.247714800061658,2424142.0
28.280763800023124,2424175.0
28.282725100172684,2424177.0
28.284717600094154,2424179.0
28.286906900117174,2424181.0
28.28873520018533,2424183.0
28.29073080001399,2424185.0
28.29271710012108,2424187.0
28.294714300194755,2424189.0
28.296745700063184,2424191.0
28.298719700193033,2424193.0
28.330743400147185,2424225.0
28.33272389997728,2424227.0
28.334719200152904,2424229.0
28.336934900144115,2424231.0
28.338735199999064,2424233.0
28.342749600065872,2424235.0
28.344722400186583,2424239.0
28.34671730012633,2424241.0
28.348717800108716,2424243.0
28.380736800143495,2424275.0
28.38271929998882,2424277.0
28.3847186001949,2424279.0
28.386888400185853,2424281.0
28.388735900167376,2424283.0
28.390739400172606,2424285.0
28.39272170001641,2424287.0
28.39471530006267,2424289.0
28.396716800052673,2424291.0
28.39871390000917,2424293.0
28.400716700125486,2424295.0
28.43373619997874,2424328.0
28.435722600203007,2424330.0
28.437734400155023,2424332.0
28.44172490015626,2424336.0
28.443719200091437,2424338.0
28.44571500015445,2424340.0
28.447719500167295,2424342.0
28.449714600108564,2424344.0
28.4517196000088,2424346.0
28.48474630014971,2424379.0
28.486915200017393,2424381.0
28.488737100036815,2424383.0
28.490728500066325,2424385.0
28.492718200199306,2424387.0
28.494714500149712,2424389.0
28.497723600128666,2424392.0
28.499721399974078,2424394.0
28.505763499997556,2424396.0
28.537750900024548,2424432.0
28.539730000076815,2424434.0
28.543753300094977,2424438.0
28.545726400101557,2424440.0
28.547745699994266,2424442.0
28.549745400203392,2424444.0
28.551715000066906,2424446.0
28.553717700066045,2424448.0
28.55574250011705,2424450.0
28.55775050004013,2424452.0
28.589739100076258,2424484.0
28.591739600058645,2424486.0
28.593723100144416,2424488.0
28.59571810020134,2424490.0
28.597717800177634,2424492.0
28.59971580002457,2424494.0
28.60171650000848,2424496.0
28.605735199991614,2424500.0
28.60773120005615,2424502.0
28.639739300124347,2424534.0
28.64172359998338,2424536.0
28.643718900159,2424538.0
28.645716900005937,2424540.0
28.647721600020304,2424542.0
28.64971400005743,2424544.0
28.651714000152424,2424546.0
28.653802700107917,2424548.0
28.655749700032175,2424550.0
28.657727100187913,2424552.0
28.68973770015873,2424584.0
28.691722300136462,2424586.0
28.693718100199476,2424588.0
28.695715700043365,2424590.0
28.697714800015092,2424592.0
28.699713699985296,2424594.0
28.701730200089514,2424596.0
28.705738600110635,2424600.0
28.707722200080752,2424602.0
28.70971680013463,2424604.0
28.74575910018757,2424640.0
28.74774570018053,2424642.0
28.749775900039822,2424644.0
28.751731800148264,2424646.0
28.753731900127605,2424648.0
28.75575040001422,2424650.0
28.759725000010803,2424654.0
28.761717000044882,2424656.0
28.763733700150624,2424658.0
28.797735600033775,2424692.0
28.799720900133252,2424694.0
28.801717300200835,2424696.0
28.8057447001338,2424700.0
28.807734500151128,2424702.0
28.80974190006964,2424704.0
28.811719099991024,2424706.0
28.813715000171214,2424708.0
28.81571410014294,2424710.0
28.852810100186616,2424747.0
28.85475890012458,2424749.0
28.856727099977434,2424751.0
28.858721500029787,2424753.0
28.8607173000928,2424755.0
28.862715900177136,2424757.0
28.86471820017323,2424759.0
28.866715000011027,2424761.0
28.868716000113636,2424763.0
28.902759700082242,2424797.0
28.904726800043136,2424799.0
28.90671950019896,2424801.0
28.9087193000596,2424803.0
28.91072290018201,2424805.0
28.912715299986303,2424807.0
28.91471410007216,2424809.0
28.916720299981534,2424811.0
28.918726000003517,2424813.0
28.920721700182185,2424815.0
28.954758299980313,2424849.0
28.956730999983847,2424851.0
28.95872350013815,2424853.0
28.960718900198117,2424855.0
28.96271670004353,2424857.0
28.96572279999964,2424860.0
28.967717500170693,2424862.0
28.969718100037426,2424864.0
28.971768600167707,2424866.0
28.974738200195134,2424869.0
29.009768499992788,2424904.0
29.011730200145394,2424906.0
29.01372250006534,2424908.0
29.015721600037068,2424910.0
29.017715300200507,2424912.0
29.01971480017528,2424914.0
29.02174250013195,2424916.0
29.02575120003894,2424920.0
29.027739700162783,2424922.0
29.06576730008237,2424960.0
29.067724600201473,2424962.0
29.069722500164062,2424964.0
29.071759900078177,2424966.0
29.073724900139496,2424968.0
29.07572630001232,2424970.0
29.07771910005249,2424972.0
29.079715400002897,2424974.0
29.081716099986807,2424976.0
29.085760800167918,2424980.0
29.12075180001557,2425015.0
29.122725500026718,2425017.0
29.1257299000863,2425020.0
29.12771899998188,2425022.0
29.12971610017121,2425024.0
29.131718500051647,2425026.0
29.133728000102565,2425028.0
29.135723900049925,2425030.0
29.137720400001854,2425032.0
29.139724400127307,2425034.0
29.172739800065756,2425067.0
29.174728500191122,2425069.0
29.176720699993894,2425071.0
29.17872010008432,2425073.0
29.180748800048605,2425075.0
29.182733800029382,2425077.0
29.184728000080213,2425079.0
29.186925400048494,2425081.0
29.188784199999645,2425083.0
29.190732300048694,2425085.0
29.192724500084296,2425087.0
29.227748800069094,2425122.0
29.229725599987432,2425124.0
29.231718900147825,2425126.0
29.233718500006944,2425128.0
29.235717999981716,2425130.0
29.23772650002502,2425132.0
29.23973140004091,2425134.0
29.24174000020139,2425136.0
29.24372070003301,2425138.0
29.245717799989507,2425140.0
29.24771900009364,2425142.0
29.28175329999067,2425176.0
29.28573380014859,2425180.0
29.287733600009233,2425182.0
29.28972820006311,2425184.0
29.291726500028744,2425186.0
29.29372110008262,2425188.0
29.295718000037596,2425190.0
29.297729900106788,2425192.0
29.299719700124115,2425194.0
29.334753000177443,2425229.0
29.336929199984297,2425231.0
29.338733199983835,2425233.0
29.340727500151843,2425235.0
29.342719700187445,2425237.0
29.345719099976122,2425240.0
29.347717000171542,2425242.0
29.35071839997545,2425245.0
29.352740300120786,2425247.0
29.38574629998766,2425280.0
29.38773940014653,2425282.0
29.389724700013176,2425284.0
29.391724100103602,2425286.0
29.393718000035733,2425288.0
29.395717800129205,2425290.0
29.397716599982232,2425292.0
29.39973260019906,2425294.0
29.401720500085503,2425296.0
29.405730300117284,2425300.0
29.438743200153112,2425333.0
29.44073130004108,2425335.0
29.442721100058407,2425337.0
29.445742400130257,2425340.0
29.44772300007753,2425342.0
29.449721000157297,2425344.0
29.45171880000271,2425346.0
29.453721900004894,2425348.0
29.455735000083223,2425350.0
29.457723200088367,2425352.0
29.49174190009944,2425386.0
29.49372460017912,2425388.0
29.495720300124958,2425390.0
29.497719699982554,2425392.0
29.49972000019625,2425394.0
29.501718500163406,2425396.0
29.50372950010933,2425398.0
29.50573240010999,2425400.0
29.50773030007258,2425402.0
29.509720799978822,2425404.0
29.54274860001169,2425437.0
29.54472570004873,2425439.0
29.546721799997613,2425441.0
29.5487200000789,2425443.0
29.55071790004149,2425445.0
29.552727400092408,2425447.0
29.554727900074795,2425449.0
29.55672030011192,2425451.0
29.558725100010633,2425453.0
29.560718200169504,2425455.0
29.56271870015189,2425457.0
29.5957448000554,2425490.0
29.59773680008948,2425492.0
29.599741300102323,2425494.0
29.601742000086233,2425496.0
29.60572770005092,2425500.0
29.60774360015057,2425502.0
29.609750700183213,2425504.0
29.611717600142583,2425506.0
29.613718300126493,2425508.0
29.615747400093824,2425510.0
29.648745300015435,2425543.0
29.650729600107297,2425545.0
29.652725300053135,2425547.0
29.654723700135946,2425549.0
29.656721600098535,2425551.0
29.658726599998772,2425553.0
29.660725600086153,2425555.0
29.662736400030553,2425557.0
29.66572990012355,2425560.0
29.66771970014088,2425562.0
29.701755500165746,2425596.0
29.70574470004067,2425600.0
29.707734500057995,2425602.0
29.709724800195545,2425604.0
29.711724000051618,2425606.0
29.713721100008115,2425608.0
29.715718900086358,2425610.0
29.717718500178307,2425612.0
29.71971860015765,2425614.0
29.754761800169945,2425649.0
29.756736000068486,2425651.0
29.758730000117794,2425653.0
29.762727900175378,2425658.0
29.765722200041637,2425660.0
29.767722900025547,2425662.0
29.769722500117496,2425664.0
29.77175680012442,2425666.0
29.775740300072357,2425670.0
29.813764300197363,2425708.0
29.81574170012027,2425710.0
29.817752400180325,2425712.0
29.819731200113893,2425714.0
29.821723900036886,2425716.0
29.82372530014254,2425718.0
29.825721400091425,2425720.0
29.827719900058582,2425722.0
29.829727499978617,2425724.0
29.83172190003097,2425726.0
29.83374060015194,2425728.0
29.867762900190428,2425762.0
29.869735000189394,2425764.0
29.87173350015655,2425766.0
29.873723200056702,2425768.0
29.87572450004518,2425770.0
29.877718900097534,2425772.0
29.879779200069606,2425774.0
29.88173310016282,2425776.0
29.88572520017624,2425780.0
29.918755799997598,2425813.0
29.920735400170088,2425815.0
29.922722400166094,2425817.0
29.92473249998875,2425819.0
29.926735799992457,2425821.0
29.92872350011021,2425823.0
29.93072440009564,2425825.0
29.932719900039956,2425827.0
29.934719300130382,2425829.0
29.936864300165325,2425831.0
29.969757500104606,2425864.0
29.9737543000374,2425868.0
29.9767285999842,2425871.0
29.978723200038075,2425873.0
29.980718899983913,2425875.0
29.984724499983713,2425877.0
29.986970799975097,2425881.0
29.988750100135803,2425883.0
30.021768199978396,2425916.0
30.02574020018801,2425920.0
30.027723800158128,2425922.0
30.029721800005063,2425924.0
30.03172180010006,2425926.0
30.033745900029317,2425928.0
30.03572400007397,2425930.0
30.03772380016744,2425932.0
30.039734499994665,2425934.0
30.072749100159854,2425967.0
30.074732000008225,2425969.0
30.076723700156435,2425971.0
30.078724200138822,2425973.0
30.08073789998889,2425975.0
30.082727700006217,2425977.0
30.08571960008703,2425980.0
30.087724199984223,2425982.0
30.089723200071603,2425984.0
30.091729799984023,2425986.0
30.125781200127676,2426020.0
30.127735699992627,2426022.0
30.129726100014523,2426024.0
30.131724500097334,2426026.0
30.13372280006297,2426028.0
30.13571980013512,2426030.0
30.13774870010093,2426032.0
30.1397386000026,2426034.0
30.141749300062656,2426036.0
30.17376030003652,2426068.0
30.175729400012642,2426070.0
30.177723800064996,2426072.0
30.17972210003063,2426074.0
30.181721300119534,2426076.0
30.185724599985406,2426080.0
30.187747300136834,2426082.0
30.18974750000052,2426084.0
30.191727300174534,2426086.0
30.22476050001569,2426119.0
30.226728700101376,2426121.0
30.228722400031984,2426123.0
30.230725800152868,2426125.0
30.232720900094137,2426127.0
30.234744100132957,2426129.0
30.236885500140488,2426131.0
30.238736300030723,2426133.0
30.24072780017741,2426135.0
30.24272290011868,2426137.0
30.275747700128704,2426170.0
30.277727200184017,2426172.0
30.280732300132513,2426175.0
30.282725600060076,2426177.0
30.28472140012309,2426179.0
30.28686480014585,2426181.0
30.28874580003321,2426183.0
30.290725000202656,2426185.0
30.292724800063297,2426187.0
30.29472150001675,2426189.0
30.328749699983746,2426223.0
30.33273380016908,2426227.0
30.334723900072277,2426229.0
30.33975030016154,2426234.0
30.342739599989727,2426237.0
30.34472699998878,2426239.0
30.346721600042656,2426241.0
30.380756000056863,2426275.0
30.38272950006649,2426277.0
30.384723500115797,2426279.0
30.386908000102267,2426281.0
30.388756199972704,2426283.0
30.39072829997167,2426285.0
30.39272590004839,2426287.0
30.394724000012502,2426289.0
30.396726000122726,2426291.0
30.39872210007161,2426293.0
30.433756500016898,2426328.0
30.43574000010267,2426330.0
30.437735100043938,2426332.0
30.439730599988252,2426334.0
30.44172970019281,2426336.0
30.443722400115803,2426338.0
30.445721599971876,2426340.0
30.447727299993858,2426342.0
30.45072010019794,2426345.0
30.452743100002408,2426347.0
30.48574750008993,2426380.0
30.48774650017731,2426382.0
30.489732700167224,2426384.0
30.49173210002482,2426386.0
30.49472409998998,2426389.0
30.496722700074315,2426391.0
30.498722500167787,2426393.0
30.500723500037566,2426395.0
30.502721199998632,2426397.0
30.50472389999777,2426399.0
30.540750300046057,2426435.0
30.54272840009071,2426437.0
30.545734600163996,2426440.0
30.547726800199598,2426442.0
30.54972260002978,2426444.0
30.5517225000076,2426446.0
30.553725000005215,2426448.0
30.555739999981597,2426450.0
30.55772510007955,2426452.0
30.59074760018848,2426485.0
30.59274010010995,2426487.0
30.594726199982688,2426489.0
30.596725800074637,2426491.0
30.59872300014831,2426493.0
30.600721599999815,2426495.0
30.602721200091764,2426497.0
30.60573760000989,2426500.0
30.607736200094223,2426502.0
30.61173150013201,2426506.0
30.64576780004427,2426540.0
30.64773580012843,2426542.0
30.64973000017926,2426544.0
30.651728100143373,2426546.0
30.653738100081682,2426548.0
30.655770300189033,2426550.0
30.657737800152972,2426552.0
30.659723700024188,2426554.0
30.661721700103953,2426556.0
30.665725000202656,2426560.0
30.701755800051615,2426596.0
30.70575199997984,2426598.0
30.707735100062564,2426602.0
30.710735300090164,2426605.0
30.713722000131384,2426608.0
30.715723800007254,2426610.0
30.717731500044465,2426612.0
30.719724000198767,2426614.0
30.7527570000384,2426647.0
30.754741800017655,2426649.0
30.75672630011104,2426651.0
30.758727400097996,2426653.0
30.76072070002556,2426655.0
30.762724800035357,2426657.0
30.765725100180134,2426660.0
30.767726600170135,2426662.0
30.76972150010988,2426664.0
30.771776900161058,2426666.0
30.807761100120842,2426702.0
30.809738900046796,2426704.0
30.813729700166732,2426708.0
30.815729100024328,2426710.0
30.81972170015797,2426714.0
30.82173900003545,2426716.0
30.82576710009016,2426720.0
30.86575880018063,2426758.0
30.867732900194824,2426762.0
30.86972830002196,2426764.0
30.871758100111037,2426766.0
30.87373590003699,2426768.0
30.8757276001852,2426770.0
30.877726200036705,2426772.0
30.879761200165376,2426774.0
30.881722300080582,2426776.0
30.9177574000787,2426812.0
30.919730600202456,2426814.0
30.921729000052437,2426816.0
30.92573030013591,2426820.0
30.927721900166944,2426822.0
30.929722200147808,2426824.0
30.931721300119534,2426826.0
30.933750400086865,2426828.0
30.935726100113243,2426830.0
30.937727800104767,2426832.0
30.971758000086993,2426866.0
30.973732799990103,2426868.0
30.97572600003332,2426870.0
30.97872480005026,2426873.0
30.980745900189504,2426875.0
30.982728600036353,2426877.0
30.984725899994373,2426879.0
30.986853200010955,2426881.0
30.98876000009477,2426883.0
30.990727100055665,2426885.0
31.02576700015925,2426920.0
31.027738200034946,2426922.0
31.02972810016945,2426924.0
31.031745500164106,2426927.0
31.033738100202754,2426928.0
31.03572310018353,2426930.0
31.037747900001705,2426932.0
31.039731600089,2426934.0
31.041748700197786,2426936.0
31.04572829999961,2426940.0
31.080750999972224,2426975.0
31.082729800138623,2426977.0
31.08475250005722,2426979.0
31.086951600154862,2426981.0
31.088758300058544,2426983.0
31.090738700004295,2426985.0
31.09272460010834,2426987.0
31.09472900000401,2426989.0
31.09772610012442,2426992.0
31.099725499982014,2426994.0
31.137759800069034,2427032.0
31.139731900068,2427034.0
31.141731700161472,2427036.0
31.145724300062284,2427040.0
31.14772430015728,2427042.0
31.14975510002114,2427044.0
31.15172850014642,2427046.0
31.153727900004014,2427048.0
31.15572480019182,2427050.0
31.189749900018796,2427084.0
31.191731000086293,2427086.0
31.19372560014017,2427088.0
31.195756900124252,2427090.0
31.197728300001472,2427092.0
31.19972260016948,2427094.0
31.20172380004078,2427096.0
31.205766400089487,2427100.0
31.20774079998955,2427102.0
31.241746800020337,2427136.0
31.245749300112948,2427140.0
31.247729600174353,2427142.0
31.249726500129327,2427144.0
31.25172629998997,2427146.0
31.253735600039363,2427148.0
31.255736300023273,2427150.0
31.25773120019585,2427152.0
31.259733100188896,2427154.0
31.293745400151238,2427188.0
31.296731400070712,2427191.0
31.298727500019595,2427193.0
31.30072550009936,2427195.0
31.302725300192833,2427197.0
31.305752500193194,2427200.0
31.307739000068977,2427202.0
31.309734900016338,2427204.0
31.311724100029096,2427206.0
31.347760200034827,2427242.0
31.34973100014031,2427244.0
31.351752300048247,2427246.0
31.353739300044253,2427248.0
31.355727900052443,2427250.0
31.357728200033307,2427252.0
31.35973140015267,2427254.0
31.3617253000848,2427256.0
31.36572580016218,2427258.0
31.399760900065303,2427294.0
31.40173769998364,2427296.0
31.403737100074068,2427298.0
31.405726300086826,2427300.0
31.407729000085965,2427302.0
31.40972900018096,2427304.0
31.41172410012223,2427306.0
31.41373040014878,2427308.0
31.41573590016924,2427310.0
31.41772470017895,2427312.0
31.451760000083596,2427346.0
31.453742700163275,2427348.0
31.4557351002004,2427350.0
31.457733300048858,2427352.0
31.45972599997185,2427354.0
31.461737400153652,2427356.0
31.463725100038573,2427358.0
31.465723500121385,2427360.0
31.467724699992687,2427362.0
31.469721700064838,2427364.0
31.503754700068384,2427398.0
31.505747700110078,2427400.0
31.507745900191367,2427402.0
31.50973040005192,2427404.0
31.511728700017557,2427406.0
31.513724900083616,2427408.0
31.51572490017861,2427410.0
31.51772420015186,2427412.0
31.51975560002029,2427414.0
31.521789700025693,2427416.0
31.558751600096002,2427453.0
31.560734200058505,2427455.0
31.562732300022617,2427457.0
31.56573350005783,2427460.0
31.56781330006197,2427462.0
31.569757600082085,2427464.0
31.571730999974534,2427466.0
31.573729700176045,2427468.0
31.575731800170615,2427470.0
31.577725399984047,2427472.0
31.611750200157985,2427506.0
31.61373100010678,2427508.0
31.615731100086123,2427510.0
31.617748400196433,2427512.0
31.61973000015132,2427514.0
31.621730500133708,2427516.0
31.62573010008782,2427518.0
31.627724200021476,2427522.0
31.62972420011647,2427524.0
31.665778800146654,2427560.0
31.667733500013128,2427562.0
31.66972740017809,2427564.0
31.67173230019398,2427566.0
31.67372460011393,2427568.0
31.675731600029394,2427570.0
31.677732600132003,2427572.0
31.679737800033763,2427574.0
31.681727200048044,2427576.0
31.71575210010633,2427610.0
31.717733800178394,2427612.0
31.71972900000401,2427614.0
31.72174539999105,2427616.0
31.72574710007757,2427620.0
31.72772890003398,2427622.0
31.729727500118315,2427624.0
31.731725100195035,2427626.0
31.73373610014096,2427628.0
31.77076440001838,2427665.0
31.77274090005085,2427668.0
31.774734100094065,2427669.0
31.77672680001706,2427671.0
31.778726200107485,2427673.0
31.780724600190297,2427675.0
31.78272550017573,2427677.0
31.78472670004703,2427679.0
31.787014600122347,2427681.0
31.788743100129068,2427683.0
31.790731200017035,2427685.0
31.826770900050178,2427720.0
31.828744400059804,2427723.0
31.830736299976707,2427725.0
31.832732000155374,2427727.0
31.83474600012414,2427729.0
31.836930700112134,2427731.0
31.838743400061503,2427733.0
31.84074020013213,2427735.0
31.842729600146413,2427737.0
31.876747800037265,2427771.0
31.87873260001652,2427773.0
31.88076900015585,2427775.0
31.884757400024682,2427779.0
31.8869330000598,2427781.0
31.888745000120252,2427783.0
31.890738800168037,2427785.0
31.892727100057527,2427787.0
31.89472600002773,2427789.0
31.9287521999795,2427823.0
31.930733900051564,2427825.0
31.93272770009935,2427827.0
31.934725400060415,2427829.0
31.936864900169894,2427831.0
31.938728400040418,2427833.0
31.94073799997568,2427835.0
31.942745400127023,2427837.0
31.945739899994805,2427840.0
31.947729400126263,2427842.0
31.982761700171977,2427877.0
31.985736100003123,2427880.0
31.98777770018205,2427882.0
31.989743300015107,2427884.0
31.991731100017205,2427886.0
31.99372660019435,2427888.0
31.995726500172168,2427890.0
31.997725900029764,2427892.0
31.999726800015196,2427894.0
32.0017256999854,2427896.0
32.03475520014763,2427929.0
32.03693850012496,2427931.0
32.03875270020217,2427933.0
32.040741600096226,2427935.0
32.04272730019875,2427937.0
32.0457268001046,2427940.0
32.0477268001996,2427942.0
32.04972750018351,2427944.0
32.0517510001082,2427946.0
32.05373700009659,2427948.0
32.08777970005758,2427982.0
32.08975010016002,2427984.0
32.09174310020171,2427986.0
32.09574090014212,2427988.0
32.09775960003026,2427992.0
32.09974500001408,2427994.0
32.10173920006491,2427996.0
32.1057482000906,2428000.0
32.1387710000854,2428033.0
32.140765300020576,2428035.0
32.14576470013708,2428038.0
32.14773550000973,2428042.0
32.14974300004542,2428044.0
32.15174730005674,2428046.0
32.15374490013346,2428048.0
32.15574650000781,2428050.0
32.157745900098234,2428052.0
32.194764300016686,2428089.0
32.19673990015872,2428091.0
32.198736200109124,2428093.0
32.200739399995655,2428095.0
32.20273850020021,2428097.0
32.20481330016628,2428099.0
32.20675450004637,2428101.0
32.20974910003133,2428104.0
32.211731699993834,2428106.0
32.21372880018316,2428108.0
32.24776830011979,2428142.0
32.24973420007154,2428144.0
32.25173000013456,2428146.0
32.2537487000227,2428148.0
32.255744700087234,2428150.0
32.257797700120136,2428152.0
32.25973120005801,2428154.0
32.26172740012407,2428156.0
32.265731499996036,2428158.0
32.298774500144646,2428193.0
32.30074490001425,2428195.0
32.30273270001635,2428197.0
32.30573959997855,2428200.0
32.307734000030905,2428202.0
32.30972610018216,2428204.0
32.311726100044325,2428206.0
32.31372940004803,2428208.0
32.315757600124925,2428210.0
32.317730400012806,2428212.0
32.35074870008975,2428245.0
32.352731300052255,2428247.0
32.35474200011231,2428249.0
32.35672949999571,2428251.0
32.35872990009375,2428253.0
32.360726200044155,2428255.0
32.36279659997672,2428257.0
32.36474240012467,2428259.0
32.366730000125244,2428261.0
32.368728700093925,2428263.0
32.40376780019142,2428298.0
32.40573470015079,2428300.0
32.40774100017734,2428302.0
32.409738100133836,2428304.0
32.41173020005226,2428306.0
32.413726600119844,2428308.0
32.41572930011898,2428310.0
32.417727100197226,2428312.0
32.41972620016895,2428314.0
32.42176080006175,2428316.0
32.453757900046185,2428348.0
32.455741100013256,2428350.0
32.45774059998803,2428352.0
32.459729599999264,2428354.0
32.461727500194684,2428356.0
32.463759400183335,2428358.0
32.4657271001488,2428360.0
32.467726000119,2428362.0
32.46972950012423,2428364.0
32.47174450010061,2428366.0
32.47374490019865,2428368.0
32.50675160018727,2428401.0
32.508736400166526,2428403.0
32.51072939997539,2428405.0
32.51272980007343,2428407.0
32.51472730003297,2428409.0
32.516727700131014,2428411.0
32.51873890007846,2428413.0
32.52173630008474,2428416.0
32.52573550003581,2428420.0
32.55875890003517,2428453.0
32.56073180004023,2428455.0
32.56373800011352,2428458.0
32.56573970010504,2428460.0
32.567729300120845,2428462.0
32.569727500202134,2428464.0
32.571728700073436,2428466.0
32.57372530014254,2428468.0
32.57573000015691,2428470.0
32.58175800018944,2428476.0
32.616754500195384,2428511.0
32.618739100173116,2428513.0
32.62274240003899,2428515.0
32.624738099984825,2428519.0
32.62675700010732,2428521.0
32.62873080000281,2428523.0
32.63172800000757,2428527.0
32.63373030000366,2428528.0
32.635727600194514,2428530.0
32.66874880017713,2428563.0
32.67074150010012,2428565.0
32.672729399986565,2428567.0
32.67474990012124,2428569.0
32.678735400084406,2428573.0
32.680728800129145,2428575.0
32.68272630008869,2428577.0
32.68877530004829,2428583.0
32.721759600099176,2428616.0
32.72575780004263,2428618.0
32.727732700062916,2428622.0
32.72973210015334,2428624.0
32.73172940011136,2428626.0
32.73372760019265,2428628.0
32.7368862000294,2428631.0
32.73874010005966,2428633.0
32.740732399979606,2428635.0
32.77577210008167,2428670.0
32.77778420015238,2428673.0
32.77973240008578,2428674.0
32.781731200171635,2428676.0
32.785746100125834,2428678.0
32.78773590014316,2428682.0
32.78973550000228,2428684.0
32.791729900054634,2428686.0
32.794730900088325,2428689.0
32.83175410004333,2428726.0
32.833737100008875,2428728.0
32.83573010005057,2428730.0
32.83778810012154,2428732.0
32.83973230002448,2428734.0
32.841733100125566,2428736.0
32.84373260010034,2428738.0
32.84675829997286,2428741.0
32.848733300110325,2428743.0
32.850733699975535,2428745.0
32.88576199999079,2428780.0
32.887744300067425,2428782.0
32.889732600189745,2428784.0
32.891755500109866,2428786.0
32.893730900017545,2428788.0
32.89572899998166,2428790.0
32.89772850018926,2428792.0
32.89972770004533,2428794.0
32.901728900149465,2428796.0
32.90373090002686,2428798.0
32.93976210011169,2428834.0
32.94175160001032,2428836.0
32.943742000032216,2428838.0
32.9457410001196,2428840.0
32.94773730007,2428842.0
32.949737900169566,2428844.0
32.95174610009417,2428846.0
32.953777900198475,2428848.0
32.955748700071126,2428850.0
32.95773350005038,2428852.0
32.959729300113395,2428854.0
32.994780000066385,2428889.0
32.99673750018701,2428891.0
32.99873080011457,2428893.0
33.00076259998605,2428895.0
33.00273160007782,2428897.0
33.005741000175476,2428900.0
33.00773680000566,2428902.0
33.009730300167575,2428904.0
33.011729000136256,2428906.0
33.01372919999994,2428908.0
33.051770200021565,2428946.0
33.05376420007087,2428948.0
33.05576390004717,2428950.0
33.05775160016492,2428952.0
33.0597433000803,2428954.0
33.06177430017851,2428956.0
33.0637422001455,2428958.0
33.06573050003499,2428960.0
33.067727900110185,2428962.0
33.06972730020061,2428964.0
33.1057641999796,2429000.0
33.10781219997443,2429002.0
33.109751500189304,2429004.0
33.11173320002854,2429006.0
33.11373240011744,2429008.0
33.11572870006785,2429010.0
33.11772840004414,2429012.0
33.11972760013305,2429014.0
33.12178679998033,2429016.0
33.12576199998148,2429018.0
33.16077120020054,2429055.0
33.16273880004883,2429057.0
33.16573950019665,2429060.0
33.16782550001517,2429062.0
33.169730600202456,2429064.0
33.17174620018341,2429066.0
33.17373420018703,2429068.0
33.17573310015723,2429070.0
33.17773040011525,2429072.0
33.179727900074795,2429074.0
33.21575039997697,2429110.0
33.21773870009929,2429112.0
33.219733300153166,2429114.0
33.22175100003369,2429116.0
33.22573940013535,2429118.0
33.22773110005073,2429122.0
33.22972960001789,2429124.0
33.23173360014334,2429126.0
33.23373400000855,2429128.0
33.2357295001857,2429130.0
33.26976060005836,2429164.0
33.27174750017002,2429167.0
33.27373440004885,2429168.0
33.27573380013928,2429170.0
33.27772860019468,2429172.0
33.2797448001802,2429174.0
33.28173330007121,2429176.0
33.28372940002009,2429178.0
33.28572970000096,2429180.0
33.28773050010204,2429182.0
33.28974730009213,2429184.0
33.32275030016899,2429217.0
33.324742400087416,2429219.0
33.326760000083596,2429221.0
33.328756500035524,2429223.0
33.33073929999955,2429225.0
33.33373070019297,2429228.0
33.33575180009939,2429230.0
33.33773670019582,2429232.0
33.339754300192,2429234.0
33.34175010002218,2429236.0
33.37575460015796,2429270.0
33.377737200120464,2429272.0
33.3797329000663,2429274.0
33.3817326000426,2429276.0
33.38373030000366,2429278.0
33.38572830008343,2429280.0
33.387755800038576,2429282.0
33.38973330007866,2429284.0
33.3917337001767,2429286.0
33.39373040013015,2429288.0
33.43075910001062,2429325.0
33.43273800006136,2429327.0
33.43476300011389,2429329.0
33.43690100009553,2429331.0
33.438733300194144,2429333.0
33.44073530007154,2429335.0
33.44273230014369,2429337.0
33.44472929998301,2429339.0
33.44672810006887,2429341.0
33.44872740004212,2429343.0
33.45075050019659,2429345.0
33.48577030003071,2429380.0
33.48774710018188,2429382.0
33.489742200123146,2429384.0
33.49173470004462,2429386.0
33.49373130011372,2429388.0
33.49574160017073,2429390.0
33.497735399985686,2429392.0
33.499728500144556,2429394.0
33.5017304001376,2429396.0
33.50575210014358,2429398.0
33.54177030012943,2429436.0
33.54573650006205,2429438.0
33.5477332000155,2429442.0
33.549729800084606,2429444.0
33.55173070007004,2429446.0
33.553733200067654,2429448.0
33.55574670014903,2429450.0
33.557750900043175,2429452.0
33.559735000133514,2429454.0
33.59475910011679,2429489.0
33.596744999988005,2429491.0
33.59873870015144,2429493.0
33.60074370005168,2429495.0
33.602774400031194,2429497.0
33.605767000000924,2429500.0
33.607749900082126,2429502.0
33.60974590014666,2429504.0
33.61174180009402,2429506.0
33.61373080010526,2429508.0
33.64977160003036,2429544.0
33.651737600099295,2429546.0
33.65374670014717,2429548.0
33.6557354000397,2429550.0
33.657738600159064,2429552.0
33.659742600051686,2429554.0
33.663786499993876,2429556.0
33.66574450000189,2429560.0
33.66773340012878,2429562.0
33.703771700151265,2429598.0
33.705745900049806,2429600.0
33.71481360006146,2429602.0
33.716788000194356,2429611.0
33.718778300099075,2429613.0
33.72179860016331,2429616.0
33.757755200145766,2429652.0
33.75974290003069,2429654.0
33.761744800023735,2429656.0
33.76573950005695,2429658.0
33.76773970015347,2429663.0
33.769735200097784,2429664.0
33.77175760013051,2429666.0
33.77373810019344,2429668.0
33.775738700060174,2429670.0
33.77773610013537,2429672.0
33.81376130017452,2429708.0
33.8157411001157,2429710.0
33.81775850011036,2429712.0
33.81973550003022,2429714.0
33.824747500009835,2429717.0
33.82673209998757,2429721.0
33.828752500005066,2429723.0
33.830731000052765,2429725.0
33.832754800096154,2429727.0
33.86877860012464,2429763.0
33.870766000123695,2429765.0
33.872736700112,2429767.0
33.87474200013094,2429769.0
33.87673100014217,2429771.0
33.878731300123036,2429773.0
33.88074699998833,2429775.0
33.88276659999974,2429777.0
33.88573930016719,2429780.0
33.91875860001892,2429813.0
33.920750600053,2429815.0
33.92273520003073,2429817.0
33.92575870011933,2429820.0
33.92774259997532,2429822.0
33.92973279999569,2429824.0
33.933732100063935,2429828.0
33.93580520013347,2429830.0
33.937733800150454,2429832.0
33.97076130006462,2429865.0
33.97275539999828,2429867.0
33.97476200014353,2429869.0
33.97674690000713,2429871.0
33.9787463999819,2429873.0
33.98074520006776,2429875.0
33.982741800136864,2429877.0
33.984737700084224,2429879.0
33.986946700140834,2429881.0
33.98877150006592,2429883.0
33.99074450018816,2429885.0
34.022756500169635,2429917.0
34.02474610018544,2429919.0
34.026737600099295,2429921.0
34.02973180008121,2429924.0
34.031738799996674,2429926.0
34.03373180003837,2429928.0
34.03576480015181,2429930.0
34.03776050009765,2429932.0
34.03975490015,2429934.0
34.041740300133824,2429936.0
34.07578209997155,2429970.0
34.077749700052664,2429972.0
34.07976910006255,2429974.0
34.081756700063124,2429976.0
34.08574210014194,2429980.0
34.08774670003913,2429982.0
34.08974250010215,2429984.0
34.091769700171426,2429986.0
34.09374250005931,2429988.0
34.12778099998832,2430022.0
34.12974930019118,2430024.0
34.13175230007619,2430026.0
34.133750500157475,2430028.0
34.13574760011397,2430030.0
34.137762299971655,2430032.0
34.13975149998441,2430034.0
34.14178300020285,2430036.0
34.14375460008159,2430038.0
34.145735800033435,2430040.0
34.17775690020062,2430072.0
34.179737500147894,2430074.0
34.18173329997808,2430076.0
34.18574300012551,2430078.0
34.18875910015777,2430083.0
34.190738999983296,2430085.0
34.19273360003717,2430087.0
34.19473149999976,2430089.0
34.19673230010085,2430091.0
34.22977209999226,2430124.0
34.23173930007033,2430126.0
34.23373360000551,2430128.0
34.23575160000473,2430130.0
34.23779160017148,2430132.0
34.23973820009269,2430134.0
34.2427391000092,2430137.0
34.24573480011895,2430140.0
34.24773190007545,2430142.0
34.28075879998505,2430175.0
34.28274350007996,2430177.0
34.28575100004673,2430180.0
34.287744499975815,2430182.0
34.28973400010727,2430184.0
34.29173479997553,2430186.0
34.29373100004159,2430188.0
34.29573140013963,2430190.0
34.29772990010679,2430192.0
34.299758800072595,2430194.0
34.33176890015602,2430226.0
34.333738800138235,2430228.0
34.33573550009169,2430230.0
34.337739299982786,2430232.0
34.33973290002905,2430234.0
34.34173590014689,2430236.0
34.343733000103384,2430238.0
34.34573490009643,2430240.0
34.347760300152004,2430242.0
34.34973630006425,2430244.0
34.35173280001618,2430246.0
34.385784400161356,2430278.0
34.38774839998223,2430282.0
34.38973690010607,2430284.0
34.391745400149375,2430286.0
34.39375769998878,2430288.0
34.39573830016889,2430290.0
34.398740200093016,2430293.0
34.40073460014537,2430295.0
34.402747499989346,2430297.0
34.434759699972346,2430329.0
34.43691450008191,2430331.0
34.43975650006905,2430334.0
34.44174030004069,2430336.0
34.4457425000146,2430338.0
34.44773380015977,2430342.0
34.44973270012997,2430344.0
34.45173140009865,2430346.0
34.45374340005219,2430348.0
34.4868817999959,2430381.0
34.48874519998208,2430383.0
34.490740600042045,2430385.0
34.49273489997722,2430387.0
34.494733800180256,2430389.0
34.496739600086585,2430391.0
34.49873260012828,2430393.0
34.50075690005906,2430395.0
34.502736600115895,2430397.0
34.50574170006439,2430400.0
34.53776690014638,2430432.0
34.539741600165144,2430434.0
34.541737999999896,2430436.0
34.54373610019684,2430438.0
34.545733500039205,2430440.0
34.5477472001221,2430442.0
34.54974510008469,2430444.0
34.551735900109634,2430446.0
34.5537358999718,2430448.0
34.55573480017483,2430450.0
34.58777360012755,2430482.0
34.58973910007626,2430484.0
34.59174000006169,2430486.0
34.5937410001643,2430488.0
34.59576000017114,2430490.0
34.597757700132206,2430492.0
34.59974480001256,2430494.0
34.60174329997972,2430496.0
34.6057478999719,2430498.0
34.63777180016041,2430532.0
34.63974940008484,2430534.0
34.64174500014633,2430536.0
34.64374079997651,2430538.0
34.64573540003039,2430540.0
34.6477334999945,2430542.0
34.64973430009559,2430544.0
34.651731700170785,2430546.0
34.65373710007407,2430548.0
34.65575890010223,2430550.0
34.688771300017834,2430583.0
34.690746900159866,2430585.0
34.69273680006154,2430587.0
34.69473490002565,2430589.0
34.69673339999281,2430591.0
34.698733100201935,2430593.0
34.70073400018737,2430595.0
34.70275130006485,2430597.0
34.70475980010815,2430599.0
34.706751300022006,2430601.0
34.738767800154164,2430633.0
34.74074809998274,2430635.0
34.743740500183776,2430638.0
34.745733600109816,2430640.0
34.74976840009913,2430644.0
34.75174239999615,2430646.0
34.75373790017329,2430648.0
34.75574900000356,2430650.0
34.75873780017719,2430653.0
34.793776200152934,2430688.0
34.79575140005909,2430690.0
34.79775230004452,2430692.0
34.799775400198996,2430694.0
34.801747700199485,2430696.0
34.80374400014989,2430698.0
34.80575649999082,2430700.0
34.8077414999716,2430702.0
34.80973450001329,2430704.0
34.81173860002309,2430706.0
34.845762100070715,2430740.0
34.84774130000733,2430742.0
34.84973610006273,2430744.0
34.85173580003902,2430746.0
34.85374610009603,2430748.0
34.85575390001759,2430750.0
34.85774860018864,2430752.0
34.859741100110114,2430754.0
34.86173560004681,2430756.0
34.86573820002377,2430758.0
34.899758600164205,2430794.0
34.90174080012366,2430797.0
34.904771300032735,2430800.0
34.90674590016715,2430801.0
34.908739499980584,2430803.0
34.9107353000436,2430805.0
34.91273960005492,2430807.0
34.914733099984005,2430809.0
34.91673330008052,2430811.0
34.91873260005377,2430813.0
34.95376090006903,2430848.0
34.955746800173074,2430850.0
34.95773910009302,2430852.0
34.9597378000617,2430854.0
34.96176640014164,2430856.0
34.96373610012233,2430858.0
34.96781380008906,2430862.0
34.969752500066534,2430864.0
34.97176620014943,2430866.0
35.00676120002754,2430901.0
35.00874530011788,2430903.0
35.010741100180894,2430905.0
35.013758999994025,2430908.0
35.015746500110254,2430910.0
35.01774720009416,2430912.0
35.019741100026295,2430914.0
35.02177270012908,2430916.0
35.023756799986586,2430918.0
35.025748500134796,2430920.0
35.06178080011159,2430956.0
35.06576640019193,2430958.0
35.067756900098175,2430962.0
35.06974710011855,2430964.0
35.0717623999808,2430966.0
35.07375650014728,2430968.0
35.0757660001982,2430970.0
35.077748000156134,2430972.0
35.079746700124815,2430974.0
35.114767000079155,2431009.0
35.11674310010858,2431011.0
35.119737500092015,2431014.0
35.12175380019471,2431016.0
35.12575010000728,2431018.0
35.12773589999415,2431022.0
35.13173420005478,2431026.0
35.13373320014216,2431028.0
35.167775799985975,2431062.0
35.1697519000154,2431064.0
35.171747100073844,2431066.0
35.173738199984655,2431068.0
35.17573820007965,2431070.0
35.17773570003919,2431072.0
35.1797367001418,2431074.0
35.181735600112006,2431076.0
35.185761500149965,2431078.0
35.21976160001941,2431114.0
35.22175480006263,2431116.0
35.22378530004062,2431118.0
35.225738500012085,2431120.0
35.22773650009185,2431122.0
35.229734300170094,2431124.0
35.23174710012972,2431126.0
35.233735100133345,2431128.0
35.23573960014619,2431130.0
35.23776730010286,2431132.0
35.271764900069684,2431166.0
35.27374300011434,2431168.0
35.27573970006779,2431170.0
35.27773690014146,2431172.0
35.27974670007825,2431174.0
35.2817367000971,2431176.0
35.285735700046644,2431178.0
35.288776100147516,2431183.0
35.290746400132775,2431185.0
35.3237642000895,2431218.0
35.325757100014016,2431220.0
35.327747100032866,2431222.0
35.32973720016889,2431224.0
35.331735600018874,2431226.0
35.33373360009864,2431228.0
35.33573770010844,2431230.0
35.337776800151914,2431232.0
35.33974150009453,2431234.0
35.34175350004807,2431236.0
35.34375150012784,2431238.0
35.37877560011111,2431273.0
35.38075270014815,2431275.0
35.38274430017918,2431277.0
35.3857426000759,2431280.0
35.387774400180206,2431282.0
35.38976170006208,2431284.0
35.39176300005056,2431286.0
35.39375729998574,2431288.0
35.3957553000655,2431290.0
35.397745200200006,2431292.0
35.43177200015634,2431326.0
35.433749800082296,2431328.0
35.43574920017272,2431330.0
35.43774830014445,2431332.0
35.43973850016482,2431334.0
35.44173820014112,2431336.0
35.44373519998044,2431338.0
35.44573520007543,2431340.0
35.44773540017195,2431342.0
35.44973750016652,2431344.0
35.483760999981314,2431378.0
35.48574300017208,2431380.0
35.487757600145414,2431382.0
35.48974040010944,2431384.0
35.49173990008421,2431386.0
35.49473799997941,2431389.0
35.49875090015121,2431392.0
35.50173840019852,2431397.0
35.53575749997981,2431430.0
35.53775790007785,2431432.0
35.53974360018037,2431434.0
35.54175329999998,2431436.0
35.54374920018017,2431438.0
35.545739400200546,2431440.0
35.547737000044435,2431442.0
35.549737100023776,2431444.0
35.55173490010202,2431446.0
35.553742200136185,2431448.0
35.58778180018999,2431482.0
35.58976300014183,2431484.0
35.59174449997954,2431486.0
35.5937410001643,2431488.0
35.5957381001208,2431490.0
35.59773630020209,2431492.0
35.599736500065774,2431494.0
35.60173680004664,2431496.0
35.603738100035116,2431498.0
35.60576150007546,2431500.0
35.63975560013205,2431534.0
35.64174610003829,2431536.0
35.645744499983266,2431538.0
35.64773890003562,2431542.0
35.6497349999845,2431544.0
35.651733400067315,2431546.0
35.6557543000672,2431550.0
35.65874149999581,2431553.0
35.692761100130156,2431587.0
35.694743799977005,2431589.0
35.69674060004763,2431591.0
35.698745200177655,2431593.0
35.70074160001241,2431595.0
35.70273620006628,2431597.0
35.7047553001903,2431599.0
35.70674360007979,2431601.0
35.70873970002867,2431603.0
35.710736399982125,2431605.0
35.71273520006798,2431607.0
35.746780100045726,2431641.0
35.74874810012989,2431643.0
35.75074260006659,2431645.0
35.7527410001494,2431647.0
35.75475520011969,2431649.0
35.7567392999772,2431651.0
35.75873960019089,2431653.0
35.76073720003478,2431655.0
35.76277480018325,2431657.0
35.76474260003306,2431659.0
35.79977160017006,2431694.0
35.801744900178164,2431696.0
35.80598419997841,2431698.0
35.80775450007059,2431702.0
35.8097526000347,2431704.0
35.811741000041366,2431706.0
35.813739300007,2431708.0
35.8157460000366,2431710.0
35.81777189997956,2431712.0
35.852764000184834,2431747.0
35.855775400064886,2431751.0
35.85776929999702,2431752.0
35.859748400049284,2431754.0
35.86173960007727,2431756.0
35.8657449001912,2431758.0
35.8677376001142,2431762.0
35.86976380017586,2431764.0
35.87175570009276,2431766.0
35.9057732000947,2431798.0
35.907750100130215,2431802.0
35.90974060003646,2431804.0
35.9117384001147,2431806.0
35.913738399976864,2431808.0
35.9157792001497,2431810.0
35.91774130007252,2431812.0
35.91973800002597,2431814.0
35.92174690007232,2431816.0
35.92574020009488,2431818.0
35.95776230003685,2431852.0
35.95974329998717,2431854.0
35.961745999986306,2431856.0
35.96575460000895,2431858.0
35.967740199994296,2431862.0
35.96973760006949,2431864.0
35.971759600099176,2431866.0
35.973752700025216,2431868.0
35.975739600136876,2431870.0
35.977740000002086,2431872.0
36.01076090009883,2431905.0
36.01276780012995,2431907.0
36.01476790010929,2431909.0
36.01673989999108,2431911.0
36.01873720018193,2431913.0
36.02074500010349,2431915.0
36.022775900084525,2431917.0
36.02578440005891,2431920.0
36.02774100005627,2431922.0
36.02973900013603,2431924.0
36.061775100184605,2431956.0
36.065756800118834,2431958.0
36.067748700035736,2431962.0
36.069842300144956,2431964.0
36.07178180012852,2431966.0
36.073758700164035,2431968.0
36.07676240010187,2431971.0
36.078756300034,2431973.0
36.080747900065035,2431975.0
36.115772100165486,2432010.0
36.11775490012951,2432012.0
36.11974380002357,2432014.0
36.121763800038025,2432016.0
36.12374220020138,2432018.0
36.125742400065064,2432020.0
36.128737200051546,2432023.0
36.13073720014654,2432025.0
36.13376190001145,2432028.0
36.166782200103626,2432061.0
36.170767600182444,2432065.0
36.17274480010383,2432067.0
36.174752100137994,2432069.0
36.17673760000616,2432071.0
36.17880310001783,2432073.0
36.18075090018101,2432075.0
36.18274000007659,2432077.0
36.185740699991584,2432080.0
36.219771299976856,2432114.0
36.223762599984184,2432116.0
36.225748100085184,2432120.0
36.227743400027975,2432122.0
36.2297384000849,2432124.0
36.23173850006424,2432126.0
36.233750600134954,2432128.0
36.235740600153804,2432130.0
36.23776230006479,2432132.0
36.26976400008425,2432164.0
36.27176280017011,2432166.0
36.27374480012804,2432168.0
36.27574530011043,2432170.0
36.27773950016126,2432172.0
36.27973850001581,2432174.0
36.28174090012908,2432176.0
36.285738800186664,2432178.0
36.287796600023285,2432182.0
36.320780700072646,2432215.0
36.32275509997271,2432217.0
36.325747000053525,2432220.0
36.327739800093696,2432222.0
36.3297390001826,2432224.0
36.331736700143665,2432226.0
36.33376150019467,2432228.0
36.33574420004152,2432230.0
36.33774230000563,2432232.0
36.33974500000477,2432234.0
36.371763200033456,2432266.0
36.37379310000688,2432268.0
36.37574709998444,2432270.0
36.37774120015092,2432272.0
36.37974430015311,2432274.0
36.38175650010817,2432276.0
36.383774999994785,2432278.0
36.385739400051534,2432280.0
36.38776549999602,2432282.0
36.38976320018992,2432284.0
36.421765400096774,2432316.0
36.42576220002957,2432318.0
36.42775020003319,2432322.0
36.42974150017835,2432324.0
36.43181710015051,2432326.0
36.43373980000615,2432328.0
36.43573770020157,2432330.0
36.43774850014597,2432332.0
36.439762599999085,2432334.0
36.47276940010488,2432367.0
36.474751700181514,2432369.0
36.47674040007405,2432371.0
36.47873890004121,2432373.0
36.4807386000175,2432375.0
36.48273689998314,2432377.0
36.485744500067085,2432380.0
36.48779130005278,2432382.0
36.48976790020242,2432384.0
36.491743799997494,2432386.0
36.52376420004293,2432418.0
36.52574860001914,2432420.0
36.52777270018123,2432422.0
36.529740900034085,2432424.0
36.53174250014126,2432426.0
36.533742600120604,2432428.0
36.535751400049776,2432430.0
36.53774749999866,2432432.0
36.539740400156006,2432434.0
36.54174180002883,2432436.0
36.54377930006012,2432438.0
36.575760200154036,2432470.0
36.57774470001459,2432472.0
36.579740500077605,2432474.0
36.58176390011795,2432476.0
36.585748500190675,2432478.0
36.58774530002847,2432482.0
36.58974040020257,2432484.0
36.592753200093284,2432487.0
36.59573910012841,2432490.0
36.62780210003257,2432522.0
36.629757600137964,2432524.0
36.63274470018223,2432527.0
36.634743500035256,2432529.0
36.63693130016327,2432531.0
36.63874460011721,2432533.0
36.6407465999946,2432536.0
36.64274110016413,2432537.0
36.645764800021425,2432540.0
36.647744400193915,2432542.0
36.679764600005,2432574.0
36.68174650007859,2432576.0
36.685753599973395,2432578.0
36.687778200022876,2432582.0
36.689739800058305,2432584.0
36.69175280001946,2432586.0
36.693741500144824,2432588.0
36.695740200113505,2432590.0
36.69773910008371,2432592.0
36.729765800060704,2432624.0
36.73175190016627,2432626.0
36.73374050017446,2432628.0
36.735742800170556,2432630.0
36.737768799997866,2432632.0
36.73974430002272,2432634.0
36.741751900175586,2432636.0
36.745746799977496,2432638.0
36.74773980001919,2432642.0
36.781765500083566,2432676.0
36.78476610011421,2432680.0
36.786883800057694,2432681.0
36.788746900158,2432683.0
36.79075240017846,2432685.0
36.792740900069475,2432687.0
36.79474060004577,2432689.0
36.79673990001902,2432691.0
36.79874230013229,2432693.0
36.80075819999911,2432695.0
36.83576250006445,2432730.0
36.83776940009557,2432733.0
36.84075290011242,2432736.0
36.84374570008367,2432738.0
36.845764100085944,2432740.0
36.84774550003931,2432742.0
36.8497407999821,2432744.0
36.85173990018666,2432746.0
36.85374920000322,2432748.0
36.88877720013261,2432783.0
36.89075750019401,2432785.0
36.89376390003599,2432788.0
36.89774450007826,2432791.0
36.90074920002371,2432795.0
36.902754300041124,2432797.0
36.905758700100705,2432800.0
36.93877910007723,2432833.0
36.94075910001993,2432835.0
36.942746800137684,2432837.0
36.94574660016224,2432840.0
36.947741199983284,2432842.0
36.94974030018784,2432844.0
36.95173930004239,2432846.0
36.95375210000202,2432848.0
36.95575910015032,2432850.0
36.95874620019458,2432853.0
36.99276540009305,2432887.0
36.994746800046414,2432889.0
36.99674220010638,2432891.0
36.99874230008572,2432893.0
37.00077010015957,2432895.0
37.00274380017072,2432897.0
37.005742400186136,2432900.0
37.007789300056174,2432902.0
37.00974030001089,2432904.0
37.011738900095224,2432906.0
37.044765800004825,2432939.0
37.04674970009364,2432941.0
37.04874490015209,2432943.0
37.050741400104016,2432945.0
37.05274050007574,2432947.0
37.05477760010399,2432949.0
37.05675099999644,2432951.0
37.058744800044224,2432953.0
37.06074160011485,2432955.0
37.06275560008362,2432957.0
37.06574250012636,2432960.0
37.10176690015942,2432996.0
37.10576210008003,2432998.0
37.10774860018864,2433003.0
37.109776800032705,2433004.0
37.111758599989116,2433006.0
37.113752600038424,2433008.0
37.11574250017293,2433010.0
37.11774150002748,2433012.0
37.11974240001291,2433014.0
37.15578380017541,2433050.0
37.15775640006177,2433052.0
37.15974530018866,2433054.0
37.16174260014668,2433056.0
37.16374200000428,2433058.0
37.165741299977526,2433060.0
37.16774210007861,2433062.0
37.16973940003663,2433064.0
37.171906100120395,2433066.0
37.173765800194815,2433068.0
37.175751600181684,2433070.0
37.209766200045124,2433104.0
37.211748800007626,2433106.0
37.213743900181726,2433108.0
37.21574240014888,2433110.0
37.217766700079665,2433112.0
37.21974700014107,2433114.0
37.221764700021595,2433116.0
37.22374470019713,2433118.0
37.2257439000532,2433120.0
37.22774080000818,2433122.0
37.229741299990565,2433124.0
37.26378280017525,2433158.0
37.26575220003724,2433160.0
37.267745200078934,2433162.0
37.269743100041524,2433164.0
37.27175970003009,2433166.0
37.2737441000063,2433168.0
37.275748200016096,2433170.0
37.27774270018563,2433172.0
37.27975970017724,2433174.0
37.283745700027794,2433178.0
37.317765600048006,2433212.0
37.319744900101796,2433214.0
37.32175820018165,2433216.0
37.32375940005295,2433218.0
37.32675910019316,2433221.0
37.32974590011872,2433224.0
37.33274170011282,2433227.0
37.33574100001715,2433230.0
37.339763700030744,2433234.0
37.374775800155476,2433269.0
37.37675070017576,2433271.0
37.37874449999072,2433273.0
37.38174290000461,2433276.0
37.38374100020155,2433278.0
37.38574440008961,2433280.0
37.38775310013443,2433282.0
37.389763000188395,2433284.0
37.39174330001697,2433286.0
37.425764500163496,2433320.0
37.427747500129044,2433322.0
37.42974260007031,2433324.0
37.43174260016531,2433326.0
37.43374600005336,2433328.0
37.43575399997644,2433330.0
37.437766100047156,2433332.0
37.439744000090286,2433334.0
37.441743900068104,2433336.0
37.4437410000246,2433338.0
37.478767700027674,2433373.0
37.48075420013629,2433375.0
37.4827500001993,2433377.0
37.4857477999758,2433380.0
37.48778760014102,2433382.0
37.48975260020234,2433384.0
37.49174810014665,2433386.0
37.493743899976835,2433388.0
37.495740400161594,2433390.0
37.497753700008616,2433392.0
37.53076300001703,2433425.0
37.53274659998715,2433427.0
37.53474420006387,2433429.0
37.536854200065136,2433431.0
37.53875910001807,2433433.0
37.5407507000491,2433435.0
37.54274900001474,2433437.0
37.54576240014285,2433440.0
37.54774560010992,2433442.0
37.549742200179026,2433444.0
37.582766900071874,2433477.0
37.58575850003399,2433480.0
37.587789700133726,2433482.0
37.58976780017838,2433484.0
37.591748300008476,2433486.0
37.59374570008367,2433488.0
37.595743200043216,2433490.0
37.59774240013212,2433492.0
37.5997760000173,2433494.0
37.601741100195795,2433496.0
37.634767699986696,2433529.0
37.636895400006324,2433531.0
37.638754500076175,2433533.0
37.64075300004333,2433535.0
37.64374460000545,2433538.0
37.64574290020391,2433540.0
37.6477806000039,2433542.0
37.64974120003171,2433544.0
37.65176580008119,2433546.0
37.65374780003913,2433548.0
37.687769500073045,2433582.0
37.6897476001177,2433584.0
37.69174759997986,2433586.0
37.69374470016919,2433588.0
37.695743300020695,2433590.0
37.69774470012635,2433592.0
37.69977050018497,2433594.0
37.70174520020373,2433596.0
37.7037496000994,2433598.0
37.705758900148794,2433600.0
37.738776199985296,2433633.0
37.74075540015474,2433635.0
37.7427446001675,2433637.0
37.74474380002357,2433639.0
37.74674450000748,2433641.0
37.74874080019072,2433643.0
37.75074190017767,2433645.0
37.75274050002918,2433647.0
37.754755300004035,2433649.0
37.75675920001231,2433651.0
37.75874450011179,2433653.0
37.792771300068125,2433687.0
37.79474709997885,2433689.0
37.79674580018036,2433691.0
37.79874320002273,2433693.0
37.800742299994454,2433695.0
37.80274140019901,2433697.0
37.80478240014054,2433699.0
37.80675039999187,2433701.0
37.808765000198036,2433703.0
37.81075100018643,2433705.0
37.842769199982285,2433737.0
37.84475100017153,2433739.0
37.84674700000323,2433741.0
37.84874420007691,2433743.0
37.850742200156674,2433745.0
37.85274050012231,2433747.0
37.85476790019311,2433749.0
37.85674610012211,2433751.0
37.85974630014971,2433755.0
37.861744299996644,2433756.0
37.89376770006493,2433788.0
37.89674930018373,2433791.0
37.899752400116995,2433794.0
37.90176640008576,2433796.0
37.90376030001789,2433798.0
37.905747700016946,2433800.0
37.90774799999781,2433802.0
37.911747300066054,2433806.0
37.913742300122976,2433808.0
37.94576940010302,2433840.0
37.94775669998489,2433842.0
37.94977240008302,2433844.0
37.95174940000288,2433846.0
37.95477450010367,2433849.0
37.95675570005551,2433852.0
37.95874850009568,2433853.0
37.960746500175446,2433855.0
37.96274390001781,2433857.0
37.96477650012821,2433859.0
37.99676850019023,2433891.0
37.99874860001728,2433893.0
38.00074709998444,2433895.0
38.00274660019204,2433897.0
38.00576309999451,2433900.0
38.00775180011988,2433902.0
38.00974500016309,2433904.0
38.011753499973565,2433906.0
38.013744400115684,2433908.0
38.01574990013614,2433910.0
38.04776860005222,2433942.0
38.04975020000711,2433944.0
38.05174720007926,2433946.0
38.053751199971884,2433948.0
38.05575830000453,2433950.0
38.057768100174144,2433952.0
38.05974810011685,2433954.0
38.061745000071824,2433956.0
38.065746600041166,2433958.0
38.067744500003755,2433962.0
38.10177100007422,2433996.0
38.10376840014942,2433998.0
38.10576310008764,2434000.0
38.1077619001735,2434002.0
38.109750900184736,2434004.0
38.11174630001187,2434006.0
38.11374450009316,2434008.0
38.116748200031,2434011.0
38.119781400077045,2434014.0
38.15277530020103,2434047.0
38.15476940013468,2434050.0
38.157758800080046,2434052.0
38.159748499980196,2434054.0
38.162752700038254,2434058.0
38.16474470007233,2434059.0
38.16677050013095,2434061.0
38.16875070007518,2434063.0
38.170764200156555,2434065.0
38.20577340014279,2434100.0
38.20775549998507,2434102.0
38.20974800013937,2434105.0
38.211748800007626,2434106.0
38.213761900085956,2434108.0
38.21574790007435,2434110.0
38.21774890017696,2434112.0
38.21974440012127,2434114.0
38.2217598001007,2434116.0
38.225761000066996,2434118.0
38.257767600007355,2434152.0
38.259767200099304,2434154.0
38.26174810016528,2434156.0
38.26574830012396,2434158.0
38.26774500007741,2434162.0
38.269743100041524,2434164.0
38.27176220016554,2434166.0
38.27380880014971,2434168.0
38.2757592999842,2434170.0
38.30776630016044,2434202.0
38.30974950012751,2434204.0
38.31174570019357,2434206.0
38.313753800000995,2434209.0
38.31575750000775,2434210.0
38.31775870011188,2434212.0
38.31974910013378,2434214.0
38.32179519999772,2434216.0
38.323767699999735,2434218.0
38.325756600126624,2434220.0
38.35777550004423,2434252.0
38.35975250019692,2434254.0
38.36274740006775,2434257.0
38.364745300030336,2434259.0
38.36674410011619,2434261.0
38.36877240007743,2434263.0
38.37076280009933,2434265.0
38.37274850020185,2434267.0
38.37475090008229,2434269.0
38.37674420000985,2434271.0
38.40877109998837,2434303.0
38.41075210017152,2434305.0
38.41274800011888,2434307.0
38.41475690016523,2434309.0
38.41675680014305,2434311.0
38.41874730004929,2434314.0
38.42075780010782,2434315.0
38.422746600117534,2434317.0
38.425757999997586,2434320.0
38.42774760001339,2434322.0
38.46078120009042,2434355.0
38.46276770019904,2434357.0
38.465747700072825,2434360.0
38.468749300111085,2434363.0
38.47075740015134,2434365.0
38.47275470010936,2434367.0
38.47475230018608,2434369.0
38.47674740012735,2434371.0
38.47876369999722,2434373.0
38.51076990016736,2434405.0
38.512751600006595,2434407.0
38.51475240010768,2434409.0
38.51674860017374,2434411.0
38.5187442000024,2434413.0
38.52076130011119,2434415.0
38.52275460003875,2434417.0
38.52577490010299,2434420.0
38.52774900011718,2434422.0
38.52974670007825,2434424.0
38.56176740000956,2434456.0
38.563749900087714,2434458.0
38.56574740004726,2434460.0
38.567745100008324,2434462.0
38.56974399997853,2434464.0
38.57175870006904,2434467.0
38.573758700164035,2434468.0
38.575748700182885,2434470.0
38.57774560013786,2434472.0
38.579743900103495,2434474.0
38.61177000007592,2434506.0
38.61375810019672,2434508.0
38.617777600185946,2434510.0
38.61975030018948,2434514.0
38.62175380019471,2434516.0
38.62374599999748,2434518.0
38.62574649997987,2434521.0
38.62774460017681,2434522.0
38.62974670017138,2434524.0
38.66177250002511,2434556.0
38.665768900187686,2434558.0
38.66775150015019,2434562.0
38.66975460015237,2434564.0
38.671754700131714,2434566.0
38.67374680005014,2434568.0
38.67575320019387,2434571.0
38.67774640000425,2434572.0
38.6797623001039,2434574.0
38.681754800025374,2434576.0
38.71578279999085,2434610.0
38.717755699995905,2434612.0
38.719758100109175,2434614.0
38.721768900053576,2434616.0
38.72374780010432,2434618.0
38.7257813999895,2434620.0
38.72775369998999,2434622.0
38.729750000173226,2434624.0
38.731744799995795,2434626.0
38.733751000138,2434628.0
38.766774400137365,2434661.0
38.76975239999592,2434664.0
38.771772200008854,2434666.0
38.77375030005351,2434668.0
38.77574760001153,2434670.0
38.7777470999863,2434672.0
38.77974590007216,2434674.0
38.78174940007739,2434676.0
38.785747200017795,2434678.0
38.81978230015375,2434714.0
38.821756600169465,2434716.0
38.82375410012901,2434718.0
38.825747300172225,2434720.0
38.827746600145474,2434722.0
38.82974620000459,2434725.0
38.831825900124386,2434726.0
38.833747500088066,2434728.0
38.83576390007511,2434730.0
38.8378014001064,2434732.0
38.83976780017838,2434735.0
38.87377140019089,2434768.0
38.875754800159484,2434771.0
38.87774740019813,2434772.0
38.879749700194225,2434775.0
38.881759700132534,2434776.0
38.88575360015966,2434778.0
38.88775270013139,2434782.0
38.89175350009464,2434786.0
38.92578090005554,2434820.0
38.92777770012617,2434822.0
38.92975340015255,2434825.0
38.93174879997969,2434826.0
38.933748700190336,2434828.0
38.93574530002661,2434830.0
38.93777159997262,2434832.0
38.93975010002032,2434835.0
38.94175310013816,2434836.0
38.94577220012434,2434838.0
38.9797736001201,2434874.0
38.98175989999436,2434876.0
38.98374930000864,2434878.0
38.985749300103635,2434881.0
38.98778840014711,2434882.0
38.98982110014185,2434884.0
38.99175880011171,2434886.0
38.99375080014579,2434888.0
38.99574810010381,2434891.0
38.99774660007097,2434892.0
39.0317853000015,2434926.0
39.03375430009328,2434928.0
39.03781480016187,2434932.0
39.04176360019483,2434936.0
39.04575480008498,2434939.0
39.047752200160176,2434942.0
39.049748399993405,2434944.0
39.085791600169614,2434978.0
39.08778559998609,2434982.0
39.08977279998362,2434984.0
39.09176820004359,2434986.0
39.09375770017505,2434988.0
39.09575910004787,2434991.0
39.097763900179416,2434992.0
39.099779000040144,2434994.0
39.10176099999808,2434996.0
39.103754500159994,2434998.0
39.13877630000934,2435034.0
39.14076350000687,2435035.0
39.142750800121576,2435037.0
39.14475239999592,2435039.0
39.14675960014574,2435041.0
39.1487488001585,2435044.0
39.150745700113475,2435045.0
39.15274520008825,2435047.0
39.15476310020313,2435049.0
39.15675320010632,2435051.0
39.19080720003694,2435086.0
39.19276580004953,2435087.0
39.194751700153574,2435089.0
39.196750100003555,2435091.0
39.19874740019441,2435093.0
39.20076410006732,2435096.0
39.2027857999783,2435097.0
39.20482600014657,2435099.0
39.20683740009554,2435101.0
39.208775700069964,2435103.0
39.24583000014536,2435139.0
39.24775580014102,2435142.0
39.24975279998034,2435145.0
39.25175609998405,2435146.0
39.25377000006847,2435148.0
39.2557505001314,2435150.0
39.25775340013206,2435152.0
39.25974820018746,2435155.0
39.261749000055715,2435156.0
39.29578290018253,2435190.0
39.29775750008412,2435192.0
39.299758000066504,2435194.0
39.30175040010363,2435197.0
39.303754599997774,2435198.0
39.30574790015817,2435201.0
39.307752900058404,2435202.0
39.309746199985966,2435204.0
39.31174700008705,2435206.0
39.313752999994904,2435208.0
39.35078370012343,2435246.0
39.35275489999913,2435247.0
39.35475330008194,2435250.0
39.35675090015866,2435251.0
39.358750600134954,2435253.0
39.36077470006421,2435255.0
39.36275910004042,2435257.0
39.365757500054315,2435261.0
39.36874830001034,2435263.0
39.402773400070146,2435297.0
39.40575799997896,2435301.0
39.40776490001008,2435302.0
39.409753300016746,2435305.0
39.411748400190845,2435306.0
39.413748000049964,2435308.0
39.41574900015257,2435311.0
39.4177478000056,2435312.0
39.42079350003041,2435316.0
39.455784999998286,2435350.0
39.45776130002923,2435353.0
39.45975170005113,2435354.0
39.461749700130895,2435356.0
39.46374989999458,2435358.0
39.465748800197616,2435360.0
39.46775549999438,2435363.0
39.469753900077194,2435364.0
39.47179890004918,2435366.0
39.47375970007852,2435368.0
39.5077846001368,2435402.0
39.50975520000793,2435405.0
39.51174940005876,2435406.0
39.51374850003049,2435408.0
39.51575300004333,2435410.0
39.51774880010635,2435412.0
39.51974970009178,2435415.0
39.52176700020209,2435416.0
39.52375170006417,2435418.0
39.525751100154594,2435420.0
39.55977539997548,2435454.0
39.56176770012826,2435456.0
39.563757200026885,2435458.0
39.565749700181186,2435461.0
39.56974920001812,2435464.0
39.57176570012234,2435466.0
39.57375300000422,2435468.0
39.57574990019202,2435471.0
39.57776410016231,2435472.0
39.61177280009724,2435506.0
39.61375450016931,2435508.0
39.61574900010601,2435510.0
39.617749999975786,2435513.0
39.61974860006012,2435514.0
39.621765800053254,2435516.0
39.62376630003564,2435518.0
39.625751700019464,2435520.0
39.62774819997139,2435523.0
39.629746000049636,2435524.0
39.66578910010867,2435559.0
39.66776040010154,2435562.0
39.669774800073355,2435565.0
39.67175660002977,2435566.0
39.67375040007755,2435569.0
39.67575010005385,2435570.0
39.67774790013209,2435572.0
39.67977780010551,2435575.0
39.68174730008468,2435576.0
39.714768500067294,2435609.0
39.71676560002379,2435611.0
39.71875310014002,2435614.0
39.72075680014677,2435615.0
39.72275750013068,2435618.0
39.72475930000655,2435619.0
39.72675670008175,2435621.0
39.728775599971414,2435624.0
39.73074720008299,2435625.0
39.73278450011276,2435628.0
39.73479150002822,2435629.0
39.768787200096995,2435664.0
39.770782800158486,2435665.0
39.77275870018639,2435667.0
39.77575690019876,2435671.0
39.77775300014764,2435672.0
39.77975070010871,2435674.0
39.78174940007739,2435676.0
39.785752800060436,2435679.0
39.78776050009765,2435682.0
39.82177789998241,2435716.0
39.82376090018079,2435718.0
39.82575650000945,2435721.0
39.82775180018507,2435722.0
39.82975000003353,2435725.0
39.831748200114816,2435726.0
39.833748900098726,2435728.0
39.83574780006893,2435730.0
39.837756799999624,2435733.0
39.839810100151226,2435734.0
39.871787999989465,2435767.0
39.87376680015586,2435768.0
39.87576399999671,2435770.0
39.87775310012512,2435772.0
39.8797540999949,2435774.0
39.881749000167474,2435777.0
39.88374900002964,2435778.0
39.885754600167274,2435781.0
39.887776700081304,2435782.0
39.88977160002105,2435784.0
39.89175519999117,2435787.0
39.92577280011028,2435821.0
39.92775490018539,2435822.0
39.92975190002471,2435825.0
39.931752200005576,2435826.0
39.93376520019956,2435829.0
39.935760700143874,2435830.0
39.937776300124824,2435832.0
39.93975340016186,2435835.0
39.94175280001946,2435836.0
39.94374980009161,2435839.0
39.97778429999016,2435873.0
39.979769699973986,2435874.0
39.981758000096306,2435876.0
39.98575700004585,2435879.0
39.98777330014855,2435882.0
39.989765600068495,2435884.0
39.99175740010105,2435886.0
39.99375560018234,2435889.0
39.9957538000308,2435890.0
40.02777450019494,2435922.0
40.02975700004026,2435924.0
40.03175209998153,2435927.0
40.03375150007196,2435928.0
40.03575100004673,2435931.0
40.03778230003081,2435932.0
40.040771699976176,2435935.0
40.044753100024536,2435939.0
40.046751599991694,2435941.0
40.07978620007634,2435974.0
40.08175800018944,2435976.0
40.08375320001505,2435979.0
40.085750499973074,2435980.0
40.08776570018381,2435983.0
40.08976160013117,2435984.0
40.091754500055686,2435986.0
40.09375370014459,2435989.0
40.09575129998848,2435990.0
40.09774810005911,2435993.0
40.131789200007915,2436026.0
40.13377930014394,2436028.0
40.1357748999726,2436030.0
40.137792400084436,2436033.0
40.13975920015946,2436034.0
40.14175350009464,2436037.0
40.1437538000755,2436038.0
40.15077770012431,2436041.0
40.18377230013721,2436078.0
40.18575650011189,2436081.0
40.18776630004868,2436082.0
40.18976030009799,2436085.0
40.191753700142726,2436086.0
40.19375370000489,2436089.0
40.19577720016241,2436090.0
40.198759300168604,2436093.0
40.20075340010226,2436095.0
40.20275210007094,2436097.0
40.23578010010533,2436131.0
40.23776750010438,2436132.0
40.23976180003956,2436135.0
40.241755300201476,2436136.0
40.24377930001356,2436138.0
40.24576590000652,2436141.0
40.247754000127316,2436142.0
40.249764000065625,2436144.0
40.25175580009818,2436146.0
40.25377280008979,2436149.0
40.287785600172356,2436183.0
40.28977550007403,2436184.0
40.29175950004719,2436186.0
40.293753599980846,2436189.0
40.295750700170174,2436190.0
40.29775040014647,2436193.0
40.29974970011972,2436194.0
40.30174929997884,2436196.0
40.303760200040415,2436199.0
40.30577630014159,2436200.0
40.339799400186166,2436235.0
40.34178460016847,2436236.0
40.34377460018732,2436239.0
40.34776410018094,2436241.0
40.35279420018196,2436246.0
40.35477350000292,2436250.0
40.356762500014156,2436251.0
40.35875320015475,2436253.0
40.39277630019933,2436287.0
40.39475820004009,2436290.0
40.39675380010158,2436291.0
40.39877069997601,2436294.0
40.400754700182006,2436295.0
40.40275140013546,2436297.0
40.4047556000296,2436300.0
40.406753699993715,2436301.0
40.408757199998945,2436304.0
40.410752800060436,2436305.0
40.41275020013563,2436307.0
40.445777400163934,2436340.0
40.44775680010207,2436342.0
40.44975390005857,2436345.0
40.451751000015065,2436346.0
40.453765199985355,2436349.0
40.45577340014279,2436350.0
40.457760100020096,2436352.0
40.45975570008159,2436355.0
40.46175830019638,2436356.0
40.46375160012394,2436359.0
40.49577400018461,2436390.0
40.49775610002689,2436393.0
40.499755300115794,2436394.0
40.501752000069246,2436396.0
40.50376079999842,2436398.0
40.50576740014367,2436401.0
40.507776100188494,2436402.0
40.509756800020114,2436404.0
40.51175160007551,2436407.0
40.51375120016746,2436408.0
40.515751000028104,2436411.0
40.54780020006001,2436442.0
40.54975920007564,2436444.0
40.55175490002148,2436447.0
40.55380490003154,2436448.0
40.55579820019193,2436451.0
40.55779120000079,2436452.0
40.55979980016127,2436454.0
40.561814800137654,2436457.0
40.56381700001657,2436458.0
40.56580130010843,2436461.0
40.567796300165355,2436462.0
40.627838500076905,2436522.0
40.62982300017029,2436525.0
40.631811200175434,2436526.0
40.63382330001332,2436528.0
40.63580540008843,2436531.0
40.63782260008156,2436532.0
40.63979750010185,2436535.0
40.64179530018009,2436536.0
40.643791400128976,2436539.0
40.64579260000028,2436541.0
40.70482290000655,2436600.0
40.706804800080135,2436601.0
40.70880090002902,2436604.0
40.71279969997704,2436605.0
40.71580100012943,2436610.0
40.71882369997911,2436614.0
40.72081120009534,2436615.0
40.72279980010353,2436618.0
40.78179390006699,2436676.0
40.78378100018017,2436678.0
40.78576540015638,2436681.0
40.78778440016322,2436682.0
40.789772800169885,2436685.0
40.791763900080696,2436686.0
40.79376780008897,2436688.0
40.79675760003738,2436691.0
40.79875100008212,2436694.0
40.800751000177115,2436695.0
40.83477549999952,2436730.0
40.83687370014377,2436731.0
40.83879920002073,2436734.0
40.84077200014144,2436735.0
40.84275760012679,2436737.0
40.84475460019894,2436740.0
40.84675330016762,2436741.0
40.84975230018608,2436745.0
40.85175140015781,2436746.0
40.854781000176445,2436750.0
40.89078310015611,2436786.0
40.892761799972504,2436787.0
40.894756300142035,2436790.0
40.89675289997831,2436792.0
40.89875220018439,2436793.0
40.90081030013971,2436796.0
40.902762700105086,2436797.0
40.90575650008395,2436801.0
40.90775920008309,2436802.0
40.90975230000913,2436805.0
40.94377630017698,2436838.0
40.94575860002078,2436841.0
40.94777640001848,2436842.0
40.94975670007989,2436845.0
40.951754700159654,2436846.0
40.95376670011319,2436848.0
40.95576550019905,2436851.0
40.95775950001553,2436852.0
40.95975200016983,2436855.0
40.961752200033516,2436856.0
40.96377200004645,2436858.0
40.99778180010617,2436892.0
40.99976270017214,2436895.0
41.00175460008904,2436897.0
41.00376220000908,2436898.0
41.005762699991465,2436901.0
41.00876980018802,2436903.0
41.01075690006837,2436905.0
41.012753000017256,2436907.0
41.014752899995074,2436910.0
41.01675200019963,2436911.0
41.05077910004184,2436945.0
41.0527604999952,2436948.0
41.054792100097984,2436949.0
41.057771700201556,2436952.0
41.059756400063634,2436954.0
41.061754500027746,2436957.0
41.063753800000995,2436959.0
41.065750900190324,2436960.0
41.06775090005249,2436963.0
41.0697519001551,2436964.0
41.10378650017083,2436999.0
41.12488460005261,2437020.0
41.159782900009304,2437054.0
41.16176090016961,2437057.0
41.163785699987784,2437058.0
41.16576650016941,2437061.0
41.1677737000864,2437062.0
41.1697682000231,2437065.0
41.17176810000092,2437066.0
41.17376310005784,2437069.0
41.175776900025085,2437071.0
41.17777180019766,2437072.0
41.213779099984095,2437108.0
41.216766100144014,2437111.0
41.21876090019941,2437114.0
41.22177499998361,2437116.0
41.223757200175896,2437119.0
41.225773700047284,2437121.0
41.22775460011326,2437123.0
41.2297524001915,2437124.0
41.231751800049096,2437127.0
41.26678870012984,2437161.0
41.26876290002838,2437164.0
41.270771800074726,2437165.0
41.27276340010576,2437168.0
41.275761200115085,2437170.0
41.27776800002903,2437173.0
41.28175780014135,2437175.0
41.28375320020132,2437179.0
41.2857516000513,2437181.0
41.324785500066355,2437219.0
41.3267618000973,2437221.0
41.328759300056845,2437224.0
41.33075560000725,2437226.0
41.332754200091586,2437227.0
41.334779100026935,2437230.0
41.336929300101474,2437231.0
41.338771800044924,2437234.0
41.34076000005007,2437236.0
41.34275640011765,2437238.0
41.378833200084046,2437273.0
41.3807761000935,2437276.0
41.38275940017775,2437277.0
41.38575690006837,2437281.0
41.387759200064465,2437282.0
41.38975189998746,2437285.0
41.39175690012053,2437286.0
41.39375210017897,2437289.0
41.3957738999743,2437291.0
41.42978030000813,2437325.0
41.43275950010866,2437327.0
41.43575459998101,2437330.0
41.4377880000975,2437332.0
41.4397965001408,2437335.0
41.44178280001506,2437336.0
41.44375710003078,2437339.0
41.44675440015271,2437341.0
41.44875320000574,2437344.0
41.48177900002338,2437377.0
41.48376150010154,2437378.0
41.48575580003671,2437381.0
41.487804900156334,2437383.0
41.48976790020242,2437384.0
41.49175909999758,2437387.0
41.49375950009562,2437388.0
41.495754400035366,2437391.0
41.497754300013185,2437393.0
41.49975339998491,2437394.0
41.50175560009666,2437397.0
41.535780700156465,2437430.0
41.537769000045955,2437433.0
41.53976710001007,2437434.0
41.54376200004481,2437437.0
41.54575549997389,2437440.0
41.54775430005975,2437443.0
41.54978150012903,2437444.0
41.551757000153884,2437447.0
41.55375980003737,2437449.0
41.58778679999523,2437483.0
41.58976300014183,2437485.0
41.59175879997201,2437486.0
41.59375630016439,2437489.0
41.59578049997799,2437490.0
41.59775840002112,2437493.0
41.59976200014353,2437495.0
41.60175759997219,2437496.0
41.60375750018284,2437499.0
41.60776520008221,2437502.0
41.641783700091764,2437537.0
41.6437704002019,2437539.0
41.64575870009139,2437541.0
41.647763499990106,2437543.0
41.64975790004246,2437545.0
41.651754500111565,2437546.0
41.653760800138116,2437549.0
41.65575270005502,2437550.0
41.65776460012421,2437553.0
41.65977260004729,2437555.0
41.69379460019991,2437588.0
41.69576290016994,2437591.0
41.69775760010816,2437593.0
41.69975580018945,2437594.0
41.70175400003791,2437597.0
41.70376080018468,2437598.0
41.70577130001038,2437601.0
41.70777090010233,2437603.0
41.710756900021806,2437605.0
41.712754799984396,2437608.0
41.74779110006057,2437643.0
41.75179920019582,2437646.0
41.754767999984324,2437649.0
41.75675810012035,2437652.0
41.758761500008404,2437654.0
41.760754600167274,2437656.0
41.762753300135955,2437657.0
41.764754000119865,2437660.0
41.80078300018795,2437695.0
41.80276250001043,2437697.0
41.805766800185665,2437700.0
41.80876230006106,2437703.0
41.810754199977964,2437706.0
41.81276070000604,2437707.0
41.81476640002802,2437710.0
41.81675730017014,2437711.0
41.81875420012511,2437714.0
41.85078110010363,2437746.0
41.85276110004634,2437748.0
41.85576000018045,2437751.0
41.85776210017502,2437753.0
41.85982150002383,2437754.0
41.861779200145975,2437757.0
41.86375660006888,2437758.0
41.86576910014264,2437761.0
41.867753100115806,2437763.0
41.86975309997797,2437764.0
41.90178730012849,2437797.0
41.903767600189894,2437798.0
41.905773899983615,2437801.0
41.90776349999942,2437802.0
41.909757000161335,2437805.0
41.91175750014372,2437807.0
41.91375460010022,2437808.0
41.91575810010545,2437811.0
41.917751600034535,2437812.0
41.919786100042984,2437815.0
41.92178970016539,2437817.0
41.95479470002465,2437850.0
41.958772600162774,2437853.0
41.96075730002485,2437856.0
41.962755700107664,2437857.0
41.964755200082436,2437860.0
41.96675490005873,2437861.0
41.96877710008994,2437864.0
41.970768300117925,2437866.0
41.972824700176716,2437867.0
41.97476140013896,2437870.0
42.006782500073314,2437902.0
42.008762900019065,2437903.0
42.010757400188595,2437906.0
42.01275620004162,2437908.0
42.014782699989155,2437909.0
42.016759200021625,2437912.0
42.018754800083116,2437913.0
42.020757800200954,2437916.0
42.02277400018647,2437918.0
42.025758400093764,2437920.0
42.05878409999423,2437954.0
42.06076760008,2437956.0
42.062759099993855,2437957.0
42.06476030009799,2437960.0
42.066756000043824,2437961.0
42.07081940001808,2437965.0
42.07276950008236,2437967.0
42.07476050010882,2437970.0
42.07676040008664,2437971.0
42.10979350004345,2438005.0
42.11177110020071,2438007.0
42.11377590009943,2438008.0
42.11577190016396,2438011.0
42.11776870000176,2438012.0
42.119770700111985,2438015.0
42.12281880015507,2438018.0
42.125763199990615,2438021.0
42.12775620003231,2438022.0
42.161782999988645,2438057.0
42.16376730008051,2438059.0
42.16577950003557,2438061.0
42.1677970001474,2438062.0
42.169788900064304,2438065.0
42.17179000005126,2438067.0
42.17379670008086,2438068.0
42.17578370007686,2438071.0
42.17777070007287,2438072.0
42.17978400015272,2438075.0
42.21679810015485,2438111.0
42.2187944999896,2438114.0
42.22079100017436,2438116.0
42.22277880017646,2438117.0
42.22477920004167,2438120.0
42.22679019998759,2438121.0
42.228771900059655,2438124.0
42.23077530018054,2438126.0
42.23277100012638,2438127.0
42.23478380008601,2438130.0
42.26878510019742,2438164.0
42.27077740011737,2438165.0
42.272768300026655,2438168.0
42.2747638002038,2438170.0
42.27675720001571,2438171.0
42.27876720018685,2438174.0
42.28076050011441,2438175.0
42.28275780007243,2438178.0
42.285754500189796,2438181.0
42.28879880020395,2438183.0
42.32078930013813,2438216.0
42.322768800193444,2438217.0
42.32576959999278,2438221.0
42.327777000144124,2438222.0
42.329758800100535,2438225.0
42.33177150017582,2438226.0
42.333757400047034,2438229.0
42.335755500011146,2438231.0
42.33776090014726,2438232.0
42.34180280007422,2438236.0
42.37578990007751,2438271.0
42.377766200108454,2438273.0
42.37975750002079,2438275.0
42.38176120002754,2438277.0
42.38376270001754,2438278.0
42.38575580017641,2438281.0
42.387818900169805,2438282.0
42.389878700021654,2438285.0
42.391783100087196,2438287.0
42.39376350003295,2438289.0
42.42578290007077,2438321.0
42.427790499990806,2438323.0
42.42977780010551,2438324.0
42.43175570014864,2438327.0
42.43375900015235,2438329.0
42.435772500000894,2438331.0
42.437787800095975,2438333.0
42.439759500091895,2438334.0
42.441758800065145,2438337.0
42.44375620014034,2438339.0
42.44575559999794,2438341.0
42.478782600024715,2438373.0
42.48077949997969,2438376.0
42.48276330018416,2438378.0
42.48476040014066,2438379.0
42.486865600105375,2438382.0
42.48876910004765,2438383.0
42.49076519999653,2438386.0
42.49275780003518,2438388.0
42.49475620011799,2438390.0
42.49677269998938,2438392.0
42.52879280014895,2438423.0
42.530770800076425,2438426.0
42.53275900008157,2438428.0
42.53475820017047,2438430.0
42.53690370009281,2438431.0
42.538774700136855,2438434.0
42.54076570016332,2438436.0
42.54277120018378,2438438.0
42.544758800184354,2438440.0
42.547757000196725,2438442.0
42.579782200045884,2438475.0
42.58176410011947,2438477.0
42.58375940006226,2438478.0
42.58575900015421,2438481.0
42.58776670019142,2438482.0
42.589782000053674,2438485.0
42.5917692000512,2438487.0
42.595766300102696,2438489.0
42.59775900002569,2438492.0
42.5997570999898,2438495.0
42.63178320019506,2438527.0
42.63377090007998,2438528.0
42.635770600056276,2438531.0
42.637775500072166,2438533.0
42.63976180017926,2438534.0
42.64176690019667,2438537.0
42.64376010000706,2438538.0
42.645758200204,2438541.0
42.647760400082916,2438542.0
42.64975620014593,2438545.0
42.681781199993566,2438576.0
42.68377230013721,2438579.0
42.685761800035834,2438581.0
42.68777030007914,2438583.0
42.68975959997624,2438584.0
42.69176000007428,2438587.0
42.69375770003535,2438589.0
42.695755399996415,2438591.0
42.697760000126436,2438593.0
42.70178090012632,2438596.0
42.73378220014274,2438629.0
42.73576460010372,2438631.0
42.73777230014093,2438633.0
42.73976600007154,2438635.0
42.741761500015855,2438636.0
42.7437593000941,2438639.0
42.74576209997758,2438641.0
42.747759900055826,2438643.0
42.74975830013864,2438645.0
42.75175669998862,2438646.0
42.75375870009884,2438649.0
42.78687290009111,2438681.0
42.788778900168836,2438684.0
42.79077070020139,2438685.0
42.79277040017769,2438688.0
42.79476210009307,2438690.0
42.79675850016065,2438692.0
42.798762700054795,2438694.0
42.80075850011781,2438695.0
42.805805100128055,2438699.0
42.839782800059766,2438735.0
42.84176710015163,2438737.0
42.843761100200936,2438738.0
42.84575750003569,2438741.0
42.84779190015979,2438742.0
42.849757299991325,2438745.0
42.85175560018979,2438746.0
42.85378080001101,2438749.0
42.855762200197205,2438751.0
42.85876119998284,2438754.0
42.89278560015373,2438787.0
42.89476540009491,2438790.0
42.896772200008854,2438792.0
42.89875730010681,2438794.0
42.90078320004977,2438796.0
42.902781000128016,2438797.0
42.905772800091654,2438801.0
42.90777020016685,2438802.0
42.90975770005025,2438805.0
42.91175620001741,2438807.0
42.945778200170025,2438841.0
42.947770999977365,2438842.0
42.94979190011509,2438845.0
42.95176189998165,2438847.0
42.95377210015431,2438849.0
42.95577590004541,2438851.0
42.957765500061214,2438852.0
42.95979620004073,2438855.0
42.961782900150865,2438857.0
42.96378400013782,2438859.0
42.996783500071615,2438892.0
42.99876460013911,2438894.0
43.000761799979955,2438895.0
43.00275900005363,2438898.0
43.00479350006208,2438900.0
43.00676120002754,2438902.0
43.00876730005257,2438904.0
43.0107656000182,2438906.0
43.01276210020296,2438908.0
43.014759300043806,2438909.0
43.01675840001553,2438912.0
43.05077810003422,2438946.0
43.05276170000434,2438948.0
43.05479099997319,2438950.0
43.05776960006915,2438953.0
43.05976149998605,2438955.0
43.061758200172335,2438956.0
43.06375940004364,2438959.0
43.06575770000927,2438961.0
43.067758900113404,2438963.0
43.06975530018099,2438965.0
43.10378610016778,2438999.0
43.10576650011353,2439001.0
43.10776809998788,2439003.0
43.10976430005394,2439004.0
43.11175799998455,2439007.0
43.1147581001278,2439010.0
43.1167878000997,2439012.0
43.1187733002007,2439014.0
43.12077590008266,2439016.0
43.122767799999565,2439018.0
43.15778600005433,2439053.0
43.159765399992466,2439055.0
43.1628023001831,2439058.0
43.16577249998227,2439061.0
43.16776109999046,2439063.0
43.169758500065655,2439065.0
43.171762300189584,2439067.0
43.17375810001977,2439069.0
43.175758300116286,2439071.0
43.210785900009796,2439106.0
43.212766100186855,2439108.0
43.21476130001247,2439110.0
43.21675999998115,2439112.0
43.218759400071576,2439114.0
43.22178110014647,2439116.0
43.22578600002453,2439120.0
43.22776500019245,2439123.0
43.229759300127625,2439124.0
43.2637917001266,2439159.0
43.26576710003428,2439161.0
43.26776110008359,2439163.0
43.26976350019686,2439165.0
43.27177800005302,2439166.0
43.27376340003684,2439169.0
43.27576590003446,2439171.0
43.277759900083765,2439173.0
43.28176080016419,2439176.0
43.32283270009793,2439211.0
43.32580820005387,2439221.0
43.327778400154784,2439223.0
43.32976380013861,2439225.0
43.33176310011186,2439226.0
43.333801300032064,2439229.0
43.36678280006163,2439262.0
43.36877020006068,2439264.0
43.37077580019832,2439266.0
43.37276120018214,2439267.0
43.374767099972814,2439270.0
43.37675920012407,2439272.0
43.37894359999336,2439274.0
43.38078330014832,2439276.0
43.382780600106344,2439277.0
43.38477100012824,2439280.0
43.42080560000613,2439316.0
43.422768300166354,2439318.0
43.42476770002395,2439319.0
43.4267714000307,2439322.0
43.42876550019719,2439324.0
43.43076150002889,2439326.0
43.43276210012846,2439328.0
43.43479369999841,2439329.0
43.43683960009366,2439332.0
43.43881279998459,2439334.0
43.47278470010497,2439367.0
43.47477850015275,2439370.0
43.47676490014419,2439372.0
43.478763499995694,2439374.0
43.48075930005871,2439376.0
43.482790500158444,2439377.0
43.484758800128475,2439380.0
43.48979200003669,2439385.0
43.491766600171104,2439386.0
43.52478400012478,2439420.0
43.5267672999762,2439421.0
43.528761400142685,2439424.0
43.53075999999419,2439426.0
43.53276240010746,2439428.0
43.5347721001599,2439430.0
43.536844700109214,2439431.0
43.538760900031775,2439434.0
43.540765800047666,2439436.0
43.54275880008936,2439438.0
43.545759100001305,2439441.0
43.57979240012355,2439475.0
43.5817728000693,2439476.0
43.58376480010338,2439479.0
43.585760600166395,2439481.0
43.58776800008491,2439483.0
43.59076520008966,2439486.0
43.59276070003398,2439488.0
43.59476100001484,2439490.0
43.59678710019216,2439492.0
43.598763700108975,2439494.0
43.631784700090066,2439527.0
43.633767100051045,2439529.0
43.63576270011254,2439531.0
43.637773000169545,2439532.0
43.64076720015146,2439536.0
43.64276610012166,2439538.0
43.645776299992576,2439540.0
43.64776149997488,2439543.0
43.649760600179434,2439545.0
43.65176000003703,2439547.0
43.68578450009227,2439581.0
43.687778200022876,2439583.0
43.689771100180224,2439585.0
43.691774300066754,2439587.0
43.69376390008256,2439589.0
43.69576200004667,2439591.0
43.69776040012948,2439593.0
43.69975919998251,2439595.0
43.70175870019011,2439597.0
43.70376220019534,2439599.0
43.73779200017452,2439633.0
43.739769499981776,2439635.0
43.7417645000387,2439637.0
43.743769500171766,2439639.0
43.74576050019823,2439641.0
43.747761900071055,2439642.0
43.749760600039735,2439645.0
43.751768100075424,2439647.0
43.753778900019825,2439649.0
43.75576560012996,2439651.0
43.78978590015322,2439685.0
43.79177080001682,2439687.0
43.79386100010015,2439689.0
43.7957617000211,2439691.0
43.79776030010544,2439693.0
43.799791699973866,2439695.0
43.80176870012656,2439697.0
43.80376490019262,2439699.0
43.80576670006849,2439701.0
43.80776340002194,2439703.0
43.80976109998301,2439705.0
43.845810499973595,2439741.0
43.8477771000471,2439743.0
43.84976640017703,2439745.0
43.85176270012744,2439747.0
43.85377100016922,2439749.0
43.85576200019568,2439751.0
43.85776080004871,2439753.0
43.859761900035664,2439755.0
43.861782600171864,2439757.0
43.86376260011457,2439759.0
43.89778300002217,2439793.0
43.89976539998315,2439795.0
43.901762400055304,2439797.0
43.90377670014277,2439799.0
43.90576160000637,2439801.0
43.90777750010602,2439803.0
43.90977690019645,2439805.0
43.911765300203115,2439806.0
43.91376300016418,2439809.0
43.91576200001873,2439811.0
43.917759800096974,2439813.0
43.949788599973544,2439845.0
43.95177619997412,2439847.0
43.95377949997783,2439849.0
43.95778700010851,2439852.0
43.959767900174484,2439855.0
43.961764300009236,2439857.0
43.96375990007073,2439859.0
43.967764200177044,2439861.0
44.00080869998783,2439896.0
44.002779399976134,2439898.0
44.00577360019088,2439901.0
44.007768500130624,2439903.0
44.009795600082725,2439905.0
44.011760000139475,2439907.0
44.01375990011729,2439909.0
44.01576510001905,2439911.0
44.018774199998006,2439914.0
44.05078659998253,2439946.0
44.05276840017177,2439948.0
44.054767600027844,2439950.0
44.05676300008781,2439952.0
44.05876440019347,2439954.0
44.0607624000404,2439956.0
44.06276920018718,2439958.0
44.065790800144896,2439961.0
44.06777420011349,2439963.0
44.06977300019935,2439965.0
44.10278860013932,2439998.0
44.10578140011057,2440001.0
44.107770800124854,2440003.0
44.10979490005411,2440005.0
44.11176890018396,2440007.0
44.11376149998978,2440009.0
44.1157591000665,2440011.0
44.11776220006868,2440013.0
44.119766500080004,2440015.0
44.12177650001831,2440017.0
44.15579630015418,2440051.0
44.15777950012125,2440053.0
44.15976650011726,2440055.0
44.16176150017418,2440057.0
44.163759800139815,2440059.0
44.16575630009174,2440061.0
44.16776640014723,2440063.0
44.169785800157115,2440065.0
44.171794400084764,2440067.0
44.1737811001949,2440069.0
44.20678700017743,2440102.0
44.208770600147545,2440104.0
44.21076380019076,2440106.0
44.212761600036174,2440108.0
44.214771300088614,2440110.0
44.21676400001161,2440112.0
44.21877050003968,2440114.0
44.22076250007376,2440116.0
44.222783599980175,2440118.0
44.22576649999246,2440121.0
44.257785600144416,2440153.0
44.25976869999431,2440155.0
44.26176220015623,2440157.0
44.26376110012643,2440159.0
44.26578850019723,2440161.0
44.26776710012928,2440163.0
44.26976370019838,2440165.0
44.27177850017324,2440167.0
44.27376520005055,2440169.0
44.2757648001425,2440171.0
44.27776059997268,2440173.0
44.31279980018735,2440207.0
44.31478310003877,2440210.0
44.318819700041786,2440213.0
44.32081040018238,2440216.0
44.32277359999716,2440218.0
44.32577890018001,2440220.0
44.32777800015174,2440223.0
44.33076540008187,2440226.0
44.36280390014872,2440258.0
44.365778899984434,2440261.0
44.36776910000481,2440263.0
44.36976700020023,2440265.0
44.37178579997271,2440267.0
44.3737796000205,2440269.0
44.37577070016414,2440271.0
44.377763899974525,2440273.0
44.37976440018974,2440275.0
44.38176150014624,2440277.0
44.4137937000487,2440309.0
44.41677850019187,2440311.0
44.41876480006613,2440314.0
44.420791200129315,2440316.0
44.42277480009943,2440318.0
44.424785800045356,2440320.0
44.426765999989584,2440322.0
44.42877630004659,2440324.0
44.43077570013702,2440326.0
44.432764100143686,2440328.0
44.467790900031105,2440363.0
44.46976950019598,2440365.0
44.47178560006432,2440367.0
44.473815800156444,2440369.0
44.47576350020245,2440371.0
44.477763100061566,2440373.0
44.47979550017044,2440375.0
44.48176660016179,2440377.0
44.4837647001259,2440379.0
44.48576120007783,2440381.0
44.517797800013795,2440413.0
44.52178690000437,2440416.0
44.52377349999733,2440419.0
44.525772700086236,2440421.0
44.52777080005035,2440423.0
44.5297841001302,2440425.0
44.53176730009727,2440427.0
44.53376360004768,2440429.0
44.53576170001179,2440431.0
44.537771000061184,2440433.0
44.56978750019334,2440465.0
44.572783400071785,2440467.0
44.57477320008911,2440470.0
44.57777970004827,2440472.0
44.57976650004275,2440475.0
44.58176410011947,2440477.0
44.5837628999725,2440479.0
44.58576180017553,2440481.0
44.587779300054535,2440483.0
44.5897796000354,2440485.0
44.621797600062564,2440517.0
44.62377370009199,2440519.0
44.62576840003021,2440521.0
44.627763899974525,2440523.0
44.629763200180605,2440525.0
44.6317629001569,2440527.0
44.633761800127104,2440529.0
44.63576400000602,2440531.0
44.637773000169545,2440533.0
44.639785500010476,2440535.0
44.671792100183666,2440567.0
44.67377100000158,2440569.0
44.675767600070685,2440571.0
44.6777660001535,2440573.0
44.67976339999586,2440575.0
44.68176270020194,2440577.0
44.68376739998348,2440579.0
44.68577410001308,2440581.0
44.687787800095975,2440583.0
44.68978070002049,2440585.0
44.69176620012149,2440587.0
44.72378970007412,2440619.0
44.72577120014466,2440621.0
44.727765900082886,2440623.0
44.72976450016722,2440625.0
44.731782500166446,2440627.0
44.733765200013295,2440629.0
44.73576489998959,2440631.0
44.73781420011073,2440633.0
44.73977330001071,2440635.0
44.74176670005545,2440637.0
44.743766100145876,2440639.0
44.778796000173315,2440674.0
44.78077440010384,2440676.0
44.78276790003292,2440678.0
44.78576740017161,2440681.0
44.78780160006136,2440683.0
44.78977810009383,2440685.0
44.79176910012029,2440687.0
44.79377630003728,2440689.0
44.79576570005156,2440691.0
44.797764300135896,2440693.0
44.83179970015772,2440727.0
44.8337821001187,2440729.0
44.83577390015125,2440731.0
44.83779380004853,2440733.0
44.83978240005672,2440735.0
44.841768600046635,2440737.0
44.843770400155336,2440739.0
44.84576479997486,2440741.0
44.84776430018246,2440743.0
44.84976220014505,2440745.0
44.88379740016535,2440779.0
44.885790900094435,2440781.0
44.887785400031134,2440783.0
44.88976770010777,2440785.0
44.8917682999745,2440787.0
44.89376490004361,2440789.0
44.89576320000924,2440791.0
44.89776510000229,2440793.0
44.89976300019771,2440795.0
44.90180140011944,2440797.0
44.903780500171706,2440799.0
44.93780060019344,2440833.0
44.9397754999809,2440835.0
44.94177640019916,2440837.0
44.94377290015109,2440839.0
44.94577180012129,2440841.0
44.94779640017077,2440843.0
44.94978930009529,2440845.0
44.95178270014003,2440847.0
44.95377470017411,2440849.0
44.95577900018543,2440851.0
44.99178949999623,2440887.0
44.99377050017938,2440889.0
44.99578810017556,2440891.0
44.99777140002698,2440893.0
44.99977070000023,2440895.0
45.00177130009979,2440897.0
45.00377910002135,2440899.0
45.00679280003533,2440901.0
45.008779200026765,2440904.0
45.010784700047225,2440906.0
45.04780220007524,2440943.0
45.049794299993664,2440945.0
45.05176870012656,2440947.0
45.05378359998576,2440949.0
45.05577880004421,2440951.0
45.05777870002203,2440953.0
45.05976770003326,2440955.0
45.061766900122166,2440957.0
45.06377870007418,2440959.0
45.065763500053436,2440961.0
45.10280830017291,2440998.0
45.10483269998804,2441000.0
45.10679950006306,2441002.0
45.108790799975395,2441004.0
45.11078750016168,2441006.0
45.11278169997968,2441008.0
45.11476710019633,2441010.0
45.116764900041744,2441012.0
45.11882600001991,2441014.0
45.12079229997471,2441016.0
45.16180900018662,2441057.0
45.16379870008677,2441059.0
45.165776000125334,2441061.0
45.1677874000743,2441063.0
45.16977240005508,2441065.0
45.17178570013493,2441067.0
45.1737811001949,2441069.0
45.17578470008448,2441071.0
45.17778570018709,2441073.0
45.17977729998529,2441075.0
45.18179270019755,2441077.0
45.21879200008698,2441114.0
45.22079910011962,2441116.0
45.22277029999532,2441118.0
45.22677900013514,2441121.0
45.228774700080976,2441124.0
45.23076210008003,2441126.0
45.23277140012942,2441128.0
45.234756499994546,2441130.0
45.23684890009463,2441132.0
45.27080440009013,2441166.0
45.27278120000847,2441168.0
45.274779699975625,2441170.0
45.27677550003864,2441172.0
45.27876770007424,2441174.0
45.28076560003683,2441176.0
45.2827654001303,2441178.0
45.28476559999399,2441180.0
45.2868341000285,2441182.0
45.28882110002451,2441184.0
45.29078490007669,2441186.0
45.32478390005417,2441220.0
45.326771000167355,2441222.0
45.32876990013756,2441224.0
45.33076600008644,2441226.0
45.33276530005969,2441228.0
45.334765300154686,2441230.0
45.336847900180146,2441232.0
45.338769500143826,2441234.0
45.34077370003797,2441236.0
45.342765300069004,2441238.0
45.37881220015697,2441274.0
45.380779600003734,2441276.0
45.38279080018401,2441278.0
45.38698160019703,2441280.0
45.39181599998847,2441287.0
45.39679140015505,2441290.0
45.43379070004448,2441329.0
45.43578900001012,2441331.0
45.43779560015537,2441333.0
45.4397872001864,2441335.0
45.44178540003486,2441337.0
45.443769600009546,2441339.0
45.44579380005598,2441341.0
45.447791000129655,2441343.0
45.44978420017287,2441345.0
45.45176950003952,2441347.0
45.49180210009217,2441387.0
45.495782900135964,2441390.0
45.4977645999752,2441393.0
45.49978459998965,2441395.0
45.501763600157574,2441397.0
45.5047966002021,2441400.0
45.50679790019058,2441402.0
45.5087952001486,2441404.0
45.511774100130424,2441407.0
45.5467956000939,2441442.0
45.5487856999971,2441444.0
45.55077730002813,2441446.0
45.55279060010798,2441448.0
45.55478400015272,2441450.0
45.556770000141114,2441452.0
45.55878289998509,2441454.0
45.56077510002069,2441456.0
45.56277239997871,2441458.0
45.56476980005391,2441460.0
45.56676730001345,2441462.0
45.60280740004964,2441498.0
45.60578510002233,2441501.0
45.60977980005555,2441504.0
45.61177369998768,2441507.0
45.613774799974635,2441509.0
45.6157894001808,2441511.0
45.61777810007334,2441513.0
45.61977059999481,2441515.0
45.62177269998938,2441517.0
45.65780100016855,2441553.0
45.659784300019965,2441555.0
45.66179310018197,2441557.0
45.66377110010944,2441559.0
45.665793400024995,2441561.0
45.66777040017769,2441563.0
45.66979010007344,2441565.0
45.671788200037554,2441567.0
45.67376919998787,2441569.0
45.67577430000529,2441571.0
45.677800400182605,2441573.0
45.717794000171125,2441613.0
45.71978080016561,2441615.0
45.721798500046134,2441617.0
45.72391240019351,2441619.0
45.725796499988064,2441621.0
45.72779979999177,2441623.0
45.72979330015369,2441625.0
45.731791000114754,2441627.0
45.73379039997235,2441629.0
45.73579250019975,2441631.0
45.737810200080276,2441633.0
45.782819500193,2441678.0
45.78692650003359,2441681.0
45.78880360000767,2441684.0
45.79079210013151,2441686.0
45.79280040017329,2441688.0
45.79480280005373,2441690.0
45.79679190018214,2441692.0
45.798780400073156,2441694.0
45.80079640005715,2441696.0
45.840806800173596,2441736.0
45.842796000186354,2441738.0
45.84678869997151,2441741.0
45.84880270017311,2441744.0
45.85180540010333,2441747.0
45.85382280009799,2441749.0
45.85580840008333,2441751.0
45.85779709997587,2441753.0
45.85981410020031,2441755.0
45.89881130005233,2441794.0
45.90079060010612,2441796.0
45.90279439999722,2441798.0
45.90479810000397,2441800.0
45.906784899998456,2441802.0
45.90877109998837,2441804.0
45.910794200142846,2441806.0
45.91279720002785,2441808.0
45.91479320009239,2441810.0
45.916794200195,2441812.0
45.952807400142774,2441848.0
45.95480459998362,2441850.0
45.95682800002396,2441852.0
45.95879860012792,2441854.0
45.960782000096515,2441856.0
45.962797300191596,2441858.0
45.96479230001569,2441860.0
45.96679410012439,2441862.0
45.96879409998655,2441864.0
45.970788300037384,2441866.0
45.972975600045174,2441868.0
46.01180130010471,2441907.0
46.01379790017381,2441909.0
46.01579060009681,2441911.0
46.017796100117266,2441913.0
46.0197903001681,2441915.0
46.0217915000394,2441917.0
46.02379130013287,2441919.0
46.02679130015895,2441921.0
46.02878549997695,2441924.0
46.0307851000689,2441926.0
46.070824600057676,2441966.0
46.072797800181434,2441968.0
46.074809700017795,2441970.0
46.07677710009739,2441972.0
46.07877969997935,2441974.0
46.08077190001495,2441976.0
46.082772800000384,2441978.0
46.084812900051475,2441980.0
46.0868824000936,2441982.0
46.08879519999027,2441984.0
46.090795000083745,2441986.0
46.13077879999764,2442026.0
46.13276530010626,2442028.0
46.13479070016183,2442030.0
46.13683920004405,2442032.0
46.138761700131,2442034.0
46.14077090006322,2442036.0
46.14276199997403,2442038.0
46.14476290019229,2442040.0
46.1467633000575,2442042.0
46.1487648000475,2442044.0
46.15075540007092,2442046.0
46.169826900120825,2442065.0
46.17179310019128,2442067.0
46.173846600111574,2442069.0
46.17577650002204,2442071.0
46.177773900097236,2442073.0
46.179774600081146,2442075.0
46.18177710007876,2442077.0
46.183774900157005,2442079.0
46.18577000009827,2442081.0
46.187786700204015,2442083.0
46.18979250011034,2442085.0
46.21078260010108,2442106.0
46.212775400141254,2442108.0
46.2157757000532,2442111.0
46.219770200084895,2442114.0
46.222765900194645,2442117.0
46.22578390012495,2442121.0
46.227758900029585,2442123.0
46.22975719999522,2442125.0
46.25079430011101,2442145.0
46.25277790008113,2442148.0
46.25477370014414,2442150.0
46.2577846001368,2442152.0
46.25977460015565,2442155.0
46.26176770008169,2442157.0
46.263757300097495,2442159.0
46.26575440005399,2442161.0
46.26775210001506,2442163.0
46.285777000011876,2442181.0
46.287769600050524,2442183.0
46.289768600137904,2442185.0
46.29176659998484,2442187.0
46.29375880002044,2442189.0
46.29576550005004,2442191.0
46.29776019998826,2442193.0
46.29976260010153,2442195.0
46.30175830004737,2442197.0
46.30376240005717,2442199.0
46.30576760019176,2442201.0
46.3237683000043,2442219.0
46.32676020008512,2442221.0
46.328756200149655,2442224.0
46.33075510011986,2442226.0
46.332751100184396,2442228.0
46.3347616000101,2442230.0
46.33681690017693,2442232.0
46.33876410010271,2442234.0
46.340798400109634,2442236.0
46.34275440010242,2442238.0
46.36177660012618,2442257.0
46.36376570002176,2442259.0
46.36576459999196,2442261.0
46.36776649998501,2442263.0
46.36976120015606,2442265.0
46.37176080001518,2442267.0
46.37376680015586,2442269.0
46.37576850014739,2442271.0
46.37776290019974,2442273.0
46.3807694001589,2442275.0
46.39977430016734,2442295.0
46.40176869998686,2442297.0
46.40377099998295,2442299.0
46.405765500152484,2442301.0
46.407765900017694,2442303.0
46.40976330009289,2442305.0
46.41176849999465,2442307.0
46.41375820012763,2442309.0
46.41575670009479,2442311.0
46.4177551001776,2442313.0
46.41976499999873,2442315.0
46.439775000093505,2442335.0
46.44176830002107,2442337.0
46.443765399977565,2442339.0
46.44576909998432,2442341.0
46.44776150002144,2442343.0
46.4497626000084,2442345.0
46.45376539998688,2442347.0
46.455763100180775,2442351.0
46.45776310004294,2442353.0
46.47677140007727,2442372.0
46.478760400088504,2442374.0
46.48077130015008,2442376.0
46.48275970015675,2442378.0
46.4868257001508,2442381.0
46.48876209999435,2442384.0
46.4908176001627,2442386.0
46.49275860004127,2442388.0
46.49675599997863,2442390.0
46.51578000001609,2442411.0
46.5177643999923,2442413.0
46.52077080006711,2442415.0
46.522783200023696,2442418.0
46.52876750007272,2442421.0
46.53276370000094,2442427.0
46.53877970017493,2442432.0
46.556778999976814,2442452.0
46.55876020016149,2442454.0
46.56076860008761,2442456.0
46.5627572000958,2442458.0
46.564759199973196,2442460.0
46.566758800065145,2442462.0
46.56906060012989,2442464.0
46.57076710020192,2442466.0
46.57376689999364,2442469.0
46.57576230005361,2442471.0
46.595784600125626,2442489.0
46.59776340005919,2442493.0
46.5997667000629,2442495.0
46.6017585999798,2442497.0
46.60376950004138,2442499.0
46.60676780017093,2442501.0
46.609764400171116,2442504.0
46.61175480019301,2442507.0
46.613761899992824,2442509.0
46.6337859001942,2442529.0
46.63580760010518,2442531.0
46.63779910001904,2442533.0
46.63985650008544,2442535.0
46.641799200093374,2442537.0
46.643790300004184,2442539.0
46.645785100059584,2442541.0
46.647787700174376,2442543.0
46.64978990005329,2442545.0
46.651809700066224,2442547.0
46.688814599998295,2442584.0
46.69102770020254,2442586.0
46.69280070019886,2442588.0
46.694797300035134,2442590.0
46.6967953001149,2442592.0
46.69878239999525,2442594.0
46.700814800104126,2442596.0
46.70279210014269,2442598.0
46.70483270008117,2442600.0
46.70681260013953,2442602.0
46.73878360004164,2442634.0
46.740760600194335,2442636.0
46.74276789999567,2442638.0
46.74576620012522,2442641.0
46.747759400168434,2442643.0
46.74977120012045,2442645.0
46.75176420016214,2442647.0
46.75376610015519,2442649.0
46.755772000178695,2442651.0
46.75776920001954,2442653.0
46.77676450018771,2442672.0
46.779769600136206,2442674.0
46.781766399974,2442677.0
46.783757800003514,2442679.0
46.78681640001014,2442681.0
46.78876350005157,2442684.0
46.790814000181854,2442686.0
46.79276890004985,2442688.0
46.794768900144845,2442690.0
46.79676830000244,2442692.0
46.81677859998308,2442712.0
46.818765700096264,2442714.0
46.82076769997366,2442716.0
46.822763100033626,2442718.0
46.8267714001704,2442721.0
46.82875810004771,2442724.0
46.83075850014575,2442726.0
46.83276260015555,2442728.0
46.834766700165346,2442730.0
46.854777600150555,2442749.0
46.85779220005497,2442752.0
46.86176520003937,2442755.0
46.86376029998064,2442759.0
46.86676030000672,2442761.0
46.868760199984536,2442764.0
46.87076380010694,2442766.0
46.872772600036114,2442768.0
46.89177360013127,2442787.0
46.89375840011053,2442789.0
46.89576130011119,2442791.0
46.89775380003266,2442793.0
46.8997609000653,2442795.0
46.904765400104225,2442797.0
46.90675980015658,2442802.0
46.90875499998219,2442804.0
46.91076330002397,2442806.0
46.9297672000248,2442825.0
46.93175740004517,2442827.0
46.93376180017367,2442829.0
46.93575490009971,2442831.0
46.937768100062385,2442833.0
46.93975750007667,2442835.0
46.94175520003773,2442837.0
46.943768500117585,2442839.0
46.946770100155845,2442841.0
46.94875540002249,2442844.0
46.96877739997581,2442864.0
46.97077180002816,2442866.0
46.97376720001921,2442869.0
46.97577380016446,2442871.0
46.97776050004177,2442873.0
46.97975639998913,2442875.0
46.9817539001815,2442877.0
46.98375300015323,2442879.0
46.98577020014636,2442881.0
46.98776670009829,2442883.0
47.00677029998042,2442902.0
47.00875900010578,2442904.0
47.01076070009731,2442906.0
47.01275550015271,2442908.0
47.01675870013423,2442911.0
47.01875829999335,2442914.0
47.02076910017058,2442916.0
47.02275220002048,2442918.0
47.024762500077486,2442920.0
47.043770000105724,2442939.0
47.04676020005718,2442941.0
47.04875529999845,2442944.0
47.05075310007669,2442946.0
47.0527678001672,2442948.0
47.05475600017235,2442950.0
47.05676529998891,2442952.0
47.05875280010514,2442954.0
47.06075320020318,2442956.0
47.06275370018557,2442958.0
47.08177410019562,2442977.0
47.08376280008815,2442979.0
47.08680020016618,2442981.0
47.088768700137734,2442984.0
47.090763500193134,2442986.0
47.092762200161815,2442988.0
47.09476520004682,2442990.0
47.096758499974385,2442992.0
47.098762599984184,2442994.0
47.10076010017656,2442996.0
47.119767300086096,2443015.0
47.12175770010799,2443017.0
47.12376290000975,2443019.0
47.12576050008647,2443021.0
47.127754600020126,2443023.0
47.12975780013949,2443025.0
47.13176130014472,2443027.0
47.13375460007228,2443029.0
47.13575300015509,2443031.0
47.13776220008731,2443033.0
47.13975620013662,2443035.0
47.158772099995986,2443054.0
47.160759600112215,2443056.0
47.162769300164655,2443058.0
47.164755600038916,2443060.0
47.16675309999846,2443062.0
47.16875519999303,2443064.0
47.17076400015503,2443066.0
47.172754500061274,2443068.0
47.17475640005432,2443070.0
47.17675260012038,2443072.0
47.17876969999634,2443074.0
47.19878620002419,2443093.0
47.20076170004904,2443096.0
47.20576889999211,2443099.0
47.207760400138795,2443103.0
47.209756599972025,2443105.0
47.211754500167444,2443107.0
47.21376410010271,2443109.0
47.21575410012156,2443111.0
47.233771100174636,2443129.0
47.23576040007174,2443131.0
47.23776510008611,2443133.0
47.23976270016283,2443135.0
47.24175920011476,2443137.0
47.24575830018148,2443139.0
47.24777100002393,2443143.0
47.24976560007781,2443145.0
47.25175489997491,2443147.0
47.27078460017219,2443165.0
47.274785900022835,2443168.0
47.284802000038326,2443173.0
47.28679050016217,2443182.0
47.28875790000893,2443184.0
47.30677060014568,2443202.0
47.30875790002756,2443204.0
47.31175500014797,2443206.0
47.313752999994904,2443209.0
47.315755099989474,2443211.0
47.31775250006467,2443213.0
47.31976850004867,2443215.0
47.321760800201446,2443217.0
47.32375540002249,2443219.0
47.32675530016422,2443221.0
47.34677040018141,2443241.0
47.34875790006481,2443244.0
47.35076350020245,2443246.0
47.35275620012544,2443248.0
47.3547614000272,2443250.0
47.356753500178456,2443252.0
47.358766000019386,2443254.0
47.360756600042805,2443256.0
47.36275490000844,2443258.0
47.36576190008782,2443260.0
47.38681410020217,2443281.0
47.38876280002296,2443284.0
47.39076470001601,2443286.0
47.3927717001643,2443288.0
47.394768099999055,2443290.0
47.3967610001564,2443292.0
47.39876680006273,2443294.0
47.400760899996385,2443296.0
47.40276350011118,2443298.0
47.42277040006593,2443318.0
47.4247632001061,2443320.0
47.42676450009458,2443322.0
47.42876450018957,2443324.0
47.430765700060874,2443326.0
47.43276430014521,2443328.0
47.43476390000433,2443330.0
47.43681350001134,2443332.0
47.43876709998585,2443334.0
47.44076450006105,2443336.0
47.44277000008151,2443338.0
47.46277129999362,2443357.0
47.46677350020036,2443361.0
47.46876300009899,2443364.0
47.47076539997943,2443366.0
47.47276050015353,2443368.0
47.47476990008727,2443370.0
47.476770100183785,2443372.0
47.47876160009764,2443374.0
47.480767500121146,2443376.0
47.49977200012654,2443395.0
47.50176070001908,2443397.0
47.50376190012321,2443399.0
47.506763900164515,2443401.0
47.50876520015299,2443404.0
47.51076550013386,2443406.0
47.51277120015584,2443408.0
47.51677149999887,2443410.0
47.518763000145555,2443414.0
47.537799100158736,2443433.0
47.539764099987224,2443435.0
47.54176320019178,2443437.0
47.5437694999855,2443439.0
47.54676460009068,2443441.0
47.5487715001218,2443444.0
47.55075960000977,2443446.0
47.55276980018243,2443448.0
47.554770700167865,2443450.0
47.55676440009847,2443452.0
47.5757679999806,2443471.0
47.57776790019125,2443473.0
47.579763000132516,2443475.0
47.5817631999962,2443477.0
47.58376449998468,2443479.0
47.58681760006584,2443481.0
47.58876160020009,2443484.0
47.5917621999979,2443487.0
47.59575680014677,2443489.0
47.61379129998386,2443509.0
47.61576419998892,2443511.0
47.617771700024605,2443513.0
47.61976710008457,2443515.0
47.62176310014911,2443517.0
47.623771000187844,2443519.0
47.62676570005715,2443521.0
47.62876220000908,2443524.0
47.63076369999908,2443526.0
47.63275810005143,2443528.0
47.65277460007928,2443547.0
47.65577170019969,2443550.0
47.657766400137916,2443553.0
47.65976299997419,2443555.0
47.66176849999465,2443557.0
47.66376050002873,2443559.0
47.666765599977225,2443561.0
47.668766000075266,2443564.0
47.670763900037855,2443566.0
47.68977370020002,2443585.0
47.691764699993655,2443587.0
47.69376240018755,2443589.0
47.695757400011644,2443591.0
47.697755800094455,2443593.0
47.69975420017727,2443595.0
47.70175390015356,2443597.0
47.70378510002047,2443599.0
47.706771900178865,2443601.0
47.70876150019467,2443604.0
47.72677100007422,2443622.0
47.728760899975896,2443624.0
47.7307578001637,2443626.0
47.73275820002891,2443628.0
47.734755099983886,2443630.0
47.73681680019945,2443632.0
47.738794800126925,2443634.0
47.74076490011066,2443636.0
47.7427583001554,2443638.0
47.74475600011647,2443640.0
47.74675519997254,2443642.0
47.76677149999887,2443661.0
47.772775600198656,2443665.0
47.77876770007424,2443671.0
47.782846900168806,2443676.0
47.786787200020626,2443681.0
47.80477470019832,2443700.0
47.80676090018824,2443702.0
47.80876070004888,2443704.0
47.81075619999319,2443706.0
47.81275590020232,2443708.0
47.8147662000265,2443710.0
47.81676940014586,2443712.0
47.81876010005362,2443714.0
47.82076510018669,2443716.0
47.82281140005216,2443718.0
47.84076980012469,2443736.0
47.842757700011134,2443738.0
47.846755400067195,2443741.0
47.848763399990276,2443744.0
47.85075730015524,2443746.0
47.85275910003111,2443748.0
47.85475920001045,2443750.0
47.85676670004614,2443752.0
47.85875720018521,2443754.0
47.87778440001421,2443772.0
47.881783600198105,2443775.0
47.885762199992314,2443779.0
47.887758100172505,2443783.0
47.88977040001191,2443785.0
47.89175960002467,2443787.0
47.893760700011626,2443789.0
47.89575939998031,2443791.0
47.91377410013229,2443809.0
47.91576880007051,2443811.0
47.91775840008631,2443813.0
47.91976040019654,2443815.0
47.9217656000983,2443817.0
47.92375840013847,2443819.0
47.92676830012351,2443821.0
47.92875890014693,2443824.0
47.93175600003451,2443826.0
47.94977160007693,2443845.0
47.9517574000638,2443847.0
47.953763000201434,2443849.0
47.95576220005751,2443851.0
47.957761800149456,2443853.0
47.95976580004208,2443855.0
47.96175880008377,2443857.0
47.96375840017572,2443859.0
47.965755000011995,2443861.0
47.96775409998372,2443863.0
47.984770599985495,2443880.0
47.98877699999139,2443883.0
47.990763999987394,2443886.0
47.99276290019043,2443888.0
47.99475990002975,2443890.0
47.99675779999234,2443892.0
47.99875570018776,2443894.0
48.00075630005449,2443896.0
48.0027547001373,2443898.0
48.02077560010366,2443916.0
48.02276000007987,2443918.0
48.02675810013898,2443921.0
48.028760800138116,2443924.0
48.03075770009309,2443926.0
48.032756900181994,2443928.0
48.03476100019179,2443930.0
48.03681920003146,2443932.0
48.03876760019921,2443934.0
48.055769300088286,2443951.0
48.057773099979386,2443953.0
48.059761400101706,2443955.0
48.06175720016472,2443957.0
48.06378059997223,2443959.0
48.06577440002002,2443961.0
48.067767900181934,2443963.0
48.06975660007447,2443965.0
48.07176350010559,2443967.0
48.07376220007427,2443969.0
48.07575760013424,2443971.0
48.09276899998076,2443988.0
48.096764700021595,2443991.0
48.09877590020187,2443994.0
48.10076030017808,2443996.0
48.10275740013458,2443998.0
48.10677200020291,2444001.0
48.108761300100014,2444004.0
48.11075960006565,2444006.0
48.11275720014237,2444008.0
48.1307898000814,2444026.0
48.132766800001264,2444028.0
48.13476620009169,2444030.0
48.13676400016993,2444032.0
48.13876620004885,2444034.0
48.140763900009915,2444036.0
48.14276610012166,2444038.0
48.14677710016258,2444041.0
48.14875870011747,2444044.0
48.16677340003662,2444062.0
48.16876130015589,2444064.0
48.17076650005765,2444066.0
48.172761500114575,2444068.0
48.174773700069636,2444070.0
48.17675990005955,2444072.0
48.17876490019262,2444074.0
48.18075769999996,2444076.0
48.18275799998082,2444078.0
48.186776500195265,2444081.0
48.20678670005873,2444101.0
48.208758200053126,2444104.0
48.210758100030944,2444106.0
48.212757900124416,2444108.0
48.21475900011137,2444110.0
48.216756200185046,2444112.0
48.21875590016134,2444114.0
48.22076330007985,2444116.0
48.22277820017189,2444118.0
48.22676210012287,2444121.0
48.244773800019175,2444140.0
48.24676090013236,2444142.0
48.248757500201464,2444144.0
48.25075630005449,2444146.0
48.252772600157186,2444148.0
48.25478820013814,2444150.0
48.25677750003524,2444152.0
48.258784300182015,2444154.0
48.26077860011719,2444156.0
48.26277460018173,2444158.0
48.29580740001984,2444191.0
48.29778919997625,2444193.0
48.299807500094175,2444195.0
48.30177880008705,2444197.0
48.303799600107595,2444199.0
48.306792800081894,2444201.0
48.30878480011597,2444204.0
48.31077580014244,2444206.0
48.31377360015176,2444209.0
48.34880040003918,2444244.0
48.35078190010972,2444246.0
48.352782000089064,2444248.0
48.35479680006392,2444250.0
48.356791500002146,2444252.0
48.35878470004536,2444254.0
48.36077950010076,2444256.0
48.36279490008019,2444258.0
48.36477790004574,2444260.0
48.36677580000833,2444262.0
48.36877689999528,2444264.0
48.400797800160944,2444296.0
48.40279379999265,2444298.0
48.40479150018655,2444300.0
48.40678460011259,2444302.0
48.408801099983975,2444304.0
48.41078020003624,2444306.0
48.41277589998208,2444308.0
48.41477360017598,2444310.0
48.41677570017055,2444312.0
48.418773300014436,2444314.0
48.420780800050125,2444316.0
48.45381430000998,2444349.0
48.45580920018256,2444351.0
48.4577874999959,2444353.0
48.45978350006044,2444355.0
48.46177440020256,2444357.0
48.4637742000632,2444359.0
48.466773400083184,2444361.0
48.46877420018427,2444364.0
48.47080000001006,2444366.0
48.47278710012324,2444368.0
48.511849800124764,2444405.0
48.517818100051954,2444409.0
48.523798800073564,2444416.0
48.55680520017631,2444452.0
48.558781899977475,2444454.0
48.56077970005572,2444456.0
48.562778800027445,2444458.0
48.56481430004351,2444460.0
48.566794800106436,2444462.0
48.56877840007655,2444464.0
48.57080089999363,2444466.0
48.57278500008397,2444468.0
48.574798700166866,2444470.0
48.609821600141004,2444505.0
48.61178420018405,2444507.0
48.61782090016641,2444509.0
48.619804500136524,2444515.0
48.621829700190574,2444517.0
48.623902700142935,2444519.0
48.62684470019303,2444521.0
48.62882460001856,2444524.0
48.67282039998099,2444568.0
48.67579560005106,2444571.0
48.67778260004707,2444573.0
48.683806400047615,2444577.0
48.68687430000864,2444581.0
48.68883230001666,2444584.0
48.690831100102514,2444586.0
48.78881220007315,2444684.0
48.7908144001849,2444686.0
48.792794400127605,2444688.0
48.7947848001495,2444690.0
48.79680570005439,2444692.0
48.79882580018602,2444694.0
48.80082770017907,2444696.0
48.80282970005646,2444698.0
48.80684940004721,2444701.0
48.853826200123876,2444749.0
48.85580880008638,2444751.0
48.85781359998509,2444753.0
48.85979700018652,2444755.0
48.86179820005782,2444757.0
48.86380920000374,2444759.0
48.86680419999175,2444761.0
48.86880320007913,2444764.0
48.870803400175646,2444766.0
48.872819300042465,2444768.0
48.92286120005883,2444818.0
48.92680440004915,2444821.0
48.92879320005886,2444824.0
48.93078729999252,2444826.0
48.93279520003125,2444828.0
48.93478020001203,2444830.0
48.93689350015484,2444832.0
48.938808700069785,2444834.0
48.94080110010691,2444836.0
48.94278770009987,2444838.0
48.98693640017882,2444881.0
48.98882000008598,2444884.0
48.99179460015148,2444887.0
48.993782700039446,2444889.0
48.995812400011346,2444891.0
48.99779550009407,2444893.0
48.99979769997299,2444895.0
49.00177970016375,2444897.0
49.003807900007814,2444899.0
49.0438021000009,2444939.0
49.04680240014568,2444941.0
49.048799300100654,2444944.0
49.050779700046405,2444946.0
49.05280679999851,2444948.0
49.054796300129965,2444950.0
49.05680080014281,2444952.0
49.05879080016166,2444954.0
49.06080390000716,2444956.0
49.062810900155455,2444958.0
49.10682180011645,2445002.0
49.10986250010319,2445005.0
49.1117835000623,2445007.0
49.1137969000265,2445009.0
49.11578320013359,2445011.0
49.11780050001107,2445013.0
49.1198136000894,2445015.0
49.121790500124916,2445017.0
49.12381420005113,2445019.0
49.125798700144514,2445021.0
49.17182889999822,2445067.0
49.17382060014643,2445069.0
49.17582570016384,2445071.0
49.17780539998785,2445073.0
49.17981750005856,2445075.0
49.181813900126144,2445077.0
49.18381440010853,2445079.0
49.18582950020209,2445081.0
49.187837100122124,2445083.0
49.18984890007414,2445085.0
49.24284050008282,2445138.0
49.24682590016164,2445141.0
49.25081940018572,2445145.0
49.25787550001405,2445148.0
49.26084460015409,2445155.0
49.262820600066334,2445158.0
49.307827200042084,2445203.0
49.309798900038004,2445205.0
49.3118123000022,2445207.0
49.313798000104725,2445209.0
49.315782100195065,2445211.0
49.317781700054184,2445213.0
49.3197819001507,2445215.0
49.32179700001143,2445217.0
49.32381710014306,2445219.0
49.32578660012223,2445221.0
49.36581280012615,2445261.0
49.36783350002952,2445263.0
49.36978600011207,2445265.0
49.371808000141755,2445267.0
49.373800000175834,2445269.0
49.37579490011558,2445271.0
49.37779170018621,2445273.0
49.37977850018069,2445275.0
49.381776000140235,2445277.0
49.38377660000697,2445279.0
49.434892600169405,2445330.0
49.43685619998723,2445332.0
49.438803100027144,2445334.0
49.440790000138804,2445336.0
49.442780800163746,2445338.0
49.444779000012204,2445340.0
49.446777400095016,2445342.0
49.44877720018849,2445344.0
49.45077470014803,2445346.0
49.45283449999988,2445348.0
49.454810600029305,2445350.0
49.48980120010674,2445385.0
49.49179140012711,2445387.0
49.493788900086656,2445389.0
49.495779799995944,2445391.0
49.497780499979854,2445393.0
49.49980190000497,2445395.0
49.50178110017441,2445397.0
49.5037879999727,2445399.0
49.50680200010538,2445401.0
49.508782600052655,2445404.0
49.546818000031635,2445441.0
49.5487878001295,2445444.0
49.55077960016206,2445446.0
49.55277860001661,2445448.0
49.55478410003707,2445450.0
49.556796699995175,2445452.0
49.55880540004,2445454.0
49.56079400004819,2445456.0
49.56280459999107,2445458.0
